Date,signal
1995-01-03,0.0
1995-01-04,0.0
1995-01-05,0.0
1995-01-06,0.0
1995-01-09,0.0
1995-01-10,0.0
1995-01-11,0.0
1995-01-12,0.0
1995-01-13,0.0
1995-01-16,0.0
1995-01-17,0.0
1995-01-18,0.0
1995-01-19,0.0
1995-01-20,0.0
1995-01-23,0.0
1995-01-24,0.0
1995-01-25,0.0
1995-01-26,0.0
1995-01-27,0.0
1995-01-30,0.0
1995-01-31,0.0
1995-02-01,0.0
1995-02-02,0.0
1995-02-03,0.0
1995-02-06,0.0
1995-02-07,0.0
1995-02-08,0.0
1995-02-09,0.0
1995-02-10,0.0
1995-02-13,0.0
1995-02-14,0.0
1995-02-15,0.0
1995-02-16,0.0
1995-02-17,0.0
1995-02-21,0.0
1995-02-22,0.0
1995-02-23,0.0
1995-02-24,0.0
1995-02-27,0.0
1995-02-28,0.0
1995-03-01,0.0
1995-03-02,0.0
1995-03-03,0.0
1995-03-06,0.0
1995-03-07,0.0
1995-03-08,0.0
1995-03-09,0.0
1995-03-10,0.0
1995-03-13,0.0
1995-03-14,0.0
1995-03-15,0.0
1995-03-16,0.0
1995-03-17,0.0
1995-03-20,0.0
1995-03-21,0.0
1995-03-22,0.0
1995-03-23,0.0
1995-03-24,0.0
1995-03-27,0.0
1995-03-28,0.0
1995-03-29,0.0
1995-03-30,0.0
1995-03-31,0.0
1995-04-03,0.0
1995-04-04,0.0
1995-04-05,0.0
1995-04-06,0.0
1995-04-07,0.0
1995-04-10,0.0
1995-04-11,0.0
1995-04-12,0.0
1995-04-13,0.0
1995-04-17,0.0
1995-04-18,0.0
1995-04-19,0.0
1995-04-20,0.0
1995-04-21,0.0
1995-04-24,0.0
1995-04-25,0.0
1995-04-26,0.0
1995-04-27,0.0
1995-04-28,0.0
1995-05-01,0.0
1995-05-02,0.0
1995-05-03,0.0
1995-05-04,0.0
1995-05-05,0.0
1995-05-08,0.0
1995-05-09,0.0
1995-05-10,0.0
1995-05-11,0.0
1995-05-12,0.0
1995-05-15,0.0
1995-05-16,0.0
1995-05-17,0.0
1995-05-18,0.0
1995-05-19,0.0
1995-05-22,0.0
1995-05-23,0.0
1995-05-24,0.0
1995-05-25,0.0
1995-05-26,0.0
1995-05-30,0.0
1995-05-31,0.0
1995-06-01,0.0
1995-06-02,0.0
1995-06-05,0.0
1995-06-06,0.0
1995-06-07,0.0
1995-06-08,0.0
1995-06-09,0.0
1995-06-12,0.0
1995-06-13,0.0
1995-06-14,0.0
1995-06-15,0.0
1995-06-16,0.0
1995-06-19,0.0
1995-06-20,0.0
1995-06-21,0.0
1995-06-22,0.0
1995-06-23,0.0
1995-06-26,0.0
1995-06-27,0.0
1995-06-28,0.0
1995-06-29,0.0
1995-06-30,0.0
1995-07-03,0.0
1995-07-05,0.0
1995-07-06,0.0
1995-07-07,0.0
1995-07-10,0.0
1995-07-11,0.0
1995-07-12,0.0
1995-07-13,0.0
1995-07-14,0.0
1995-07-17,0.0
1995-07-18,0.0
1995-07-19,0.0
1995-07-20,0.0
1995-07-21,0.0
1995-07-24,0.0
1995-07-25,0.0
1995-07-26,0.0
1995-07-27,0.0
1995-07-28,0.0
1995-07-31,0.0
1995-08-01,0.0
1995-08-02,0.0
1995-08-03,0.0
1995-08-04,0.0
1995-08-07,0.0
1995-08-08,0.0
1995-08-09,0.0
1995-08-10,0.0
1995-08-11,0.0
1995-08-14,0.0
1995-08-15,0.0
1995-08-16,0.0
1995-08-17,0.0
1995-08-18,0.0
1995-08-21,0.0
1995-08-22,0.0
1995-08-23,0.0
1995-08-24,0.0
1995-08-25,0.0
1995-08-28,0.0
1995-08-29,0.0
1995-08-30,0.0
1995-08-31,0.0
1995-09-01,0.0
1995-09-05,0.0
1995-09-06,0.0
1995-09-07,0.0
1995-09-08,0.0
1995-09-11,0.0
1995-09-12,0.0
1995-09-13,0.0
1995-09-14,0.0
1995-09-15,0.0
1995-09-18,0.0
1995-09-19,0.0
1995-09-20,0.0
1995-09-21,0.0
1995-09-22,0.0
1995-09-25,0.0
1995-09-26,0.0
1995-09-27,0.0
1995-09-28,0.0
1995-09-29,0.0
1995-10-02,0.0
1995-10-03,0.0
1995-10-04,0.0
1995-10-05,0.0
1995-10-06,0.0
1995-10-09,0.0
1995-10-10,0.0
1995-10-11,0.0
1995-10-12,0.0
1995-10-13,0.0
1995-10-16,0.0
1995-10-17,0.0
1995-10-18,0.0
1995-10-19,0.0
1995-10-20,0.0
1995-10-23,0.0
1995-10-24,0.0
1995-10-25,0.0
1995-10-26,0.0
1995-10-27,0.0
1995-10-30,0.0
1995-10-31,0.0
1995-11-01,0.0
1995-11-02,0.0
1995-11-03,0.0
1995-11-06,0.0
1995-11-07,0.0
1995-11-08,0.0
1995-11-09,0.0
1995-11-10,0.0
1995-11-13,0.0
1995-11-14,0.0
1995-11-15,0.0
1995-11-16,0.0
1995-11-17,0.0
1995-11-20,0.0
1995-11-21,0.0
1995-11-22,0.0
1995-11-24,0.0
1995-11-27,0.0
1995-11-28,0.0
1995-11-29,0.0
1995-11-30,0.0
1995-12-01,0.0
1995-12-04,0.0
1995-12-05,0.0
1995-12-06,0.0
1995-12-07,0.0
1995-12-08,0.0
1995-12-11,0.0
1995-12-12,0.0
1995-12-13,0.0
1995-12-14,0.0
1995-12-15,0.0
1995-12-18,0.0
1995-12-19,0.0
1995-12-20,0.0
1995-12-21,0.0
1995-12-22,0.0
1995-12-26,0.0
1995-12-27,0.0
1995-12-28,0.0
1995-12-29,0.0
1996-01-02,0.0
1996-01-03,0.0
1996-01-04,0.0
1996-01-05,0.0
1996-01-08,0.0
1996-01-09,0.0
1996-01-10,0.0
1996-01-11,0.0
1996-01-12,0.0
1996-01-15,0.0
1996-01-16,0.0
1996-01-17,0.0
1996-01-18,0.0
1996-01-19,0.0
1996-01-22,0.0
1996-01-23,0.0
1996-01-24,0.0
1996-01-25,0.0
1996-01-26,0.0
1996-01-29,0.0
1996-01-30,0.0
1996-01-31,0.0
1996-02-01,0.0
1996-02-02,0.0
1996-02-05,0.0
1996-02-06,0.0
1996-02-07,0.0
1996-02-08,0.0
1996-02-09,0.0
1996-02-12,0.0
1996-02-13,0.0
1996-02-14,0.0
1996-02-15,0.0
1996-02-16,0.0
1996-02-20,0.0
1996-02-21,0.0
1996-02-22,0.0
1996-02-23,0.0
1996-02-26,0.0
1996-02-27,0.0
1996-02-28,0.0
1996-02-29,0.0
1996-03-01,0.0
1996-03-04,0.0
1996-03-05,0.0
1996-03-06,0.0
1996-03-07,0.0
1996-03-08,0.0
1996-03-11,0.0
1996-03-12,0.0
1996-03-13,0.0
1996-03-14,0.0
1996-03-15,0.0
1996-03-18,0.0
1996-03-19,0.0
1996-03-20,0.0
1996-03-21,0.0
1996-03-22,0.0
1996-03-25,0.0
1996-03-26,0.0
1996-03-27,0.0
1996-03-28,0.0
1996-03-29,0.0
1996-04-01,0.0
1996-04-02,0.0
1996-04-03,0.0
1996-04-04,0.0
1996-04-08,0.0
1996-04-09,0.0
1996-04-10,0.0
1996-04-11,0.0
1996-04-12,0.0
1996-04-15,0.0
1996-04-16,0.0
1996-04-17,0.0
1996-04-18,0.0
1996-04-19,0.0
1996-04-22,0.0
1996-04-23,0.0
1996-04-24,0.0
1996-04-25,0.0
1996-04-26,0.0
1996-04-29,0.0
1996-04-30,0.0
1996-05-01,0.0
1996-05-02,0.0
1996-05-03,0.0
1996-05-06,0.0
1996-05-07,0.0
1996-05-08,0.0
1996-05-09,0.0
1996-05-10,0.0
1996-05-13,0.0
1996-05-14,0.0
1996-05-15,0.0
1996-05-16,0.0
1996-05-17,0.0
1996-05-20,0.0
1996-05-21,0.0
1996-05-22,0.0
1996-05-23,0.0
1996-05-24,0.0
1996-05-28,0.0
1996-05-29,0.0
1996-05-30,0.0
1996-05-31,0.0
1996-06-03,0.0
1996-06-04,0.0
1996-06-05,0.0
1996-06-06,0.0
1996-06-07,0.0
1996-06-10,0.0
1996-06-11,0.0
1996-06-12,0.0
1996-06-13,0.0
1996-06-14,0.0
1996-06-17,0.0
1996-06-18,0.0
1996-06-19,0.0
1996-06-20,0.0
1996-06-21,0.0
1996-06-24,0.0
1996-06-25,0.0
1996-06-26,0.0
1996-06-27,0.0
1996-06-28,0.0
1996-07-01,0.0
1996-07-02,0.0
1996-07-03,0.0
1996-07-05,0.0
1996-07-08,0.0
1996-07-09,0.0
1996-07-10,0.0
1996-07-11,0.0
1996-07-12,0.0
1996-07-15,0.0
1996-07-16,0.0
1996-07-17,0.0
1996-07-18,0.0
1996-07-19,0.0
1996-07-22,0.0
1996-07-23,0.0
1996-07-24,0.0
1996-07-25,0.0
1996-07-26,0.0
1996-07-29,0.0
1996-07-30,0.0
1996-07-31,0.0
1996-08-01,0.0
1996-08-02,0.0
1996-08-05,0.0
1996-08-06,0.0
1996-08-07,0.0
1996-08-08,0.0
1996-08-09,0.0
1996-08-12,0.0
1996-08-13,0.0
1996-08-14,0.0
1996-08-15,0.0
1996-08-16,0.0
1996-08-19,0.0
1996-08-20,0.0
1996-08-21,0.0
1996-08-22,0.0
1996-08-23,0.0
1996-08-26,0.0
1996-08-27,0.0
1996-08-28,0.0
1996-08-29,0.0
1996-08-30,0.0
1996-09-03,0.0
1996-09-04,0.0
1996-09-05,0.0
1996-09-06,0.0
1996-09-09,0.0
1996-09-10,0.0
1996-09-11,0.0
1996-09-12,0.0
1996-09-13,0.0
1996-09-16,0.0
1996-09-17,0.0
1996-09-18,0.0
1996-09-19,0.0
1996-09-20,0.0
1996-09-23,0.0
1996-09-24,0.0
1996-09-25,0.0
1996-09-26,0.0
1996-09-27,0.0
1996-09-30,0.0
1996-10-01,0.0
1996-10-02,0.0
1996-10-03,0.0
1996-10-04,0.0
1996-10-07,0.0
1996-10-08,0.0
1996-10-09,0.0
1996-10-10,0.0
1996-10-11,0.0
1996-10-14,0.0
1996-10-15,0.0
1996-10-16,0.0
1996-10-17,0.0
1996-10-18,0.0
1996-10-21,0.0
1996-10-22,0.0
1996-10-23,0.0
1996-10-24,0.0
1996-10-25,0.0
1996-10-28,0.0
1996-10-29,0.0
1996-10-30,0.0
1996-10-31,0.0
1996-11-01,0.0
1996-11-04,0.0
1996-11-05,0.0
1996-11-06,0.0
1996-11-07,0.0
1996-11-08,0.0
1996-11-11,0.0
1996-11-12,0.0
1996-11-13,0.0
1996-11-14,0.0
1996-11-15,0.0
1996-11-18,0.0
1996-11-19,0.0
1996-11-20,0.0
1996-11-21,0.0
1996-11-22,0.0
1996-11-25,0.0
1996-11-26,0.0
1996-11-27,0.0
1996-11-29,0.0
1996-12-02,0.0
1996-12-03,0.0
1996-12-04,0.0
1996-12-05,0.0
1996-12-06,0.0
1996-12-09,0.0
1996-12-10,0.0
1996-12-11,0.0
1996-12-12,0.0
1996-12-13,0.0
1996-12-16,0.0
1996-12-17,0.0
1996-12-18,0.0
1996-12-19,0.0
1996-12-20,0.0
1996-12-23,0.0
1996-12-24,0.0
1996-12-26,0.0
1996-12-27,0.0
1996-12-30,0.0
1996-12-31,0.0
1997-01-02,0.0
1997-01-03,0.0
1997-01-06,0.0
1997-01-07,0.0
1997-01-08,0.0
1997-01-09,0.0
1997-01-10,0.0
1997-01-13,0.0
1997-01-14,0.0
1997-01-15,0.0
1997-01-16,0.0
1997-01-17,0.0
1997-01-20,0.0
1997-01-21,0.0
1997-01-22,0.0
1997-01-23,0.0
1997-01-24,0.0
1997-01-27,0.0
1997-01-28,0.0
1997-01-29,0.0
1997-01-30,0.0
1997-01-31,0.0
1997-02-03,0.0
1997-02-04,0.0
1997-02-05,0.0
1997-02-06,0.0
1997-02-07,0.0
1997-02-10,0.0
1997-02-11,0.0
1997-02-12,0.0
1997-02-13,0.0
1997-02-14,0.0
1997-02-18,0.0
1997-02-19,0.0
1997-02-20,0.0
1997-02-21,0.0
1997-02-24,0.0
1997-02-25,0.0
1997-02-26,0.0
1997-02-27,0.0
1997-02-28,0.0
1997-03-03,0.0
1997-03-04,0.0
1997-03-05,0.0
1997-03-06,0.0
1997-03-07,0.0
1997-03-10,0.0
1997-03-11,0.0
1997-03-12,0.0
1997-03-13,0.0
1997-03-14,0.0
1997-03-17,0.0
1997-03-18,0.0
1997-03-19,0.0
1997-03-20,0.0
1997-03-21,0.0
1997-03-24,0.0
1997-03-25,0.0
1997-03-26,0.0
1997-03-27,0.0
1997-03-31,0.0
1997-04-01,0.0
1997-04-02,0.0
1997-04-03,0.0
1997-04-04,0.0
1997-04-07,0.0
1997-04-08,0.0
1997-04-09,0.0
1997-04-10,0.0
1997-04-11,0.0
1997-04-14,0.0
1997-04-15,0.0
1997-04-16,0.0
1997-04-17,0.0
1997-04-18,0.0
1997-04-21,0.0
1997-04-22,0.0
1997-04-23,0.0
1997-04-24,0.0
1997-04-25,0.0
1997-04-28,0.0
1997-04-29,0.0
1997-04-30,0.0
1997-05-01,0.0
1997-05-02,0.0
1997-05-05,0.0
1997-05-06,0.0
1997-05-07,0.0
1997-05-08,0.0
1997-05-09,0.0
1997-05-12,0.0
1997-05-13,0.0
1997-05-14,0.0
1997-05-15,0.0
1997-05-16,0.0
1997-05-19,0.0
1997-05-20,0.0
1997-05-21,0.0
1997-05-22,0.0
1997-05-23,0.0
1997-05-27,0.0
1997-05-28,0.0
1997-05-29,0.0
1997-05-30,0.0
1997-06-02,0.0
1997-06-03,0.0
1997-06-04,0.0
1997-06-05,0.0
1997-06-06,0.0
1997-06-09,0.0
1997-06-10,0.0
1997-06-11,0.0
1997-06-12,0.0
1997-06-13,0.0
1997-06-16,0.0
1997-06-17,0.0
1997-06-18,0.0
1997-06-19,0.0
1997-06-20,0.0
1997-06-23,0.0
1997-06-24,0.0
1997-06-25,0.0
1997-06-26,0.0
1997-06-27,0.0
1997-06-30,0.0
1997-07-01,0.0
1997-07-02,0.0
1997-07-03,0.0
1997-07-07,0.0
1997-07-08,0.0
1997-07-09,0.0
1997-07-10,0.0
1997-07-11,0.0
1997-07-14,0.0
1997-07-15,0.0
1997-07-16,0.0
1997-07-17,0.0
1997-07-18,0.0
1997-07-21,0.0
1997-07-22,0.0
1997-07-23,0.0
1997-07-24,0.0
1997-07-25,0.0
1997-07-28,0.0
1997-07-29,0.0
1997-07-30,0.0
1997-07-31,0.0
1997-08-01,0.0
1997-08-04,0.0
1997-08-05,0.0
1997-08-06,0.0
1997-08-07,0.0
1997-08-08,0.0
1997-08-11,0.0
1997-08-12,0.0
1997-08-13,0.0
1997-08-14,0.0
1997-08-15,0.0
1997-08-18,0.0
1997-08-19,0.0
1997-08-20,0.0
1997-08-21,0.0
1997-08-22,0.0
1997-08-25,0.0
1997-08-26,0.0
1997-08-27,0.0
1997-08-28,0.0
1997-08-29,0.0
1997-09-02,0.0
1997-09-03,0.0
1997-09-04,0.0
1997-09-05,0.0
1997-09-08,0.0
1997-09-09,0.0
1997-09-10,0.0
1997-09-11,0.0
1997-09-12,0.0
1997-09-15,0.0
1997-09-16,0.0
1997-09-17,0.0
1997-09-18,0.0
1997-09-19,0.0
1997-09-22,0.0
1997-09-23,0.0
1997-09-24,0.0
1997-09-25,0.0
1997-09-26,0.0
1997-09-29,0.0
1997-09-30,0.0
1997-10-01,0.0
1997-10-02,0.0
1997-10-03,0.0
1997-10-06,0.0
1997-10-07,0.0
1997-10-08,0.0
1997-10-09,0.0
1997-10-10,0.0
1997-10-13,0.0
1997-10-14,0.0
1997-10-15,0.0
1997-10-16,0.0
1997-10-17,0.0
1997-10-20,0.0
1997-10-21,0.0
1997-10-22,0.0
1997-10-23,0.0
1997-10-24,0.0
1997-10-27,0.0
1997-10-28,0.0
1997-10-29,0.0
1997-10-30,0.0
1997-10-31,0.0
1997-11-03,0.0
1997-11-04,0.0
1997-11-05,0.0
1997-11-06,0.0
1997-11-07,0.0
1997-11-10,0.0
1997-11-11,0.0
1997-11-12,0.0
1997-11-13,0.0
1997-11-14,0.0
1997-11-17,0.0
1997-11-18,0.0
1997-11-19,0.0
1997-11-20,0.0
1997-11-21,0.0
1997-11-24,0.0
1997-11-25,0.0
1997-11-26,0.0
1997-11-28,0.0
1997-12-01,0.0
1997-12-02,0.0
1997-12-03,0.0
1997-12-04,0.0
1997-12-05,0.0
1997-12-08,0.0
1997-12-09,0.0
1997-12-10,0.0
1997-12-11,0.0
1997-12-12,0.0
1997-12-15,0.0
1997-12-16,0.0
1997-12-17,0.0
1997-12-18,0.0
1997-12-19,0.0
1997-12-22,0.0
1997-12-23,0.0
1997-12-24,0.0
1997-12-26,0.0
1997-12-29,0.0
1997-12-30,0.0
1997-12-31,0.0
1998-01-02,0.0
1998-01-05,0.0
1998-01-06,0.0
1998-01-07,0.0
1998-01-08,0.0
1998-01-09,0.0
1998-01-12,0.0
1998-01-13,0.0
1998-01-14,0.0
1998-01-15,0.0
1998-01-16,0.0
1998-01-20,0.0
1998-01-21,0.0
1998-01-22,0.0
1998-01-23,0.0
1998-01-26,0.0
1998-01-27,0.0
1998-01-28,0.0
1998-01-29,0.0
1998-01-30,0.0
1998-02-02,0.0
1998-02-03,0.0
1998-02-04,0.0
1998-02-05,0.0
1998-02-06,0.0
1998-02-09,0.0
1998-02-10,0.0
1998-02-11,0.0
1998-02-12,0.0
1998-02-13,0.0
1998-02-17,0.0
1998-02-18,0.0
1998-02-19,0.0
1998-02-20,0.0
1998-02-23,0.0
1998-02-24,0.0
1998-02-25,0.0
1998-02-26,0.0
1998-02-27,0.0
1998-03-02,0.0
1998-03-03,0.0
1998-03-04,0.0
1998-03-05,0.0
1998-03-06,0.0
1998-03-09,0.0
1998-03-10,0.0
1998-03-11,0.0
1998-03-12,0.0
1998-03-13,0.0
1998-03-16,0.0
1998-03-17,0.0
1998-03-18,0.0
1998-03-19,0.0
1998-03-20,0.0
1998-03-23,0.0
1998-03-24,0.0
1998-03-25,0.0
1998-03-26,0.0
1998-03-27,0.0
1998-03-30,0.0
1998-03-31,0.0
1998-04-01,0.0
1998-04-02,0.0
1998-04-03,0.0
1998-04-06,0.0
1998-04-07,0.0
1998-04-08,0.0
1998-04-09,0.0
1998-04-13,0.0
1998-04-14,0.0
1998-04-15,0.0
1998-04-16,0.0
1998-04-17,0.0
1998-04-20,0.0
1998-04-21,0.0
1998-04-22,0.0
1998-04-23,0.0
1998-04-24,0.0
1998-04-27,0.0
1998-04-28,0.0
1998-04-29,0.0
1998-04-30,0.0
1998-05-01,0.0
1998-05-04,0.0
1998-05-05,0.0
1998-05-06,0.0
1998-05-07,0.0
1998-05-08,0.0
1998-05-11,0.0
1998-05-12,0.0
1998-05-13,0.0
1998-05-14,0.0
1998-05-15,0.0
1998-05-18,0.0
1998-05-19,0.0
1998-05-20,0.0
1998-05-21,0.0
1998-05-22,0.0
1998-05-26,0.0
1998-05-27,0.0
1998-05-28,0.0
1998-05-29,0.0
1998-06-01,0.0
1998-06-02,0.0
1998-06-03,0.0
1998-06-04,0.0
1998-06-05,0.0
1998-06-08,0.0
1998-06-09,0.0
1998-06-10,0.0
1998-06-11,0.0
1998-06-12,0.0
1998-06-15,0.0
1998-06-16,0.0
1998-06-17,0.0
1998-06-18,0.0
1998-06-19,0.0
1998-06-22,0.0
1998-06-23,0.0
1998-06-24,0.0
1998-06-25,0.0
1998-06-26,0.0
1998-06-29,0.0
1998-06-30,0.0
1998-07-01,0.0
1998-07-02,0.0
1998-07-06,0.0
1998-07-07,0.0
1998-07-08,0.0
1998-07-09,0.0
1998-07-10,0.0
1998-07-13,0.0
1998-07-14,0.0
1998-07-15,0.0
1998-07-16,0.0
1998-07-17,0.0
1998-07-20,0.0
1998-07-21,0.0
1998-07-22,0.0
1998-07-23,0.0
1998-07-24,0.0
1998-07-27,0.0
1998-07-28,0.0
1998-07-29,0.0
1998-07-30,0.0
1998-07-31,0.0
1998-08-03,0.0
1998-08-04,0.0
1998-08-05,0.0
1998-08-06,0.0
1998-08-07,0.0
1998-08-10,0.0
1998-08-11,0.0
1998-08-12,0.0
1998-08-13,0.0
1998-08-14,0.0
1998-08-17,0.0
1998-08-18,0.0
1998-08-19,0.0
1998-08-20,0.0
1998-08-21,0.0
1998-08-24,0.0
1998-08-25,0.0
1998-08-26,0.0
1998-08-27,0.0
1998-08-28,0.0
1998-08-31,0.0
1998-09-01,0.0
1998-09-02,0.0
1998-09-03,0.0
1998-09-04,0.0
1998-09-08,0.0
1998-09-09,0.0
1998-09-10,0.0
1998-09-11,0.0
1998-09-14,0.0
1998-09-15,0.0
1998-09-16,0.0
1998-09-17,0.0
1998-09-18,0.0
1998-09-21,0.0
1998-09-22,0.0
1998-09-23,0.0
1998-09-24,0.0
1998-09-25,0.0
1998-09-28,0.0
1998-09-29,0.0
1998-09-30,0.0
1998-10-01,0.0
1998-10-02,0.0
1998-10-05,0.0
1998-10-06,0.0
1998-10-07,0.0
1998-10-08,0.0
1998-10-09,0.0
1998-10-12,0.0
1998-10-13,0.0
1998-10-14,0.0
1998-10-15,0.0
1998-10-16,0.0
1998-10-19,0.0
1998-10-20,0.0
1998-10-21,0.0
1998-10-22,0.0
1998-10-23,0.0
1998-10-26,0.0
1998-10-27,0.0
1998-10-28,0.0
1998-10-29,0.0
1998-10-30,0.0
1998-11-02,0.0
1998-11-03,0.0
1998-11-04,0.0
1998-11-05,0.0
1998-11-06,0.0
1998-11-09,0.0
1998-11-10,0.0
1998-11-11,0.0
1998-11-12,0.0
1998-11-13,0.0
1998-11-16,0.0
1998-11-17,0.0
1998-11-18,0.0
1998-11-19,0.0
1998-11-20,0.0
1998-11-23,0.0
1998-11-24,0.0
1998-11-25,0.0
1998-11-27,0.0
1998-11-30,0.0
1998-12-01,0.0
1998-12-02,0.0
1998-12-03,0.0
1998-12-04,0.0
1998-12-07,0.0
1998-12-08,0.0
1998-12-09,0.0
1998-12-10,0.0
1998-12-11,0.0
1998-12-14,0.0
1998-12-15,0.0
1998-12-16,0.0
1998-12-17,0.0
1998-12-18,0.0
1998-12-21,0.0
1998-12-22,0.0
1998-12-23,0.039134975136932086
1998-12-24,0.03690848363112535
1998-12-28,0.038956155988984734
1998-12-29,0.03904001925200555
1998-12-30,0.040610133294769216
1998-12-31,0.03942505065925378
1999-01-04,0.05278664863990511
1999-01-05,0.03788047284130463
1999-01-06,0.03482428149856451
1999-01-07,0.03403139626930469
1999-01-08,0.03400640072643208
1999-01-11,0.02951419554607914
1999-01-12,0.03161994843257114
1999-01-13,0.044101347374334576
1999-01-14,0.03215098307514754
1999-01-15,0.030575401530470774
1999-01-19,0.02294519276979119
1999-01-20,0.029582093563765118
1999-01-21,0.02889277199270087
1999-01-22,0.026415686064493255
1999-01-25,0.017733756694148044
1999-01-26,0.006291801659075093
1999-01-27,0.012652820342471022
1999-01-28,0.008819550601565968
1999-01-29,0.012691366995011711
1999-02-01,0.005155056722027419
1999-02-02,0.004772679577366056
1999-02-03,0.00771927293468209
1999-02-04,0.005798743226858825
1999-02-05,0.004448469516115137
1999-02-08,0.006756772165212135
1999-02-09,0.018855646002492663
1999-02-10,0.018967111253647303
1999-02-11,0.01916497277390223
1999-02-12,0.016720922948398213
1999-02-16,0.020235822061955868
1999-02-17,0.02938334892977444
1999-02-18,0.013803864956382647
1999-02-19,0.012555118926406724
1999-02-22,-0.0009164997030994791
1999-02-23,-0.01630137094130686
1999-02-24,0.0020134587809563023
1999-02-25,-0.0027625267481283487
1999-02-26,-0.008920672565285725
1999-03-01,-0.007419288763749903
1999-03-02,0.012495967507470791
1999-03-03,0.00014470834753806117
1999-03-04,-0.001963557397879151
1999-03-05,-0.00015598068189628944
1999-03-08,0.002522947347100995
1999-03-09,0.015391089046495535
1999-03-10,0.0032138589454124775
1999-03-11,0.0027352142246435916
1999-03-12,-0.0004454012833793944
1999-03-15,-0.0015896257681576702
1999-03-16,0.0038695816906351606
1999-03-17,0.00823491602477241
1999-03-18,0.004495667429711046
1999-03-19,0.008088536041500186
1999-03-22,0.004781943643579548
1999-03-23,0.013008910712034536
1999-03-24,0.004642201111216784
1999-03-25,-0.0022821067906885935
1999-03-26,0.0055725211816427325
1999-03-29,0.001383536385007711
1999-03-30,0.005431301792782187
1999-03-31,0.009828920321788353
1999-04-01,0.0006820387553381352
1999-04-05,0.0018577977754992772
1999-04-06,0.006691748578958084
1999-04-07,0.0018265629694874837
1999-04-08,0.0008258285458155046
1999-04-09,0.005729586047785971
1999-04-12,0.0033450191943898977
1999-04-13,0.000884424907625015
1999-04-14,0.006685197472443061
1999-04-15,0.00684090933052188
1999-04-16,0.007176544352619236
1999-04-19,0.032370848520424496
1999-04-20,0.009468913243389391
1999-04-21,0.018616760970409887
1999-04-22,0.003898063256132192
1999-04-23,0.008530110764605185
1999-04-26,0.0027457961434334544
1999-04-27,0.0024255777426513865
1999-04-28,0.011033890926768077
1999-04-29,0.011921665252307524
1999-04-30,0.018646043400587797
1999-05-03,0.00870686747064365
1999-05-04,0.013862903754379702
1999-05-05,0.009428233026383265
1999-05-06,0.010101180096944305
1999-05-07,0.0031668084193844787
1999-05-10,0.01109408594155768
1999-05-11,0.011286216594697859
1999-05-12,0.013717305036767468
1999-05-13,0.005653925724421596
1999-05-14,0.01843146709560553
1999-05-17,0.011650764917201484
1999-05-18,0.014373170740977041
1999-05-19,0.007782597563973433
1999-05-20,0.011582784192802533
1999-05-21,0.013666957093009875
1999-05-24,0.014137171455508971
1999-05-25,0.023927040478635763
1999-05-26,0.017502393531072292
1999-05-27,0.017644454205035364
1999-05-28,0.019656885678391495
1999-06-01,0.014473191245410312
1999-06-02,0.016928545730678143
1999-06-03,0.014334316727565766
1999-06-04,0.01255808536788315
1999-06-07,0.013431463614709732
1999-06-08,0.01467306018498206
1999-06-09,0.016167591077118054
1999-06-10,0.014410620628028468
1999-06-11,0.02520469749087082
1999-06-14,0.02031204466302629
1999-06-15,0.025470939042746225
1999-06-16,0.021921874714281565
1999-06-17,0.025202244969589182
1999-06-18,0.018723031195866734
1999-06-21,0.02015245306707329
1999-06-22,0.02871429968934063
1999-06-23,0.026369460745035662
1999-06-24,0.025676448452398
1999-06-25,0.030342921788350286
1999-06-28,0.02805701825774488
1999-06-29,0.030083807571713878
1999-06-30,0.02375790990239494
1999-07-01,0.020274176224711685
1999-07-02,0.016194198313925434
1999-07-06,0.019477507697391202
1999-07-07,0.013678034392327286
1999-07-08,0.01657504060049967
1999-07-09,0.012880253601771325
1999-07-12,0.014120146169849709
1999-07-13,0.015893076214629088
1999-07-14,0.009314003216567423
1999-07-15,0.00993700394961048
1999-07-16,0.008625762251321943
1999-07-19,0.010307378717315376
1999-07-20,0.0161691599602412
1999-07-21,0.019227767742354164
1999-07-22,0.022451134444668713
1999-07-23,0.021353641548101522
1999-07-26,0.02782885273531162
1999-07-27,0.024532828433971268
1999-07-28,0.022001066233535423
1999-07-29,0.021695408401375033
1999-07-30,0.028753352405755495
1999-08-02,0.03222769995628848
1999-08-03,0.02548165907199689
1999-08-04,0.036385293912038624
1999-08-05,0.025134768400698254
1999-08-06,0.032666979013571906
1999-08-09,0.03631086377732801
1999-08-10,0.03338499947780766
1999-08-11,0.03228562003578737
1999-08-12,0.038761333581925135
1999-08-13,0.030003850262591412
1999-08-16,0.027740013528677446
1999-08-17,0.02475378700948351
1999-08-18,0.02885298121404854
1999-08-19,0.031767419939983124
1999-08-20,0.02918016314466894
1999-08-23,0.02503648176917353
1999-08-24,0.026655667432073153
1999-08-25,0.021224920993526755
1999-08-26,0.02511802568692401
1999-08-27,0.029092308357631616
1999-08-30,0.03351767741931376
1999-08-31,0.03603080289561798
1999-09-01,0.030491348265384757
1999-09-02,0.033635915007548076
1999-09-03,0.02891803545908001
1999-09-07,0.02926979067713895
1999-09-08,0.03271095385264686
1999-09-09,0.028674241544208882
1999-09-10,0.02525539929561354
1999-09-13,0.0281601008163476
1999-09-14,0.030231073008947208
1999-09-15,0.03607773047967185
1999-09-16,0.03087085135162142
1999-09-17,0.030986767179166343
1999-09-20,0.02947340613500138
1999-09-21,0.035405668418380866
1999-09-22,0.036795762021311046
1999-09-23,0.042465132760444634
1999-09-24,0.040581718115665695
1999-09-27,0.04356051088420215
1999-09-28,0.03960141387624915
1999-09-29,0.047580446747811006
1999-09-30,0.04431482090716451
1999-10-01,0.03902239264359338
1999-10-04,0.04022951906265342
1999-10-05,0.045224300688448765
1999-10-06,0.03978009145636276
1999-10-07,0.03959145240003785
1999-10-08,0.037513673194628935
1999-10-11,0.039511817631140415
1999-10-12,0.04258774325174687
1999-10-13,0.051990891814851094
1999-10-14,0.0486942962009447
1999-10-15,0.05659872859825997
1999-10-18,0.04986095827016794
1999-10-19,0.05537259029671704
1999-10-20,0.05589223792877618
1999-10-21,0.04959157085907279
1999-10-22,0.05479172556139397
1999-10-25,0.05545702030945729
1999-10-26,0.05766418295189041
1999-10-27,0.05179387855098043
1999-10-28,0.04536194364914771
1999-10-29,0.04365469340215433
1999-11-01,0.04464202666880475
1999-11-02,0.051829338638647124
1999-11-03,0.04217177360938684
1999-11-04,0.04160845819279986
1999-11-05,0.03925569296498743
1999-11-08,0.03940944822632784
1999-11-09,0.04124909877028754
1999-11-10,0.043763208405716056
1999-11-11,0.03553307431917109
1999-11-12,0.03534456245159613
1999-11-15,0.03582264403742057
1999-11-16,0.04505044573585962
1999-11-17,0.03738699146236665
1999-11-18,0.032704879704576445
1999-11-19,0.033536469003394694
1999-11-22,0.03345503558212971
1999-11-23,0.034713828990750456
1999-11-24,0.036595398715396174
1999-11-26,0.039053802672502434
1999-11-29,0.04274546794169469
1999-11-30,0.050288967711326335
1999-12-01,0.03867326831763628
1999-12-02,0.037517757654570605
1999-12-03,0.04238706993831429
1999-12-06,0.0358256339229925
1999-12-07,0.037630839348244474
1999-12-08,0.042248843260023726
1999-12-09,0.03717214652637666
1999-12-10,0.03802970763399213
1999-12-13,0.039095863523449084
1999-12-14,0.04276943622388535
1999-12-15,0.040276673623094825
1999-12-16,0.036461361075126944
1999-12-17,0.03430132585406942
1999-12-20,0.03924597302946463
1999-12-21,0.03573625799217742
1999-12-22,0.03208332847719391
1999-12-23,0.02922792048102041
1999-12-27,0.02889457663178259
1999-12-28,0.02900891266726363
1999-12-29,0.026707384444069577
1999-12-30,0.029186748909813112
1999-12-31,0.0284165635995088
2000-01-03,0.02947384777594553
2000-01-04,0.041263229876280796
2000-01-05,0.04217636162976348
2000-01-06,0.051197446892004096
2000-01-07,0.02547564895902338
2000-01-10,0.021238523905718405
2000-01-11,0.020809387067636305
2000-01-12,0.01978847088570016
2000-01-13,0.02108049517951178
2000-01-14,0.014868529176346037
2000-01-18,0.01876951643620431
2000-01-19,0.014038325253547982
2000-01-20,0.017296460352062178
2000-01-21,0.01543798114828252
2000-01-24,0.027816075800710063
2000-01-25,0.013856951727055956
2000-01-26,0.018174555781071626
2000-01-27,0.01937695214706774
2000-01-28,0.02936302748894383
2000-01-31,0.016763426660268952
2000-02-01,0.01746371204603471
2000-02-02,0.020252436770732844
2000-02-03,0.012872631115619775
2000-02-04,0.018979406109201853
2000-02-07,0.024045683022374042
2000-02-08,0.019962069449317513
2000-02-09,0.02610799545570876
2000-02-10,0.03108674198301553
2000-02-11,0.0342097907004596
2000-02-14,0.025732330968134636
2000-02-15,0.028393965064542448
2000-02-16,0.03366883199313099
2000-02-17,0.02910340581174148
2000-02-18,0.034880231957455224
2000-02-22,0.044279814747665264
2000-02-23,0.042083928368106094
2000-02-24,0.043205827419760104
2000-02-25,0.0579905026026684
2000-02-28,0.04756002405259398
2000-02-29,0.038789943047877105
2000-03-01,0.043611656464700395
2000-03-02,0.04098948517499251
2000-03-03,0.040089440999944354
2000-03-06,0.04194004345784654
2000-03-07,0.04425472294287769
2000-03-08,0.050671617596088486
2000-03-09,0.039809220682073626
2000-03-10,0.05381834682022206
2000-03-13,0.06154945591637219
2000-03-14,0.05550361035412578
2000-03-15,0.04741552552474708
2000-03-16,0.03485463625995884
2000-03-17,0.0314057107261258
2000-03-20,0.02624893364685415
2000-03-21,0.025746994759287763
2000-03-22,0.020736327342681375
2000-03-23,0.023055358996222693
2000-03-24,0.029595505503346407
2000-03-27,0.017798644927664628
2000-03-28,0.028811664479879463
2000-03-29,0.020038852628093008
2000-03-30,0.031196554895787494
2000-03-31,0.028556751735905668
2000-04-03,0.011827660820902024
2000-04-04,0.01071564555381056
2000-04-05,0.025059672489623857
2000-04-06,0.016097253914358612
2000-04-07,0.010236676648713933
2000-04-10,0.018722621619812953
2000-04-11,0.01598521659337442
2000-04-12,0.028414265376155483
2000-04-13,0.03941320762241594
2000-04-14,0.042569541222351695
2000-04-17,0.032089570732480796
2000-04-18,0.023385028141610302
2000-04-19,0.029246910274431034
2000-04-20,0.023824589348742244
2000-04-24,0.034093346179344536
2000-04-25,0.015747094323624984
2000-04-26,0.019746350719342654
2000-04-27,0.028290515650982687
2000-04-28,0.02439209215169521
2000-05-01,0.02188433525051267
2000-05-02,0.03044360367598603
2000-05-03,0.02644521648287564
2000-05-04,0.022404022874459032
2000-05-05,0.024180256866874666
2000-05-08,0.025032294860330498
2000-05-09,0.026454733248019346
2000-05-10,0.034274338388274164
2000-05-11,0.024552817305650287
2000-05-12,0.024589875793117822
2000-05-15,0.025075310974326116
2000-05-16,0.027063917863624536
2000-05-17,0.030754425568504357
2000-05-18,0.038217595370624975
2000-05-19,0.04070483294203116
2000-05-22,0.03687984416982521
2000-05-23,0.057070785911329955
2000-05-24,0.05056483453327683
2000-05-25,0.0626299526377547
2000-05-26,0.05617239731533959
2000-05-30,0.043122113097417945
2000-05-31,0.04368943246660069
2000-06-01,0.031618399088782834
2000-06-02,0.02568023018745218
2000-06-05,0.030616131276323892
2000-06-06,0.033425140698095636
2000-06-07,0.027531356726322
2000-06-08,0.02739522924519075
2000-06-09,0.03399445753822744
2000-06-12,0.03415401196942335
2000-06-13,0.0322511372838506
2000-06-14,0.033290176028832996
2000-06-15,0.032059736873018954
2000-06-16,0.03231983741023564
2000-06-19,0.03183842449596029
2000-06-20,0.03151166521976702
2000-06-21,0.03167580026384015
2000-06-22,0.036306426166904535
2000-06-23,0.0389181942145194
2000-06-26,0.029864581213336558
2000-06-27,0.04396728495950586
2000-06-28,0.04446313608633207
2000-06-29,0.051319705194691076
2000-06-30,0.04876448133306245
2000-07-03,0.041364336881849914
2000-07-05,0.04514136469778849
2000-07-06,0.04507550610463814
2000-07-07,0.03852766344562269
2000-07-10,0.03886338599546701
2000-07-11,0.03857239510086502
2000-07-12,0.0342970546738706
2000-07-13,0.029284494469330215
2000-07-14,0.02252987719243011
2000-07-17,0.027426956925661883
2000-07-18,0.027372461009776666
2000-07-19,0.03193448323670378
2000-07-20,0.020990772852704412
2000-07-21,0.028125838847482078
2000-07-24,0.033565544606099514
2000-07-25,0.029891116908240176
2000-07-26,0.03387612482961586
2000-07-27,0.037463047781246095
2000-07-28,0.041939216078819154
2000-07-31,0.042412339996903456
2000-08-01,0.04010051311134927
2000-08-02,0.03880411622242509
2000-08-03,0.03479405415365601
2000-08-04,0.03280472205355107
2000-08-07,0.02830167744861438
2000-08-08,0.02516651933251733
2000-08-09,0.028431293254086307
2000-08-10,0.030707748405526314
2000-08-11,0.031948602814790415
2000-08-14,0.025378173779215404
2000-08-15,0.0240159058465948
2000-08-16,0.026106341146726983
2000-08-17,0.02282319075907934
2000-08-18,0.02375861995890681
2000-08-21,0.022612588320043266
2000-08-22,0.0263657267541725
2000-08-23,0.022603924340210267
2000-08-24,0.019177128371728202
2000-08-25,0.025178998455341613
2000-08-28,0.02872229444320975
2000-08-29,0.023491560112600274
2000-08-30,0.02576064315825407
2000-08-31,0.02370656136764763
2000-09-01,0.020100421608452032
2000-09-05,0.024800542902284818
2000-09-06,0.033132672199831396
2000-09-07,0.024894498084263042
2000-09-08,0.026765470459102166
2000-09-11,0.03624751003647665
2000-09-12,0.03471742082535313
2000-09-13,0.033011066914162356
2000-09-14,0.029404159969622846
2000-09-15,0.03386279197793075
2000-09-18,0.03859538500187164
2000-09-19,0.03141986314258184
2000-09-20,0.03462646701490898
2000-09-21,0.04247788410172246
2000-09-22,0.02951048835803185
2000-09-25,0.029902305595183865
2000-09-26,0.036162689180884014
2000-09-27,0.030775607652349504
2000-09-28,0.033903757145926826
2000-09-29,0.030544012240931603
2000-10-02,0.027930817149660253
2000-10-03,0.03681255409780934
2000-10-04,0.027772074089271674
2000-10-05,0.0238670590907396
2000-10-06,0.038530625855601554
2000-10-09,0.027898604464881675
2000-10-10,0.041805490322297106
2000-10-11,0.043154178906344556
2000-10-12,0.048572783402019926
2000-10-13,0.036347711418312084
2000-10-16,0.02351989335062605
2000-10-17,0.036927517902590135
2000-10-18,0.05271608977297692
2000-10-19,0.022221641672421653
2000-10-20,0.027850448631641676
2000-10-23,0.0178484322927177
2000-10-24,0.02340258990163279
2000-10-25,0.028889052733908897
2000-10-26,0.028392553772812183
2000-10-27,0.016641114520548887
2000-10-30,0.01688560018877578
2000-10-31,0.0149462175766582
2000-11-01,0.010586477739161467
2000-11-02,0.005644350741646015
2000-11-03,0.0055608606364705195
2000-11-06,0.003508652703723315
2000-11-07,0.0027457377587051038
2000-11-08,0.01227671400080171
2000-11-09,0.020241035321753285
2000-11-10,0.023184433805059287
2000-11-13,0.03177628745283467
2000-11-14,0.01792296108013977
2000-11-15,0.014795048808571534
2000-11-16,0.03351492127695855
2000-11-17,0.03849907667764295
2000-11-20,0.03219673963423359
2000-11-21,0.03372137029046642
2000-11-22,0.03691374336348736
2000-11-24,0.021379306738918687
2000-11-27,0.022400148621123037
2000-11-28,0.03753448654686801
2000-11-29,0.03948848795571649
2000-11-30,0.043208933364254964
2000-12-01,0.039516747744494055
2000-12-04,0.031832175777733826
2000-12-05,0.028480366327244357
2000-12-06,0.026565726591719248
2000-12-07,0.02552531872459014
2000-12-08,0.044707987538483304
2000-12-11,0.01606931431222551
2000-12-12,0.009021185206806575
2000-12-13,0.022796227184283258
2000-12-14,0.02094617704059748
2000-12-15,0.022970671993587495
2000-12-18,0.017301718969641597
2000-12-19,0.03983551616052432
2000-12-20,0.028126494350145775
2000-12-21,0.03363318078053109
2000-12-22,0.017385047105237923
2000-12-26,0.015407478111905367
2000-12-27,0.017466113942328724
2000-12-28,0.008459424305884502
2000-12-29,0.021070312173896967
2001-01-02,0.03306581325831317
2001-01-03,0.036908360875375176
2001-01-04,0.015504201750484272
2001-01-05,0.029527135895496888
2001-01-08,0.017611795225332932
2001-01-09,0.015067092568081824
2001-01-10,0.021389969277011013
2001-01-11,0.01767195378799156
2001-01-12,0.015706218273800792
2001-01-16,0.009434616728036839
2001-01-17,0.010436908856739362
2001-01-18,0.01226387972115835
2001-01-19,0.009645648319953673
2001-01-22,0.013781773366885297
2001-01-23,0.01160749904324767
2001-01-24,0.010483013498006476
2001-01-25,0.010197080117593758
2001-01-26,0.009987065143500486
2001-01-29,0.007509625805828513
2001-01-30,0.009682249067592819
2001-01-31,0.011061102839787302
2001-02-01,0.02244543919940819
2001-02-02,0.03378745802729098
2001-02-05,0.028551860749837683
2001-02-06,0.029785061389190966
2001-02-07,0.030427681437641515
2001-02-08,0.03765400065388657
2001-02-09,0.030904468355993676
2001-02-12,0.026074184554644664
2001-02-13,0.02922410699758536
2001-02-14,0.024100798121213032
2001-02-15,0.020286585131950592
2001-02-16,0.022607374828176666
2001-02-20,0.032131853689127486
2001-02-21,0.03482215083115223
2001-02-22,0.021736309302647548
2001-02-23,0.022177381807430566
2001-02-26,0.01575965450245564
2001-02-27,0.015633724832911727
2001-02-28,0.017687214461401066
2001-03-01,0.008344029249290424
2001-03-02,0.02794116036387609
2001-03-05,0.0020006139953574866
2001-03-06,0.014690733567466478
2001-03-07,-0.004102978056200531
2001-03-08,-0.007297325094362204
2001-03-09,0.004281168201422141
2001-03-12,0.021034010684683763
2001-03-13,0.004577081517094165
2001-03-14,0.012093615433007812
2001-03-15,-0.0025777539832242857
2001-03-16,-0.05161198621665744
2001-03-19,0.007173827131456522
2001-03-20,0.02208579565363909
2001-03-21,0.015550717614655676
2001-03-22,0.018244618434885215
2001-03-23,0.01190615266616872
2001-03-26,0.0007137850904418907
2001-03-27,0.010549413468897645
2001-03-28,0.002418426219885889
2001-03-29,0.02844931027457865
2001-03-30,0.0046190015869522275
2001-04-02,0.027686718493473567
2001-04-03,0.03234121357003335
2001-04-04,0.02546196564136383
2001-04-05,0.011507645320508046
2001-04-06,0.015715203806670006
2001-04-09,0.018351255257019753
2001-04-10,0.01313682817115449
2001-04-11,0.016275098641582855
2001-04-12,0.018558545815276634
2001-04-16,0.0160666391089484
2001-04-17,0.01566448497849916
2001-04-18,0.021147753652255453
2001-04-19,0.00017583051570284596
2001-04-20,0.004927149514335696
2001-04-23,0.0077944184050849925
2001-04-24,0.017809722744995017
2001-04-25,0.015591081347108706
2001-04-26,0.009534521079873175
2001-04-27,0.0002805409628855648
2001-04-30,0.007966346283356372
2001-05-01,0.003608698260187021
2001-05-02,-0.002538193135066814
2001-05-03,-0.0007142121360757007
2001-05-04,0.011710895741654733
2001-05-07,-0.002609898355553213
2001-05-08,-0.0004444888920766693
2001-05-09,0.0007668456467164056
2001-05-10,0.0008470784138783511
2001-05-11,0.005496810198706902
2001-05-14,-0.007927079225234588
2001-05-15,-0.001886155849458412
2001-05-16,0.012530677561145358
2001-05-17,-0.006449707353891166
2001-05-18,-0.007460751975463317
2001-05-21,-0.005521730172192508
2001-05-22,-0.015393572369232519
2001-05-23,-0.011145129615832632
2001-05-24,-0.007895075069996985
2001-05-25,-0.004351268983441693
2001-05-29,-0.007166129910902988
2001-05-30,0.001672944516620554
2001-05-31,-0.0029872304766347547
2001-06-01,-0.0019897023955562955
2001-06-04,-0.0071505361095571054
2001-06-05,-0.005856577948005459
2001-06-06,-0.01513077555715225
2001-06-07,-0.010120672143853386
2001-06-08,-0.006411444325983048
2001-06-11,-0.004004240877031777
2001-06-12,0.007502383981260183
2001-06-13,0.0008446541156064457
2001-06-14,0.002275785910650206
2001-06-15,-0.0053172655195381875
2001-06-18,-0.00042146244853862513
2001-06-19,0.006625372582442829
2001-06-20,0.0014829644233057214
2001-06-21,-0.0011421694921025893
2001-06-22,-0.009491025186335635
2001-06-25,0.0027972894645352997
2001-06-26,0.007826478461657519
2001-06-27,-0.0009226874854607933
2001-06-28,0.014718219300859283
2001-06-29,0.007472179898079978
2001-07-02,-0.0006900891953128588
2001-07-03,-0.000817928075803703
2001-07-05,0.012588940046511189
2001-07-06,0.008868302573686947
2001-07-09,0.007073593014483693
2001-07-10,0.016688978527361623
2001-07-11,0.0024437907582178704
2001-07-12,0.005224084836149303
2001-07-13,-0.0014945494967954246
2001-07-16,0.010740639100686986
2001-07-17,0.0060828883360110305
2001-07-18,0.0049431382798301995
2001-07-19,0.009022120485251611
2001-07-20,0.002233836188528431
2001-07-23,0.01621583922230394
2001-07-24,0.008300946964997571
2001-07-25,0.0034919586687506624
2001-07-26,0.005187492760450705
2001-07-27,0.0016019245533361727
2001-07-30,-0.006183208486790243
2001-07-31,0.0037645643138492536
2001-08-01,-0.008574756522955456
2001-08-02,-0.008599820382907828
2001-08-03,-0.007103723737549934
2001-08-06,-0.0025690729756942315
2001-08-07,-0.003180620982563549
2001-08-08,0.011195604987134282
2001-08-09,-0.009704840554823757
2001-08-10,0.008702235252655288
2001-08-13,-0.004273096905537502
2001-08-14,-0.006145849594695452
2001-08-15,-0.00010251718804552522
2001-08-16,-0.0038298146521559186
2001-08-17,-0.002922152539186427
2001-08-20,-0.011925299433621462
2001-08-21,0.005028242751567958
2001-08-22,-0.009030635812519231
2001-08-23,-0.012094621265349735
2001-08-24,-0.00815112907207708
2001-08-27,-0.01853189987457466
2001-08-28,-0.011907628131330419
2001-08-29,-0.01520711833679727
2001-08-30,0.01240256996999585
2001-08-31,-0.012872661080075214
2001-09-04,0.009182955918662881
2001-09-05,-0.012257407279582473
2001-09-06,-0.0038393121203542145
2001-09-07,-0.00602211465589858
2001-09-10,-0.0043717274046077975
2001-09-17,0.06303122643715875
2001-09-18,0.002951740074259485
2001-09-19,0.041860676353760305
2001-09-20,0.025375894123865993
2001-09-21,0.05151350097611114
2001-09-24,0.008409406984753908
2001-09-25,0.006077800999612421
2001-09-26,0.008418305466911035
2001-09-27,0.010389292211811618
2001-09-28,0.11420738275293013
2001-10-01,-0.0020396937737233935
2001-10-02,0.0019999143413543252
2001-10-03,0.015775390948310323
2001-10-04,-0.0011882600749577696
2001-10-05,-0.0019671603920690442
2001-10-08,0.0020353114390509047
2001-10-09,-0.005372648857090526
2001-10-10,0.012676482531636654
2001-10-11,-0.011046845168899911
2001-10-12,0.0014231462177310126
2001-10-15,-0.007611937851904181
2001-10-16,-0.003047019991522605
2001-10-17,0.009435790202805456
2001-10-18,-0.006106679019736829
2001-10-19,-9.949751340191e-05
2001-10-22,0.0010233610499125454
2001-10-23,-0.002425532468241843
2001-10-24,-0.008097265977590452
2001-10-25,0.00876540221212617
2001-10-26,0.0006305365734906947
2001-10-29,0.010015209048622638
2001-10-30,-0.0005067439211252651
2001-10-31,0.002228180932981496
2001-11-01,0.006437911190389281
2001-11-02,-0.010787950482888992
2001-11-05,-0.01436511456289569
2001-11-06,-0.006708989997941151
2001-11-07,-0.012258111222306325
2001-11-08,-0.006859122620700576
2001-11-09,-0.017235911800630003
2001-11-12,-0.006574841117022511
2001-11-13,-0.02229420923128656
2001-11-14,-0.021048020392194465
2001-11-15,-0.024977339710732814
2001-11-16,-0.021892012629634007
2001-11-19,-0.025733699764567953
2001-11-20,-0.0237725435666435
2001-11-21,-0.02360669941740614
2001-11-23,-0.01999280640984755
2001-11-26,-0.02590764504800585
2001-11-27,-0.012401413733640556
2001-11-28,-0.017022842456576977
2001-11-29,-0.02205404242666854
2001-11-30,-0.025706038814713308
2001-12-03,-0.024469072142633993
2001-12-04,-0.022779321396067066
2001-12-05,-0.020760114659172508
2001-12-06,-0.0308402450000542
2001-12-07,-0.028603284374476887
2001-12-10,-0.014691868616601579
2001-12-11,-0.01511318617501933
2001-12-12,-0.01995615065450968
2001-12-13,-0.013385009963992781
2001-12-14,-0.015708043797976502
2001-12-17,-0.01824625267230811
2001-12-18,-0.02357979231171405
2001-12-19,-0.017938566150803126
2001-12-20,-0.018347256586173054
2001-12-21,-0.024465494060846284
2001-12-24,-0.023905790245771524
2001-12-26,-0.015501497733851165
2001-12-27,-0.02608302806858756
2001-12-28,-0.024331344884379522
2001-12-31,-0.011760777693477076
2002-01-02,-0.017319936386218905
2002-01-03,-0.02228412081220694
2002-01-04,-0.023190169082600475
2002-01-07,-0.0197457952553603
2002-01-08,-0.023653594805698022
2002-01-09,-0.010064682286127965
2002-01-10,-0.022364635635078862
2002-01-11,-0.017086236807690183
2002-01-14,-0.019180235633305818
2002-01-15,-0.019769996761286362
2002-01-16,-0.01060540785076491
2002-01-17,-0.016275105964394593
2002-01-18,-0.010900843823308718
2002-01-22,-0.004741713807211911
2002-01-23,-0.010546743844572343
2002-01-24,-0.014853314011057456
2002-01-25,-0.012913980003401925
2002-01-28,-0.014162231782372473
2002-01-29,0.010639837384832958
2002-01-30,0.011584447204299256
2002-01-31,-0.012846036192950775
2002-02-01,-0.012452394767322312
2002-02-04,0.003934525085519467
2002-02-05,0.0018768863809519934
2002-02-06,0.0006199005184490817
2002-02-07,0.009206236402540426
2002-02-08,0.008541547821696433
2002-02-11,0.0002323163267780451
2002-02-12,0.0019094592124680597
2002-02-13,-0.004678276561448925
2002-02-14,-0.0024349217959071688
2002-02-15,-0.0001907455615047266
2002-02-19,0.008119955738840216
2002-02-20,0.0051877246194821265
2002-02-21,0.012842305837807991
2002-02-22,0.0040095321470342135
2002-02-25,0.002481631551468347
2002-02-26,-0.0017658867433928923
2002-02-27,0.0017421866703372212
2002-02-28,0.004348117683339725
2002-03-01,-0.00020951891797973114
2002-03-04,-0.004530350595935905
2002-03-05,-0.00851040941189815
2002-03-06,-0.006382482539924774
2002-03-07,-0.008367092985654866
2002-03-08,-0.01315525015205864
2002-03-11,-0.008634593311219541
2002-03-12,-0.010958787885221529
2002-03-13,-0.00894777001020674
2002-03-14,-0.007446124749386686
2002-03-15,-0.010059813945233746
2002-03-18,-0.012126127244721643
2002-03-19,-0.019811077073490394
2002-03-20,-0.011153477525381471
2002-03-21,-0.0129090765824324
2002-03-22,-0.014408285232190335
2002-03-25,-0.006138134228508096
2002-03-26,-0.010799847853934254
2002-03-27,-0.015617575279095571
2002-03-28,-0.014558523588614064
2002-04-01,-0.016397929746499822
2002-04-02,-0.016856505144111175
2002-04-03,-0.014302775301976685
2002-04-04,-0.01687994581981107
2002-04-05,-0.01592436415635951
2002-04-08,-0.014261154312977909
2002-04-09,-0.016282692616552463
2002-04-10,-0.01764245005945791
2002-04-11,-0.002469289667795744
2002-04-12,-0.011479529228201934
2002-04-15,-0.00792305991220639
2002-04-16,-0.012835105159707231
2002-04-17,-0.01582295153860647
2002-04-18,-0.008710170376825243
2002-04-19,-0.018638758393867857
2002-04-22,-0.007231833678609254
2002-04-23,-0.00732628234682919
2002-04-24,0.006037552455930628
2002-04-25,-0.00630929023724988
2002-04-26,0.011693169409034575
2002-04-29,0.006698645150293578
2002-04-30,0.007703777586661829
2002-05-01,0.0037513682276459613
2002-05-02,0.006161996093211351
2002-05-03,0.004917499060483744
2002-05-06,0.018829266835220584
2002-05-07,0.011437291736261275
2002-05-08,0.010145628279116416
2002-05-09,0.006605233215443487
2002-05-10,0.016868882339149793
2002-05-13,0.008992273228235422
2002-05-14,-0.002758207413045503
2002-05-15,0.0037254297385379475
2002-05-16,-0.004717597322683293
2002-05-17,-0.0058643883630894135
2002-05-20,-0.0023323066327958233
2002-05-21,0.0074736767170501955
2002-05-22,-0.0016901059468113896
2002-05-23,4.378450159186857e-05
2002-05-24,0.0016151722665192804
2002-05-28,0.0017573400034972151
2002-05-29,-0.0005750921330854794
2002-05-30,0.004314001875934856
2002-05-31,0.0066951472023899505
2002-06-03,0.02412810772927916
2002-06-04,0.008609703884458642
2002-06-05,0.0011617083416197715
2002-06-06,0.01460275949645672
2002-06-07,0.014437833057342794
2002-06-10,0.007483272184533842
2002-06-11,0.021134087087995697
2002-06-12,0.011128031310755192
2002-06-13,0.01304401866282429
2002-06-14,0.019099751693624156
2002-06-17,0.011476641227930767
2002-06-18,-0.0013577773327297727
2002-06-19,0.013427419555274196
2002-06-20,0.01350521489219711
2002-06-21,0.014315792272242191
2002-06-24,0.024082901263672758
2002-06-25,0.02557450918286993
2002-06-26,0.019164062015352024
2002-06-27,0.01340801246863215
2002-06-28,0.009355098492503957
2002-07-01,0.01713157688988542
2002-07-02,0.014268334412250384
2002-07-03,0.009518894237270387
2002-07-05,0.011597553542560634
2002-07-08,0.009395544091110302
2002-07-09,0.020467984499992507
2002-07-10,0.027033302699853646
2002-07-11,0.01967209459097306
2002-07-12,0.015702284471815865
2002-07-15,0.027503294650911593
2002-07-16,0.01981749614799575
2002-07-17,0.02349457787646187
2002-07-18,0.02270572141541212
2002-07-19,0.02848978711856684
2002-07-22,0.04920898555466251
2002-07-23,0.04073926722049633
2002-07-24,0.07131186934631815
2002-07-25,0.05062013957980307
2002-07-26,0.024267182901640275
2002-07-29,0.02979417524930105
2002-07-30,0.02403445121169472
2002-07-31,0.019458849434989673
2002-08-01,0.030572884728865213
2002-08-02,0.03481040237760587
2002-08-05,0.042141626238083166
2002-08-06,0.03841355168142904
2002-08-07,0.026585593766863362
2002-08-08,0.026254320985426804
2002-08-09,0.021589776665502096
2002-08-12,0.01440398140314847
2002-08-13,0.03467313209954699
2002-08-14,0.03488967391816209
2002-08-15,0.006910102376355444
2002-08-16,0.010047260264552226
2002-08-19,0.006599727587062907
2002-08-20,-0.00031144044043898873
2002-08-21,-0.006752770795696468
2002-08-22,-0.007643922155899701
2002-08-23,-0.008804477747373229
2002-08-26,-0.01198050182233409
2002-08-27,-0.004122605349749529
2002-08-28,-0.011919679501794019
2002-08-29,-0.00419406840625812
2002-08-30,-0.002120706817709976
2002-09-03,0.0027216242333691475
2002-09-04,-0.006074471886752586
2002-09-05,-0.00930679959782563
2002-09-06,-0.019234245530404925
2002-09-09,-0.009139863168078896
2002-09-10,-0.028842877408851074
2002-09-11,-0.015987699211805817
2002-09-12,-0.02366569096296335
2002-09-13,-0.026444937639547052
2002-09-16,-0.03142145729549195
2002-09-17,-0.005866178863841203
2002-09-18,-0.010560758403319744
2002-09-19,-0.00817369441433502
2002-09-20,-0.02145672304454912
2002-09-23,-0.0196139055315615
2002-09-24,-0.006316138515055556
2002-09-25,-0.006849209434120028
2002-09-26,-0.01879723988434251
2002-09-27,0.0038235801264294156
2002-09-30,-0.0033082472417566653
2002-10-01,0.0034896229282878714
2002-10-02,0.0054639670761542115
2002-10-03,0.01134014163178628
2002-10-04,0.011731722040281516
2002-10-07,0.019336085598808554
2002-10-08,0.019898623750389876
2002-10-09,0.014472743922480855
2002-10-10,0.02850286669773725
2002-10-11,0.013347564702646182
2002-10-14,0.0022951885255213366
2002-10-15,-0.005644522151403358
2002-10-16,0.007678843324671026
2002-10-17,-0.0058550961397635165
2002-10-18,0.0035500964156698223
2002-10-21,0.00562425377332726
2002-10-22,-0.01177490068580702
2002-10-23,-0.005653242037052446
2002-10-24,0.002828314102279919
2002-10-25,-0.002107130536604447
2002-10-28,0.0014074287294003635
2002-10-29,0.008202119986212428
2002-10-30,-0.00359537170963555
2002-10-31,0.00033011817194878584
2002-11-01,-0.0008057134116422147
2002-11-04,-0.008753726521400626
2002-11-05,-0.024928600472372858
2002-11-06,-0.014968721657431383
2002-11-07,-0.01586342365079631
2002-11-08,-0.00999541272457771
2002-11-11,-0.017150486068576474
2002-11-12,-0.017876568154785635
2002-11-13,-0.010524235612244554
2002-11-14,-0.031689296754161975
2002-11-15,-0.03216806810685667
2002-11-18,-0.02629352626041307
2002-11-19,-0.027929281481490688
2002-11-20,-0.02284437109024593
2002-11-21,-0.03190787076281215
2002-11-22,-0.03463834057621929
2002-11-25,-0.02859072582603081
2002-11-26,-0.017260803405584387
2002-11-27,-0.021256311121045063
2002-11-29,-0.0341963777911738
2002-12-02,-0.015670073711298232
2002-12-03,-0.03676747226712217
2002-12-04,-0.02600797409396758
2002-12-05,-0.027511678050585534
2002-12-06,-0.021076657473130936
2002-12-09,-0.015143250612780811
2002-12-10,-0.026522149640651964
2002-12-11,-0.017812905863027015
2002-12-12,-0.022008697313812768
2002-12-13,-0.012077059194939949
2002-12-16,-0.008539545617520664
2002-12-17,-0.016043393023713777
2002-12-18,-0.011222610190047772
2002-12-19,0.008014865533981803
2002-12-20,-0.019717922163736478
2002-12-23,-0.008002227952933807
2002-12-24,-0.012202526258121245
2002-12-26,-0.0018326016556309138
2002-12-27,0.006407040326078176
2002-12-30,-0.002776837403432839
2002-12-31,-0.0015773581698969516
2003-01-02,0.013139951693184127
2003-01-03,-0.014298313031158822
2003-01-06,0.005762136266507331
2003-01-07,-0.013776970665829771
2003-01-08,-0.015466088013722533
2003-01-09,-0.014806213279796513
2003-01-10,-0.018805950794387183
2003-01-13,-0.023391203040157207
2003-01-14,-0.02605276555055832
2003-01-15,-0.024321029347127557
2003-01-16,-0.02520387697572455
2003-01-17,-0.007981794918832675
2003-01-21,-0.011837340672629648
2003-01-22,-0.0038578750178040293
2003-01-23,-0.01482462045353303
2003-01-24,0.003977721376910454
2003-01-27,0.009426337489798143
2003-01-28,-0.007773531253006189
2003-01-29,0.005032110498145682
2003-01-30,0.010078325051638635
2003-01-31,-0.002213667863655679
2003-02-03,-0.0167378706664816
2003-02-04,-0.012351533064663727
2003-02-05,0.0021726271672116923
2003-02-06,-0.007938427917272454
2003-02-07,0.0043129851998067875
2003-02-10,-0.005400915308123463
2003-02-11,0.004208544388421236
2003-02-12,-0.00022235270346457336
2003-02-13,-0.002412792835267359
2003-02-14,0.004025499037569177
2003-02-18,-0.010369569775879267
2003-02-19,-0.015693397812737712
2003-02-20,-0.011942723930928881
2003-02-21,-0.0020796097402141518
2003-02-24,-0.010863031145348697
2003-02-25,-0.0022543129627095038
2003-02-26,-0.008676871519793346
2003-02-27,-0.010883212333912148
2003-02-28,-0.020669213160322268
2003-03-03,-0.0055556768277201865
2003-03-04,-0.010770419132751168
2003-03-05,-0.015003530879992847
2003-03-06,-0.013940386515692625
2003-03-07,0.0036730376123969184
2003-03-10,-0.0005954143771543744
2003-03-11,-0.0009167365658633263
2003-03-12,-0.0038246633039998416
2003-03-13,-0.00177763784788376
2003-03-14,-0.013791881945934094
2003-03-17,0.00225529756646734
2003-03-18,-0.02698005875632542
2003-03-19,-0.021554034951178858
2003-03-20,-0.01653108564149968
2003-03-21,-0.024847619042524333
2003-03-24,-0.01323092669860023
2003-03-25,-0.01376289367226223
2003-03-26,-0.01698748784304005
2003-03-27,-0.011703040550616987
2003-03-28,-0.014259684356324954
2003-03-31,0.0019384015674561786
2003-04-01,-0.010634143655520248
2003-04-02,-0.01700334548397517
2003-04-03,-0.016200814060805296
2003-04-04,-0.01958396464558764
2003-04-07,-0.005065320929880611
2003-04-08,-0.02308325631624569
2003-04-09,-0.002274652834341107
2003-04-10,-0.015664846168542017
2003-04-11,-0.009429881825652976
2003-04-14,-0.015863124660032313
2003-04-15,-0.02453671992424286
2003-04-16,-0.011048364009293044
2003-04-17,-0.016589635697819446
2003-04-21,-0.023263896662062793
2003-04-22,-0.01266151473808472
2003-04-23,-0.030033658025696623
2003-04-24,-0.028516367145310122
2003-04-25,-0.02121813722584632
2003-04-28,-0.01599501988496281
2003-04-29,-0.025103625962745686
2003-04-30,-0.026911998223997834
2003-05-01,-0.016793728411216707
2003-05-02,-0.023502974507626482
2003-05-05,-0.027679646650995197
2003-05-06,-0.025748071056113722
2003-05-07,-0.02518567075024615
2003-05-08,-0.023768617001351088
2003-05-09,-0.023676571867580966
2003-05-12,-0.01668421046705172
2003-05-13,-0.028708589112797965
2003-05-14,-0.026082772704481977
2003-05-15,-0.03279122826192735
2003-05-16,-0.02723483419057647
2003-05-19,-0.011497591953398126
2003-05-20,-0.01971257560191003
2003-05-21,-0.025944301391002934
2003-05-22,-0.017180203550919444
2003-05-23,-0.02758963873606092
2003-05-27,-0.00689884631728249
2003-05-28,-0.025672100362177132
2003-05-29,-0.012402873904967675
2003-05-30,-0.020684880261670743
2003-06-02,-0.012311908529304055
2003-06-03,-0.027895157104177653
2003-06-04,-0.014653220084527352
2003-06-05,-0.019934488379341947
2003-06-06,-0.0041042037557578875
2003-06-09,-0.0202494137674085
2003-06-10,-0.026129413929796015
2003-06-11,-0.019715354091924014
2003-06-12,-0.02463550613755456
2003-06-13,-0.01748222289748918
2003-06-16,-0.017177714476376376
2003-06-17,-0.0355197707026107
2003-06-18,-0.02369029914279738
2003-06-19,-0.01493344317353974
2003-06-20,-0.02403052329860405
2003-06-23,-0.012798774644476964
2003-06-24,-0.01991173957658661
2003-06-25,-0.0013650621892287189
2003-06-26,-0.007487723265240914
2003-06-27,-0.011976663866097194
2003-06-30,-0.016586842215560747
2003-07-01,-0.0039231519709538604
2003-07-02,-0.022348234963360636
2003-07-03,-0.006599047192669944
2003-07-07,-0.01582359153232845
2003-07-08,-0.020200178450755845
2003-07-09,-0.014168608178920631
2003-07-10,-0.015776716105164297
2003-07-11,-0.021724222210931565
2003-07-14,-0.010122772826402893
2003-07-15,-0.02012905203988629
2003-07-16,-0.01860306552577393
2003-07-17,-0.013247261693421608
2003-07-18,-0.023331282189561355
2003-07-21,-0.0166970020830906
2003-07-22,-0.015603263658850581
2003-07-23,-0.02115744446015739
2003-07-24,-0.01280963649595129
2003-07-25,-0.011196031885644709
2003-07-28,-0.021561412450180655
2003-07-29,-0.021116866460718604
2003-07-30,-0.030092078190652488
2003-07-31,-0.018935212138581407
2003-08-01,-0.025010299571267776
2003-08-04,-0.020652473414479712
2003-08-05,-0.011986077992976227
2003-08-06,-0.017444497232051444
2003-08-07,-0.02910575923886002
2003-08-08,-0.036021806441318235
2003-08-11,-0.03091832915230022
2003-08-12,-0.034408619931746195
2003-08-13,-0.025259659539624328
2003-08-14,-0.024712079618662605
2003-08-15,-0.03569858680435155
2003-08-18,-0.03735460742884307
2003-08-19,-0.03721220965700965
2003-08-20,-0.03824661335385794
2003-08-21,-0.03428034340292309
2003-08-22,-0.027280346671230526
2003-08-25,-0.028388728366509623
2003-08-26,-0.032018151726316835
2003-08-27,-0.04211432617078739
2003-08-28,-0.03497105135913348
2003-08-29,-0.042968014987503377
2003-09-02,-0.03017868079334724
2003-09-03,-0.05145506948161888
2003-09-04,-0.054406351301219055
2003-09-05,-0.04644584500878207
2003-09-08,-0.050164459320650584
2003-09-09,-0.04730477174217527
2003-09-10,-0.03749806669362117
2003-09-11,-0.040469806506409564
2003-09-12,-0.03598491168969192
2003-09-15,-0.039371003747308536
2003-09-16,-0.02801290824895139
2003-09-17,-0.03322449877751459
2003-09-18,-0.023531006276329126
2003-09-19,-0.02165184326754367
2003-09-22,-0.026815279666483095
2003-09-23,-0.022164820963005396
2003-09-24,-0.0032561975169703573
2003-09-25,-0.004526147250887254
2003-09-26,-0.01710854874255213
2003-09-29,-0.01194196836282808
2003-09-30,-0.006796800495878015
2003-10-01,-0.0004498312822524223
2003-10-02,-0.012850493124404998
2003-10-03,-0.004888460207267038
2003-10-06,-0.012325992812116384
2003-10-07,-0.006350024722314296
2003-10-08,-0.010563694072518452
2003-10-09,-0.002886784709901377
2003-10-10,-0.009847418170729693
2003-10-13,-0.0064965022227745925
2003-10-14,-0.005058524175900571
2003-10-15,-0.0037470248840377265
2003-10-16,-0.005922013451899669
2003-10-17,0.002257023463618755
2003-10-20,-0.006273662902405384
2003-10-21,-0.004547567681048557
2003-10-22,-0.009461206541435292
2003-10-23,-0.006191197629040876
2003-10-24,-0.008132395512502609
2003-10-27,-0.010548880021340665
2003-10-28,-0.008831858516573293
2003-10-29,-0.010694429787649836
2003-10-30,-0.016117070918298775
2003-10-31,-0.024469677713419114
2003-11-03,-0.01782846656098102
2003-11-04,-0.021639339594357796
2003-11-05,-0.018940096724517134
2003-11-06,-0.014860923594257513
2003-11-07,-0.015010010261323094
2003-11-10,-0.01764864023981159
2003-11-11,-0.02107817448368282
2003-11-12,-0.01026749579460784
2003-11-13,-0.015233085515211407
2003-11-14,-0.006215681772494713
2003-11-17,-0.013566940250263266
2003-11-18,-0.0043323780210428944
2003-11-19,-0.01343982200235682
2003-11-20,-0.0006902746766890748
2003-11-21,-0.017355072799815616
2003-11-24,-0.009937881427417394
2003-11-25,-0.014977584299556736
2003-11-26,-0.015406979116052063
2003-11-28,-0.020973026226682474
2003-12-01,-0.014680869469411596
2003-12-02,-0.0139606241276248
2003-12-03,-0.009417664681576869
2003-12-04,-0.011592186704977997
2003-12-05,-0.0034809986806391465
2003-12-08,-0.009676090254376749
2003-12-09,-0.003261865300916339
2003-12-10,-0.0038695700578640496
2003-12-11,-0.00022684175431716188
2003-12-12,-0.006286598364113522
2003-12-15,0.0028879760678208848
2003-12-16,-0.0017845580703807606
2003-12-17,-0.011422280674311523
2003-12-18,0.00149842981814557
2003-12-19,-0.005314344493928903
2003-12-22,-0.003692420771028819
2003-12-23,-0.00876022799893016
2003-12-24,-0.00684129722355292
2003-12-26,-0.0011848860277938107
2003-12-29,0.009999588124440607
2003-12-30,-0.002205128254612723
2003-12-31,0.00047771580413778704
2004-01-02,0.008523299226711167
2004-01-05,0.0037778871526917305
2004-01-06,-0.00047081386293113567
2004-01-07,0.0023299053536458155
2004-01-08,-0.008796652425189703
2004-01-09,0.005955820272004747
2004-01-12,-0.0031175847888359354
2004-01-13,0.0056435633523301155
2004-01-14,0.0024815182081248726
2004-01-15,0.008090913063181203
2004-01-16,-0.0011139714796388404
2004-01-20,0.0011608951012041452
2004-01-21,0.00816453515520069
2004-01-22,0.0019532042464461483
2004-01-23,0.009803352506277578
2004-01-26,0.012208192548201376
2004-01-27,0.024316869199292143
2004-01-28,0.0245001933573789
2004-01-29,0.015161235895529784
2004-01-30,0.007832023966795722
2004-02-02,0.02186106093413131
2004-02-03,0.006973931671890278
2004-02-04,0.011508342736605304
2004-02-05,0.010031578677871522
2004-02-06,0.01883161536725275
2004-02-09,0.007791473924134205
2004-02-10,0.010066475904330366
2004-02-11,0.02154989805360676
2004-02-12,0.008574233910577206
2004-02-13,0.01704977328041662
2004-02-17,0.012654900552390203
2004-02-18,0.018375589318088466
2004-02-19,0.017079297964705926
2004-02-20,0.015020690192544428
2004-02-23,0.0129718918767287
2004-02-24,0.019162982024859054
2004-02-25,0.002615681372286933
2004-02-26,0.00039276333925741835
2004-02-27,0.0033842677868883234
2004-03-01,0.0025115362425868794
2004-03-02,0.01416265320322374
2004-03-03,0.0015844165904342297
2004-03-04,-0.004211525814770358
2004-03-05,0.010236703585473236
2004-03-08,0.009265685583271042
2004-03-09,0.002432525258842828
2004-03-10,0.018764442808704738
2004-03-11,0.023992664110794624
2004-03-12,0.010058293914670812
2004-03-15,0.012720552115990066
2004-03-16,0.011098317693127144
2004-03-17,0.00917873474599424
2004-03-18,0.011641302519091408
2004-03-19,0.013639398558101666
2004-03-22,0.014040568429203948
2004-03-23,0.01062658555867213
2004-03-24,0.014981084581388334
2004-03-25,0.016443916820619804
2004-03-26,0.013142053039147126
2004-03-29,0.010700400006208682
2004-03-30,0.0079646082493488
2004-03-31,0.010912127376436542
2004-04-01,0.007809229641220274
2004-04-02,0.008311983378998
2004-04-05,0.005924537930481503
2004-04-06,0.004138204041334655
2004-04-07,0.003284377520596112
2004-04-08,0.007748758189832015
2004-04-12,-0.0038114053457668244
2004-04-13,0.011535527583223877
2004-04-14,0.00504074729804622
2004-04-15,0.006579209461311894
2004-04-16,0.0006843497456234727
2004-04-19,-0.006764793362449116
2004-04-20,0.011119611382026344
2004-04-21,-0.00015393912885036128
2004-04-22,0.012198702987985057
2004-04-23,-0.007006460188575684
2004-04-26,0.0002144834450640735
2004-04-27,0.0021674946889008967
2004-04-28,0.0007759065495391528
2004-04-29,0.01399291038773704
2004-04-30,0.0014287070530297735
2004-05-03,-0.0066679751877631605
2004-05-04,0.007813663913672166
2004-05-05,-0.008348923738651677
2004-05-06,0.004508134648784481
2004-05-07,0.013180857868309711
2004-05-10,0.005803537910713884
2004-05-11,-0.0054616449839389215
2004-05-12,0.01609415363408115
2004-05-13,0.0034207709237167147
2004-05-14,0.0035192237978906886
2004-05-17,-0.0012718367349146362
2004-05-18,-0.01154929559004472
2004-05-19,0.008080728336534983
2004-05-20,-0.007964016174019312
2004-05-21,-0.0011562954979303548
2004-05-24,-0.005306584553617793
2004-05-25,0.005380747605243884
2004-05-26,-0.009391836125472706
2004-05-27,-0.005017938052359658
2004-05-28,-0.014502371890812916
2004-06-01,-0.005741068825633857
2004-06-02,-0.003645925407297873
2004-06-03,-0.00285960336385848
2004-06-04,-0.0035714810687957946
2004-06-07,-0.0027174053299300347
2004-06-08,-0.008105621171448196
2004-06-09,-0.0042285772373934945
2004-06-10,-0.012989633338318523
2004-06-14,-0.006638936601539084
2004-06-15,-0.0032479648247264728
2004-06-16,-0.009911659661366354
2004-06-17,-0.006979705479852792
2004-06-18,-0.0015986747159823303
2004-06-21,-0.004779999835515799
2004-06-22,-0.0026429451914477186
2004-06-23,-0.0017314866978381351
2004-06-24,-0.005885986717998088
2004-06-25,-0.00181639234832364
2004-06-28,-0.003075384198347288
2004-06-29,-0.008799162987460994
2004-06-30,-0.0001103266287395158
2004-07-01,0.004641922480908327
2004-07-02,-0.009908834238845709
2004-07-06,-0.008038574613833168
2004-07-07,-0.007837220863096132
2004-07-08,-0.0010447435903773099
2004-07-09,-0.011229867673054582
2004-07-12,-0.00534054996540286
2004-07-13,-0.01352547456129319
2004-07-14,0.0047531791707160894
2004-07-15,-0.005145413635898942
2004-07-16,-0.0038608726733512957
2004-07-19,-0.0061116565860448915
2004-07-20,0.0005579073267022098
2004-07-21,0.009611588526345355
2004-07-22,0.00889287872007992
2004-07-23,-0.005377575677438408
2004-07-26,-0.002197818368872411
2004-07-27,-0.0007437878896273015
2004-07-28,0.008161942463027405
2004-07-29,-0.0024889911787925644
2004-07-30,-0.00793795922883595
2004-08-02,-0.004100111487330614
2004-08-03,-0.0072718069969230645
2004-08-04,-0.0017450137938302287
2004-08-05,0.005296115731880763
2004-08-06,0.007507794383510489
2004-08-09,-0.007495702894308925
2004-08-10,4.1938368882141674e-05
2004-08-11,0.0007438236109658316
2004-08-12,0.00131959757515498
2004-08-13,-0.0055625946851411414
2004-08-16,0.0023422629333867745
2004-08-17,-0.00278594330747451
2004-08-18,0.0005167269712719246
2004-08-19,-0.004642492810025583
2004-08-20,-0.0026389833624930643
2004-08-23,-0.00795855532801426
2004-08-24,-0.008599224035974955
2004-08-25,-0.002587588711139182
2004-08-26,-0.009589735425462674
2004-08-27,-0.009458233618184507
2004-08-30,-0.007592838277888139
2004-08-31,-0.00033738804827095504
2004-09-01,0.004617396790486327
2004-09-02,-0.000620093471743978
2004-09-03,-0.0052875221026008525
2004-09-07,-0.003357050856621661
2004-09-08,-0.003652798127456642
2004-09-09,-0.003372552680532783
2004-09-10,-0.006464637599424622
2004-09-13,0.0011120623350167219
2004-09-14,-0.0076345486670711185
2004-09-15,-0.001737041978710171
2004-09-16,-0.008229206407690398
2004-09-17,-0.003488847116331903
2004-09-20,-0.0005654790031943274
2004-09-21,0.002164478519984058
2004-09-22,0.004373902160105075
2004-09-23,0.002034120933345875
2004-09-24,-0.0018560134665779118
2004-09-27,-0.00020610722768641147
2004-09-28,0.0012316999981059002
2004-09-29,-0.003955664887664296
2004-09-30,0.0013309822230667791
2004-10-01,0.010370935354124155
2004-10-04,-0.003347542015489832
2004-10-05,-0.0017248979574281727
2004-10-06,-0.00011624336401949882
2004-10-07,-0.0010137954744148803
2004-10-08,0.008935731235701372
2004-10-11,-0.009652905535574659
2004-10-12,0.002535102514736161
2004-10-13,0.008174835071365084
2004-10-14,0.01374690219323163
2004-10-15,0.014382095506414075
2004-10-18,0.0038979853108082963
2004-10-19,0.01068553332228477
2004-10-20,0.010520649149438281
2004-10-21,0.006898629476494817
2004-10-22,0.005304554759384468
2004-10-25,0.0035031944065164657
2004-10-26,0.007383009389695619
2004-10-27,0.018295492859791512
2004-10-28,0.008805853388397629
2004-10-29,0.007989111055504
2004-11-01,0.0023007793699158065
2004-11-02,0.01610043652634694
2004-11-03,0.02431037746011746
2004-11-04,0.010998769905230021
2004-11-05,0.01613693176958203
2004-11-08,-0.000230844790939903
2004-11-09,0.005736748112408939
2004-11-10,0.0052504239556071825
2004-11-11,-0.0009838299870994316
2004-11-12,0.008714130044299998
2004-11-15,-0.002775176032756789
2004-11-16,-0.0007419472261162457
2004-11-17,0.008275615307271195
2004-11-18,-0.005077533080382023
2004-11-19,0.0056329621006499945
2004-11-22,-0.002910485288518913
2004-11-23,0.0007203980020879038
2004-11-24,-0.004617921811051062
2004-11-26,-0.010388550807249305
2004-11-29,0.011393824954400581
2004-11-30,0.008060037454343782
2004-12-01,0.0053805089449212385
2004-12-02,0.012552559556749474
2004-12-03,0.008803914000610582
2004-12-06,-0.0011767399140847753
2004-12-07,0.007207266861941144
2004-12-08,0.0024422276847326733
2004-12-09,0.012399310608934348
2004-12-10,0.005745636520875178
2004-12-13,0.0003706908329754637
2004-12-14,0.0026592613242611965
2004-12-15,0.004251091516894751
2004-12-16,0.009172034765867976
2004-12-17,0.01938137951190008
2004-12-20,0.006188668185814542
2004-12-21,-0.0013346689368851417
2004-12-22,-0.0010967973568207774
2004-12-23,-0.004186209106170034
2004-12-27,-0.0032983972923776353
2004-12-28,-0.008382333479947972
2004-12-29,-0.009086462455835057
2004-12-30,-0.008907241502904171
2004-12-31,-0.004656546180664696
2005-01-03,0.009349191378006976
2005-01-04,0.017677788657517932
2005-01-05,0.015757912481328528
2005-01-06,0.008098816407036451
2005-01-07,0.012337793723434494
2005-01-10,0.014601781786940847
2005-01-11,0.016015942802068993
2005-01-12,0.02061581772973853
2005-01-13,0.013615799775488047
2005-01-14,0.008660276735585106
2005-01-18,0.014312602597295417
2005-01-19,0.014611510457196377
2005-01-20,0.02437973489034414
2005-01-21,0.018509460190801515
2005-01-24,0.015956159269501495
2005-01-25,0.02158706883651234
2005-01-26,0.015185752493784989
2005-01-27,0.014201783039748572
2005-01-28,0.014904165575929051
2005-01-31,0.010258584955142534
2005-02-01,0.007787109187716487
2005-02-02,0.00706598361194969
2005-02-03,0.0035309420265957217
2005-02-04,0.005187383880079906
2005-02-07,0.0034575230704854136
2005-02-08,0.0013377206688228007
2005-02-09,0.005609124493179596
2005-02-10,0.001968967443884805
2005-02-11,0.0049598449955966135
2005-02-14,-0.004968512391137663
2005-02-15,0.001068318591059908
2005-02-16,0.005547919633276137
2005-02-17,0.005193106601850779
2005-02-18,-0.0005015240895033159
2005-02-22,0.016592770081530296
2005-02-23,0.0084179474360379
2005-02-24,0.008713597856907748
2005-02-25,0.00571516682445807
2005-02-28,0.007521433423253555
2005-03-01,-0.0012197289857179905
2005-03-02,0.00881809365175229
2005-03-03,0.005313470789654922
2005-03-04,0.0033603572763482377
2005-03-07,-0.00015336119985079246
2005-03-08,-0.0006487200979229972
2005-03-09,0.011467171911922282
2005-03-10,0.005812525413961291
2005-03-11,0.0037688953374505367
2005-03-14,-0.006410491210063722
2005-03-15,0.0044901322064928575
2005-03-16,0.012502822190953498
2005-03-17,0.006990929171931678
2005-03-18,0.0042928726467018575
2005-03-21,0.0026163303209317578
2005-03-22,0.015421385767009122
2005-03-23,0.00783832408975116
2005-03-24,-0.00046610001660550744
2005-03-28,-0.002141575787973241
2005-03-29,0.007782157299893009
2005-03-30,0.0005088098349332131
2005-03-31,0.0029184632293548533
2005-04-01,0.015753633411549967
2005-04-04,0.007926614630047152
2005-04-05,-0.0017435547167896372
2005-04-06,0.0019286248567366021
2005-04-07,-0.0036625963077836837
2005-04-08,0.003375526598154352
2005-04-11,-0.0031356741559215393
2005-04-12,0.013737838376712955
2005-04-13,0.005300979668366346
2005-04-14,0.012983468877027164
2005-04-15,0.025637625565005515
2005-04-18,0.01616785893205069
2005-04-19,0.003992896403168427
2005-04-20,0.017022154819040913
2005-04-21,0.009154532114107503
2005-04-22,0.011920677965765649
2005-04-25,-0.0025699806067492077
2005-04-26,0.007271731059776319
2005-04-27,0.008317535524097034
2005-04-28,0.005163219632234012
2005-04-29,0.011315937134489713
2005-05-02,-0.0028542304487849035
2005-05-03,0.006069479165077695
2005-05-04,0.004928342315893236
2005-05-05,0.009500552964725533
2005-05-06,0.00017433374102978055
2005-05-09,-0.005620042188578281
2005-05-10,0.0025485499443320195
2005-05-11,0.006216430593140126
2005-05-12,0.0062285966765821404
2005-05-13,0.0022970559303287655
2005-05-16,-0.007863382290547453
2005-05-17,-0.004009001161287535
2005-05-18,0.0015989258474140696
2005-05-19,-0.0023403166155324907
2005-05-20,-0.007888056530610307
2005-05-23,-0.005604087268630481
2005-05-24,-0.00565335868087135
2005-05-25,-0.0055540358918954955
2005-05-26,-0.009711347253872585
2005-05-27,-0.01397483949431297
2005-05-31,-0.008461725475137676
2005-06-01,-0.0012947455062238033
2005-06-02,-0.008790792188878425
2005-06-03,-0.0010367532726242683
2005-06-06,-0.007612606782033094
2005-06-07,0.002459290591861351
2005-06-08,-0.006403069405339635
2005-06-09,-0.0034988269858908143
2005-06-10,-0.00938907958517328
2005-06-13,-0.005599359345785188
2005-06-14,-0.008652043854921045
2005-06-15,-0.004487444508320063
2005-06-16,-0.003267830114084283
2005-06-17,-0.001523380683736402
2005-06-20,-0.0029691356946125545
2005-06-21,-0.0031005976673158676
2005-06-22,-0.0009142894195245787
2005-06-23,0.00560690362407395
2005-06-24,0.006813670516500656
2005-06-27,0.006125105616646937
2005-06-28,0.0021980736051785384
2005-06-29,0.0042205026545013985
2005-06-30,0.010119275824299643
2005-07-01,0.005743254741945576
2005-07-05,0.005511816304454677
2005-07-06,0.008426200900468297
2005-07-07,0.01806677585331402
2005-07-08,0.008184467698257375
2005-07-11,0.0039089462606457775
2005-07-12,0.0057900493234428725
2005-07-13,0.0021473716176657
2005-07-14,0.007255155530371871
2005-07-15,0.006691478803070655
2005-07-18,0.00887570359990664
2005-07-19,0.008878840594220914
2005-07-20,0.012383151859100555
2005-07-21,0.021570098600163862
2005-07-22,0.0042603921130933645
2005-07-25,0.0052351945947490645
2005-07-26,0.0021017787848399694
2005-07-27,0.003807510274487661
2005-07-28,0.0031446730428030733
2005-07-29,0.006677357679713178
2005-08-01,0.0026122473961776634
2005-08-02,0.0039696178712297706
2005-08-03,-0.00027145934107768166
2005-08-04,0.006047691204959357
2005-08-05,0.009754870434131067
2005-08-08,0.009873990037594026
2005-08-09,0.009317851205083843
2005-08-10,0.0157224595604063
2005-08-11,0.011386822374868958
2005-08-12,0.011472770565916975
2005-08-15,0.005888600634541243
2005-08-16,0.017609512051227218
2005-08-17,0.015174200619596647
2005-08-18,0.012313102458300787
2005-08-19,0.00942690849876345
2005-08-22,0.015898225627437514
2005-08-23,0.013665214340335661
2005-08-24,0.019377703628453476
2005-08-25,0.008505268836416516
2005-08-26,0.013387553971197348
2005-08-29,0.013156815547458994
2005-08-30,0.016606700721609798
2005-08-31,0.020614692031828592
2005-09-01,0.019019876328835963
2005-09-02,0.008103872132854737
2005-09-06,0.008810686920773081
2005-09-07,0.00428725650608575
2005-09-08,0.006554531089540062
2005-09-09,0.0044325980070028925
2005-09-12,0.001762607274551022
2005-09-13,0.00806649922603266
2005-09-14,0.008035795736775432
2005-09-15,0.007891029923271868
2005-09-16,0.00807448008810677
2005-09-19,0.007526753373088741
2005-09-20,0.014634482383705402
2005-09-21,0.011482015564203415
2005-09-22,0.013089592998529014
2005-09-23,0.01142917752399122
2005-09-26,0.011453245544862184
2005-09-27,0.01043792208752242
2005-09-28,0.008446337782066347
2005-09-29,0.012247922879504956
2005-09-30,0.008948404655313689
2005-10-03,0.006204566262384829
2005-10-04,0.014803497053542778
2005-10-05,0.016417603996623672
2005-10-06,0.023453780824946292
2005-10-07,0.013313847027262899
2005-10-10,0.015570953804126892
2005-10-11,0.013014695447655194
2005-10-12,0.017687210017870526
2005-10-13,0.015537746680291752
2005-10-14,0.014022901444867786
2005-10-17,0.010946770352479606
2005-10-18,0.014367687642852305
2005-10-19,0.020444356956000692
2005-10-20,0.023114315574317895
2005-10-21,0.01677597645375388
2005-10-24,0.015265809624962098
2005-10-25,0.014408538709185912
2005-10-26,0.015952348344835027
2005-10-27,0.015679057763840182
2005-10-28,0.01643641447428013
2005-10-31,0.015924469149146185
2005-11-01,0.01317847182844144
2005-11-02,0.014895558907982095
2005-11-03,0.013509373862042586
2005-11-04,0.012087566662983716
2005-11-07,0.011298527384264186
2005-11-08,0.011401558925222705
2005-11-09,0.014497343171284214
2005-11-10,0.01717455875784967
2005-11-11,0.012151573172386443
2005-11-14,0.01094954459644628
2005-11-15,0.014851874975556904
2005-11-16,0.009814150486115792
2005-11-17,0.011013331933810922
2005-11-18,0.010280589857099488
2005-11-21,0.006502717799619199
2005-11-22,0.0078395780291269
2005-11-23,0.007183520545579831
2005-11-25,0.0026533557432371208
2005-11-28,0.006973708795290303
2005-11-29,0.006364873186523574
2005-11-30,0.008896911462733215
2005-12-01,0.007998530610205036
2005-12-02,0.005301684256844823
2005-12-05,0.006547812746952852
2005-12-06,0.009110660512838042
2005-12-07,0.009569782890664956
2005-12-08,0.010389451354820741
2005-12-09,0.007881548027749041
2005-12-12,0.00756371982890708
2005-12-13,0.011413511182341384
2005-12-14,0.007769112761952251
2005-12-15,0.006446285319488903
2005-12-16,0.00639287003816089
2005-12-19,0.007538697377409403
2005-12-20,0.007455635331829709
2005-12-21,0.0068776745254009244
2005-12-22,0.004057726436503817
2005-12-23,0.0038923422933355503
2005-12-27,0.010219033467610644
2005-12-28,0.005740374632267321
2005-12-29,0.007469241016912625
2005-12-30,0.006870557086225339
2006-01-03,0.015217061359207924
2006-01-04,0.007807876878060033
2006-01-05,0.00754913363824762
2006-01-06,0.009058554657265825
2006-01-09,0.0063794356500741205
2006-01-10,0.0060797276783438135
2006-01-11,0.005713879296128958
2006-01-12,0.006625502597829921
2006-01-13,0.005953434198783382
2006-01-17,0.005310326009320041
2006-01-18,0.015560462698635744
2006-01-19,0.008853136926682914
2006-01-20,0.018190096572748605
2006-01-23,0.008837281081550031
2006-01-24,0.00998675267873699
2006-01-25,0.012543975842553024
2006-01-26,0.010388836360409423
2006-01-27,0.010667003022051293
2006-01-30,0.007333663649237199
2006-01-31,0.010914749486316643
2006-02-01,0.005679558455291114
2006-02-02,0.011784715080345938
2006-02-03,0.030299678617417926
2006-02-06,0.007902268119545391
2006-02-07,0.014122400990339781
2006-02-08,0.030760456565485608
2006-02-09,0.015399201366761006
2006-02-10,0.01886152122954018
2006-02-13,0.01039185167114573
2006-02-14,0.016156190944562075
2006-02-15,0.009652906794093051
2006-02-16,0.006875049185811682
2006-02-17,0.004559277468878374
2006-02-21,0.01008277720706463
2006-02-22,0.008713178765044774
2006-02-23,0.013650091433842099
2006-02-24,0.005698021165875815
2006-02-27,0.007879399607613406
2006-02-28,0.01823500330213077
2006-03-01,0.007593892557038649
2006-03-02,0.006459408805816953
2006-03-03,0.0179745244995531
2006-03-06,0.012380354061294015
2006-03-07,0.007706103183700507
2006-03-08,0.013167147357472592
2006-03-09,0.014267162182529132
2006-03-10,0.013256170636096331
2006-03-13,0.0072433437151672424
2006-03-14,0.011312387711304784
2006-03-15,0.006791111709815145
2006-03-16,0.004836208094771984
2006-03-17,0.002799956314500116
2006-03-20,0.004535315830894812
2006-03-21,0.014298474342538324
2006-03-22,0.006698370105416093
2006-03-23,0.00556870056692221
2006-03-24,0.006670024226780181
2006-03-27,0.004075411609499216
2006-03-28,0.014440332300406023
2006-03-29,0.010361999927274558
2006-03-30,0.014738998823944471
2006-03-31,0.008040780901481416
2006-04-03,0.013727597939874431
2006-04-04,0.01106184860651674
2006-04-05,0.006373665492356715
2006-04-06,0.009461095648847045
2006-04-07,0.017827009961621787
2006-04-10,0.008473897584922091
2006-04-11,0.017238169509302775
2006-04-12,0.005718587637455158
2006-04-13,0.010727640929880418
2006-04-17,0.014575791921851091
2006-04-18,0.01507233282810129
2006-04-19,0.007230381669142238
2006-04-20,0.012068245036731238
2006-04-21,0.009347637480731521
2006-04-24,0.006215834685841627
2006-04-25,0.01003719440783667
2006-04-26,0.008484027514704267
2006-04-27,0.01713905585372574
2006-04-28,0.007369610667076164
2006-05-01,0.011931260972051778
2006-05-02,0.005105911854109439
2006-05-03,0.007493732589227502
2006-05-04,0.004826459706931024
2006-05-05,0.0058193316931741965
2006-05-08,0.0016166856272820263
2006-05-09,0.001591531109711778
2006-05-10,0.005632120231384309
2006-05-11,0.015776331373700936
2006-05-12,0.013699408277804784
2006-05-15,0.010484010628882162
2006-05-16,0.010633861309567668
2006-05-17,0.02290521797877502
2006-05-18,0.018977609277443543
2006-05-19,0.01968062953801713
2006-05-22,0.019492123622844727
2006-05-23,0.0242121012382878
2006-05-24,0.020948818498784997
2006-05-25,0.01392447679186274
2006-05-26,0.010880556635130472
2006-05-30,0.018939965395569913
2006-05-31,0.014150917772199451
2006-06-01,0.014129461922371562
2006-06-02,0.011118169060987407
2006-06-05,0.018837616883022913
2006-06-06,0.016785516415002075
2006-06-07,0.019734970133370083
2006-06-08,0.023564484492484543
2006-06-09,0.018453474376484022
2006-06-12,0.02146169156220789
2006-06-13,0.024998674574462948
2006-06-14,0.018310966636688394
2006-06-15,0.019523924892264684
2006-06-16,0.013685493966049725
2006-06-19,0.018799762249458826
2006-06-20,0.01426603036673332
2006-06-21,0.015552926105194268
2006-06-22,0.012581043769701419
2006-06-23,0.015080235652003858
2006-06-26,0.011794463669383495
2006-06-27,0.015548963625450178
2006-06-28,0.013105820549386069
2006-06-29,0.015308542207050404
2006-06-30,0.008878189871713557
2006-07-03,0.007379681670298244
2006-07-05,0.00905284504370478
2006-07-06,0.007534726670127339
2006-07-07,0.010635621054652503
2006-07-10,0.00882551807771858
2006-07-11,0.008817915309473087
2006-07-12,0.010559067485067991
2006-07-13,0.013328497239298041
2006-07-14,0.014151592520398564
2006-07-17,0.0117591456188421
2006-07-18,0.013453064891377223
2006-07-19,0.01700921115695781
2006-07-20,0.013534712238124677
2006-07-21,0.012784312539029752
2006-07-24,0.01325528087129837
2006-07-25,0.012000433366152223
2006-07-26,0.009552841046669668
2006-07-27,0.011224870074519756
2006-07-28,0.009941972320192624
2006-07-31,0.005751967882899416
2006-08-01,0.008404776539313317
2006-08-02,0.008006607746536562
2006-08-03,0.010606258509195818
2006-08-04,0.013561903166429762
2006-08-07,0.00754612530902515
2006-08-08,0.012588036764414586
2006-08-09,0.014737389121162816
2006-08-10,0.010153132422068376
2006-08-11,0.00876726172354604
2006-08-14,0.010850721457484367
2006-08-15,0.008384661482630262
2006-08-16,0.007201220671030675
2006-08-17,0.006959844449961856
2006-08-18,0.007135854452063072
2006-08-21,0.00543366127387128
2006-08-22,0.007194635900802867
2006-08-23,0.009492122923473297
2006-08-24,0.0073597977430056
2006-08-25,0.007369009399507721
2006-08-28,0.008671462879682283
2006-08-29,0.00794293419298517
2006-08-30,0.005828136023586266
2006-08-31,0.005673784195103611
2006-09-01,0.006108118132884078
2006-09-05,0.005537773673885604
2006-09-06,0.007578309849867136
2006-09-07,0.009820615840423872
2006-09-08,0.007207471913349776
2006-09-11,0.00942209771439468
2006-09-12,0.00910799305641262
2006-09-13,0.006620159097341947
2006-09-14,0.005161679206642959
2006-09-15,0.005851002536806787
2006-09-18,0.005872579648495653
2006-09-19,0.007722329416930176
2006-09-20,0.005809537074558096
2006-09-21,0.008922119369741912
2006-09-22,0.0072293854669321055
2006-09-25,0.010582080836171813
2006-09-26,0.007594438246652965
2006-09-27,0.00593017434724863
2006-09-28,0.005884534872937745
2006-09-29,0.005376055399390137
2006-10-02,0.007286439635247786
2006-10-03,0.008452799644032411
2006-10-04,0.009109724115822379
2006-10-05,0.004736552396862601
2006-10-06,0.006475721093890101
2006-10-09,0.0065581333993716675
2006-10-10,0.006647319806268507
2006-10-11,0.008768958344034775
2006-10-12,0.007140761874659025
2006-10-13,0.005459036443262572
2006-10-16,0.005235040524279441
2006-10-17,0.007484608587813628
2006-10-18,0.008653014095676993
2006-10-19,0.00564186246492116
2006-10-20,0.006447571106840243
2006-10-23,0.008062743598439705
2006-10-24,0.006095176316017402
2006-10-25,0.007289451277533097
2006-10-26,0.00716408263255738
2006-10-27,0.008487442875022648
2006-10-30,0.00743156943455559
2006-10-31,0.006786753515761274
2006-11-01,0.008126946777002413
2006-11-02,0.005639309561135164
2006-11-03,0.008972223226375182
2006-11-06,0.00383531375418466
2006-11-07,0.001769834993448534
2006-11-08,0.005954833035160803
2006-11-09,0.0032705293941393395
2006-11-10,1.7330487959021576e-05
2006-11-13,0.0018103629989286328
2006-11-14,0.004620587773569066
2006-11-15,0.0027083839087173114
2006-11-16,0.0008923556900741845
2006-11-17,0.0006197363710821607
2006-11-20,0.0024141074044541043
2006-11-21,0.0012416121304178376
2006-11-22,-0.0004332682841157523
2006-11-24,-0.0006881596554650978
2006-11-27,0.004177819398188368
2006-11-28,0.002842381010546224
2006-11-29,0.0014333281084139074
2006-11-30,-2.0534055509823304e-05
2006-12-01,0.0015879498009817115
2006-12-04,-0.00037520881150217636
2006-12-05,-0.00046919049699356216
2006-12-06,-0.0017067822230101334
2006-12-07,5.429179932696197e-05
2006-12-08,0.0007708427314857685
2006-12-11,-0.0007733038830669298
2006-12-12,0.0007950452791457285
2006-12-13,0.00023948013166596484
2006-12-14,0.00021120484526445694
2006-12-15,-0.0008448167459178414
2006-12-18,0.0003588642145863786
2006-12-19,0.0008935703138886987
2006-12-20,-0.0011212642204399947
2006-12-21,0.0005182569263100113
2006-12-22,0.0016325716632034429
2006-12-26,-0.00032548621443477185
2006-12-27,-0.0017925129528396123
2006-12-28,-0.0017193881999090074
2006-12-29,-0.0007214373679630456
2007-01-03,0.003627063252926095
2007-01-04,0.001079386927131813
2007-01-05,0.0019639784511650575
2007-01-08,0.0013751436116437527
2007-01-09,0.0021132195346334126
2007-01-10,0.0003719817074112619
2007-01-11,-0.0019700512994611195
2007-01-12,-0.003839376564852061
2007-01-16,-0.003920250585292976
2007-01-17,-0.0038680481440100563
2007-01-18,-0.0022290225338501817
2007-01-19,-0.003354870795452351
2007-01-22,-0.0018843388413878476
2007-01-23,-0.003323941788702652
2007-01-24,-0.005757902681960109
2007-01-25,-0.0014169836981855095
2007-01-26,-0.001415747761646288
2007-01-29,-0.000892982852392225
2007-01-30,-0.0026542574991782353
2007-01-31,-0.003229568110283961
2007-02-01,-0.0063230512760225795
2007-02-02,-0.007192987151415363
2007-02-05,-0.008986397972874347
2007-02-06,-0.009436774282649834
2007-02-07,-0.010716870606910355
2007-02-08,-0.00975847283230253
2007-02-09,-0.005544263103130377
2007-02-12,-0.0059983455017599925
2007-02-13,-0.009492518881548092
2007-02-14,-0.0120139819760149
2007-02-15,-0.013868234072850368
2007-02-16,-0.013648465765468756
2007-02-20,-0.01317635519276459
2007-02-21,-0.013882503226875542
2007-02-22,-0.012474147609853187
2007-02-23,-0.01144482234388755
2007-02-26,-0.008167757993786088
2007-02-27,0.013971074630669461
2007-02-28,0.0035705102322711587
2007-03-01,0.007605530227496749
2007-03-02,0.009618725252921926
2007-03-05,0.01296884882442683
2007-03-06,0.007619020711825131
2007-03-07,0.0050503688015704
2007-03-08,0.003444556159444406
2007-03-09,0.003900698064219798
2007-03-12,0.002153768819086476
2007-03-13,0.013449562774775135
2007-03-14,0.012563727986799599
2007-03-15,0.0065494173827844665
2007-03-16,0.008336548032201817
2007-03-19,0.0032342547201039554
2007-03-20,0.001060353008916646
2007-03-21,-0.0021147423731619087
2007-03-22,-0.0031398838048646745
2007-03-23,-0.004198316663845028
2007-03-26,-0.0022667985441895255
2007-03-27,-0.003954965606754717
2007-03-28,0.001523821336874627
2007-03-29,0.0016698692457575194
2007-03-30,0.0025458635244267934
2007-04-02,-0.000285557928978929
2007-04-03,-0.004288436487251558
2007-04-04,-0.0044570356163372085
2007-04-05,-0.006441004435181358
2007-04-09,-0.005991198917273514
2007-04-10,-0.006481780797343031
2007-04-11,-0.002803355599957976
2007-04-12,-0.0035223919977678056
2007-04-13,-0.005076891809264761
2007-04-16,-0.008450752829029412
2007-04-17,-0.007293242793179267
2007-04-18,-0.007965407867810395
2007-04-19,-0.006541860106883329
2007-04-20,-0.006798225068753281
2007-04-23,-0.007724218670717884
2007-04-24,-0.004595526505054157
2007-04-25,-0.006859410885463992
2007-04-26,-0.007782828668948281
2007-04-27,-0.006608943099483452
2007-04-30,-0.0043656076688783595
2007-05-01,-0.0018069763914734232
2007-05-02,-0.005848205600083315
2007-05-03,-0.006706506868205651
2007-05-04,-0.006382730223307084
2007-05-07,-0.008169258761828276
2007-05-08,-0.005940034624786084
2007-05-09,-0.006102149571151098
2007-05-10,-0.0015887473480135396
2007-05-11,-0.00563586038483503
2007-05-14,-0.0032132477896457037
2007-05-15,-0.0018384171035710235
2007-05-16,-0.005445535710803095
2007-05-17,-0.005717418399591907
2007-05-18,-0.007495752442945399
2007-05-21,-0.0049001754891653745
2007-05-22,-0.00745335498632156
2007-05-23,-0.005276669065185291
2007-05-24,-0.0002162127249453246
2007-05-25,-0.005148270671810848
2007-05-29,-0.005210842775232797
2007-05-30,-0.00516208976066012
2007-05-31,-0.0058756597990958555
2007-06-01,-0.006782500585508311
2007-06-04,-0.008799766541455856
2007-06-05,-0.004979604319683972
2007-06-06,-0.001530255897974708
2007-06-07,0.005723724782520055
2007-06-08,0.001933578365015889
2007-06-11,-0.0018326204632959364
2007-06-12,0.006192961765255564
2007-06-13,0.0016115808680127741
2007-06-14,-0.002004632525855749
2007-06-15,-0.0027029162723998853
2007-06-18,-0.004874106482390242
2007-06-19,-0.0038065379718661297
2007-06-20,0.0022040917960324223
2007-06-21,0.00372885928147378
2007-06-22,0.005335744961831149
2007-06-25,0.00764717976982188
2007-06-26,0.007533953526976669
2007-06-27,0.005874421408256113
2007-06-28,0.00429636840514172
2007-06-29,0.0057460683698671074
2007-07-02,0.0004035587156232083
2007-07-03,-0.0020515387467090786
2007-07-05,-0.00013195865652603986
2007-07-06,-0.001401323019418449
2007-07-09,-0.0017834886470415468
2007-07-10,0.005304497614217266
2007-07-11,0.0040149480980749665
2007-07-12,-0.0012996746966670476
2007-07-13,-0.0032116541086671495
2007-07-16,-0.0038497176969884087
2007-07-17,-0.0031468167989419146
2007-07-18,0.0011651269033467401
2007-07-19,-0.003597849793207637
2007-07-20,0.001951085387617426
2007-07-23,-0.002291569947960346
2007-07-24,0.006290311716419087
2007-07-25,0.005966466451793559
2007-07-26,0.017019220071098382
2007-07-27,0.020128821727972597
2007-07-30,0.012833080500468913
2007-07-31,0.0169191288330683
2007-08-01,0.017467540418067907
2007-08-02,0.012135920520932996
2007-08-03,0.020220894415524805
2007-08-06,0.014942899520286133
2007-08-07,0.011119201829455822
2007-08-08,0.007443119042364681
2007-08-09,0.017186069651607683
2007-08-10,0.01894303127233124
2007-08-13,0.015545341952965794
2007-08-14,0.020654135845321442
2007-08-15,0.025001221871305934
2007-08-16,0.02507171817737184
2007-08-17,0.017964261771336212
2007-08-20,0.016034371512701026
2007-08-21,0.01580019419301277
2007-08-22,0.012946754918345897
2007-08-23,0.014325887617181255
2007-08-24,0.01094538573648786
2007-08-27,0.014075061686805597
2007-08-28,0.021782208161412894
2007-08-29,0.01687030396362506
2007-08-30,0.01746286886065617
2007-08-31,0.015023456264371994
2007-09-04,0.013195504368144527
2007-09-05,0.015136662301241935
2007-09-06,0.014900185342440878
2007-09-07,0.019916320133614798
2007-09-10,0.021753351409993106
2007-09-11,0.01715999063347202
2007-09-12,0.017281348876787887
2007-09-13,0.015406954715218437
2007-09-14,0.015779425134706492
2007-09-17,0.01758973522909331
2007-09-18,0.011635008265055143
2007-09-19,0.007951841071146106
2007-09-20,0.009686135600516685
2007-09-21,0.009660227819445843
2007-09-24,0.01051444786080596
2007-09-25,0.010818021751872877
2007-09-26,0.010414994235110256
2007-09-27,0.008493736855613901
2007-09-28,0.009829924042825275
2007-10-01,0.006498291948448434
2007-10-02,0.0064915376921226104
2007-10-03,0.007893542823509654
2007-10-04,0.007154576759962121
2007-10-05,0.0037754338405855577
2007-10-08,0.005408548146290314
2007-10-09,0.002559649753604656
2007-10-10,0.002998277572085954
2007-10-11,0.005226168731302135
2007-10-12,0.0026061692911544783
2007-10-15,0.005571089617008229
2007-10-16,0.009270036205465798
2007-10-17,0.007953291919036907
2007-10-18,0.00906565869066044
2007-10-19,0.017127926206661724
2007-10-22,0.014572166604079197
2007-10-23,0.010974886043360116
2007-10-24,0.011136361088852848
2007-10-25,0.01023750696104728
2007-10-26,0.006325943064338801
2007-10-29,0.005656751749824331
2007-10-30,0.0080331476431914
2007-10-31,0.005815588325605234
2007-11-01,0.01241247479075102
2007-11-02,0.014462596695406168
2007-11-05,0.015200909605178298
2007-11-06,0.011328796700659921
2007-11-07,0.018257224905765458
2007-11-08,0.01944953834931496
2007-11-09,0.022150642444469883
2007-11-12,0.024940635211391764
2007-11-13,0.018102794603100155
2007-11-14,0.01829614995231594
2007-11-15,0.023186122177436454
2007-11-16,0.022701888795738864
2007-11-19,0.026350276444334866
2007-11-20,0.023874653838707748
2007-11-21,0.030563330284143517
2007-11-23,0.02673547195175016
2007-11-26,0.03289666624293773
2007-11-27,0.030987304218440998
2007-11-28,0.02217103598736393
2007-11-29,0.02198799121736112
2007-11-30,0.01995728849307562
2007-12-03,0.02185180551068816
2007-12-04,0.02493124108510323
2007-12-05,0.019987997356730777
2007-12-06,0.016221260318529752
2007-12-07,0.01399925676744841
2007-12-10,0.010913043055216138
2007-12-11,0.018421497985734815
2007-12-12,0.016116006256882198
2007-12-13,0.01586792010880875
2007-12-14,0.02008637581488946
2007-12-17,0.023235982992424697
2007-12-18,0.019747186401367158
2007-12-19,0.019097394587476956
2007-12-20,0.014892402701713516
2007-12-21,0.013356665843079117
2007-12-24,0.00884142977574243
2007-12-26,0.0074044545019688445
2007-12-27,0.012962710987046839
2007-12-28,0.012717188389034649
2007-12-31,0.016531849696086447
2008-01-02,0.015259224390809921
2008-01-03,0.013092441222341876
2008-01-04,0.0228951460186203
2008-01-07,0.020684128841617667
2008-01-08,0.025883608692446256
2008-01-09,0.017101427861926068
2008-01-10,0.0191510941923076
2008-01-11,0.013916366607372653
2008-01-14,0.012503396729278266
2008-01-15,0.016416805643220726
2008-01-16,0.017961191666940414
2008-01-17,0.019803567943257147
2008-01-18,0.01824606366030261
2008-01-22,0.018583041320334635
2008-01-23,0.026604422468567975
2008-01-24,0.01573274356300275
2008-01-25,0.019543070886288205
2008-01-28,0.013587918657794287
2008-01-29,0.01287956087173455
2008-01-30,0.020433185572743633
2008-01-31,0.019767862565030107
2008-02-01,0.015169302237339557
2008-02-04,0.014176742443506155
2008-02-05,0.016125222094994528
2008-02-06,0.01477204109736413
2008-02-07,0.017051350607419292
2008-02-08,0.011644242551745362
2008-02-11,0.009151490728603807
2008-02-12,0.009834660341081311
2008-02-13,0.007542625413558532
2008-02-14,0.01038429549537712
2008-02-15,0.007020766004883799
2008-02-19,0.0034408416243792293
2008-02-20,0.007103508552678442
2008-02-21,0.004240614978643881
2008-02-22,-0.0028753713857749335
2008-02-25,0.002038916496703437
2008-02-26,0.004968274943347969
2008-02-27,0.00440456285557341
2008-02-28,0.003318779818699603
2008-02-29,0.0033438554849357675
2008-03-03,0.003635564478791523
2008-03-04,0.003486671492942853
2008-03-05,0.0024018680446948144
2008-03-06,0.005596980546546318
2008-03-07,0.005796271343260008
2008-03-10,0.008640589223545303
2008-03-11,0.0038338466154455774
2008-03-12,0.009912103895322833
2008-03-13,0.009285875667252462
2008-03-14,0.00883910593369058
2008-03-17,0.013844078498755949
2008-03-18,0.009748136416548175
2008-03-19,0.01340963194412778
2008-03-20,0.008033452704410991
2008-03-24,0.009546802142417309
2008-03-25,0.005254804076896475
2008-03-26,0.011116968258139251
2008-03-27,0.010546778664383192
2008-03-28,0.01025350080587823
2008-03-31,0.01063410167910167
2008-04-01,0.009860119807119977
2008-04-02,0.005190388979523365
2008-04-03,0.006989068984065735
2008-04-04,0.0039160771338877885
2008-04-07,0.006464990583459823
2008-04-08,0.00652523616430585
2008-04-09,0.005926057538338347
2008-04-10,0.008312648851125391
2008-04-11,0.011275411135372445
2008-04-14,0.010448497035096555
2008-04-15,0.008027793443520628
2008-04-16,0.012897444767685916
2008-04-17,0.011031034698976988
2008-04-18,0.012616484657647508
2008-04-21,0.009893771910520505
2008-04-22,0.007997597041081751
2008-04-23,0.011775621340309407
2008-04-24,0.00988750816099209
2008-04-25,0.005685815310864076
2008-04-28,0.010369398946733499
2008-04-29,0.009823878063824778
2008-04-30,0.014622890010203612
2008-05-01,0.011812912529919934
2008-05-02,0.006748673258360399
2008-05-05,0.008124088645631446
2008-05-06,0.00876826137789892
2008-05-07,0.009515174482106427
2008-05-08,0.010572769884041685
2008-05-09,0.009689929416047132
2008-05-12,0.006039363309258758
2008-05-13,0.0043110133828613605
2008-05-14,0.006361203821571994
2008-05-15,0.0044756240352588714
2008-05-16,-8.392579979401085e-05
2008-05-19,0.001692870528250105
2008-05-20,0.0005042658397189708
2008-05-21,0.006011730202193223
2008-05-22,0.004736024275292586
2008-05-23,0.008152010381196546
2008-05-27,0.0055541469309390475
2008-05-28,-0.0005473291997848007
2008-05-29,0.004795380321512081
2008-05-30,0.0014148020798969859
2008-06-02,-0.001109098146488411
2008-06-03,0.00028302596055569413
2008-06-04,0.001676364996038954
2008-06-05,0.0013595636858592277
2008-06-06,0.006684282880186087
2008-06-09,-0.004579969664175043
2008-06-10,0.0005170138626192844
2008-06-11,0.00155976982882577
2008-06-12,-0.0008422255741499587
2008-06-13,-0.0051524828400797236
2008-06-16,-0.0011310475586338966
2008-06-17,-8.131726746001206e-05
2008-06-18,-0.00012781512430579036
2008-06-19,-0.0025630059753473646
2008-06-20,-0.00037217669150210134
2008-06-23,-0.0036426236361001307
2008-06-24,-0.005013867612037834
2008-06-25,0.003293047861068262
2008-06-26,0.007029692253327361
2008-06-27,0.0055611899656966245
2008-06-30,0.0036459956375086773
2008-07-01,0.006682921092323601
2008-07-02,0.0058187662664680485
2008-07-03,-0.0016678974122506917
2008-07-07,0.002324824750744872
2008-07-08,0.002940888521716844
2008-07-09,0.004005960784069654
2008-07-10,0.005668055924817067
2008-07-11,0.010081954373466418
2008-07-14,0.013350527937325066
2008-07-15,0.01421090705014234
2008-07-16,0.0145249496828894
2008-07-17,0.012952951717289003
2008-07-18,0.010196099803137779
2008-07-21,0.01019700468990242
2008-07-22,0.014986071730091985
2008-07-23,0.01496272009264666
2008-07-24,0.01159708034883348
2008-07-25,0.011703078041264886
2008-07-28,0.017786922396693335
2008-07-29,0.020538986388984153
2008-07-30,0.017058596478166117
2008-07-31,0.018974716006530078
2008-08-01,0.012993805509085275
2008-08-04,0.012962715120103132
2008-08-05,0.00863334397064805
2008-08-06,0.011672734639821892
2008-08-07,0.013835893688615406
2008-08-08,0.014787437231057096
2008-08-11,0.01598806284134158
2008-08-12,0.012013641101091179
2008-08-13,0.009963605428154493
2008-08-14,0.010690637544906591
2008-08-15,0.004809657064088506
2008-08-18,0.003684009291416066
2008-08-19,0.004831998302946257
2008-08-20,0.004091011905247277
2008-08-21,0.007968949467619054
2008-08-22,0.0031692919324682314
2008-08-25,0.005344109892209219
2008-08-26,0.005716162057009896
2008-08-27,0.006818923297187326
2008-08-28,0.006655864925011195
2008-08-29,0.00265005870853982
2008-09-02,0.0022801031064397974
2008-09-03,0.0001332870116227808
2008-09-04,0.006447411892033288
2008-09-05,-0.00297585239226166
2008-09-08,-0.013811294691716814
2008-09-09,-0.0018576071696482191
2008-09-10,-0.011061026514473831
2008-09-11,-0.012499173919638578
2008-09-12,-0.01594133639029039
2008-09-15,-0.024916728037413356
2008-09-16,-0.024495426433944655
2008-09-17,-0.036981054430240634
2008-09-18,-0.06891835930147103
2008-09-19,-0.03935227618676553
2008-09-22,-0.05833277214583596
2008-09-23,-0.03730378194765183
2008-09-24,-0.028476697912392625
2008-09-25,-0.054599335015998555
2008-09-26,-0.04805975601067681
2008-09-29,-0.11129303941910963
2008-09-30,-0.1320314912970209
2008-10-01,-0.03373280192295549
2008-10-02,-0.06890668596286965
2008-10-03,-0.11158473934843796
2008-10-06,-0.16741487420147919
2008-10-07,-0.13520911226283766
2008-10-08,-0.08591546946426688
2008-10-09,-0.18693154021541916
2008-10-10,-0.18637854281386163
2008-10-13,-0.14453869392343194
2008-10-14,-0.09419322042902749
2008-10-15,-0.07082387906500759
2008-10-16,-0.10087258364950268
2008-10-17,-0.050620456752405396
2008-10-20,-0.037062264952416844
2008-10-21,-0.011787990574184101
2008-10-22,-0.07651666788518993
2008-10-23,-0.057193878678390105
2008-10-24,-0.03472053898104687
2008-10-27,-0.0446703881819347
2008-10-28,-0.10522277349312625
2008-10-29,-0.041231901608086464
2008-10-30,-0.048056202766703505
2008-10-31,-0.03563229075866993
2008-11-03,-0.02877393249371675
2008-11-04,-0.06588577873994374
2008-11-05,-0.07048948512576622
2008-11-06,-0.055079394621006444
2008-11-07,-0.04312415356888831
2008-11-10,-0.0612301534398577
2008-11-11,-0.03720656759637568
2008-11-12,-0.024538876405877916
2008-11-13,-0.12150997048291962
2008-11-14,-0.039292967639819536
2008-11-17,-0.025167163349424475
2008-11-18,-0.04906863974253504
2008-11-19,-0.038019072465941633
2008-11-20,-0.03201073258174471
2008-11-21,-0.04818794720363078
2008-11-24,-0.035530567958782754
2008-11-25,-0.03354654078657869
2008-11-26,-0.0478016696385027
2008-11-28,-0.047371785584436034
2008-12-01,-0.04900116522148661
2008-12-02,-0.04597297448926264
2008-12-03,-0.052345100641865594
2008-12-04,-0.04848205610326933
2008-12-05,-0.052440209973630955
2008-12-08,-0.06243377415862617
2008-12-09,-0.03558845644544307
2008-12-10,-0.03067301252426743
2008-12-11,-0.030416282026677673
2008-12-12,-0.03381107685316212
2008-12-15,-0.02452535428405436
2008-12-16,-0.06477533833865709
2008-12-17,-0.03471035314369535
2008-12-18,-0.02985052645725849
2008-12-19,-0.005069251621034806
2008-12-22,-0.03721268177541102
2008-12-23,-0.02875805690100667
2008-12-24,-0.026802856719861483
2008-12-26,-0.034806173095182705
2008-12-29,-0.05251325334147195
2008-12-30,-0.03682491758748407
2008-12-31,-0.04790570241102414
2009-01-02,-0.07657748426660604
2009-01-05,-0.0673160417270183
2009-01-06,-0.08137641438632023
2009-01-07,-0.07725984614381846
2009-01-08,-0.05525494916628186
2009-01-09,-0.10928972608751776
2009-01-12,-0.05969996445546558
2009-01-13,-0.04791483088038087
2009-01-14,-0.053648782616039226
2009-01-15,-0.06155042383219571
2009-01-16,-0.06348468514761584
2009-01-20,-0.061817522803769884
2009-01-21,-0.07263491735541998
2009-01-22,-0.06636473416376232
2009-01-23,-0.06808443208727001
2009-01-26,-0.05854749678801528
2009-01-27,-0.06404254007406958
2009-01-28,-0.06327281331489239
2009-01-29,-0.06283464869378712
2009-01-30,-0.06374766448212799
2009-02-02,-0.05316438340261309
2009-02-03,-0.07012779630799755
2009-02-04,-0.07122431100836743
2009-02-05,-0.13521515133198383
2009-02-06,-0.09240326540088489
2009-02-09,-0.09647521894731757
2009-02-10,-0.1005566403074188
2009-02-11,-0.08463865696988643
2009-02-12,-0.08956833631069308
2009-02-13,-0.0720818590666532
2009-02-17,-0.07094890145062084
2009-02-18,-0.06337624315760644
2009-02-19,-0.0681991200431059
2009-02-20,-0.05648679243506187
2009-02-23,-0.04714024776836727
2009-02-24,-0.06217139008633672
2009-02-25,-0.06057154357755904
2009-02-26,-0.06139602886106621
2009-02-27,-0.03156672524664715
2009-03-02,-0.02849232349338529
2009-03-03,-0.007003516097487941
2009-03-04,-0.03079590177542304
2009-03-05,-0.018533990876043335
2009-03-06,-0.031453565326543115
2009-03-09,-0.00120479073431984
2009-03-10,-0.04187496552628281
2009-03-11,-0.02277881354377055
2009-03-12,-0.073481240961647
2009-03-13,-0.05546862704777209
2009-03-16,-0.03683224333017701
2009-03-17,-0.06124896035704178
2009-03-18,-0.07724503212938712
2009-03-19,-0.033777204325050665
2009-03-20,-0.018075923360474533
2009-03-23,-0.05251401194237283
2009-03-24,-0.021273793082749452
2009-03-25,-0.06130274327966359
2009-03-26,-0.03387953768438083
2009-03-27,-0.014603773696615517
2009-03-30,-0.012750877082909912
2009-03-31,-0.011620419746817531
2009-04-01,-0.026497580546705896
2009-04-02,-0.03995491696440641
2009-04-03,-0.015662500203483518
2009-04-06,-0.016324406946884647
2009-04-07,-0.001507560021793565
2009-04-08,-0.014967176065251334
2009-04-09,-0.02950157868378029
2009-04-13,-0.03383872274267332
2009-04-14,-0.01738349260006422
2009-04-15,-0.029326954941145025
2009-04-16,-0.05295523523644378
2009-04-17,-0.03957945826502323
2009-04-20,-0.03544336256859795
2009-04-21,-0.049610714540537115
2009-04-22,-0.017810799839555445
2009-04-23,-0.030657310766776746
2009-04-24,-0.026844561586836485
2009-04-27,-0.012393648359636347
2009-04-28,-0.0006909577958140907
2009-04-29,-0.0034347818833945516
2009-04-30,-0.011636983600127469
2009-05-01,-0.017995941034060554
2009-05-04,-0.0178410272892842
2009-05-05,-0.010104306752020788
2009-05-06,-0.007448484820192309
2009-05-07,-0.010424600620848355
2009-05-08,-0.012850835434859962
2009-05-11,-0.0034038064195406953
2009-05-12,-0.010902444663786499
2009-05-13,-0.0011823072334283856
2009-05-14,-0.0022673373710477016
2009-05-15,-0.005864126234905451
2009-05-18,-0.006615436882988574
2009-05-19,0.0035827091977031844
2009-05-20,0.008016127640914833
2009-05-21,0.0003237559078263959
2009-05-22,0.004156952597802806
2009-05-26,0.0008426318882719941
2009-05-27,0.0037624890413130397
2009-05-28,-0.010774250232608052
2009-05-29,-0.0029869960054084953
2009-06-01,0.0022195410689723073
2009-06-02,0.0007975990938657489
2009-06-03,-0.0067971809931914075
2009-06-04,-0.0034652314487867188
2009-06-05,0.0015409565659286499
2009-06-08,0.00038410149814424154
2009-06-09,0.009431491220201527
2009-06-10,-0.00028476122842608937
2009-06-11,0.02793444818440236
2009-06-12,0.01780921449696034
2009-06-15,0.016973950880086765
2009-06-16,0.01591401904566106
2009-06-17,0.01673226566264906
2009-06-18,0.018858850422148472
2009-06-19,0.02351439955846725
2009-06-22,0.02940038804242957
2009-06-23,0.022167645602066452
2009-06-24,0.0240931618570382
2009-06-25,0.02328069891960695
2009-06-26,0.02346433278359543
2009-06-29,0.021022351482750962
2009-06-30,0.022588574020844094
2009-07-01,0.03502705736590777
2009-07-02,0.029818639228473554
2009-07-06,0.0318567669978849
2009-07-07,0.039422177452772364
2009-07-08,0.033031781174339685
2009-07-09,0.04375094722600285
2009-07-10,0.045105462579927355
2009-07-13,0.03367831060551226
2009-07-14,0.047114238458059246
2009-07-15,0.027046381280203355
2009-07-16,0.04715177979989566
2009-07-17,0.04088423967433039
2009-07-20,0.04114666301351962
2009-07-21,0.045432400813036095
2009-07-22,0.056117716010926244
2009-07-23,0.047371685765557295
2009-07-24,0.04313118355437309
2009-07-27,0.04511426434379129
2009-07-28,0.044590656546213574
2009-07-29,0.051326221820141266
2009-07-30,0.05430852655551225
2009-07-31,0.06243937380820631
2009-08-03,0.05313377193260942
2009-08-04,0.06417412449084874
2009-08-05,0.05327173528989039
2009-08-06,0.05315591770606427
2009-08-07,0.04865405698600832
2009-08-10,0.04584879509864033
2009-08-11,0.04479275150336367
2009-08-12,0.04479051249478149
2009-08-13,0.034528046780162525
2009-08-14,0.02968027470181896
2009-08-17,0.0399649091159942
2009-08-18,0.03431574779203199
2009-08-19,0.031654982714330565
2009-08-20,0.027189922059164345
2009-08-21,0.023956505595156937
2009-08-24,0.021546167607896047
2009-08-25,0.025408843693322136
2009-08-26,0.022403404226112516
2009-08-27,0.007670179384247008
2009-08-28,0.009712329727298939
2009-08-31,0.013675471419311611
2009-09-01,0.01416140990389388
2009-09-02,0.017069833869650677
2009-09-03,0.0063704296410074645
2009-09-04,0.005488398802019746
2009-09-08,0.0039601270976939405
2009-09-09,0.0015698941947428374
2009-09-10,-0.007614956466675678
2009-09-11,-0.005463699946110252
2009-09-14,-0.010216041516883205
2009-09-15,0.0022583768589652504
2009-09-16,-0.004413084829819029
2009-09-17,-0.004047189517328939
2009-09-18,-0.004448108850018516
2009-09-21,-0.0023468006938820855
2009-09-22,-0.004783432158952112
2009-09-23,-0.0003712086652381593
2009-09-24,-0.004126545945254329
2009-09-25,-0.00030133193102630006
2009-09-28,-0.00983682693701543
2009-09-29,-0.006944641703955626
2009-09-30,-0.00879401292184162
2009-10-01,0.005101032814975861
2009-10-02,0.003127302434750105
2009-10-05,-0.006478439484769932
2009-10-06,-0.0021155894544477106
2009-10-07,-0.004685985559675771
2009-10-08,-0.008943629559137528
2009-10-09,-0.008326324228585712
2009-10-12,-0.008352493362465439
2009-10-13,-0.008131885797709903
2009-10-14,-0.01846975606518909
2009-10-15,-0.0067004443307685235
2009-10-16,-0.007042294339529312
2009-10-19,-0.007152160227513629
2009-10-20,-0.008543273574270756
2009-10-21,0.00018348205530872462
2009-10-22,-0.0060994018440452685
2009-10-23,-0.0020000111851140585
2009-10-26,0.0015543402469023714
2009-10-27,0.004801296172889935
2009-10-28,0.006626196910834073
2009-10-29,0.006152114233701306
2009-10-30,0.009164379590767182
2009-11-02,0.0015201083732465422
2009-11-03,0.005002864151599404
2009-11-04,0.00297905444897992
2009-11-05,-0.001869521064470277
2009-11-06,-0.002673468372189667
2009-11-09,-0.007673879484091015
2009-11-10,-0.011200992360823036
2009-11-11,-0.013606412102482215
2009-11-12,-0.009545741024506456
2009-11-13,-0.01012372420313686
2009-11-16,-0.005367633402496262
2009-11-17,-0.009581740468491114
2009-11-18,-0.009057989710193143
2009-11-19,-0.007674933134414344
2009-11-20,-0.0025585962510344825
2009-11-23,0.0010623677541292242
2009-11-24,-0.00899411235407423
2009-11-25,-0.003381967565391073
2009-11-27,-0.0011199380701168676
2009-11-30,-0.00432575690960248
2009-12-01,0.006390149713625726
2009-12-02,0.006920885694627657
2009-12-03,0.00907807130244303
2009-12-04,0.00030490632538436894
2009-12-07,0.004891521625322072
2009-12-08,0.0059362523661081155
2009-12-09,0.001978155010889547
2009-12-10,0.005499389658279369
2009-12-11,0.003375431759967013
2009-12-14,-0.0011037405372462611
2009-12-15,0.001825881654159501
2009-12-16,0.0025010720414258445
2009-12-17,0.003090997005806858
2009-12-18,-0.003367029888646904
2009-12-21,0.0033615145589673576
2009-12-22,0.0015681518154908405
2009-12-23,-0.002872421957934128
2009-12-24,-0.00399291736074577
2009-12-28,-0.005543030047868576
2009-12-29,-0.003824411711260511
2009-12-30,-0.003560480063453752
2009-12-31,-0.0031708525551372136
2010-01-04,-0.011483475032550082
2010-01-05,-0.008122522335835963
2010-01-06,-0.004499869513026094
2010-01-07,-0.005417925345737536
2010-01-08,-0.007544492525219659
2010-01-11,-0.009215590047221795
2010-01-12,-0.00811297501957654
2010-01-13,-0.012931377269576112
2010-01-14,-0.008420250843064886
2010-01-15,-0.011793790270849572
2010-01-19,-0.010489510557809672
2010-01-20,-0.01559872388442782
2010-01-21,-0.009848656733285386
2010-01-22,-0.008790772433356617
2010-01-25,-0.014227997617241318
2010-01-26,-0.01149358474360332
2010-01-27,-0.018383510770258515
2010-01-28,-0.021075831209870197
2010-01-29,-0.012905610579304188
2010-02-01,-0.020829550728763607
2010-02-02,-0.01994645858401052
2010-02-03,-0.015627145188676347
2010-02-04,-0.010974852240938901
2010-02-05,-0.022730756406534693
2010-02-08,-0.008937250471910498
2010-02-09,-0.012334188164012948
2010-02-10,-0.015589616268950498
2010-02-11,-0.019238068068567815
2010-02-12,-0.01407070350272539
2010-02-16,-0.02342409338611553
2010-02-17,-0.017512473255534098
2010-02-18,-0.014029265716446006
2010-02-19,-0.011252472168219771
2010-02-22,-0.009771491477870419
2010-02-23,-0.006485929325717837
2010-02-24,-0.006873642647507219
2010-02-25,-0.008483571842825773
2010-02-26,-0.008448088101637684
2010-03-01,-0.0035080309091226397
2010-03-02,-0.0055516044406448365
2010-03-03,-0.0077345274173084965
2010-03-04,-0.008624045752244234
2010-03-05,-0.003671311330026639
2010-03-08,-0.002462095907433821
2010-03-09,0.0013410951368609592
2010-03-10,0.0004155663559313558
2010-03-11,-0.0017723487883119138
2010-03-12,-0.0009169500752004062
2010-03-15,-0.002995503782578955
2010-03-16,-0.0018980434189697184
2010-03-17,-0.0024840856666580842
2010-03-18,-0.0031243337838453523
2010-03-19,0.0017843808264484627
2010-03-22,0.0005605793988438304
2010-03-23,0.002504215035231608
2010-03-24,-0.0026336506984405974
2010-03-25,0.006567658110139082
2010-03-26,0.004952114917437265
2010-03-29,0.0020510756558477813
2010-03-30,0.0014869491023062629
2010-03-31,0.004175358001099331
2010-04-01,0.00032689525624329634
2010-04-05,0.00017785287646751905
2010-04-06,0.002478008986671577
2010-04-07,0.0005142436522016494
2010-04-08,-0.0005948591495507115
2010-04-09,-0.003010525412113725
2010-04-12,-0.0013099798369245652
2010-04-13,-0.0050860219907036125
2010-04-14,-0.0072577197901268755
2010-04-15,-0.005050011085765623
2010-04-16,-0.01015274864360827
2010-04-19,-0.012470397740656206
2010-04-20,-0.01804656611779908
2010-04-21,-0.016972383931968815
2010-04-22,-0.017392370601263245
2010-04-23,-0.015421290581539451
2010-04-26,-0.014028450303455672
2010-04-27,-0.01587938731125418
2010-04-28,-0.02074196264911642
2010-04-29,-0.016326009870897742
2010-04-30,-0.017713643554094764
2010-05-03,-0.026321389361502013
2010-05-04,-0.029026709409086797
2010-05-05,-0.022980538560211525
2010-05-06,-0.07682426495952327
2010-05-07,-0.02586794554641931
2010-05-10,-0.027602605275968004
2010-05-11,-0.019030577809443134
2010-05-12,-0.027095511299734417
2010-05-13,-0.02307086605932319
2010-05-14,-0.0249990542907812
2010-05-17,-0.032044872312521795
2010-05-18,-0.01961374036377332
2010-05-19,-0.022667407311295452
2010-05-20,-0.01078969259953607
2010-05-21,-0.018404485089985552
2010-05-24,-0.008396876096079382
2010-05-25,-0.012636204440544332
2010-05-26,-0.004881954585263378
2010-05-27,-0.016084884484397186
2010-05-28,-0.011861856111608941
2010-06-01,-0.0019845586336112104
2010-06-02,-0.012111052175918936
2010-06-03,-0.013285344499750754
2010-06-04,0.0025840943783943457
2010-06-07,0.0065913737499260164
2010-06-08,-0.004342739373989518
2010-06-09,0.0030294895306382293
2010-06-10,-0.015991171603859166
2010-06-11,-0.003504304373694685
2010-06-14,0.0007601226888329145
2010-06-15,-0.006345045981095552
2010-06-16,-0.002339933825543366
2010-06-17,-0.008239192342669146
2010-06-18,0.005296840886895183
2010-06-21,-0.0004495494153300165
2010-06-22,0.007798129005415129
2010-06-23,0.004225966270170173
2010-06-24,0.007750513153315896
2010-06-25,0.002237924562967312
2010-06-28,0.007610691115608433
2010-06-29,0.015020840162694721
2010-06-30,0.015142166175766832
2010-07-01,0.002348082385137505
2010-07-02,0.018291714122187275
2010-07-06,0.018735352655954333
2010-07-07,0.011311263082450906
2010-07-08,0.00614318931026221
2010-07-09,0.008454506923604681
2010-07-12,0.006387574053579461
2010-07-13,0.0037640068402930976
2010-07-14,0.0007928705002808473
2010-07-15,-0.006178488021667245
2010-07-16,-6.657184743190988e-06
2010-07-19,-0.0033595472054642733
2010-07-20,-0.003635990714594924
2010-07-21,-0.0026214586492715867
2010-07-22,-0.005039889698011665
2010-07-23,-0.007051442655780882
2010-07-26,-0.009301897180567337
2010-07-27,-0.012171463946965541
2010-07-28,-0.0021549841914859846
2010-07-29,-0.007834603031410424
2010-07-30,-0.002811099411560157
2010-08-02,-0.013689680502304173
2010-08-03,-0.015079342227014505
2010-08-04,-0.016534943038916946
2010-08-05,-0.017917987499251897
2010-08-06,-0.021773102599927884
2010-08-09,-0.022086104492719305
2010-08-10,-0.025027413768200064
2010-08-11,-0.02173238351147165
2010-08-12,-0.019948462395664696
2010-08-13,-0.01171202019389931
2010-08-16,-0.02112613199241394
2010-08-17,-0.020993358119511973
2010-08-18,-0.022758488396268747
2010-08-19,-0.022233440239964684
2010-08-20,-0.0227311930144648
2010-08-23,-0.0152573812952145
2010-08-24,-0.01703320061702704
2010-08-25,-0.019708076475424992
2010-08-26,-0.014775711899185539
2010-08-27,-0.028265219824886348
2010-08-30,-0.016797243905636267
2010-08-31,-0.017597899903577983
2010-09-01,-0.028690502562568082
2010-09-02,-0.0303208496832097
2010-09-03,-0.032962013262325784
2010-09-07,-0.027058066274153716
2010-09-08,-0.02598371974994685
2010-09-09,-0.02032095333429324
2010-09-10,-0.01861603706856854
2010-09-13,-0.02102035955562918
2010-09-14,-0.019234089095859025
2010-09-15,-0.02166392088232486
2010-09-16,-0.022696044942471752
2010-09-17,-0.017501416659957206
2010-09-20,-0.022645363693808013
2010-09-21,-0.018756920122052923
2010-09-22,-0.0120079726368939
2010-09-23,-0.012710300521368026
2010-09-24,-0.0175401410530312
2010-09-27,-0.015356194765783511
2010-09-28,-0.017577923647117116
2010-09-29,-0.007117889059159617
2010-09-30,-0.004755161773029416
2010-10-01,-0.005865095573904354
2010-10-04,-0.002898430051688115
2010-10-05,-0.00206381004062606
2010-10-06,-0.001759536065218234
2010-10-07,-0.004543168941085925
2010-10-08,-0.0018611716191782087
2010-10-11,-0.00370464261654582
2010-10-12,-0.004384381263431011
2010-10-13,-0.0002406320035619326
2010-10-14,-0.004084164885056009
2010-10-15,-0.00480217775180262
2010-10-18,0.0007440874547097671
2010-10-19,0.00140931703960546
2010-10-20,0.0054335189212566795
2010-10-21,0.0029120677669913814
2010-10-22,0.008863488959117979
2010-10-25,0.012872102647541961
2010-10-26,0.01067094848309523
2010-10-27,0.00877699728782804
2010-10-28,0.010622298517527537
2010-10-29,0.014378839534389787
2010-11-01,0.014228811368879884
2010-11-02,0.01983146786137707
2010-11-03,0.011951263563471731
2010-11-04,2.3219947239525203e-06
2010-11-05,0.008660499556228171
2010-11-08,0.00809061614776041
2010-11-09,0.00588388517007861
2010-11-10,0.004096878152508879
2010-11-11,0.010254451276213623
2010-11-12,0.0071353416556439305
2010-11-15,0.010871915989561705
2010-11-16,0.009990218465657008
2010-11-17,0.013183484146107134
2010-11-18,0.010797169529472192
2010-11-19,0.005443135503003235
2010-11-22,0.004676344036201211
2010-11-23,0.007171478521734084
2010-11-24,0.0059068343841459725
2010-11-26,0.007357409355961112
2010-11-29,0.0008968847758671028
2010-11-30,0.007074182880437235
2010-12-01,-0.0008360618142000352
2010-12-02,-0.004199017435865286
2010-12-03,-0.0004218804652680107
2010-12-06,0.0013259410238522678
2010-12-07,0.0010280199165357497
2010-12-08,0.0013090337428680384
2010-12-09,0.0015304364935685715
2010-12-10,0.003686225663258604
2010-12-13,0.010559577052378382
2010-12-14,0.009930959387489714
2010-12-15,0.017577044907230444
2010-12-16,0.014288554294293194
2010-12-17,0.015900192851928476
2010-12-20,0.012830453195904201
2010-12-21,0.014717364335629415
2010-12-22,0.022024920865626674
2010-12-23,0.021271800274509162
2010-12-27,0.027613143364062672
2010-12-28,0.02721290419721034
2010-12-29,0.03209844946392088
2010-12-30,0.035677404806389326
2010-12-31,0.037559915064981325
2011-01-03,0.02721581886132545
2011-01-04,0.02987228668710598
2011-01-05,0.03195369893289268
2011-01-06,0.03183031755972021
2011-01-07,0.02716677597231532
2011-01-10,0.03165946232407478
2011-01-11,0.032239709591063447
2011-01-12,0.027303709079295725
2011-01-13,0.03187529386417082
2011-01-14,0.029682191324483374
2011-01-18,0.031446677611694056
2011-01-19,0.0258008605150609
2011-01-20,0.02577218695348318
2011-01-21,0.02959452650232722
2011-01-24,0.028762146157526022
2011-01-25,0.02582751787002053
2011-01-26,0.028328882132032183
2011-01-27,0.027811638746915474
2011-01-28,0.01945343985961537
2011-01-31,0.022642444234150908
2011-02-01,0.016059586016998254
2011-02-02,0.01992498347554671
2011-02-03,0.013000953037739323
2011-02-04,0.012571874283184707
2011-02-07,0.016266767198913866
2011-02-08,0.013678912128911369
2011-02-09,0.01068847133438078
2011-02-10,0.01035595349168137
2011-02-11,0.006997738585750336
2011-02-14,0.008033805625290628
2011-02-15,0.0054802085357822505
2011-02-16,0.010326043220700454
2011-02-17,0.01030717617694275
2011-02-18,0.007099217929033248
2011-02-22,9.288656286944325e-05
2011-02-23,-0.002435375947108234
2011-02-24,-0.0026795810738599844
2011-02-25,-9.693963467101267e-05
2011-02-28,0.005158624587929244
2011-03-01,-0.0006359681985663528
2011-03-02,0.004825474919049216
2011-03-03,0.0007812434553051959
2011-03-04,-0.003986993038869492
2011-03-07,-0.0031072867689885472
2011-03-08,-0.0033362516151536725
2011-03-09,-0.0017846766037766261
2011-03-10,0.002255879515238619
2011-03-11,0.0009405389372904032
2011-03-14,-0.002385454094609241
2011-03-15,0.00018528656875230025
2011-03-16,-0.0035842898408785027
2011-03-17,-0.0005719284179462238
2011-03-18,-0.0005753796637334918
2011-03-21,-0.0020981593539634246
2011-03-22,0.0043630578972963015
2011-03-23,-0.0005432706418118665
2011-03-24,-0.0023544996176872754
2011-03-25,0.00022697136052258907
2011-03-28,0.0008524652060412879
2011-03-29,0.0010219832941469795
2011-03-30,0.0030879744309124544
2011-03-31,0.00437335570057281
2011-04-01,0.003573471672419682
2011-04-04,0.005409685433169577
2011-04-05,0.006497922850633388
2011-04-06,0.002936057845147865
2011-04-07,0.011921860264690415
2011-04-08,0.009186286123607404
2011-04-11,0.014336854186825149
2011-04-12,0.01906736462410568
2011-04-13,0.028971091975052484
2011-04-14,0.02819471753633521
2011-04-15,0.028701402738073634
2011-04-18,0.026759685426726226
2011-04-19,0.028245956939656335
2011-04-20,0.024176386154245996
2011-04-21,0.0192738273279143
2011-04-25,0.0202167238447331
2011-04-26,0.016252193854237713
2011-04-27,0.011756898704267417
2011-04-28,0.01356570848436408
2011-04-29,0.013345574962403024
2011-05-02,0.0108883725057095
2011-05-03,0.010161870657531524
2011-05-04,0.009309068926729223
2011-05-05,0.010481728443044928
2011-05-06,0.00889367536023391
2011-05-09,0.010576437718347126
2011-05-10,0.008023177356911528
2011-05-11,0.005679858698237082
2011-05-12,0.004200935810461274
2011-05-13,0.004872742454364331
2011-05-16,0.008526570258437852
2011-05-17,0.009384112892379212
2011-05-18,0.0033149008378934503
2011-05-19,0.002934253951564
2011-05-20,0.004211925716450469
2011-05-23,0.0050607913578579935
2011-05-24,0.004733665716615638
2011-05-25,0.002189859900589982
2011-05-26,-0.0010037864928652863
2011-05-27,-0.0024839035229219063
2011-05-31,-0.010941769991036087
2011-06-01,-0.012988961316297806
2011-06-02,-0.009078825981070612
2011-06-03,-0.0006274051464934725
2011-06-06,-0.004885196941557262
2011-06-07,-0.003268792895924574
2011-06-08,-0.0018636460046741535
2011-06-09,-0.00414493067096668
2011-06-10,-0.006428349451290275
2011-06-13,-0.004753524884840613
2011-06-14,-0.004969963519384193
2011-06-15,-0.008152090784886368
2011-06-16,-0.00657583289030252
2011-06-17,-0.00767458165201857
2011-06-20,-0.007436318413467527
2011-06-21,-0.013173797394606664
2011-06-22,-0.005945535976772317
2011-06-23,-0.012388509233151546
2011-06-24,-0.006161685551058919
2011-06-27,-0.010400349651510455
2011-06-28,-0.012850485077899331
2011-06-29,-0.005185724900050375
2011-06-30,-0.00962010000609577
2011-07-01,-0.017381240980372394
2011-07-05,-0.00678530942167051
2011-07-06,-0.009336153393018656
2011-07-07,-0.00879446333503164
2011-07-08,-0.013046219721811185
2011-07-11,-0.0036794022502852986
2011-07-12,-0.0007789701281543486
2011-07-13,-0.005358216592900862
2011-07-14,0.0006224843699234343
2011-07-15,-0.0003951988083418364
2011-07-18,-0.005373613993616431
2011-07-19,-0.009261207921567082
2011-07-20,-0.006598489316119002
2011-07-21,-0.016199015009647516
2011-07-22,-0.015715926445871324
2011-07-25,-0.00966741131180306
2011-07-26,-0.009712465938936073
2011-07-27,-0.008521809428376144
2011-07-28,-0.006926608633187485
2011-07-29,-0.008151518817502083
2011-08-01,-0.010721711976756507
2011-08-02,-9.632827464222857e-05
2011-08-03,-0.011199159151675924
2011-08-04,-0.0029691699249724908
2011-08-05,-0.01649878074923873
2011-08-08,-0.00507815475629533
2011-08-09,-0.037781428029917914
2011-08-10,0.005547259179888995
2011-08-11,-0.02953190755345341
2011-08-12,-0.015499837015231548
2011-08-15,-0.02123476116119084
2011-08-16,-0.025751260249157158
2011-08-17,-0.028090400737211217
2011-08-18,-0.02638015181269382
2011-08-19,-0.002477417668467308
2011-08-22,-0.01021474923547701
2011-08-23,-0.025771885591518384
2011-08-24,-0.020293507346358677
2011-08-25,-0.02382532097608523
2011-08-26,-0.04280588839629737
2011-08-29,-0.04694209671004161
2011-08-30,-0.042319180180115885
2011-08-31,-0.033162514705551246
2011-09-01,-0.023659694816811242
2011-09-02,-0.020979066465701465
2011-09-06,-0.00294504611621294
2011-09-07,-0.009617045465936221
2011-09-08,0.0015329561538624877
2011-09-09,0.00217541499359917
2011-09-12,0.003714723141016886
2011-09-13,0.0028625970611949785
2011-09-14,-0.015633526619914604
2011-09-15,-0.006833228066619201
2011-09-16,-0.0023800053106852893
2011-09-19,-0.003318482044863279
2011-09-20,-0.0001435288667505051
2011-09-21,0.005808377324207255
2011-09-22,0.022643316978220238
2011-09-23,0.024724314781666507
2011-09-26,-0.003329417282143262
2011-09-27,0.01053458803238002
2011-09-28,0.013037279555021621
2011-09-29,-0.0075498843806950395
2011-09-30,0.024232081674896558
2011-10-03,0.02842587471774472
2011-10-04,0.012610257871652788
2011-10-05,0.004477738612055334
2011-10-06,-0.0026946910377264356
2011-10-07,0.0038386016646668394
2011-10-10,-0.0071421795402346125
2011-10-11,-0.004343027305403315
2011-10-12,-0.004962348856521515
2011-10-13,-0.009055570731533872
2011-10-14,-0.01388126419941594
2011-10-17,-0.005706082080617101
2011-10-18,-0.018564867375801715
2011-10-19,-0.005563832922792153
2011-10-20,-0.018144571449040435
2011-10-21,-0.01412457957161439
2011-10-24,-0.017881291001365263
2011-10-25,-0.013137998357261753
2011-10-26,-0.03317224186000069
2011-10-27,-0.04250830398003666
2011-10-28,-0.043071986881994956
2011-10-31,-0.025958988573201162
2011-11-01,-0.023649264546233936
2011-11-02,-0.02662769136364656
2011-11-03,-0.04475156589728832
2011-11-04,-0.02983075028916665
2011-11-07,-0.028620335703661605
2011-11-08,-0.030250554303871788
2011-11-09,-0.007769078849233044
2011-11-10,-0.01719714876335355
2011-11-11,-0.024066354088547934
2011-11-14,-0.02126696887281783
2011-11-15,-0.0217044658284791
2011-11-16,-0.005986220572128956
2011-11-17,-0.001151076701549342
2011-11-18,0.0003359804204767936
2011-11-21,0.008987675739371075
2011-11-22,0.016971955209709802
2011-11-23,0.030475933074427863
2011-11-25,0.03304262670685406
2011-11-28,0.015006806349028295
2011-11-29,0.01314041693366529
2011-11-30,-0.02188477798082676
2011-12-01,-0.0011932265685017946
2011-12-02,0.00033510932667845
2011-12-05,-0.010651175994695911
2011-12-06,-0.006428158277522824
2011-12-07,-0.007892449569379689
2011-12-08,0.008287962261394846
2011-12-09,0.004851665162726596
2011-12-12,0.008862842199238868
2011-12-13,0.014011390246912097
2011-12-14,0.021566673145683266
2011-12-15,0.01723609591030495
2011-12-16,0.012699076916381629
2011-12-19,0.01947091173177453
2011-12-20,0.003301831302654037
2011-12-21,0.009860523256669248
2011-12-22,0.009074290318316216
2011-12-23,0.009484217812884771
2011-12-27,0.008800772133980004
2011-12-28,0.011437579722500531
2011-12-29,0.01339954471810903
2011-12-30,0.022615483451434524
2012-01-03,0.019245918129018963
2012-01-04,0.016992492950514308
2012-01-05,0.021996419826612327
2012-01-06,0.026155610134804316
2012-01-09,0.0282448332615776
2012-01-10,0.02819919720733649
2012-01-11,0.032071372353272794
2012-01-12,0.025941798613985288
2012-01-13,0.032622435724577306
2012-01-17,0.03284741450241054
2012-01-18,0.030888928982429058
2012-01-19,0.033165295320439554
2012-01-20,0.036256752257621816
2012-01-23,0.03422805578892617
2012-01-24,0.038506647650762504
2012-01-25,0.03677267724309864
2012-01-26,0.03847789217331045
2012-01-27,0.03996621864910234
2012-01-30,0.03595934815905873
2012-01-31,0.03786141987564118
2012-02-01,0.04014726703670242
2012-02-02,0.038925877079063864
2012-02-03,0.03325876384591829
2012-02-06,0.036684563345331225
2012-02-07,0.027420397888825547
2012-02-08,0.02934322292557299
2012-02-09,0.030791546454700218
2012-02-10,0.032490759860849455
2012-02-13,0.029655650595258085
2012-02-14,0.028436614138022592
2012-02-15,0.03181201201302361
2012-02-16,0.026866720334341426
2012-02-17,0.02519853236151084
2012-02-21,0.026267860198440577
2012-02-22,0.027866946428012643
2012-02-23,0.027767397000083623
2012-02-24,0.02796502961759918
2012-02-27,0.027798347314363356
2012-02-28,0.024254399976769606
2012-02-29,0.02559697124685576
2012-03-01,0.025593555479840453
2012-03-02,0.027315595473790765
2012-03-05,0.03440368968398551
2012-03-06,0.03703491609828038
2012-03-07,0.03187751494672528
2012-03-08,0.02544099630226994
2012-03-09,0.02276231603693887
2012-03-12,0.022140521841157983
2012-03-13,0.011624534457509644
2012-03-14,0.012094992016297622
2012-03-15,0.010278584904779554
2012-03-16,0.011155052193571637
2012-03-19,0.007183054426801609
2012-03-20,0.008101616781864582
2012-03-21,0.009720888697241695
2012-03-22,0.012546460018083516
2012-03-23,0.010659103743247826
2012-03-26,0.0013773127460360093
2012-03-27,0.0028428956387535117
2012-03-28,0.0027367147395880986
2012-03-29,0.003647937445006794
2012-03-30,0.0017431014912039026
2012-04-02,-0.0007699087348212452
2012-04-03,0.004071522735585293
2012-04-04,0.009029251803869485
2012-04-05,0.012576497890864624
2012-04-09,0.01627666033661055
2012-04-10,0.019617564824272925
2012-04-11,0.025332397937233807
2012-04-12,0.01632853032015249
2012-04-13,0.021673223691896254
2012-04-16,0.021465053801728723
2012-04-17,0.013243288146654535
2012-04-18,0.014088451571450882
2012-04-19,0.014384676734729067
2012-04-20,0.01306153976810842
2012-04-23,0.015997544319425655
2012-04-24,0.022738665010183467
2012-04-25,0.012295679936258961
2012-04-26,0.007268056070238052
2012-04-27,0.004623994805374032
2012-04-30,0.007728872492740195
2012-05-01,0.005497088305992201
2012-05-02,0.005425127292206436
2012-05-03,0.007915340334858387
2012-05-04,0.013092900494560838
2012-05-07,0.011816923254944212
2012-05-08,0.01320277538592595
2012-05-09,0.01884865401468402
2012-05-10,0.025443054447324115
2012-05-11,0.026702127275706894
2012-05-14,0.028412195687285043
2012-05-15,0.0408036895593699
2012-05-16,0.041001761224615484
2012-05-17,0.04277829359511764
2012-05-18,0.04567074870939127
2012-05-21,0.03084241289041098
2012-05-22,0.030613139449980516
2012-05-23,0.03811219806804916
2012-05-24,0.03973505165483922
2012-05-25,0.04174181362849909
2012-05-29,0.02979051410787842
2012-05-30,0.03791170535867512
2012-05-31,0.035272066595731996
2012-06-01,0.04033780020627566
2012-06-04,0.03713289548181008
2012-06-05,0.03314310138292731
2012-06-06,0.01665643753349734
2012-06-07,0.012040078433007025
2012-06-08,0.007952301557935993
2012-06-11,0.01025782250439173
2012-06-12,0.001034316103798557
2012-06-13,0.001920515867709324
2012-06-14,-0.004783243054590871
2012-06-15,-0.011552707193926457
2012-06-18,-0.013647174785075317
2012-06-19,-0.010435032777531094
2012-06-20,-0.011907373328805648
2012-06-21,-0.005284218052876507
2012-06-22,-0.00818714826581869
2012-06-25,-0.0034212251518503847
2012-06-26,-0.0013030878993432072
2012-06-27,-0.008421658647670456
2012-06-28,-0.007997062992679719
2012-06-29,-0.021012189478154676
2012-07-02,-0.022278067338765355
2012-07-03,-0.022237893207319993
2012-07-05,-0.009907231173241837
2012-07-06,-0.006966945486454773
2012-07-09,-0.004970322294308639
2012-07-10,-0.002906147984809364
2012-07-11,0.0017096614257425466
2012-07-12,0.001107265580071069
2012-07-13,-0.0027058241853922353
2012-07-16,0.0019591961469963993
2012-07-17,-0.0006467559535047792
2012-07-18,0.0003552830149669995
2012-07-19,-0.001165596317950308
2012-07-20,0.0019795124923332272
2012-07-23,0.006837770263500924
2012-07-24,0.009298645409535768
2012-07-25,0.01153724027132413
2012-07-26,0.006484261714358064
2012-07-27,-0.0027134847575941614
2012-07-30,0.00941832808568725
2012-07-31,0.012289959840352627
2012-08-01,0.014460688625127375
2012-08-02,0.015589879084349046
2012-08-03,0.0031626918734555393
2012-08-06,0.004251080773546127
2012-08-07,0.001725084526205966
2012-08-08,0.0017485945155819565
2012-08-09,0.0014152250722664801
2012-08-10,0.007574308962939353
2012-08-13,0.0076665124910822715
2012-08-14,0.010035781824212926
2012-08-15,0.011488698330092546
2012-08-16,0.008806176672435563
2012-08-17,0.008597414009103065
2012-08-20,0.00885421128821152
2012-08-21,0.009977287949514866
2012-08-22,0.00883168397231624
2012-08-23,0.01914064438598029
2012-08-24,0.026956760128560138
2012-08-27,0.02714182185288385
2012-08-28,0.02729550102067662
2012-08-29,0.02624770627494039
2012-08-30,0.024657360960750677
2012-08-31,0.03627831377157651
2012-09-04,0.036849051446397774
2012-09-05,0.04043712236055004
2012-09-06,0.020941937232262488
2012-09-07,0.02031931499358726
2012-09-10,0.021686847734437242
2012-09-11,0.019586330963658465
2012-09-12,0.017653321917525024
2012-09-13,0.006396682254935254
2012-09-14,0.007499278463230993
2012-09-17,0.008161761113929649
2012-09-18,0.008413311460509087
2012-09-19,0.006882639762563635
2012-09-20,0.006164181750744476
2012-09-21,0.007436658181643152
2012-09-24,0.01022479668713659
2012-09-25,0.007120072559647243
2012-09-26,0.008130806288773954
2012-09-27,0.0034750453665520036
2012-09-28,0.004249254976643405
2012-10-01,0.004907705363721827
2012-10-02,0.004810268959330528
2012-10-03,0.002573978127920102
2012-10-04,0.013246056370338984
2012-10-05,0.014318961805905217
2012-10-08,0.014426750058775244
2012-10-09,0.01570263458318671
2012-10-10,0.01857959636907388
2012-10-11,0.02834173103468153
2012-10-12,0.030935097861232615
2012-10-15,0.024193972235729225
2012-10-16,0.016549930171219564
2012-10-17,0.01300199901069628
2012-10-18,0.012966169364799107
2012-10-19,0.012522829900379756
2012-10-22,0.010304194510002895
2012-10-23,0.012565165191727824
2012-10-24,0.01543466854520399
2012-10-25,0.017301076512169354
2012-10-26,0.016146783864899136
2012-10-31,0.01412868082841643
2012-11-01,0.007508813244952204
2012-11-02,0.010179534688784608
2012-11-05,0.013904664204337471
2012-11-06,0.008693012927883952
2012-11-07,0.00940351896979409
2012-11-08,0.014522377284485466
2012-11-09,0.013694201023236124
2012-11-12,0.015749982495008242
2012-11-13,0.0143598170984898
2012-11-14,0.021278710741497377
2012-11-15,0.029944886038163546
2012-11-16,0.027864068566166217
2012-11-19,0.011574425852402839
2012-11-20,0.014011521390230477
2012-11-21,0.014323076563075365
2012-11-23,0.004857590395472244
2012-11-26,0.005941238270463483
2012-11-27,0.00896759195782454
2012-11-28,0.0014745375686327838
2012-11-29,0.0016819055421553597
2012-11-30,0.006463505181982047
2012-12-03,0.006409222787581227
2012-12-04,0.005224350105934512
2012-12-05,0.005036100704878874
2012-12-06,0.011340183916928322
2012-12-07,0.010589153129652777
2012-12-10,0.011456099629370069
2012-12-11,0.0043322910449929055
2012-12-12,0.0038721522722345407
2012-12-13,0.0080501753472638
2012-12-14,0.012343634110579071
2012-12-17,0.005161586539972734
2012-12-18,0.01052036128898044
2012-12-19,0.014079577281679294
2012-12-20,0.012288125899951517
2012-12-21,0.01547349854222655
2012-12-24,0.02488108620622634
2012-12-26,0.022808226725479
2012-12-27,0.02397376906133225
2012-12-28,0.029516211301774384
2012-12-31,0.013011971892978615
2013-01-02,-0.0021834887775531234
2013-01-03,-0.001005061626742361
2013-01-04,-0.0017946775814674555
2013-01-07,0.0016566057833837956
2013-01-08,0.0028784437813996616
2013-01-09,0.0023753580160704897
2013-01-10,-0.0002555357879986467
2013-01-11,0.0018933185533444967
2013-01-14,0.0013927995887321552
2013-01-15,-0.0007415507535411224
2013-01-16,0.004557641889974804
2013-01-17,0.003235765179877323
2013-01-18,0.0018020627265745662
2013-01-22,0.0010101738656866505
2013-01-23,0.0007938225695582491
2013-01-24,-0.00217020195200663
2013-01-25,-0.002173264956967687
2013-01-28,-0.0014343140031364311
2013-01-29,-0.002616498296860073
2013-01-30,0.006694620197070105
2013-01-31,0.030966609646031727
2013-02-01,0.02306248457451606
2013-02-04,0.02023583270851319
2013-02-05,0.01431984682475045
2013-02-06,0.015137004531527474
2013-02-07,0.01403547549811767
2013-02-08,0.01695002618578923
2013-02-11,0.017532972971999197
2013-02-12,0.014970907092548384
2013-02-13,0.01424391108328833
2013-02-14,0.014170258542549344
2013-02-15,0.01404829124962456
2013-02-19,0.010133711876732383
2013-02-20,0.010126386984846747
2013-02-21,0.011515281476198388
2013-02-22,0.006107106799441847
2013-02-25,0.0027568207727193574
2013-02-26,0.005380400573242737
2013-02-27,-0.006130456684226283
2013-02-28,-0.002877831445983345
2013-03-01,-0.004842015502077428
2013-03-04,-0.0026637453098802104
2013-03-05,-0.006202516855470044
2013-03-06,-0.0018024026115730368
2013-03-07,-0.0021822629472027545
2013-03-08,-0.006359685886002614
2013-03-11,-0.007454225224870922
2013-03-12,-0.006712681353781716
2013-03-13,-0.006966703928428415
2013-03-14,-0.009269231736661934
2013-03-15,-0.009576961698728627
2013-03-18,-0.011969010555454766
2013-03-19,-0.008859371433792906
2013-03-20,-0.006957801132164314
2013-03-21,-0.007170794711536293
2013-03-22,-0.0038123314938478398
2013-03-25,0.0025583699487436214
2013-03-26,0.004013849312477164
2013-03-27,0.008288730633524075
2013-03-28,0.004265032606277129
2013-04-01,-0.0008931094639624687
2013-04-02,-0.0013438843187193236
2013-04-03,0.0009054845012051796
2013-04-04,0.0023786565379385997
2013-04-05,0.004299950589497791
2013-04-08,0.0017690288663572487
2013-04-09,-0.0018373990568780925
2013-04-10,-0.011776572452764027
2013-04-11,-0.012290925096267356
2013-04-12,-0.008062973164179928
2013-04-15,-0.008135587397464533
2013-04-16,-0.01390578484644871
2013-04-17,-0.0078080751672704625
2013-04-18,-0.0010472458680706575
2013-04-19,-0.004715111409905888
2013-04-22,-0.007674900457296734
2013-04-23,-0.01309898658590448
2013-04-24,-0.008355026762694145
2013-04-25,-0.013436937758884672
2013-04-26,-0.008321728317610902
2013-04-29,-0.013427262502026577
2013-04-30,-0.01286243271639336
2013-05-01,-0.00864282461466004
2013-05-02,-0.013820653237708886
2013-05-03,-0.024239450886108533
2013-05-06,-0.01641852975169789
2013-05-07,-0.0187194160262901
2013-05-08,-0.016613918109419507
2013-05-09,-0.016900404897920124
2013-05-10,-0.01653385872156561
2013-05-13,-0.009360235121517475
2013-05-14,-0.009930743301457746
2013-05-15,-0.00916969668385823
2013-05-16,-0.006165247812760651
2013-05-17,-0.006831247271494445
2013-05-20,-0.00834089449973046
2013-05-21,-0.006131141753326588
2013-05-22,-0.012725808894351353
2013-05-23,-0.00377993096878481
2013-05-24,-0.00028680679043423946
2013-05-28,-0.006039468337596289
2013-05-29,-0.0013451869405041433
2013-05-30,-0.003596925325244438
2013-05-31,-0.0015649088810504794
2013-06-03,0.004465141196767934
2013-06-04,0.0035589521813951842
2013-06-05,0.011856162535522836
2013-06-06,0.0078776947436933
2013-06-07,-0.0001341008001403618
2013-06-10,0.0025782972524928637
2013-06-11,0.0006153616746978098
2013-06-12,0.012602452690398858
2013-06-13,0.002835772262447857
2013-06-14,0.0053172128419117885
2013-06-17,0.002598651104605108
2013-06-18,0.0014444503203328123
2013-06-19,0.00628442290309623
2013-06-20,0.004134255159214881
2013-06-21,0.01233685819437793
2013-06-24,0.01370785332900378
2013-06-25,0.008072322215742011
2013-06-26,0.00887145179229712
2013-06-27,0.006165996573957567
2013-06-28,0.00553964589499035
2013-07-01,0.0031384892675598124
2013-07-02,0.0016313957890468217
2013-07-03,0.0030872927068978546
2013-07-05,-0.0005415749418749907
2013-07-08,-0.0001401599757092538
2013-07-09,-0.0017888215012013039
2013-07-10,-0.0034248223387093706
2013-07-11,-0.01493918434678694
2013-07-12,-0.006008559938879001
2013-07-15,-0.006850124338680768
2013-07-16,-0.004246162544946211
2013-07-17,-0.003091398745097026
2013-07-18,-0.00898483823267667
2013-07-19,-0.005368125516509602
2013-07-22,-0.005949815700022664
2013-07-23,-0.003338988303427456
2013-07-24,-0.0011236708039402896
2013-07-25,0.0019266602428488662
2013-07-26,0.004047830006374972
2013-07-29,0.0034351255066865354
2013-07-30,0.004631464850291244
2013-07-31,0.0011765518702954413
2013-08-01,-0.0022668065689855302
2013-08-02,0.001396256163599039
2013-08-05,0.0034819657253238687
2013-08-06,0.005686715073638847
2013-08-07,0.00817895202003956
2013-08-08,0.011373578058646689
2013-08-09,0.010270042665977952
2013-08-12,0.014797038163435028
2013-08-13,0.01095949214201608
2013-08-14,0.013850414235868799
2013-08-15,0.01982961720405993
2013-08-16,0.02037874209726184
2013-08-19,0.023066538597663
2013-08-20,0.020403255805259736
2013-08-21,0.01980075116881417
2013-08-22,0.019322587500464918
2013-08-23,0.01800971495954583
2013-08-26,0.018331451950754397
2013-08-27,0.015858223251516368
2013-08-28,0.02094355023158444
2013-08-29,0.024376443464582197
2013-08-30,0.028539338196868838
2013-09-03,0.022078025526817723
2013-09-04,0.01692485433896923
2013-09-05,0.017558675128578078
2013-09-06,0.015951692265623207
2013-09-09,0.011934976478946539
2013-09-10,0.009131462965779831
2013-09-11,0.007197675205911976
2013-09-12,0.006034243000775672
2013-09-13,0.005861306306736553
2013-09-16,0.0009849834704818011
2013-09-17,-0.0004099256261421765
2013-09-18,-0.009172055994682392
2013-09-19,-0.006062232778309201
2013-09-20,-0.002916341670344052
2013-09-23,-0.0005210983696175928
2013-09-24,-0.0010129653492768793
2013-09-25,0.0038320059599863763
2013-09-26,0.0025737246973379143
2013-09-27,0.005745173570441142
2013-09-30,0.003928277620994779
2013-10-01,0.0019512346475861145
2013-10-02,0.004649329055581814
2013-10-03,0.007961104792422694
2013-10-04,0.002858675595124458
2013-10-07,0.0070940347597631325
2013-10-08,0.015206467527557888
2013-10-09,0.01579991127453803
2013-10-10,0.0025758278177988522
2013-10-11,0.00010720779194356607
2013-10-14,-0.0009577535726580828
2013-10-15,0.0016358253188935024
2013-10-16,0.00062049067684352
2013-10-17,-0.0033392139216332512
2013-10-18,-0.006134466264138093
2013-10-21,-0.006119254819184045
2013-10-22,-0.010836566804805905
2013-10-23,-0.006574232653295929
2013-10-24,-0.007185225161956391
2013-10-25,-0.00957439382830017
2013-10-28,-0.010755819974131466
2013-10-29,-0.00965860905761957
2013-10-30,-0.009047839030587725
2013-10-31,-0.009173847041999209
2013-11-01,-0.0071828697085417025
2013-11-04,-0.0062410551329308735
2013-11-05,-0.005953400871916925
2013-11-06,-0.00631334980501976
2013-11-07,0.004020718031853004
2013-11-08,0.00012124500571697103
2013-11-11,0.0029972016145671486
2013-11-12,0.0024364914970809153
2013-11-13,0.0032903733633587364
2013-11-14,0.0035009577071292014
2013-11-15,0.003967363731251649
2013-11-18,0.004195864059913346
2013-11-19,0.005647062794204448
2013-11-20,0.004755421438844864
2013-11-21,0.004759456661981678
2013-11-22,0.00438546404460472
2013-11-25,0.005374095138894103
2013-11-26,0.004575400885684366
2013-11-27,0.005307472192367284
2013-11-29,0.0041367999170484285
2013-12-02,0.005941110784406329
2013-12-03,0.007285368653343814
2013-12-04,0.004750602962790777
2013-12-05,0.011294781993512006
2013-12-06,0.006763214380176423
2013-12-09,0.011635995175898865
2013-12-10,0.012440189653867199
2013-12-11,0.014519709554684616
2013-12-12,0.018794404743212274
2013-12-13,0.020730318668183624
2013-12-16,0.016882816764298092
2013-12-17,0.019646629357149312
2013-12-18,0.0038686144518471875
2013-12-19,0.0084224282686654
2013-12-20,0.006770198711389813
2013-12-23,0.007539921029769279
2013-12-24,0.006941516085282082
2013-12-26,0.004141404185044217
2013-12-27,0.004733927472711583
2013-12-30,0.004082096785411103
2013-12-31,0.0019064748873427895
2014-01-02,0.0030273713132802065
2014-01-03,0.0018563652807602141
2014-01-06,0.0036360274398473513
2014-01-07,0.0015825234999647525
2014-01-08,0.0014315137993171304
2014-01-09,0.001650643345821906
2014-01-10,0.0012616258959013502
2014-01-13,0.0005650008883159724
2014-01-14,-0.002302941490014594
2014-01-15,-0.0035688537813471904
2014-01-16,-0.002353383426765745
2014-01-17,0.006128550979135941
2014-01-21,0.004407177057119186
2014-01-22,0.007485349183605876
2014-01-23,0.01026848464445189
2014-01-24,0.016036352698656237
2014-01-27,0.017217145587102516
2014-01-28,0.01748149080755401
2014-01-29,0.017218266454404982
2014-01-30,0.014363979455907696
2014-01-31,0.013593326529501317
2014-02-03,0.021437443847824162
2014-02-04,0.020854413673214216
2014-02-05,0.022356041715700513
2014-02-06,0.016519317448096385
2014-02-07,0.009310878077594276
2014-02-10,0.011703208025337766
2014-02-11,0.0011731362997188678
2014-02-12,0.004728739956377387
2014-02-13,0.0035000367900204325
2014-02-14,0.0007450505788435795
2014-02-18,0.0011920499114440632
2014-02-19,-0.000497791813941351
2014-02-20,0.00021363359664569592
2014-02-21,0.002167661309918481
2014-02-24,-0.004727694829562727
2014-02-25,-0.0010702989051095523
2014-02-26,0.000732198398216399
2014-02-27,7.608879067659557e-05
2014-02-28,-0.003407403873096279
2014-03-03,0.001263619622913846
2014-03-04,-0.0017931571681579078
2014-03-05,0.0005342908969241493
2014-03-06,-0.0007459509673461446
2014-03-07,0.003052324093246364
2014-03-10,0.0068376728402507
2014-03-11,0.00745598992644974
2014-03-12,0.011795300459933683
2014-03-13,0.012565148693194032
2014-03-14,0.015170790709012937
2014-03-17,0.01402769966627993
2014-03-18,0.010582544889305646
2014-03-19,0.009720366437827878
2014-03-20,0.01029220574180263
2014-03-21,0.005593629327527471
2014-03-24,0.013421765087457994
2014-03-25,0.010787524076662352
2014-03-26,0.01473534327467999
2014-03-27,0.016873197292022163
2014-03-28,0.014174794997891689
2014-03-31,0.010076970129626932
2014-04-01,0.01350120129283407
2014-04-02,0.012423524417696258
2014-04-03,0.013430563870993652
2014-04-04,0.01408207702595379
2014-04-07,0.019280183243902106
2014-04-08,0.017212674549770657
2014-04-09,0.011518710279589232
2014-04-10,0.01478145779490771
2014-04-11,0.01675446648200207
2014-04-14,0.01723118981737944
2014-04-15,0.014579348042493173
2014-04-16,0.012677094914383607
2014-04-17,0.011911539503162495
2014-04-21,0.012482382986768712
2014-04-22,0.006154757057767601
2014-04-23,0.011066198031717902
2014-04-24,0.007496053205746192
2014-04-25,0.011050534307651086
2014-04-28,0.003785023417040515
2014-04-29,0.009834561984897353
2014-04-30,0.0077718719848356484
2014-05-01,0.00705623672378107
2014-05-02,0.006287633415914155
2014-05-05,0.006077940635282964
2014-05-06,0.010548134579913502
2014-05-07,0.006269084404966982
2014-05-08,0.0049030644791205795
2014-05-09,0.013738902184331108
2014-05-12,0.008058894075354176
2014-05-13,0.011487165937248123
2014-05-14,0.015554300209304931
2014-05-15,0.01971612822152665
2014-05-16,0.01968944264637567
2014-05-19,0.01916810318299894
2014-05-20,0.02264759289461584
2014-05-21,0.0185036223938804
2014-05-22,0.01665162178349589
2014-05-23,0.016508576380237346
2014-05-27,0.014963333574580656
2014-05-28,0.015177173308425794
2014-05-29,0.013283937719435236
2014-05-30,0.013213478714541042
2014-06-02,0.012478963469516989
2014-06-03,0.01430156399956869
2014-06-04,0.013811644200615404
2014-06-05,0.010314904592993154
2014-06-06,0.010820955041296938
2014-06-09,0.008383124696621521
2014-06-10,0.013974727480153316
2014-06-11,0.014733505522711094
2014-06-12,0.01564582698407073
2014-06-13,0.01576384136517331
2014-06-16,0.01564300795399229
2014-06-17,0.016343480606927488
2014-06-18,0.012382082420671155
2014-06-19,0.016373632397586615
2014-06-20,0.016826429367744818
2014-06-23,0.017880506970017144
2014-06-24,0.016005005021121996
2014-06-25,0.017359451401160485
2014-06-26,0.019535279782925005
2014-06-27,0.02003621537090565
2014-06-30,0.019352565774839826
2014-07-01,0.013354250900556093
2014-07-02,0.015103618382367377
2014-07-03,0.015175319584922051
2014-07-07,0.016761002259120146
2014-07-08,0.014588675702216974
2014-07-09,0.011229509892466223
2014-07-10,0.010265788495271365
2014-07-11,0.01265885547844354
2014-07-14,0.010145036132691191
2014-07-15,0.009445116538836233
2014-07-16,0.009999366952207914
2014-07-17,0.011668497208793942
2014-07-18,0.008326611063988222
2014-07-21,0.01014492373742102
2014-07-22,0.00784977655294633
2014-07-23,0.0078113593493922846
2014-07-24,0.008617745141460638
2014-07-25,0.01053827348520134
2014-07-28,0.010467045286400849
2014-07-29,0.012317560259435555
2014-07-30,0.013328254142650328
2014-07-31,0.017617445522728988
2014-08-01,0.01805567984779302
2014-08-04,0.016207608735226177
2014-08-05,0.02047519673843878
2014-08-06,0.021348355616446556
2014-08-07,0.023437980018897436
2014-08-08,0.017808916382049865
2014-08-11,0.015865777816835194
2014-08-12,0.016462597773324796
2014-08-13,0.013963912726865263
2014-08-14,0.012471551076020236
2014-08-15,0.013830171333361512
2014-08-18,0.00995252556955735
2014-08-19,0.007871762578108185
2014-08-20,0.006673803018206158
2014-08-21,0.005195188928690385
2014-08-22,0.0066967531350980835
2014-08-25,0.0038843956575128867
2014-08-26,0.003926884218994514
2014-08-27,0.0059067139155920476
2014-08-28,0.010787098405782786
2014-08-29,0.010999505054809644
2014-09-02,0.012413665244407946
2014-09-03,0.01442321855778499
2014-09-04,0.012126842581334372
2014-09-05,0.012525153954272986
2014-09-08,0.013872742505779955
2014-09-09,0.01705109349854727
2014-09-10,0.015658139080900677
2014-09-11,0.01620588987950289
2014-09-12,0.020045196342791737
2014-09-15,0.020238652291833043
2014-09-16,0.0168676640924613
2014-09-17,0.016169142214838627
2014-09-18,0.014119339880307053
2014-09-19,0.014838438847850842
2014-09-22,0.01892968158774152
2014-09-23,0.02177637389135178
2014-09-24,0.01816898159684275
2014-09-25,0.026413788985218616
2014-09-26,0.022408964176589382
2014-09-29,0.023476072453576118
2014-09-30,0.02459850053145817
2014-10-01,0.031022712936752538
2014-10-02,0.03082349520751105
2014-10-03,0.02561947479150347
2014-10-06,0.02575786374097555
2014-10-07,0.03176411907834722
2014-10-08,0.024555957712692426
2014-10-09,0.03304053633855203
2014-10-10,0.036813956525058616
2014-10-13,0.043668906150946735
2014-10-14,0.043432575288605536
2014-10-15,0.04678681345194401
2014-10-16,0.04791830405010547
2014-10-17,0.042947946462406024
2014-10-20,0.03812557625947107
2014-10-21,0.0289095827555285
2014-10-22,0.03298243090660161
2014-10-23,0.02681883684786037
2014-10-24,0.02418286270568297
2014-10-27,0.025359546978336173
2014-10-28,0.021462104104798742
2014-10-29,0.022060843566683773
2014-10-30,0.02060068463671373
2014-10-31,0.017279464736477557
2014-11-03,0.017763772256081896
2014-11-04,0.019837586599022183
2014-11-05,0.017555814843979955
2014-11-06,0.01661513870944577
2014-11-07,0.016412385786808828
2014-11-10,0.01510414661040753
2014-11-11,0.01491893031257993
2014-11-12,0.01609066040641469
2014-11-13,0.015799290818235605
2014-11-14,0.01585815554836736
2014-11-17,0.015818862064026308
2014-11-18,0.013438104554111005
2014-11-19,0.01416869440467559
2014-11-20,0.013837037650565749
2014-11-21,0.012209673166545563
2014-11-24,0.009928013471477691
2014-11-25,0.010919169109002312
2014-11-26,0.009738258927296777
2014-11-28,0.011200573003755827
2014-12-01,0.014623116542550595
2014-12-02,0.012533181636811368
2014-12-03,0.010484691584558293
2014-12-04,0.011899277370842521
2014-12-05,0.009945291329523383
2014-12-08,0.0150347679923453
2014-12-09,0.015985781914854884
2014-12-10,0.024436893810564825
2014-12-11,0.021773962160169184
2014-12-12,0.03009047265028649
2014-12-15,0.03489603959503405
2014-12-16,0.03895789900058408
2014-12-17,0.031180739887948318
2014-12-18,0.028951167395568946
2014-12-19,0.018465026173465415
2014-12-22,0.01541739652943988
2014-12-23,0.014775748060287556
2014-12-24,0.014243648734759501
2014-12-26,0.013003171298092624
2014-12-29,0.012387451486918758
2014-12-30,0.014511028745278034
2014-12-31,0.020142038307543304
2015-01-02,0.02228217823559414
2015-01-05,0.02898783701586391
2015-01-06,0.03479522975756615
2015-01-07,0.02802003998043653
2015-01-08,0.02010520239831231
2015-01-09,0.02482851422566621
2015-01-12,0.028032561514616527
2015-01-13,0.03151490324873947
2015-01-14,0.0322250779198919
2015-01-15,0.03462396435675297
2015-01-16,0.029699850940864934
2015-01-20,0.0302227289398699
2015-01-21,0.026179768879551195
2015-01-22,0.0226845053360617
2015-01-23,0.021757058041901155
2015-01-26,0.022040582887542383
2015-01-27,0.028721558589024927
2015-01-28,0.0338813519661173
2015-01-29,0.0327002279213342
2015-01-30,0.036201775657708775
2015-02-02,0.033994076725393216
2015-02-03,0.024416473710253732
2015-02-04,0.0261245352937104
2015-02-05,0.020789021672927836
2015-02-06,0.02266667392193331
2015-02-09,0.023685745246971347
2015-02-10,0.020446941681373947
2015-02-11,0.019401249136209067
2015-02-12,0.015600179594671582
2015-02-13,0.012752617877024478
2015-02-17,0.011464606282747923
2015-02-18,0.011386242422189705
2015-02-19,0.011793098535829168
2015-02-20,0.010224225666461959
2015-02-23,0.008333409328251981
2015-02-24,0.00678307012083415
2015-02-25,0.006257318852171065
2015-02-26,0.005934118757501095
2015-02-27,0.00789883488763848
2015-03-02,0.0033261323699489004
2015-03-03,0.005744718509525071
2015-03-04,0.006654851443316103
2015-03-05,0.004711732935056591
2015-03-06,0.014590390953613782
2015-03-09,0.01045295536449593
2015-03-10,0.021064131076199047
2015-03-11,0.020166073452166713
2015-03-12,0.015689654490480008
2015-03-13,0.019520069060109647
2015-03-16,0.014254123545046002
2015-03-17,0.015428531715518175
2015-03-18,0.015076915244703884
2015-03-19,0.015152515331193698
2015-03-20,0.012832080525942584
2015-03-23,0.01179554892676636
2015-03-24,0.014859806530769066
2015-03-25,0.024541137128767238
2015-03-26,0.025786000514710576
2015-03-27,0.024366229275872245
2015-03-30,0.019250427973390636
2015-03-31,0.024380472796941936
2015-04-01,0.027091017094014742
2015-04-02,0.02497227889533446
2015-04-06,0.022247903512510388
2015-04-07,0.023867329498932353
2015-04-08,0.021199486940319368
2015-04-09,0.019675222440642227
2015-04-10,0.016457076588216903
2015-04-13,0.01887686292246688
2015-04-14,0.017299108490999714
2015-04-15,0.016557534913281557
2015-04-16,0.01493997058971187
2015-04-17,0.024581846598249177
2015-04-20,0.018370528545510946
2015-04-21,0.01871069960548399
2015-04-22,0.016718124290551868
2015-04-23,0.01428556445488059
2015-04-24,0.012533418958910506
2015-04-27,0.01548453199471894
2015-04-28,0.013039558379703466
2015-04-29,0.01511830735641334
2015-04-30,0.022353043016601473
2015-05-01,0.017396159975306635
2015-05-04,0.015504778629404541
2015-05-05,0.023050640886135416
2015-05-06,0.025290607865677474
2015-05-07,0.023245590888509138
2015-05-08,0.019371476312922412
2015-05-11,0.02138018082604106
2015-05-12,0.023305881622900124
2015-05-13,0.02288791898444948
2015-05-14,0.01903377525560703
2015-05-15,0.016525118049976178
2015-05-18,0.014154527104935942
2015-05-19,0.014273701692936264
2015-05-20,0.014644215547182846
2015-05-21,0.013550041514658035
2015-05-22,0.014816200800067934
2015-05-26,0.02239320371581966
2015-05-27,0.018382161106274837
2015-05-28,0.018516198715365927
2015-05-29,0.021014348639771665
2015-06-01,0.018374237357501284
2015-06-02,0.019899197847715724
2015-06-03,0.01610739446051595
2015-06-04,0.02307695058736612
2015-06-05,0.023904993349643452
2015-06-08,0.02389082223485045
2015-06-09,0.023828851447963297
2015-06-10,0.02089906222182543
2015-06-11,0.018750791421451588
2015-06-12,0.022434309542290035
2015-06-15,0.024893188572932948
2015-06-16,0.022493778033583968
2015-06-17,0.022720857291613647
2015-06-18,0.02009007569928513
2015-06-19,0.021961771096473202
2015-06-22,0.019533856016159604
2015-06-23,0.01686555772795439
2015-06-24,0.02099802289299342
2015-06-25,0.022717658870346616
2015-06-26,0.02271421765458924
2015-06-29,0.041363850501036525
2015-06-30,0.03748708445321626
2015-07-01,0.033853203990522704
2015-07-02,0.03307362824588985
2015-07-06,0.03524157999628472
2015-07-07,0.037654740174016814
2015-07-08,0.0431433191242283
2015-07-09,0.04025049012676038
2015-07-10,0.037848054279869314
2015-07-13,0.029003607403349813
2015-07-14,0.02819177925940901
2015-07-15,0.027883259984680143
2015-07-16,0.023820379283205205
2015-07-17,0.022060591456741132
2015-07-20,0.022141657437912996
2015-07-21,0.024607964297316334
2015-07-22,0.024198370915051354
2015-07-23,0.028364808467377357
2015-07-24,0.03434865101378923
2015-07-27,0.03398532934262495
2015-07-28,0.027057045582100057
2015-07-29,0.021291510546433606
2015-07-30,0.020674125954888253
2015-07-31,0.020535035094886897
2015-08-03,0.022621287290906504
2015-08-04,0.02244729957131298
2015-08-05,0.015669307988800535
2015-08-06,0.02149394471095037
2015-08-07,0.016282663871341772
2015-08-10,0.011688218258414654
2015-08-11,0.01571096015263882
2015-08-12,0.019423170758174353
2015-08-13,0.012597211400640749
2015-08-14,0.009814929570599077
2015-08-17,0.01023726675479593
2015-08-18,0.006867779785441631
2015-08-19,0.01393021971926314
2015-08-20,0.027226099549874885
2015-08-21,0.04360616309717779
2015-08-24,0.07469020583224635
2015-08-25,0.056623306534433746
2015-08-26,0.046283426352772904
2015-08-27,0.036081345689031166
2015-08-28,0.0351166867066597
2015-08-31,0.03495458901176895
2015-09-01,0.04018610934228847
2015-09-02,0.03352771556748612
2015-09-03,0.02922588574897301
2015-09-04,0.031813600616690904
2015-09-08,0.02360965440610971
2015-09-09,0.026296214203751132
2015-09-10,0.02309879186016298
2015-09-11,0.020926886265865148
2015-09-14,0.021707215836756697
2015-09-15,0.02141502092081895
2015-09-16,0.018510738992838113
2015-09-17,0.02040917045818579
2015-09-18,0.01908817373624697
2015-09-21,0.012845644854644801
2015-09-22,0.00983684654496851
2015-09-23,0.009804792320285766
2015-09-24,0.007467588066281049
2015-09-25,0.006435361610302018
2015-09-28,0.01647743245587137
2015-09-29,0.01649589676050533
2015-09-30,0.009880344361931795
2015-10-01,0.009816735146565867
2015-10-02,0.011271793590977672
2015-10-05,0.0030664587630885067
2015-10-06,0.0038589199695282664
2015-10-07,0.004962633859580359
2015-10-08,0.004299829763407307
2015-10-09,0.0028408416440116064
2015-10-12,0.002368613415728412
2015-10-13,0.006375768555615755
2015-10-14,0.007399644819057736
2015-10-15,0.006822617294812144
2015-10-16,0.0018279320337621502
2015-10-19,0.0013999994378295008
2015-10-20,0.0015605475381989184
2015-10-21,0.004860551956956572
2015-10-22,0.004533439570615161
2015-10-23,-0.0012410752598911636
2015-10-26,-0.006098677726061014
2015-10-27,-0.004151619495526823
2015-10-28,-0.003394499921983223
2015-10-29,-0.00596819532751125
2015-10-30,-0.0032675965788798444
2015-11-02,-0.0048686741552116455
2015-11-03,-0.006437531618815228
2015-11-04,-0.005708960095088275
2015-11-05,-0.005501011709612024
2015-11-06,-0.0051982905930221535
2015-11-09,-0.0009885959641439592
2015-11-10,-0.004177109050253414
2015-11-11,-0.003739564422583672
2015-11-12,0.002072867541747266
2015-11-13,0.005222160927486039
2015-11-16,0.005621908134997574
2015-11-17,0.004796377092555732
2015-11-18,0.0036640844295589645
2015-11-19,0.0004643362432542736
2015-11-20,0.00012305314271847737
2015-11-23,0.00048818127632986597
2015-11-24,0.0021023859487722518
2015-11-25,-0.00041259152131440345
2015-11-27,0.00021538602326738251
2015-11-30,0.0015890257969850864
2015-12-01,0.00024097401298337102
2015-12-02,0.006183441548609663
2015-12-03,0.013948157633110546
2015-12-04,0.011206160933773485
2015-12-07,0.008850541870071463
2015-12-08,0.009434149787528805
2015-12-09,0.014680015542371213
2015-12-10,0.009747642894579384
2015-12-11,0.01555420403518149
2015-12-14,0.014068988571323236
2015-12-15,0.010383013913665843
2015-12-16,0.007874564962783256
2015-12-17,0.011406639670818546
2015-12-18,0.013695293693991846
2015-12-21,0.008168841983368553
2015-12-22,0.004719993183515622
2015-12-23,-7.945016759543753e-05
2015-12-24,-8.760489388134202e-05
2015-12-28,0.00020476644348390097
2015-12-29,-0.00028971594563694664
2015-12-30,0.003275307552892821
2015-12-31,0.004532698541184317
2016-01-04,0.008508612536639178
2016-01-05,0.005820835520629021
2016-01-06,0.008517146683671702
2016-01-07,0.015675542944524723
2016-01-08,0.01590857355449035
2016-01-11,0.011704972738714204
2016-01-12,0.010667167077451288
2016-01-13,0.021714030455000977
2016-01-14,0.01589905874739022
2016-01-15,0.011497325618228471
2016-01-19,0.011080074017212053
2016-01-20,0.021178678994647156
2016-01-21,0.017806993830666917
2016-01-22,0.010998479694322516
2016-01-25,0.014455906499823725
2016-01-26,0.015047002517982001
2016-01-27,0.02073247289562493
2016-01-28,0.01625444172035625
2016-01-29,0.018482352736630465
2016-02-01,0.015472428749963412
2016-02-02,0.016804460444783044
2016-02-03,0.02110598377815081
2016-02-04,0.01705033768185719
2016-02-05,0.02119344205128812
2016-02-08,0.02257597998301352
2016-02-09,0.023446811783936837
2016-02-10,0.020711112371781765
2016-02-11,0.02003598636816536
2016-02-12,0.019953877831706667
2016-02-16,0.015198307843904139
2016-02-17,0.01785916413336218
2016-02-18,0.01752081793275058
2016-02-19,0.019002722153205663
2016-02-22,0.014620642092932094
2016-02-23,0.019777226221343668
2016-02-24,0.02308677371647807
2016-02-25,0.018360954916142865
2016-02-26,0.017335089907768754
2016-02-29,0.022602746675425923
2016-03-01,0.01583826342729911
2016-03-02,0.009592071632747291
2016-03-03,0.01450335780762793
2016-03-04,0.012946642537009551
2016-03-07,0.00940688114421627
2016-03-08,0.008098961593087955
2016-03-09,0.007108197595673748
2016-03-10,0.004072553512445056
2016-03-11,0.0030758332088964323
2016-03-14,0.0033777244521863608
2016-03-15,0.01019098291689707
2016-03-16,0.005166137382347207
2016-03-17,-0.0006224649387560309
2016-03-18,0.000427024950038251
2016-03-21,0.007429176962897351
2016-03-22,0.011490716228310483
2016-03-23,0.01009641409651467
2016-03-24,0.009171615878372267
2016-03-28,0.010406884264324352
2016-03-29,0.0048151999098941045
2016-03-30,-0.0032797079261898537
2016-03-31,-0.008739994180353467
2016-04-01,-0.008495649640941249
2016-04-04,-0.014150579798133014
2016-04-05,-0.018070894210771113
2016-04-06,-0.02347650458519636
2016-04-07,-0.01822677890987745
2016-04-08,-0.018805370600288515
2016-04-11,-0.029586776880239078
2016-04-12,-0.023768436086987588
2016-04-13,-0.03404066401442239
2016-04-14,-0.03229112536576627
2016-04-15,-0.03938151963412235
2016-04-18,-0.03892002789581535
2016-04-19,-0.031832376317929074
2016-04-20,-0.03631890470720921
2016-04-21,-0.0319821439267518
2016-04-22,-0.03521068562625239
2016-04-25,-0.03172818648260586
2016-04-26,-0.026411977365010997
2016-04-27,-0.02715853454667795
2016-04-28,-0.02757424283343453
2016-04-29,-0.02387975989744459
2016-05-02,-0.0250289460001824
2016-05-03,-0.02552788252003431
2016-05-04,-0.027468811023373
2016-05-05,-0.026192364370811308
2016-05-06,-0.023491849808178138
2016-05-09,-0.02383253460806521
2016-05-10,-0.02361053363669357
2016-05-11,-0.016003939002603086
2016-05-12,-0.015039288328913287
2016-05-13,-0.012244592843862187
2016-05-16,-0.0156595009711099
2016-05-17,-0.009174111241959966
2016-05-18,-0.011458800348767752
2016-05-19,-0.009871907587881484
2016-05-20,-0.009449372916115367
2016-05-23,-0.0087744004891705
2016-05-24,-0.013990237574766869
2016-05-25,-0.008630270113052714
2016-05-26,-0.006439805844210677
2016-05-27,-0.010891407367293044
2016-05-31,-0.008893778621936558
2016-06-01,-0.00869529753983614
2016-06-02,-0.009736679681834483
2016-06-03,-0.008169610204135574
2016-06-06,-0.005843005981305853
2016-06-07,-0.004479685191932719
2016-06-08,-0.008424765480193393
2016-06-09,-0.01170963397435716
2016-06-10,-0.0035606405206629575
2016-06-13,0.004115613090739071
2016-06-14,0.003145425448414436
2016-06-15,0.0018060317625913794
2016-06-16,0.0006727782269966738
2016-06-17,-0.0002536538004596616
2016-06-20,-0.00037680693420710093
2016-06-21,-0.0028771791643807925
2016-06-22,0.0010642432029555173
2016-06-23,0.0017255933924715952
2016-06-24,0.021950325993594172
2016-06-27,0.023660384993056272
2016-06-28,0.020513387862214336
2016-06-29,0.018122065250953133
2016-06-30,0.02007296964081352
2016-07-01,0.014957074755187849
2016-07-05,0.016621530841796562
2016-07-06,0.01919193894395256
2016-07-07,0.018911165757555474
2016-07-08,0.020801666788474345
2016-07-11,0.01844855061426111
2016-07-12,0.01867106830065393
2016-07-13,0.018809554670017596
2016-07-14,0.015786846654519616
2016-07-15,0.0187119835827057
2016-07-18,0.014268545944908303
2016-07-19,0.015318882965951295
2016-07-20,0.01409680080393582
2016-07-21,0.013029253313249133
2016-07-22,0.012055182551403974
2016-07-25,0.009297444912785512
2016-07-26,0.00652759024089197
2016-07-27,0.008381276047441204
2016-07-28,0.00749459124483595
2016-07-29,0.00718340424748708
2016-08-01,0.00759606979623836
2016-08-02,0.011715779310315672
2016-08-03,0.012012246796130336
2016-08-04,0.014191090847930663
2016-08-05,0.006954769978883016
2016-08-08,0.0043127008660094925
2016-08-09,0.0031138482794481693
2016-08-10,0.006924940009478892
2016-08-11,0.0018102676567530998
2016-08-12,0.0034403559452454505
2016-08-15,0.0013479561989689255
2016-08-16,0.002724840444191603
2016-08-17,0.0029736497079542188
2016-08-18,0.005394755920416938
2016-08-19,0.004359362912000319
2016-08-22,0.0033612576659401063
2016-08-23,0.0027251133836957786
2016-08-24,0.004129330904677451
2016-08-25,0.00392800754019937
2016-08-26,0.008608329671420431
2016-08-29,0.0041328586804808085
2016-08-30,0.005011908024153567
2016-08-31,0.004190967703788928
2016-09-01,0.005399766318966031
2016-09-02,0.0030402398157551736
2016-09-06,-0.00032965235644332944
2016-09-07,-0.0033557369375686753
2016-09-08,-0.003992002152749943
2016-09-09,0.007858733167294851
2016-09-12,0.007577632357484264
2016-09-13,0.008523290564476642
2016-09-14,0.00959599788520607
2016-09-15,0.009526948262560897
2016-09-16,0.006616334745607438
2016-09-19,0.010334524383812101
2016-09-20,0.0027638901427159655
2016-09-21,-0.0018667873091568997
2016-09-22,5.866965488700131e-05
2016-09-23,0.007273655463149096
2016-09-26,0.011884497834748252
2016-09-27,0.013328208393951822
2016-09-28,0.010420222876887715
2016-09-29,0.014924588123901565
2016-09-30,0.010779891676438072
2016-10-03,0.01329573304908116
2016-10-04,0.01659109594583829
2016-10-05,0.015498141246010986
2016-10-06,0.014878837657054968
2016-10-07,0.015283415876490635
2016-10-10,0.010560230879770392
2016-10-11,0.017514965310983455
2016-10-12,0.013765094025761773
2016-10-13,0.016916819438920403
2016-10-14,0.014522046452559601
2016-10-17,0.01533799698209622
2016-10-18,0.014102425692232246
2016-10-19,0.01369920922235654
2016-10-20,0.013609888889022672
2016-10-21,0.014284589287494506
2016-10-24,0.013370956020397552
2016-10-25,0.014080040572578022
2016-10-26,0.013538888054063829
2016-10-27,0.014696888735789268
2016-10-28,0.01559742868056617
2016-10-31,0.01637038766771612
2016-11-01,0.021966020374778992
2016-11-02,0.02223150028287599
2016-11-03,0.022169864434570564
2016-11-04,0.024209885650542096
2016-11-07,0.023154292470470718
2016-11-08,0.019997981451491516
2016-11-09,0.018740041450018924
2016-11-10,0.016580273644788528
2016-11-11,0.014305244632450087
2016-11-14,0.013468400241603007
2016-11-15,0.011646417774191006
2016-11-16,0.011472722601168333
2016-11-17,0.010057032600632104
2016-11-18,0.010322205299288493
2016-11-21,0.007234641362252764
2016-11-22,0.007968780265759264
2016-11-23,0.006569846233814231
2016-11-25,0.004254290853615832
2016-11-28,0.006062627763097985
2016-11-29,0.006993615034008896
2016-11-30,0.009293574206411066
2016-12-01,0.01118233426460414
2016-12-02,0.009883437498756786
2016-12-05,0.002337080354900256
2016-12-06,0.004828406817667054
2016-12-07,-0.00016352617869764934
2016-12-08,-0.0032004582057449053
2016-12-09,-0.0028076076177956846
2016-12-12,-0.0030205712658407952
2016-12-13,-0.005827982551737113
2016-12-14,0.0016124024289080486
2016-12-15,0.004459840108402616
2016-12-16,0.004444183130413739
2016-12-19,0.000152882133370235
2016-12-20,-0.004515983835200332
2016-12-21,-0.0027856676402532995
2016-12-22,-0.00027749908798176733
2016-12-23,-0.004073574801999133
2016-12-27,-0.002137186640084403
2016-12-28,-0.0002369551424507444
2016-12-29,-0.002446676318934426
2016-12-30,0.0001370518302435935
2017-01-03,-0.001582615403591973
2017-01-04,-0.00525132283960046
2017-01-05,-0.0035346641241197786
2017-01-06,-0.006922259390825377
2017-01-09,-0.006344098280696512
2017-01-10,-0.006546882220388354
2017-01-11,-0.006619405400122118
2017-01-12,-0.006333630089424225
2017-01-13,-0.005962788601655741
2017-01-17,-0.003736472966698972
2017-01-18,-0.00479678249743689
2017-01-19,-0.0031628165761231047
2017-01-20,-0.0030975009184744315
2017-01-23,-0.0028646912392067715
2017-01-24,-0.003822223941333658
2017-01-25,-0.007209117596885039
2017-01-26,-0.007777815331647538
2017-01-27,-0.0073636898442309105
2017-01-30,-0.006418199580927765
2017-01-31,-0.007611819520323722
2017-02-01,-0.007751705185971016
2017-02-02,-0.007816599803020319
2017-02-03,-0.004473559329538914
2017-02-06,-0.002946588112111549
2017-02-07,-0.0007899338657532673
2017-02-08,-0.0011860325200604652
2017-02-09,-0.002183436002729272
2017-02-10,-0.0026181511262465176
2017-02-13,-0.001498443177740864
2017-02-14,-0.0021647637562407195
2017-02-15,-0.0015550125500171635
2017-02-16,-0.0018536965910282699
2017-02-17,-0.0011505372154014884
2017-02-21,-0.0018317455720875345
2017-02-22,-0.001672060162633016
2017-02-23,-0.0005154833408866216
2017-02-24,-0.0019348060934644695
2017-02-27,-0.002575363096674308
2017-02-28,-0.002970352807996169
2017-03-01,-0.005783145138181962
2017-03-02,-0.004959022383062303
2017-03-03,-0.0027548036066636656
2017-03-06,-0.002197917386077452
2017-03-07,0.0011093727471268335
2017-03-08,0.0022518616846644354
2017-03-09,0.002813186329213643
2017-03-10,0.002163205031708559
2017-03-13,0.002659013745736156
2017-03-14,0.002458325820542428
2017-03-15,0.0008349307274736232
2017-03-16,0.00035541607420716374
2017-03-17,0.0013204490241884737
2017-03-20,0.0031390970129162865
2017-03-21,0.007341513585072231
2017-03-22,0.004645463212810606
2017-03-23,0.005785021738780896
2017-03-24,0.006046141237011079
2017-03-27,0.005232726847050019
2017-03-28,0.0049529654809132885
2017-03-29,0.0021667632924520785
2017-03-30,0.0034491754890772393
2017-03-31,0.005151719002681189
2017-04-03,0.006335765269223885
2017-04-04,0.008017986006980516
2017-04-05,0.009314628804317528
2017-04-06,0.00830908849271057
2017-04-07,0.009023236804321034
2017-04-10,0.009092382395256208
2017-04-11,0.009155545356258194
2017-04-12,0.008740970772617103
2017-04-13,0.01087093147237616
2017-04-17,0.008766614313503722
2017-04-18,0.009778188545598082
2017-04-19,0.010307006769085057
2017-04-20,0.01069425992907865
2017-04-21,0.012074543018486667
2017-04-24,0.01161917131464751
2017-04-25,0.00908981976579193
2017-04-26,0.008803564363686619
2017-04-27,0.009314684273977665
2017-04-28,0.010670798660566656
2017-05-01,0.009861168746568302
2017-05-02,0.009560809614664045
2017-05-03,0.009645945108957343
2017-05-04,0.008200629629498923
2017-05-05,0.007828341444289302
2017-05-08,0.008161760952842587
2017-05-09,0.008845954466561662
2017-05-10,0.008828533824454575
2017-05-11,0.010488579605917224
2017-05-12,0.011250059660916994
2017-05-15,0.01015338681323657
2017-05-16,0.010169139679430693
2017-05-17,0.016590360641609236
2017-05-18,0.014385384972539253
2017-05-19,0.012442292086256052
2017-05-22,0.011509441791906588
2017-05-23,0.011237581397557758
2017-05-24,0.010363906046189923
2017-05-25,0.012728849293564734
2017-05-26,0.011179263082157583
2017-05-30,0.010710282215664075
2017-05-31,0.01045597953372125
2017-06-01,0.009362690712686566
2017-06-02,0.007501095701737507
2017-06-05,0.006419020606702929
2017-06-06,0.007612012392243306
2017-06-07,0.006939802117953768
2017-06-08,0.006539468031043999
2017-06-09,0.009281600867565864
2017-06-12,0.007600763308148016
2017-06-13,0.006229832098941271
2017-06-14,0.006483656552959128
2017-06-15,0.004043355222434914
2017-06-16,0.004118439299037807
2017-06-19,0.0023141301179773477
2017-06-20,0.003743010630560619
2017-06-21,0.004040588012947432
2017-06-22,0.005364720995767952
2017-06-23,0.0058633871854477555
2017-06-26,0.00616661827638253
2017-06-27,0.007256115406145016
2017-06-28,0.0049491066974105295
2017-06-29,0.008528816352881951
2017-06-30,0.006037948635777221
2017-07-03,0.005776198410375756
2017-07-05,0.005707916103825185
2017-07-06,0.008351109893265814
2017-07-07,0.006865624716788231
2017-07-10,0.005733371413140416
2017-07-11,0.0051387891414167025
2017-07-12,0.00575377062959155
2017-07-13,0.004070961134757131
2017-07-14,0.004257194274601913
2017-07-17,0.0046751515566031895
2017-07-18,0.003706464089793488
2017-07-19,0.004570465200828666
2017-07-20,0.006439740931313374
2017-07-21,0.006381515383540851
2017-07-24,0.0065300093938414705
2017-07-25,0.005635036735078561
2017-07-26,0.00560307074226
2017-07-27,0.006469237607867287
2017-07-28,0.005403484244249585
2017-07-31,0.005783468618818152
2017-08-01,0.005823144697294388
2017-08-02,0.005293089356440118
2017-08-03,0.004859966956567201
2017-08-04,0.004651342501308225
2017-08-07,0.0034569733922764877
2017-08-08,0.0042556349832406325
2017-08-09,0.004692541635165687
2017-08-10,0.008237956873453394
2017-08-11,0.003194370166293702
2017-08-14,0.002440871633373416
2017-08-15,0.0032311083476940393
2017-08-16,0.004065452727823236
2017-08-17,0.00934552063435555
2017-08-18,0.009012985689388662
2017-08-21,0.00856449654180339
2017-08-22,0.007728902255432359
2017-08-23,0.007502063334444367
2017-08-24,0.00960543693810047
2017-08-25,0.010657766014482208
2017-08-28,0.010605248270096212
2017-08-29,0.010957292536617763
2017-08-30,0.008911091747965371
2017-08-31,0.009380462669849165
2017-09-01,0.009028794219668308
2017-09-05,0.010792905609601139
2017-09-06,0.00872619247012523
2017-09-07,0.010021546566824474
2017-09-08,0.010324298185461031
2017-09-11,0.008948474249939881
2017-09-12,0.00804593769355625
2017-09-13,0.00962333679448845
2017-09-14,0.008379153991985574
2017-09-15,0.007977557336043963
2017-09-18,0.007116187385235058
2017-09-19,0.0075727375633164555
2017-09-20,0.007912020948166634
2017-09-21,0.006822758073337523
2017-09-22,0.008929108710453645
2017-09-25,0.007269942266603166
2017-09-26,0.0075913808882053496
2017-09-27,0.008095543348836179
2017-09-28,0.007137371085228962
2017-09-29,0.006108719750785196
2017-10-02,0.005746367302525925
2017-10-03,0.006212148253942229
2017-10-04,0.005939209855970193
2017-10-05,0.006253114371153171
2017-10-06,0.007710114710084806
2017-10-09,0.007434527472613303
2017-10-10,0.006704787020771516
2017-10-11,0.006762388986201781
2017-10-12,0.007413651813308966
2017-10-13,0.007119742685671927
2017-10-16,0.006347870983556614
2017-10-17,0.006375062789492749
2017-10-18,0.006915302312246246
2017-10-19,0.006638925000474677
2017-10-20,0.005807214022991865
2017-10-23,0.006112302546339732
2017-10-24,0.005666694747471229
2017-10-25,0.006067598347218639
2017-10-26,0.006259155255119785
2017-10-27,0.004485190639404165
2017-10-30,0.005021015135082818
2017-10-31,0.00532393137336693
2017-11-01,0.004913119069723911
2017-11-02,0.0048784387742191555
2017-11-03,0.0015149838772676406
2017-11-06,0.0030490373108403735
2017-11-07,0.004489451705940424
2017-11-08,0.004047011063553543
2017-11-09,0.004661445717653283
2017-11-10,0.0005167181559885079
2017-11-13,0.00028592002965456553
2017-11-14,0.0006794714718678166
2017-11-15,0.002804731410669269
2017-11-16,0.0003304001061930923
2017-11-17,0.0006594115533633711
2017-11-20,0.001062824879907426
2017-11-21,-0.0002511315613108779
2017-11-22,0.0011619522742511426
2017-11-24,0.0020310863946716136
2017-11-27,0.0031358213792926116
2017-11-28,0.0018116547095045569
2017-11-29,0.000803976640761055
2017-11-30,7.29268889299358e-05
2017-12-01,7.111626940828168e-05
2017-12-04,0.0003351637824485238
2017-12-05,0.0025257145325127007
2017-12-06,0.0032053536764692636
2017-12-07,0.0025393731870772497
2017-12-08,0.0028255973696726666
2017-12-11,0.003190179977219868
2017-12-12,0.0033497461181941973
2017-12-13,0.00437988424805116
2017-12-14,0.005801681716540579
2017-12-15,0.005339360603462833
2017-12-18,0.0042560466344930695
2017-12-19,0.005311771144551782
2017-12-20,0.005055491312871558
2017-12-21,0.005498737780548112
2017-12-22,0.005955209931630751
2017-12-26,0.006288964684262616
2017-12-27,0.00625449348265349
2017-12-28,0.006405700020399826
2017-12-29,0.00823970449067631
2018-01-02,0.007892147196112257
2018-01-03,0.007303690561512357
2018-01-04,0.0070230799317179855
2018-01-05,0.007263438180069864
2018-01-08,0.005954361555965387
2018-01-09,0.004779657354707126
2018-01-10,0.005357455057920253
2018-01-11,0.004470298375011093
2018-01-12,0.004568622339860606
2018-01-16,0.005439873056639018
2018-01-17,0.0029895469265969667
2018-01-18,0.0030848324142845815
2018-01-19,0.0018587870275113133
2018-01-22,0.00042845697656502743
2018-01-23,-0.0015796093840282441
2018-01-24,-0.001974350932235632
2018-01-25,-0.0002525327478130196
2018-01-26,-0.003115881586331715
2018-01-29,-0.002354045130459056
2018-01-30,-0.0005267017795659735
2018-01-31,-0.0020000491461759484
2018-02-01,-0.0002758891041634414
2018-02-02,0.0023892202815330547
2018-02-05,0.006374768266385018
2018-02-06,0.004064500946118462
2018-02-07,0.005648848239492046
2018-02-08,0.013396872369920976
2018-02-09,0.002257788173621489
2018-02-12,0.01004235810598525
2018-02-13,0.008475865432021387
2018-02-14,0.00829841846515459
2018-02-15,0.005738242418047402
2018-02-16,0.005813957972542285
2018-02-20,0.008022217071354774
2018-02-21,0.008488696724395969
2018-02-22,0.008461460703978477
2018-02-23,0.004888302839661414
2018-02-26,0.0037314317236218433
2018-02-27,0.005534341791453984
2018-02-28,0.008490338115733643
2018-03-01,0.009670091288543563
2018-03-02,0.008261978896257597
2018-03-05,0.006742903741275018
2018-03-06,0.011345354734956136
2018-03-07,0.009745111970091362
2018-03-08,0.01034939851113844
2018-03-09,0.012412125223551855
2018-03-12,0.009767475090892746
2018-03-13,0.009312042968957705
2018-03-14,0.008811718492053021
2018-03-15,0.010613393402116611
2018-03-16,0.01160865059307328
2018-03-19,0.0126353864840811
2018-03-20,0.012086526363467758
2018-03-21,0.012990510523327772
2018-03-22,0.016810527416118905
2018-03-23,0.019457222095998903
2018-03-26,0.014463482026205069
2018-03-27,0.017482531187873865
2018-03-28,0.01739952218749489
2018-03-29,0.017151922918262185
2018-04-02,0.021871483668700523
2018-04-03,0.020165535154373006
2018-04-04,0.019777760024664227
2018-04-05,0.018424872232003432
2018-04-06,0.022175857748165412
2018-04-09,0.020106688286215365
2018-04-10,0.019480317548733264
2018-04-11,0.021634281798449374
2018-04-12,0.019742394108780908
2018-04-13,0.0223097519901828
2018-04-16,0.020514694391331453
2018-04-17,0.020760671809547437
2018-04-18,0.02202658702534375
2018-04-19,0.02348612693871588
2018-04-20,0.02594001666723708
2018-04-23,0.026573198990965927
2018-04-24,0.03020143035636532
2018-04-25,0.029485928967214362
2018-04-26,0.025839390697730426
2018-04-27,0.025212507083309292
2018-04-30,0.027370616918961886
2018-05-01,0.021828524363975386
2018-05-02,0.013259447419743976
2018-05-03,0.018002424521627945
2018-05-04,0.016065481185428377
2018-05-07,0.006322856987679274
2018-05-08,0.009475093007713145
2018-05-09,0.011534654828363279
2018-05-10,0.01069383912510686
2018-05-11,0.013030726035110136
2018-05-14,0.015544089044024725
2018-05-15,0.01660182837363615
2018-05-16,0.014078653710435828
2018-05-17,0.013530544079675478
2018-05-18,0.014775762842047848
2018-05-21,0.017117926861902028
2018-05-22,0.020633602451776388
2018-05-23,0.017468966202764967
2018-05-24,0.01499603538517693
2018-05-25,0.011899380467962517
2018-05-29,0.015420534102957673
2018-05-30,0.015458455268268959
2018-05-31,0.017329067621003197
2018-06-01,0.015589929212246428
2018-06-04,0.015252150421610294
2018-06-05,0.01862248454044444
2018-06-06,0.01691719183379336
2018-06-07,0.015242609103587205
2018-06-08,0.013507752896727683
2018-06-11,0.012684273033413615
2018-06-12,0.012704327558438946
2018-06-13,0.010587475350008653
2018-06-14,0.010491452811356362
2018-06-15,0.010591846529017648
2018-06-18,0.00450570882267554
2018-06-19,0.00040391587153784485
2018-06-20,0.005911687543230827
2018-06-21,0.002867154448735221
2018-06-22,0.002061109624241552
2018-06-25,0.007387852110533024
2018-06-26,0.002033728199271269
2018-06-27,0.0064331317601902735
2018-06-28,0.00786067632450666
2018-06-29,0.009767430071652605
2018-07-02,0.003735347968398712
2018-07-03,0.005341300689009197
2018-07-05,0.007219178596539232
2018-07-06,0.004524902417206635
2018-07-09,0.004431451980799992
2018-07-10,0.0030771944596994037
2018-07-11,0.006206813062850177
2018-07-12,0.006549864738136877
2018-07-13,0.006439353323788023
2018-07-16,0.005539837161248621
2018-07-17,0.0030295815650035413
2018-07-18,0.0029969366075820077
2018-07-19,0.0006149996868259223
2018-07-20,0.0021677656425435343
2018-07-23,0.003676743714567457
2018-07-24,0.004193657964228251
2018-07-25,0.0008136566555805493
2018-07-26,0.002631342069101068
2018-07-27,0.0016784318870724565
2018-07-30,0.002558037971527474
2018-07-31,0.005055651204598424
2018-08-01,0.006265137974651176
2018-08-02,0.005035583301628944
2018-08-03,0.006578846324530631
2018-08-06,0.007019186650968028
2018-08-07,0.007400339323295966
2018-08-08,0.008295117977687477
2018-08-09,0.0064319432144923075
2018-08-10,0.008590856975984842
2018-08-13,0.008971687278361465
2018-08-14,0.007013397302052544
2018-08-15,0.010741212766880308
2018-08-16,0.008839057804783768
2018-08-17,0.008459647718084093
2018-08-20,0.008072226920147946
2018-08-21,0.006908355268741893
2018-08-22,0.0037593202603789858
2018-08-23,0.007090145256268786
2018-08-24,0.005408196557633698
2018-08-27,0.006301377209579222
2018-08-28,0.006696433832286233
2018-08-29,0.0054319194453888
2018-08-30,0.008316953064924894
2018-08-31,0.008870950963445066
2018-09-04,0.009483167711882116
2018-09-05,0.011116021191203992
2018-09-06,0.010851625643722529
2018-09-07,0.011696485642289792
2018-09-10,0.01217431730188139
2018-09-11,0.00941343194484088
2018-09-12,0.010633095285436161
2018-09-13,0.008428606845234339
2018-09-14,0.008059175646816082
2018-09-17,0.007654521916905613
2018-09-18,0.005637311560799717
2018-09-19,0.00246256976173561
2018-09-20,0.0015583345579406258
2018-09-21,0.0010760129050132721
2018-09-24,0.0007496270314201435
2018-09-25,0.0008119450332428335
2018-09-26,0.0018093442951836215
2018-09-27,8.695879432756189e-05
2018-09-28,0.0032685086972470273
2018-10-01,0.003320783492036101
2018-10-02,0.006028651053837919
2018-10-03,0.006757882784767587
2018-10-04,0.006714148172831092
2018-10-05,0.009213775181815192
2018-10-08,0.009866398012218268
2018-10-09,0.01024628506821341
2018-10-10,0.014253097784818688
2018-10-11,0.020084234525976432
2018-10-12,0.018138040699731676
2018-10-15,0.02093353298332498
2018-10-16,0.014282945336660595
2018-10-17,0.015599888568184922
2018-10-18,0.01942470429819572
2018-10-19,0.020015434700795663
2018-10-22,0.019699979064702364
2018-10-23,0.01597124149768866
2018-10-24,0.021045326821226777
2018-10-25,0.019222752329511407
2018-10-26,0.01953348810761793
2018-10-29,0.019047520023516284
2018-10-30,0.023230123340762174
2018-10-31,0.023611130290497988
2018-11-01,0.02145878063032792
2018-11-02,0.020151008649027448
2018-11-05,0.020230881492567514
2018-11-06,0.018766622693602488
2018-11-07,0.018072552749400655
2018-11-08,0.01903286500806041
2018-11-09,0.019749496344379957
2018-11-12,0.02248922061239996
2018-11-13,0.022146877369162703
2018-11-14,0.022361202930374732
2018-11-15,0.0206179057435874
2018-11-16,0.021848204306583803
2018-11-19,0.024350380125370275
2018-11-20,0.030724704388663038
2018-11-21,0.03479186065484304
2018-11-23,0.031307525174686185
2018-11-26,0.027493663436259055
2018-11-27,0.026029117314142373
2018-11-28,0.01991355519308659
2018-11-29,0.019458614099780037
2018-11-30,0.017742342894927685
2018-12-03,0.01525192706459054
2018-12-04,0.013349609641363582
2018-12-06,0.014221688655448627
2018-12-07,0.01564458220686497
2018-12-10,0.017772129294070155
2018-12-11,0.018990482926909306
2018-12-12,0.018560904124414315
2018-12-13,0.018966387484985844
2018-12-14,0.01953539777812688
2018-12-17,0.020029200363755648
2018-12-18,0.022225673012676223
2018-12-19,0.02038039680248843
2018-12-20,0.025501994104114988
2018-12-21,0.027891163236556125
2018-12-24,0.0326562235422055
2018-12-26,0.028454955874502346
2018-12-27,0.027986220694700137
2018-12-28,0.02925561295966459
2018-12-31,0.02857520287704141
2019-01-02,0.02868101498478317
2019-01-03,0.0333870106899512
2019-01-04,0.030123404098519106
2019-01-07,0.029419471134002412
2019-01-08,0.028049274442909257
2019-01-09,0.027706837282010593
2019-01-10,0.028281202954338953
2019-01-11,0.02826387052203868
2019-01-14,0.031106359128133414
2019-01-15,0.031024074879721156
2019-01-16,0.031598076761524235
2019-01-17,0.02977576683444855
2019-01-18,0.026959028426595845
2019-01-22,0.02926329924948321
2019-01-23,0.029006765885298068
2019-01-24,0.029895337497846782
2019-01-25,0.028891547628390385
2019-01-28,0.03157714748995446
2019-01-29,0.03311552791340049
2019-01-30,0.030764621623462957
2019-01-31,0.029391554610280826
2019-02-01,0.029578348233744514
2019-02-04,0.027454369225543805
2019-02-05,0.026143184705306893
2019-02-06,0.028078035798978156
2019-02-07,0.028888082430599663
2019-02-08,0.02910702803128524
2019-02-11,0.028617995951621476
2019-02-12,0.025942418931386255
2019-02-13,0.025282955282200453
2019-02-14,0.025513537392079608
2019-02-15,0.02313935524861266
2019-02-19,0.023273232775767136
2019-02-20,0.0236542853374885
2019-02-21,0.024348115883708506
2019-02-22,0.023633161750858306
2019-02-25,0.023003687910034556
2019-02-26,0.022848299196012598
2019-02-27,0.022706985193119953
2019-02-28,0.02225627612720032
2019-03-01,0.020532251212121825
2019-03-04,0.02121468588647387
2019-03-05,0.02184723992390814
2019-03-06,0.023740635903741883
2019-03-07,0.025605756556951374
2019-03-08,0.02762282023113597
2019-03-11,0.02485915432497078
2019-03-12,0.02341664817339357
2019-03-13,0.022591758300220643
2019-03-14,0.022617685192989345
2019-03-15,0.023036775160207672
2019-03-18,0.0224691114302435
2019-03-19,0.021889426827559566
2019-03-20,0.022250269766346115
2019-03-21,0.01867837277022613
2019-03-22,0.02361840961477192
2019-03-25,0.024640731859667496
2019-03-26,0.023635774870861496
2019-03-27,0.024959793516219395
2019-03-28,0.024646067155183145
2019-03-29,0.021740269633885794
2019-04-01,0.018110733864791808
2019-04-02,0.018401827035786914
2019-04-03,0.017458117986387394
2019-04-04,0.012548931422261725
2019-04-05,0.0070878665005547495
2019-04-08,0.00941396280187465
2019-04-09,0.01024021720765177
2019-04-10,0.01259990126515329
2019-04-11,0.012910433995492788
2019-04-12,0.009275868851706176
2019-04-15,0.009963104551075658
2019-04-16,0.008921906257812681
2019-04-17,0.008764412487397346
2019-04-18,0.0034413491884068637
2019-04-22,0.007147662121308517
2019-04-23,0.0018118810813216955
2019-04-24,0.0012303554845894994
2019-04-25,0.004265742160091712
2019-04-26,0.004865640910403512
2019-04-29,0.00665787233096226
2019-04-30,0.005575625004579856
2019-05-01,0.008309871718287194
2019-05-02,0.00980878063306197
2019-05-03,0.010730547275650683
2019-05-06,0.010570889782981758
2019-05-07,0.012926954966981416
2019-05-08,0.01059100249994784
2019-05-09,0.010283125538352597
2019-05-10,0.006779365513978423
2019-05-13,0.016664131490388645
2019-05-14,0.01476658400440694
2019-05-15,0.009529008803592406
2019-05-16,0.004141890680173978
2019-05-17,0.006949024698422591
2019-05-20,0.0078118243427344304
2019-05-21,0.008050999377231634
2019-05-22,0.009466814153626896
2019-05-23,0.016511458125203465
2019-05-24,0.016198440221278903
2019-05-28,0.01849707004282475
2019-05-29,0.023868622823320987
2019-05-30,0.017657861970094054
2019-05-31,0.022008682720626546
2019-06-03,0.017494677561231898
2019-06-04,0.009914278449200278
2019-06-05,0.008084917389513474
2019-06-06,0.006555333891626734
2019-06-07,0.0028105244170195925
2019-06-10,-0.0013322338683725982
2019-06-11,-0.005820742073508691
2019-06-12,-0.003880923659545503
2019-06-13,-0.007689907875785367
2019-06-14,-0.010169565239350784
2019-06-17,-0.013436351617931852
2019-06-18,-0.021358044563083163
2019-06-19,-0.010504752724685106
2019-06-20,-0.011380224980511937
2019-06-21,-0.009291363829110147
2019-06-24,-0.006345031546127974
2019-06-25,-0.0033493196415652054
2019-06-26,-0.0046469162691188115
2019-06-27,0.00012186169008617138
2019-06-28,0.00047156912166288097
2019-07-01,-0.0009767057808813123
2019-07-02,-0.00022559225973273027
2019-07-03,-0.0018037779718040846
2019-07-05,-0.00218753076719045
2019-07-08,-0.001266072298697022
2019-07-09,-0.0006614250038288801
2019-07-10,-0.0016707008102351158
2019-07-11,-0.0010766612621803655
2019-07-12,-0.0005232296908300529
2019-07-15,-0.0021767757599177005
2019-07-16,-0.0014607255808973488
2019-07-17,-6.256005244738294e-06
2019-07-18,-0.00024412434168556187
2019-07-19,-0.0002674714946441503
2019-07-22,0.00010721784096823402
2019-07-23,-2.5602358919407653e-05
2019-07-24,-0.0005465550299943653
2019-07-25,0.0014583120402016612
2019-07-26,0.0007960551311825218
2019-07-29,0.002375757345666106
2019-07-30,0.0024942717099347284
2019-07-31,0.0008370659948548666
2019-08-01,0.002617006628915849
2019-08-02,0.008210541626041346
2019-08-05,0.016049676643941437
2019-08-06,0.014860796995975964
2019-08-07,0.011463323067123622
2019-08-08,0.009253473624115363
2019-08-09,0.01241696068149947
2019-08-12,0.015449019627305577
2019-08-13,0.008250900498979565
2019-08-14,0.019784143105165318
2019-08-15,0.020812821667084574
2019-08-16,0.01501294271849372
2019-08-19,0.013735820220571623
2019-08-20,0.01523072823070719
2019-08-21,0.014632507730281817
2019-08-22,0.011830369985589692
2019-08-23,0.01411668668806839
2019-08-26,0.016740153539452816
2019-08-27,0.015617060101923137
2019-08-28,0.0132474342678396
2019-08-29,0.012271964872038394
2019-08-30,0.012576342943786498
2019-09-03,0.015598395397285516
2019-09-04,0.012453887260701612
2019-09-05,0.006174951109432864
2019-09-06,0.009827980804986921
2019-09-09,0.008926704456494138
2019-09-10,0.008526991852298183
2019-09-11,0.007458191645845937
2019-09-12,0.003779436324846966
2019-09-13,0.00476462872704334
2019-09-16,0.007033091512626885
2019-09-17,0.006128105368882117
2019-09-18,0.004869008421679085
2019-09-19,0.007479230886789824
2019-09-20,0.009717584677534141
2019-09-23,0.011505246974838186
2019-09-24,0.01123476315725757
2019-09-25,0.010759615920768384
2019-09-26,0.013972511903455938
2019-09-27,0.013973878547238045
2019-09-30,0.014909772768817726
2019-10-01,0.015526557616871155
2019-10-02,0.023052875055693922
2019-10-03,0.02024439639808582
2019-10-04,0.01757051278891853
2019-10-07,0.020611238123367823
2019-10-08,0.02536662806557953
2019-10-09,0.024052921401055045
2019-10-10,0.020739170869915703
2019-10-11,0.01898366123410358
2019-10-14,0.02131408442565135
2019-10-15,0.015135912389546494
2019-10-16,0.018670362349527972
2019-10-17,0.01714630221686983
2019-10-18,0.01801192381326476
2019-10-21,0.015755140650447887
2019-10-22,0.015561485231584661
2019-10-23,0.017171272500155654
2019-10-24,0.015662931505790522
2019-10-25,0.009879868050582013
2019-10-28,0.010030853442062154
2019-10-29,0.008711299296836913
2019-10-30,0.006153401525120238
2019-10-31,0.004002028690872738
2019-11-01,0.004193686926452151
2019-11-04,0.004295443380750384
2019-11-05,0.0057647129432008394
2019-11-06,0.005289616505541444
2019-11-07,0.0027212961126817023
2019-11-08,0.004226900715853804
2019-11-11,0.005479455136870578
2019-11-12,0.0024784926055452933
2019-11-13,0.0028747716634174095
2019-11-14,0.0014704739593295723
2019-11-15,-0.0023673828288553554
2019-11-18,-0.0007867717352665945
2019-11-19,-0.002893277798930243
2019-11-20,-0.0026492457660040637
2019-11-21,0.003790813642762801
2019-11-22,0.0048462511302237166
2019-11-25,0.003325656511004702
2019-11-26,0.004891851800102602
2019-11-27,0.003955380106523802
2019-11-29,0.0053703036780113796
2019-12-02,0.0057343497337321424
2019-12-03,0.01065180501454865
2019-12-04,0.009203355255150064
2019-12-05,0.008641461512840157
2019-12-06,0.007269249037903961
2019-12-09,0.009053444517193282
2019-12-10,0.01085434149725028
2019-12-11,0.010424515238247282
2019-12-12,0.003473310006587526
2019-12-13,0.003783140440182465
2019-12-16,0.0012012777632066842
2019-12-17,0.004907706232549786
2019-12-18,0.006419710459718536
2019-12-19,0.005411183935222438
2019-12-20,0.003091837709338423
2019-12-23,0.007139269367698723
2019-12-24,0.007475122998892859
2019-12-26,0.004367823704987201
2019-12-27,0.005339651725541035
2019-12-30,0.006954019583398956
2019-12-31,0.006832425030444991
2020-01-02,0.003816665321444125
2020-01-03,0.007605799642196682
2020-01-06,0.004682689564914435
2020-01-07,0.0078109267194875435
2020-01-08,0.004131121971423144
2020-01-09,0.0034406254348585893
2020-01-10,0.004019726265007118
2020-01-13,0.003684676168066373
2020-01-14,0.005837410327808835
2020-01-15,0.0049499575275461696
2020-01-16,0.003567394540776734
2020-01-17,0.0027945476877496867
2020-01-21,0.0035706039697227052
2020-01-22,0.001568279412265259
2020-01-23,-0.001222285878626701
2020-01-24,-0.001724578812363273
2020-01-27,0.0018140832947205875
2020-01-28,-0.0017493669332731034
2020-01-29,0.000654836721334557
2020-01-30,0.0003246999286836867
2020-01-31,0.002963832036392765
2020-02-03,0.0016914879835979394
2020-02-04,-0.00040752959852147046
2020-02-05,-0.011021292885159245
2020-02-06,-0.010954397267078508
2020-02-07,-0.007642238360037759
2020-02-10,-0.010807244579157943
2020-02-11,-0.012510157239899733
2020-02-12,-0.013628812236558983
2020-02-13,-0.01756509735101386
2020-02-14,-0.02282563268948783
2020-02-18,-0.02483319963100747
2020-02-19,-0.028460646905579493
2020-02-20,-0.030762357321581148
2020-02-21,-0.016134405388111
2020-02-24,-0.020025234460290305
2020-02-25,-0.003068980393288738
2020-02-26,-0.009801289443012309
2020-02-27,-0.02758416991038895
2020-02-28,0.00840975053421638
2020-03-02,-0.01949573696567947
2020-03-03,-0.04665767481313764
2020-03-04,-0.013175166631340902
2020-03-05,-0.011424774311369065
2020-03-06,0.007779185605489396
2020-03-09,-0.02792784905595649
2020-03-10,-0.01272027123238306
2020-03-11,0.021561143570605568
2020-03-12,-0.0528138336045654
2020-03-13,-0.060895247300844
2020-03-16,-0.026181364281157853
2020-03-17,0.02293667586682418
2020-03-18,0.04537859482510347
2020-03-19,0.07726960345932785
2020-03-20,0.09420929088921287
2020-03-23,0.1266502157854118
2020-03-24,0.09583696555299558
2020-03-25,0.06257757468624005
2020-03-26,0.03998911744889954
2020-03-27,0.0717779026444699
2020-03-30,0.07186184899068143
2020-03-31,0.07490554090883324
2020-04-01,0.09474168505064441
2020-04-02,0.09428386376820473
2020-04-03,0.10364970516540473
2020-04-06,0.021109530957619426
2020-04-07,0.06149696945180908
2020-04-08,0.03591134131284085
2020-04-09,0.00912865417401847
2020-04-13,0.04802579050160082
2020-04-14,-0.0010889562658975803
2020-04-15,0.029174545537746864
2020-04-16,0.018169259273963095
2020-04-17,0.0010267619505245074
2020-04-20,0.004281189482527285
2020-04-21,0.017958657989062696
2020-04-22,0.04097318505978576
2020-04-23,0.043354534766074176
2020-04-24,0.04903875300974808
2020-04-27,0.040490569153141545
2020-04-28,0.04659573021470317
2020-04-29,0.029208038313269444
2020-04-30,0.026750343091462528
2020-05-01,0.041987019740683695
2020-05-04,0.047675325970312536
2020-05-05,0.05715028913519031
2020-05-06,0.06325258738242161
2020-05-07,0.06519529079636956
2020-05-08,0.058594884744877174
2020-05-11,0.058328558823281106
2020-05-12,0.07072692797021572
2020-05-13,0.07344004362526109
2020-05-14,0.06357552691492777
2020-05-15,0.07341642584885737
2020-05-18,0.054293183613767504
2020-05-19,0.060190854211133904
2020-05-20,0.056949207625047585
2020-05-21,0.06052536120604987
2020-05-22,0.06247921894187243
2020-05-26,0.049697780701120665
2020-05-27,0.036877167357836305
2020-05-28,0.04724883328342269
2020-05-29,0.03951175369614324
2020-06-01,0.04332676063561604
2020-06-02,0.03541667553633789
2020-06-03,0.026358998183968946
2020-06-04,0.027237280719091747
2020-06-05,0.008447511501692807
2020-06-08,0.009190650830045053
2020-06-09,0.012483621691963527
2020-06-10,0.009482292455868681
2020-06-11,0.018911333474835812
2020-06-12,0.01601015152808216
2020-06-15,0.020003040333902447
2020-06-16,0.014608958971149489
2020-06-17,0.02647209316308266
2020-06-18,0.028983948803934102
2020-06-19,0.021213116855608297
2020-06-22,0.024893751504696793
2020-06-23,0.026298938908984434
2020-06-24,0.03365189758006275
2020-06-25,0.03162200902986903
2020-06-26,0.040811080955209814
2020-06-29,0.03789502649233713
2020-06-30,0.02975235577856796
2020-07-01,0.03351388225830669
2020-07-02,0.02905557883415854
2020-07-06,0.027807018023053492
2020-07-07,0.031972910959393766
2020-07-08,0.030668516164065726
2020-07-09,0.029276553716996424
2020-07-10,0.02995212424088014
2020-07-13,0.03001833089570594
2020-07-14,0.026197701219326998
2020-07-15,0.025566438693102038
2020-07-16,0.030329380767589356
2020-07-17,0.0219904367250605
2020-07-20,0.022096799083190594
2020-07-21,0.021802037879007634
2020-07-22,0.021081053815479662
2020-07-23,0.017423392069221024
2020-07-24,0.0257189444674716
2020-07-27,0.03161245239831295
2020-07-28,0.04061886798029404
2020-07-29,0.03915197500588847
2020-07-30,0.03744700687869735
2020-07-31,0.031570126267050386
2020-08-03,0.0387484374541854
2020-08-04,0.04047206923386503
2020-08-05,0.03787130430022494
2020-08-06,0.03402678091574516
2020-08-07,0.03172376888918025
2020-08-10,0.03351192491493764
2020-08-11,0.03434816446719332
2020-08-12,0.02629609508963763
2020-08-13,0.017170552968207527
2020-08-14,0.005282052890440449
2020-08-17,0.005741229691077102
2020-08-18,-0.01325288734505152
2020-08-19,-0.016876458325592515
2020-08-20,0.00247960901292741
2020-08-21,-0.013514503449595355
2020-08-24,-0.0027283114197431384
2020-08-25,-0.015311824153072836
2020-08-26,-0.02871649363669147
2020-08-27,-0.06630561340659949
2020-08-28,-0.045288255958471725
2020-08-31,-0.06719827250424522
2020-09-01,-0.11608220237493419
2020-09-02,-0.08723164152943827
2020-09-03,-0.13458934256179525
2020-09-04,-0.10203651903758534
2020-09-08,-0.09365769760129554
2020-09-09,-0.0947035334829551
2020-09-10,-0.08773424945214126
2020-09-11,-0.0822459569231078
2020-09-14,-0.05583771615592104
2020-09-15,-0.04834250216155409
2020-09-16,-0.04034142739823099
2020-09-17,-0.0400623319226703
2020-09-18,-0.03231779890108957
2020-09-21,-0.023600813911487557
2020-09-22,-0.022705397137468428
2020-09-23,-0.012337506946047369
2020-09-24,-0.006227874420347879
2020-09-25,-0.009443892290787808
2020-09-28,-0.016137304669814004
2020-09-29,-0.008748990263008453
2020-09-30,-0.022919822462772806
2020-10-01,-0.020631734751971324
2020-10-02,-0.01264324919221434
2020-10-05,-0.016601291025485222
2020-10-06,-0.019505487072869903
2020-10-07,-0.016685412962915844
2020-10-08,-0.021744042297479192
2020-10-09,-0.031787118206839424
2020-10-12,-0.04295220813947725
2020-10-13,-0.0364182669745883
2020-10-14,-0.02723979560407149
2020-10-15,-0.02741058845358353
2020-10-16,-0.03499964361560693
2020-10-19,-0.019853295353241804
2020-10-20,-0.017004563032318655
2020-10-21,-0.01745517167094717
2020-10-22,-0.01851476592001829
2020-10-23,-0.014608025393052825
2020-10-26,-0.012205028890135724
2020-10-27,-0.005227576049676594
2020-10-28,0.0025792201270778813
2020-10-29,0.006771227206704767
2020-10-30,0.0008567834600798456
2020-11-02,0.008741286945178835
2020-11-03,-0.0025784466642605145
2020-11-04,-0.019486820083511512
2020-11-05,-0.0223583930500477
2020-11-06,-0.017887566764108662
2020-11-09,-0.044432196070796584
2020-11-10,-0.021198900013794958
2020-11-11,-0.020219473117194606
2020-11-12,-0.014101641698509831
2020-11-13,-0.02163514076962
2020-11-16,-0.03401458866570485
2020-11-17,-0.026276178208394015
2020-11-18,-0.02000466887002445
2020-11-19,-0.019423553960924822
2020-11-20,-0.019889487046477396
2020-11-23,-0.0183058250864433
2020-11-24,-0.026357197276161
2020-11-25,-0.023336957672206282
2020-11-27,-0.01747910901043183
2020-11-30,-0.02934992842095001
2020-12-01,-0.03014427622399181
2020-12-02,-0.020809060764285833
2020-12-03,-0.0191190023134113
2020-12-04,-0.01630152972412034
2020-12-07,-0.01502075296845831
2020-12-08,-0.00901155100869288
2020-12-09,-0.012670629617593536
2020-12-10,-0.0065964985648823485
2020-12-11,-0.006369490531515918
2020-12-14,-5.215294692927086e-05
2020-12-15,-0.007002977646815097
2020-12-16,-0.00723803481762402
2020-12-17,-0.015036887559941026
2020-12-18,-0.03549731702292241
2020-12-21,0.024660200950892542
2020-12-22,0.0013018331918381483
2020-12-23,0.010326140528921932
2020-12-24,0.01341360284299291
2020-12-28,0.0039133561976590625
2020-12-29,0.0022968572411902755
2020-12-30,0.0028032689863574326
2020-12-31,-0.007583897885737861
2021-01-04,0.0009234737317766716
2021-01-05,0.003025837211405898
2021-01-06,-0.006638831607289031
2021-01-07,-0.01314845156577808
2021-01-08,-0.015637285934574904
2021-01-11,-0.0058990113797765965
2021-01-12,-0.004853366855178388
2021-01-13,-0.0034670113139000907
2021-01-14,0.0008501734288376105
2021-01-15,-0.018427370509392534
2021-01-19,0.0005700085270153848
2021-01-20,-0.007714727577509991
2021-01-21,-0.008730605720003264
2021-01-22,-0.007377472372364939
2021-01-25,-0.005422463212521768
2021-01-26,-0.006880802768820332
2021-01-27,-0.019643067401115648
2021-01-28,-0.013510924134079819
2021-01-29,-0.017207447347151912
2021-02-01,-0.00753273972982112
2021-02-02,-0.012823050679386026
2021-02-03,-0.020070360247845528
2021-02-04,-0.01976851273855701
2021-02-05,-0.024958258515537086
2021-02-08,-0.02247034824933496
2021-02-09,-0.02163177171504863
2021-02-10,-0.025935952957171375
2021-02-11,-0.021617707963422904
2021-02-12,-0.031952492855833375
2021-02-16,-0.03265701755786081
2021-02-17,-0.029580626299540794
2021-02-18,-0.024481928263377938
2021-02-19,-0.04057989136388755
2021-02-22,-0.024642139478968803
2021-02-23,-0.03371762744940669
2021-02-24,-0.024529989602965534
2021-02-25,-0.038462894759402975
2021-02-26,-0.04518869488974704
2021-03-01,-0.020924743765569596
2021-03-02,-0.016750114503690183
2021-03-03,-0.022083661704243078
2021-03-04,-0.025309506908760427
2021-03-05,-0.015174451148465025
2021-03-08,-0.012475542599622936
2021-03-09,-0.018564833998186148
2021-03-10,-0.024117181428800143
2021-03-11,-0.014680143347530275
2021-03-12,-0.00924698487602938
2021-03-15,-0.010366050259854518
2021-03-16,-0.014456019103744654
2021-03-17,-0.02020462190780966
2021-03-18,-0.01743285680995932
2021-03-19,-0.02015427329530608
2021-03-22,-0.006318136668850217
2021-03-23,-0.007455615421993921
2021-03-24,-0.0026622646756131775
2021-03-25,-0.007981005623046215
2021-03-26,-0.016830806948180094
2021-03-29,-0.00951377348039458
2021-03-30,0.00030915958195675
2021-03-31,-0.014861940013478904
2021-04-01,-0.01523949943973269
2021-04-05,-0.008951529248585189
2021-04-06,-0.0009548471153928324
2021-04-07,0.004011011230420299
2021-04-08,0.003139683196868715
2021-04-09,0.0069144354591924185
2021-04-12,0.0045334632548912415
2021-04-13,0.007654554049468515
2021-04-14,0.009361647764637595
2021-04-15,0.0020594198422854305
2021-04-16,-0.007446064989387165
2021-04-19,-0.0016509769805391535
2021-04-20,0.006677613328345015
2021-04-21,0.009570606414758662
2021-04-22,0.0020132826271413856
2021-04-23,0.0070429999865648674
2021-04-26,0.007955270587024664
2021-04-27,0.00873642302523887
2021-04-28,0.009721901803551527
2021-04-29,0.0003342626577763491
2021-04-30,-0.0029058534272318384
2021-05-03,0.009107864062499554
2021-05-04,0.005077197586936092
2021-05-05,0.016146693796099683
2021-05-06,0.015920190340993918
2021-05-07,0.012205618677542482
2021-05-10,0.012695920214363412
2021-05-11,0.00338663260394384
2021-05-12,0.01199160663028123
2021-05-13,0.011866588665981729
2021-05-14,0.009655432590644684
2021-05-17,0.014069356124000808
2021-05-18,0.022794394577643675
2021-05-19,0.011822559853436613
2021-05-20,0.01576964420297392
2021-05-21,0.014441331348688103
2021-05-24,0.018071521411730462
2021-05-25,0.012059607242684421
2021-05-26,0.013947861474766204
2021-05-27,0.008324053662695284
2021-05-28,0.004506999306527199
2021-06-01,0.010698307017602243
2021-06-02,0.008282181422935334
2021-06-03,0.009586217229435916
2021-06-04,0.007896309872643278
2021-06-07,0.004901362845804377
2021-06-08,0.011569268713436564
2021-06-09,0.009087357890913101
2021-06-10,0.018316672127926783
2021-06-11,0.020309569363930392
2021-06-14,0.030920381512304494
2021-06-15,0.025941605068407106
2021-06-16,0.022839976872036972
2021-06-17,0.015163431437213711
2021-06-18,0.005373440018768045
2021-06-21,0.022443468146897995
2021-06-22,0.026895189077357776
2021-06-23,0.02521809308396699
2021-06-24,0.02267941909716517
2021-06-25,0.01544743643351342
2021-06-28,0.017015678072365883
2021-06-29,0.024216810881670506
2021-06-30,0.00847650128100693
2021-07-01,0.01247770100553746
2021-07-02,0.013860959942513212
2021-07-06,0.009126737649073041
2021-07-07,0.008825812578159089
2021-07-08,-0.004965898435587481
2021-07-09,0.0037195561151039357
2021-07-12,0.0070805181761011745
2021-07-13,0.010014160162844569
2021-07-14,0.003526126845608402
2021-07-15,0.009872514942581394
2021-07-16,0.005416347748535531
2021-07-19,-0.012934817051376
2021-07-20,0.0028361291756231147
2021-07-21,0.007556547126673436
2021-07-22,0.011757082633447716
2021-07-23,0.002633771681277321
2021-07-26,0.007939067498795185
2021-07-27,0.0026123700627480127
2021-07-28,0.009287686220767886
2021-07-29,0.007719258622206222
2021-07-30,0.0002360286441801928
2021-08-02,0.01202982724056129
2021-08-03,0.01066671286685605
2021-08-04,0.012828696767113013
2021-08-05,0.011593847417204681
2021-08-06,0.004085070740225707
2021-08-09,0.008111709480213091
2021-08-10,0.003942192872218472
2021-08-11,0.001367357828008127
2021-08-12,0.005993115537121141
2021-08-13,0.0013765006378975639
2021-08-16,-0.00554306332777022
2021-08-17,-0.006888888480808956
2021-08-18,0.004243183465406209
2021-08-19,0.0004101537318648308
2021-08-20,0.010752354239233666
2021-08-23,0.018291131130085833
2021-08-24,0.018041178288781073
2021-08-25,0.017490608025863393
2021-08-26,0.012009322194395797
2021-08-27,-0.002856643180562843
2021-08-30,0.009431997863060836
2021-08-31,0.003977789655805503
2021-09-01,0.011353013152178012
2021-09-02,0.017484757608318434
2021-09-03,0.014424387437660046
2021-09-07,0.012303419241902008
2021-09-08,0.012861070520989589
2021-09-09,0.017522084269536508
2021-09-10,0.005855861391380685
2021-09-13,0.004828194457379576
2021-09-14,0.009492071092876295
2021-09-15,0.0016173101351546256
2021-09-16,0.005345544752961463
2021-09-17,-0.016713951006048125
2021-09-20,-0.026157709883469663
2021-09-21,0.014742813219881778
2021-09-22,0.007725714765792802
2021-09-23,0.011256604934891685
2021-09-24,0.012894865372399575
2021-09-27,0.015871668030809843
2021-09-28,-0.002457396526409125
2021-09-29,0.013440202703822408
2021-09-30,0.0009699999776945079
2021-10-01,0.0027406383356954715
2021-10-04,0.005103128152128244
2021-10-05,0.014125512730482431
2021-10-06,0.003323602135297442
2021-10-07,0.010024392754800252
2021-10-08,0.006155114133796819
2021-10-11,0.022832774548960186
2021-10-12,0.01177891258581011
2021-10-13,0.01223378527021855
2021-10-14,-3.6116589602220445e-05
2021-10-15,-0.0056327390337632295
2021-10-18,0.0008712109763524337
2021-10-19,0.0008565475056706191
2021-10-20,-0.00016884115525398272
2021-10-21,0.008688487692722376
2021-10-22,0.003947671919601317
2021-10-25,0.006678136667634289
2021-10-26,0.007039739226195257
2021-10-27,0.0003723024069998103
2021-10-28,0.007345368521298424
2021-10-29,0.003296966425319351
2021-11-01,0.015252084392310034
2021-11-02,0.016047523825936705
2021-11-03,0.016076060496832204
2021-11-04,0.011490113639444952
2021-11-05,0.007947797861774094
2021-11-08,0.014030893683169895
2021-11-09,0.017284440577970236
2021-11-10,0.013563127060701292
2021-11-11,0.03187857163438908
2021-11-12,0.02433989322967227
2021-11-15,0.025052898303922114
2021-11-16,0.02646743798314445
2021-11-17,0.025143328952581864
2021-11-18,0.025954238878051476
2021-11-19,0.021777907674393797
2021-11-22,0.02300211657676604
2021-11-23,0.018649024046226516
2021-11-24,0.022616698575282826
2021-11-26,0.005798945897803337
2021-11-29,0.009337701739277744
2021-11-30,-0.00713751109142538
2021-12-01,0.01822390200889515
2021-12-02,0.0030413736521135958
2021-12-03,0.009514443301532068
2021-12-06,0.014679935228891805
2021-12-07,0.005236596428387237
2021-12-08,0.004601476096653897
2021-12-09,0.013203785801696382
2021-12-10,0.0017286371228346468
2021-12-13,0.003637083494449484
2021-12-14,0.0039969759431724705
2021-12-15,-0.008063922820281219
2021-12-16,-0.005553448205218706
2021-12-17,-0.008388205581842181
2021-12-20,0.007945531237919315
2021-12-21,0.015023788042638275
2021-12-22,0.00881911301116378
2021-12-23,0.003758438486491829
2021-12-27,-0.0036196671385417094
2021-12-28,-0.0005038072643565213
2021-12-29,-0.004290078954569874
2021-12-30,-0.0027157649922743207
2021-12-31,-0.0028265095166701663
2022-01-03,-0.007875734255470453
2022-01-04,-0.0029560157599025846
2022-01-05,0.007157835957946043
2022-01-06,0.011466078858144314
2022-01-07,0.01357756649575197
2022-01-10,0.006732224060514207
2022-01-11,0.018377322744290832
2022-01-12,0.015052338191447703
2022-01-13,0.024671900397381236
2022-01-14,0.016857044105069593
2022-01-18,0.019063817656756334
2022-01-19,0.029788260426562588
2022-01-20,0.04739166229477747
2022-01-21,0.02269674877852646
2022-01-24,0.01712712520441692
2022-01-25,0.05618610101649835
2022-01-26,0.053889261787070555
2022-01-27,0.06756644555439974
2022-01-28,0.041829814074837234
2022-01-31,0.027396913265719084
2022-02-01,0.030302136485586495
2022-02-02,0.023548462032261595
2022-02-03,0.03815983198973036
2022-02-04,0.038170318121838305
2022-02-07,0.04485044330900588
2022-02-08,0.042171944802131364
2022-02-09,0.024445702416752063
2022-02-10,0.03185170084100411
2022-02-11,0.038268994291245674
2022-02-14,0.04041232917096976
2022-02-15,0.03497752524057461
2022-02-16,0.03934636991602358
2022-02-17,0.04991362344613745
2022-02-18,0.03676525718405758
2022-02-22,0.05102171514111729
2022-02-23,0.05710624508368064
2022-02-24,0.03166875830517962
2022-02-25,0.032490302303007826
2022-02-28,0.03049075267485961
2022-03-01,0.04904027200615485
2022-03-02,0.0417592604219383
2022-03-03,0.048101690125422425
2022-03-04,0.04515353708355266
2022-03-07,0.06388475763796449
2022-03-08,0.06120343322836866
2022-03-09,0.04889167819180766
2022-03-10,0.06013860987296274
2022-03-11,0.0697346219216573
2022-03-14,0.07155506580364884
2022-03-15,0.051693968908745086
2022-03-16,0.0333242444125734
2022-03-17,0.03374040247326042
2022-03-18,0.024006460491767516
2022-03-21,0.026254264163821015
2022-03-22,0.020093404181905233
2022-03-23,0.023968063017573486
2022-03-24,0.023010696402473822
2022-03-25,0.019934690801615265
2022-03-28,0.0190252529442979
2022-03-29,0.00368200416213265
2022-03-30,0.012023884450237058
2022-03-31,0.010804642997618463
2022-04-01,0.011412814026306204
2022-04-04,0.017559320697800855
2022-04-05,0.024556355386154992
2022-04-06,0.024025829176640517
2022-04-07,0.030041727071507207
2022-04-08,0.026352100611571883
2022-04-11,0.029054140586074514
2022-04-12,0.045176700377206155
2022-04-13,0.04271300786104243
2022-04-14,0.045860943797647304
2022-04-18,0.052621368778762
2022-04-19,0.04422611901837361
2022-04-20,0.04358728302054328
2022-04-21,0.05660818261047049
2022-04-22,0.05596919517109339
2022-04-25,0.05025268059066658
2022-04-26,0.06156054265493094
2022-04-27,0.058938635609473204
2022-04-28,0.04691531808780988
2022-04-29,0.05237275577510196
2022-05-02,0.03904675305560666
2022-05-03,0.04995967603132479
2022-05-04,0.0320544588609017
2022-05-05,0.03175842746828262
2022-05-06,0.038245564816392096
2022-05-09,0.0453681458813118
2022-05-10,0.05002316672756487
2022-05-11,0.05794739475717216
2022-05-12,0.05940713397710877
2022-05-13,0.043642758696788596
2022-05-16,0.0551620756953618
2022-05-17,0.03995182656867386
2022-05-18,0.055856771729924856
2022-05-19,0.0563704364245414
2022-05-20,0.05613792095086424
2022-05-23,0.038999760944209774
2022-05-24,0.03569818199625711
2022-05-25,0.03618021004952217
2022-05-26,0.03527022162148234
2022-05-27,0.021376898713854932
2022-05-31,0.02020294526818984
2022-06-01,0.025127841578267814
2022-06-02,0.025129409940671758
2022-06-03,0.019494426983811222
2022-06-06,0.02124262687659862
2022-06-07,0.02197357865137021
2022-06-08,0.01889694139421156
2022-06-09,0.027056905358068924
2022-06-10,0.00725223361487949
2022-06-13,0.017720047474686036
2022-06-14,0.026740673522714007
2022-06-15,0.03992835830219011
2022-06-16,0.024971168722575817
2022-06-17,0.039004106486406766
2022-06-21,0.0290575163580103
2022-06-22,0.045843749185682604
2022-06-23,0.027954937887596128
2022-06-24,0.01964246466014641
2022-06-27,0.019291676002314323
2022-06-28,0.049851578430025495
2022-06-29,0.026503241225390738
2022-06-30,0.03194404412599777
2022-07-01,0.0315744409630578
2022-07-05,0.030266282224822846
2022-07-06,0.03179718164855904
2022-07-07,0.026372444340590558
2022-07-08,0.022627946968346503
2022-07-11,0.021870874851548892
2022-07-12,0.035425013920069
2022-07-13,0.03532457335627838
2022-07-14,0.03100271278466831
2022-07-15,0.019216936347003527
2022-07-18,0.03942788963035768
2022-07-19,0.02237518410573395
2022-07-20,0.02525794546720972
2022-07-21,0.024644534554111808
2022-07-22,0.027594446093654607
2022-07-25,0.03378336556295182
2022-07-26,0.03435169644036864
2022-07-27,0.025166131988896275
2022-07-28,0.018541870685239565
2022-07-29,0.0062364125373200584
2022-08-01,0.01151512450859534
2022-08-02,0.01795114589850294
2022-08-03,0.0017855924294374794
2022-08-04,0.0012002542760513966
2022-08-05,0.00014035584778121502
2022-08-08,0.005958852938548285
2022-08-09,0.00038095811164871526
2022-08-10,-0.018608183542825174
2022-08-11,-0.008535615811250459
2022-08-12,-0.015429628311435902
2022-08-15,-0.019404690611218064
2022-08-16,-0.01085242527341116
2022-08-17,-0.010920977119132697
2022-08-18,-0.013671802242943343
2022-08-19,-0.017918254567557176
2022-08-22,-0.016906204520887747
2022-08-23,-0.006292159971495464
2022-08-24,-0.001012401306647332
2022-08-25,-0.0055526162389004825
2022-08-26,0.006676759831941136
2022-08-29,0.0015014217798639765
2022-08-30,-0.0007422926328907332
2022-08-31,0.005312851496631467
2022-09-01,-0.001708900187065307
2022-09-02,0.011780038582186726
2022-09-06,0.0042280565916143036
2022-09-07,0.0018034385421611676
2022-09-08,-0.006105262234279308
2022-09-09,-0.018253611230857815
2022-09-12,-0.01864374516494561
2022-09-13,-0.014467386078784226
2022-09-14,-0.02072188390358623
2022-09-15,-0.012869902363462535
2022-09-16,-0.03170825470075921
2022-09-19,-0.019897920769146524
2022-09-20,-0.0167760783750507
2022-09-21,0.0024425399504108512
2022-09-22,-0.013424752143511682
2022-09-23,-0.010561833848947166
2022-09-26,0.018254001879567362
2022-09-27,0.020232943020356855
2022-09-28,0.009956313306989593
2022-09-29,0.006404454979528334
2022-09-30,0.01121919937478702
2022-10-03,0.01957850074313742
2022-10-04,0.0011794490274485286
2022-10-05,0.00459876640086289
2022-10-06,0.008651862427876604
2022-10-07,0.03652331173940682
2022-10-10,0.020606457476306947
2022-10-11,0.03498588641587355
2022-10-12,0.02106224099265479
2022-10-13,0.03220399110857947
2022-10-14,0.03363669556494049
2022-10-17,0.02325945930177216
2022-10-18,0.006600478126835077
2022-10-19,0.015868564655570783
2022-10-20,0.017633628037787695
2022-10-21,0.0010422411073763658
2022-10-24,-0.00536069268775558
2022-10-25,-0.013516958489284985
2022-10-26,-0.007342632076771076
2022-10-27,-0.0030527406571347043
2022-10-28,-0.009020198426542947
2022-10-31,-0.021666963640546082
2022-11-01,-0.0037985870723748153
2022-11-02,0.01913147334880709
2022-11-03,0.004160488896205313
2022-11-04,0.0037957888588207008
2022-11-07,-0.0036667240347333756
2022-11-08,0.0011442605023643092
2022-11-09,0.007001519641028912
2022-11-10,-0.029837941985323732
2022-11-11,-0.028662310935880495
2022-11-14,-0.015674190671651038
2022-11-15,-0.022780085813379022
2022-11-16,-0.022242970067948946
2022-11-17,-0.026740649933262257
2022-11-18,-0.034417477097616764
2022-11-21,-0.026176999646930023
2022-11-22,-0.031153537882914896
2022-11-23,-0.03559619483333464
2022-11-25,-0.032856984418814
2022-11-28,-0.022470215826658993
2022-11-29,-0.02213904710693842
2022-11-30,-0.03815653733957225
2022-12-01,-0.037436755897671245
2022-12-02,-0.0370337765938047
2022-12-05,-0.025319579661006
2022-12-06,-0.01788033085535742
2022-12-07,-0.03424621362557493
2022-12-08,-0.03285848901647853
2022-12-09,-0.005971296768173429
2022-12-12,-0.00853402129528145
2022-12-13,-0.0041170644960761855
2022-12-14,0.002474171342341465
2022-12-15,-0.00750303251334106
2022-12-16,-0.007248586997048299
2022-12-19,0.003569481137917248
2022-12-20,0.0033811197917610995
2022-12-21,-0.00103500989332634
2022-12-22,0.02551024700953558
2022-12-23,0.011200183395767586
2022-12-27,0.013787077713108355
2022-12-28,0.024867561615106414
2022-12-29,0.016789649237658667
2022-12-30,0.010133523669189725
2023-01-03,0.03274459155393214
2023-01-04,0.01922453621166632
2023-01-05,0.018175195177808964
2023-01-06,0.016699152108544772
2023-01-09,0.02170611075928522
2023-01-10,0.011093966234588614
2023-01-11,0.004608176830994012
2023-01-12,0.006871039178136215
2023-01-13,0.008205024688052617
2023-01-17,0.012488882633987302
2023-01-18,0.02030253952933584
2023-01-19,0.009319498637027577
2023-01-20,0.006712910941052747
2023-01-23,0.005388169664834911
2023-01-24,0.0063494987632695225
2023-01-25,0.01050980491409955
2023-01-26,0.0024272064045784848
2023-01-27,0.006541518055953105
2023-01-30,0.008757642837197425
2023-01-31,-0.004663744902363296
2023-02-01,0.008184375392781718
2023-02-02,-0.020357995085459383
2023-02-03,-0.007202319034303321
2023-02-06,0.003269632090817924
2023-02-07,-7.414695116964541e-05
2023-02-08,-0.017589367064005306
2023-02-09,-0.005838158481289289
2023-02-10,-0.017264478834927842
2023-02-13,-0.014610068556082417
2023-02-14,-0.016139190923837133
2023-02-15,-0.008712971521334673
2023-02-16,-0.003679121537351969
2023-02-17,-0.01216117369938104
2023-02-21,0.0012108744395767038
2023-02-22,-0.0005428947936678974
2023-02-23,-0.001421085625727337
2023-02-24,-0.006727894748922481
2023-02-27,0.006661282806549299
2023-02-28,0.0014414624392328056
2023-03-01,0.0021788993299223063
2023-03-02,0.008794863125281547
2023-03-03,0.0007489084808210596
2023-03-06,0.006864273805053873
2023-03-07,0.009165645354148476
2023-03-08,0.007921196495256983
2023-03-09,0.026722898100114426
2023-03-10,0.024677830683235105
2023-03-13,0.03717182205270879
2023-03-14,0.018189507169872103
2023-03-15,0.012481014979908039
2023-03-16,0.017577947288054716
2023-03-17,0.01726948300146948
2023-03-20,0.009397811159087987
2023-03-21,0.00714351859176196
2023-03-22,0.03130726407921619
2023-03-23,0.029335249889733454
2023-03-24,0.013294008451391942
2023-03-27,0.00913010466176969
2023-03-28,0.006023673406355463
2023-03-29,0.004029419129399404
2023-03-30,0.0029731001635936206
2023-03-31,0.005207092978366926
2023-04-03,0.0016373127256776691
2023-04-04,0.005500217076925403
2023-04-05,0.005400016255335793
2023-04-06,0.005156339699803851
2023-04-10,0.0055024825305680985
2023-04-11,0.0056671355355085735
2023-04-12,0.008340742680460167
2023-04-13,0.00877249594813386
2023-04-14,0.015351263927594986
2023-04-17,0.007077483092485696
2023-04-18,0.007057682361775574
2023-04-19,0.009301359373563151
2023-04-20,0.01691781046536589
2023-04-21,0.013065058498211388
2023-04-24,0.011642324923207091
2023-04-25,0.013245815414239626
2023-04-26,0.014389704598372282
2023-04-27,0.010594358894707197
2023-04-28,0.006754196392480581
2023-05-01,0.011256899455449257
2023-05-02,0.01370758922846777
2023-05-03,0.018273849718209646
2023-05-04,0.010655172005380291
2023-05-05,0.00724396786540712
2023-05-08,0.0026801719565804193
2023-05-09,0.004155493833243582
2023-05-10,0.009891705332933239
2023-05-11,0.005893779858434312
2023-05-12,0.00754759570721884
2023-05-15,0.005060827558869515
2023-05-16,0.005214419058408323
2023-05-17,0.005972621803228753
2023-05-18,0.003296673127536568
2023-05-19,0.004906609653318841
2023-05-22,0.005653402283199841
2023-05-23,0.009373997592192387
2023-05-24,0.007859292487842916
2023-05-25,0.011442465427081844
2023-05-26,0.00605955871010975
2023-05-30,0.004391251497406932
2023-05-31,0.010101405915013925
2023-06-01,0.008656278386592192
2023-06-02,0.0052249442550806845
2023-06-05,0.006849346813659354
2023-06-06,0.006389811127279328
2023-06-07,0.0110124667075742
2023-06-08,0.0057904038719682905
2023-06-09,0.011208106002609304
2023-06-12,0.004294913036407241
2023-06-13,0.007257722002863117
2023-06-14,0.01058030998597203
2023-06-15,0.005359794738345377
2023-06-16,0.0068022188695987945
2023-06-20,0.005618416169867984
2023-06-21,0.00560396555035083
2023-06-22,0.004270772964923177
2023-06-23,0.009717307589252036
2023-06-26,0.009779886449998616
2023-06-27,0.005860104722137837
2023-06-28,0.006605934334138343
2023-06-29,0.004196164629043752
2023-06-30,0.005719996770191414
2023-07-03,0.0012864293163392642
2023-07-05,0.004041116769422664
2023-07-06,0.00643538544619175
2023-07-07,0.012903428251919296
2023-07-10,0.004709706399241271
2023-07-11,0.004359883617838421
2023-07-12,0.0060431312383075995
2023-07-13,0.0034055606568855045
2023-07-14,0.00277635320147542
2023-07-17,0.0012487814007329998
2023-07-18,0.001124562873471813
2023-07-19,0.000968861087608134
2023-07-20,0.0018787402593647418
2023-07-21,0.001146928900042329
2023-07-24,0.001667360084470066
2023-07-25,-0.00019064348872961136
2023-07-26,0.0015237908241245088
2023-07-27,0.0013010692807677773
2023-07-28,-0.001276017680884995
2023-07-31,-0.001125249522120432
2023-08-01,-0.0024814691466270855
2023-08-02,0.0021829711336142765
2023-08-03,0.004674675438425153
2023-08-04,0.008238343911304189
2023-08-07,-0.0029241659764686345
2023-08-08,0.0012398830628958975
2023-08-09,0.0036652871579638657
2023-08-10,0.012681624807045485
2023-08-11,0.008527729271547914
2023-08-14,0.004723826547427267
2023-08-15,0.014239066915193282
2023-08-16,0.019840858570706863
2023-08-17,0.024725207916004847
2023-08-18,0.026946651220638874
2023-08-21,0.018811333729459
2023-08-22,0.021900039415417585
2023-08-23,0.018289402436302615
2023-08-24,0.019750569599736322
2023-08-25,0.024909515419645208
2023-08-28,0.019116764520597494
2023-08-29,0.014964329253799905
2023-08-30,0.020541977096733346
2023-08-31,0.026109100809818087
2023-09-01,0.022233506443710867
2023-09-05,0.020883796308530017
2023-09-06,0.023792773370994606
2023-09-07,0.02248745831296701
2023-09-08,0.024830257648089923
2023-09-11,0.018393825923659485
2023-09-12,0.020272157729880877
2023-09-13,0.023462907481891934
2023-09-14,0.024652178750089862
2023-09-15,0.029083848302373386
2023-09-18,0.0195006024065688
2023-09-19,0.02142303661828583
2023-09-20,0.02247961567644911
2023-09-21,0.027316017459339953
2023-09-22,0.030797830188293563
2023-09-25,0.020361630905725528
2023-09-26,0.029238232637753117
2023-09-27,0.0356239154306828
2023-09-28,0.034160797803484036
2023-09-29,0.03459578862365377
2023-10-02,0.030776801112263476
2023-10-03,0.039645802655759184
2023-10-04,0.02885716723804422
2023-10-05,0.027145795519545636
2023-10-06,0.03250410737023505
2023-10-09,0.02270944347469413
2023-10-10,0.03030762316057381
2023-10-11,0.019634950667696344
2023-10-12,0.024032058828215422
2023-10-13,0.028880745030244473
2023-10-16,0.024724450182212056
2023-10-17,0.028991664890296306
2023-10-18,0.024871395097019577
2023-10-19,0.0345356397752284
2023-10-20,0.030428381936170014
2023-10-23,0.03542052173415111
2023-10-24,0.026246701054898312
2023-10-25,0.02782212336606728
2023-10-26,0.03202921526819419
2023-10-27,0.03140582750052612
2023-10-30,0.02662630178923869
2023-10-31,0.021812333578441718
2023-11-01,0.026740656684457267
2023-11-02,0.021419851891657727
2023-11-03,0.02584406617601756
2023-11-06,0.01805224783138992
2023-11-07,0.013919491558216413
2023-11-08,0.01015432082213644
2023-11-09,0.012303326643691869
2023-11-10,0.009744547308383096
2023-11-13,0.00718893125918003
2023-11-14,0.011649214802615191
2023-11-15,0.007070535255424055
2023-11-16,0.001277830018839481
2023-11-17,0.0026282471079671754
2023-11-20,0.0009121130037194926
2023-11-21,-0.005866299333028518
2023-11-22,-0.00354616265551308
2023-11-24,-0.007084307345444902
2023-11-27,-0.003903145814430459
2023-11-28,-0.0013492899591233815
2023-11-29,-0.00556901473206246
2023-11-30,-0.004995332084051165
2023-12-01,-0.0029805540260542523
2023-12-04,-0.0038414563994647773
2023-12-05,-0.006504251784072846
2023-12-06,-0.011270960015477817
2023-12-07,-0.010829339823678683
2023-12-08,-0.00638944788774856
2023-12-11,-0.0076205187368849885
2023-12-12,-0.008478206613185506
2023-12-13,-0.0016754116837699312
2023-12-14,0.005668213440974122
2023-12-15,0.007098327538100687
2023-12-18,-0.009878180987926671
2023-12-19,-0.014900411361121708
2023-12-20,-0.010719808157367528
2023-12-21,-0.016251588087265983
2023-12-22,-0.017201530048258674
2023-12-26,-0.019259989589841
2023-12-27,-0.016527817315988645
2023-12-28,-0.01410617696854411
2023-12-29,-0.00514883365984135
2024-01-02,-0.0032725646133457686
2024-01-03,-0.008401762527568673
2024-01-04,-0.010706968628938454
2024-01-05,-0.007927564035151585
2024-01-08,-0.021147899834571125
2024-01-09,-0.018060348870956457
2024-01-10,-0.016694194277028136
2024-01-11,-0.015022130844635294
2024-01-12,-0.014877777685231493
2024-01-16,-0.008108066497259281
2024-01-17,-0.011648507406354374
2024-01-18,-0.007601299878701716
2024-01-19,-0.006311309674208135
2024-01-22,-0.006835390226810513
2024-01-23,-0.016054094349507518
2024-01-24,-0.005127687866051559
2024-01-25,-0.007736831392105048
2024-01-26,-0.0027837827854676755
2024-01-29,-0.01231332085837148
2024-01-30,-0.0061179998318729445
2024-01-31,0.009817700178725682
2024-02-01,-0.0015840117310819048
2024-02-02,-0.0002760389363648738
2024-02-05,-0.005907695659062984
2024-02-06,-0.006885376057587557
2024-02-07,-0.0011882414122247782
2024-02-08,-0.004668958720511448
2024-02-09,-0.003836447210477616
2024-02-12,-0.004479092305785543
2024-02-13,0.01054715502992274
2024-02-14,-0.0045059398863954835
2024-02-15,-0.0042062861595179545
2024-02-16,0.00020920254212657662
2024-02-20,-0.0009729306616173203
2024-02-21,-0.004865842877857239
2024-02-22,-0.004282842522609095
2024-02-23,-0.005086230761015369
2024-02-26,-0.007507734844556765
2024-02-27,-0.005369500038001967
2024-02-28,0.0008021528951476769
2024-02-29,0.00666351246947045
2024-03-01,0.0019450492952895523
2024-03-04,0.0003626827837126898
2024-03-05,0.0020913666809010655
2024-03-06,0.005598249327994262
2024-03-07,-0.0035855459280103932
2024-03-08,0.006334268395774566
2024-03-11,0.0028130201095885425
2024-03-12,0.0018434788533832954
2024-03-13,0.0034091121114325296
2024-03-14,0.01676205720875851
2024-03-15,0.020545324955477798
2024-03-18,0.01522561212131776
2024-03-19,0.004254919871555236
2024-03-20,0.004367545731469179
2024-03-21,0.007916197991357385
2024-03-22,0.01473788561057433
2024-03-25,0.007219470901207235
2024-03-26,0.008867606020690163
2024-03-27,0.010844539166300411
2024-03-28,0.018429667332780418
2024-04-01,0.006269041313416499
2024-04-02,0.010955005122509315
2024-04-03,0.007368177216674265
2024-04-04,0.004063832250586102
2024-04-05,0.005526321908551328
2024-04-08,0.004811400189988332
2024-04-09,0.00391111290759923
2024-04-10,0.014340514051886284
2024-04-11,0.00584662082843966
2024-04-12,0.013676705570140302
2024-04-15,0.006762321534547538
2024-04-16,0.01557377801343097
2024-04-17,0.012741458466418472
2024-04-18,0.018732617566081498
2024-04-19,0.026674342273897422
2024-04-22,0.01884061549619267
2024-04-23,0.015415555716748356
2024-04-24,0.018304241601323545
2024-04-25,0.018907352646863253
2024-04-26,0.020966245674579984
2024-04-29,0.015874270687276395
2024-04-30,0.019334244172396937
2024-05-01,0.02481237031635358
2024-05-02,0.01814043784356826
2024-05-03,0.02328158211142916
2024-05-06,0.013631434841131017
2024-05-07,0.018196569480918447
2024-05-08,0.014350687425515015
2024-05-09,0.012059415984951083
2024-05-10,0.014780947729990454
2024-05-13,0.010505104049613264
2024-05-14,0.01570961548478806
2024-05-15,0.013212289363126182
2024-05-16,0.013696666914578354
2024-05-17,0.014735529128281348
2024-05-20,0.010080683064429767
2024-05-21,0.0077792014088272285
2024-05-22,0.009866806538060983
2024-05-23,0.0060659264621834835
2024-05-24,0.008319130130055754
2024-05-28,0.006944464452885843
2024-05-29,0.01420444421371201
2024-05-30,0.012150469926924173
2024-05-31,0.01529695832193431
2024-06-03,0.007557385185308831
2024-06-04,0.008640406269946391
2024-06-05,0.007410235152561066
2024-06-06,0.006981357127638546
2024-06-07,0.009933848819136237
2024-06-10,0.007164003056530297
2024-06-11,0.0048155447506210225
2024-06-12,0.012849799859177046
2024-06-13,0.0094855268638866
2024-06-14,0.00826437244018027
2024-06-17,0.007485929386758944
2024-06-18,0.007693411023622901
2024-06-20,0.011066311010273066
2024-06-21,0.012713122731457293
2024-06-24,0.008663523463477707
2024-06-25,0.006411015077536117
2024-06-26,0.006634300367215054
2024-06-27,0.007313956105773961
2024-06-28,0.016363862971167917
2024-07-01,0.007478768577275844
2024-07-02,0.0034908495265065674
2024-07-03,0.0028677460331705228
2024-07-05,0.005446683574806734
2024-07-08,0.006053595579717454
2024-07-09,0.003828576628124393
2024-07-10,0.0004104651572488516
2024-07-11,0.002229589621566474
2024-07-12,0.002685249233914
2024-07-15,-0.0011591074401213815
2024-07-16,-0.002695649246366255
2024-07-17,0.004972083699216044
2024-07-18,-0.00047324861097127954
2024-07-19,0.007765896961987918
2024-07-22,-0.0004827673685573403
2024-07-23,-0.001250400154579924
2024-07-24,0.009612074693655593
2024-07-25,0.008164721162584355
2024-07-26,0.007023647822345695
2024-07-29,0.003027694093423433
2024-07-30,0.001799769533386079
2024-07-31,0.01298200426754442
2024-08-01,0.00782393515566932
2024-08-02,0.019697596121624365
2024-08-05,0.041757153647229574
2024-08-06,0.025053338776685957
2024-08-07,0.015361756293133383
2024-08-08,0.014216137402989337
2024-08-09,0.014209990132562056
2024-08-12,0.017157583715313167
2024-08-13,0.01575630703885024
2024-08-14,0.013306802749788956
2024-08-15,0.01604135950439335
2024-08-16,0.011906052530352472
2024-08-19,0.006811592226116884
2024-08-20,0.00818005838767825
2024-08-21,0.005974603486999821
2024-08-22,0.008395318207097874
2024-08-23,0.008063070144908223
2024-08-26,0.0044593440899228995
2024-08-27,0.0045116326403880965
2024-08-28,0.004620963385131236
2024-08-29,0.007147394121449508
2024-08-30,0.011070196745889802
2024-09-03,0.007249827533242821
2024-09-04,0.012658049797387692
2024-09-05,0.010012685266431003
2024-09-06,0.013444369666615219
2024-09-09,0.01005615300402634
2024-09-10,0.007222279557895164
2024-09-11,0.007379902149694489
2024-09-12,0.008323563407741668
2024-09-13,0.008514944386998551
2024-09-16,0.007415501929895758
2024-09-17,0.010152075581517341
2024-09-18,0.012872832081289018
2024-09-19,0.01716719853613532
2024-09-20,0.018352582879953755
2024-09-23,0.009387496428432916
2024-09-24,0.00805469283390138
2024-09-25,0.008107575129427294
2024-09-26,0.007240905456880596
2024-09-27,0.0068013131824821325
2024-09-30,0.010821927919099219
2024-10-01,0.014111837329018195
2024-10-02,0.005487536443949101
2024-10-03,0.00867936589597791
2024-10-04,0.00726564499630565
2024-10-07,0.010651514709888548
2024-10-08,0.0072010068234799746
2024-10-09,0.005646470533659997
2024-10-10,0.011668444593285289
2024-10-11,0.00748539610350943
2024-10-14,0.004214800881497603
2024-10-15,0.008550527342569732
2024-10-16,0.003776235662595268
2024-10-17,0.0050460600710623615
2024-10-18,0.006814453384919387
2024-10-21,0.0074766359961996225
2024-10-22,0.008071671670561796
2024-10-23,0.009598559738497194
2024-10-24,0.007382056672765426
2024-10-25,0.009905093294160073
2024-10-28,0.005907176117383263
2024-10-29,0.00931725096316845
2024-10-30,0.010956293793442373
2024-10-31,0.014312112531273973
2024-11-01,0.014031183861134713
2024-11-04,0.011071906686526519
2024-11-05,0.0068695668943734595
2024-11-06,0.01071573138425114
2024-11-07,0.006098451589827465
2024-11-08,0.0053931576881558795
2024-11-11,0.002510384845800538
2024-11-12,0.0038896070808372776
2024-11-13,0.0067162152047219904
2024-11-14,0.002309604531203632
2024-11-15,0.015079347473291163
2024-11-18,0.004512132338920047
2024-11-19,0.006475338181681046
2024-11-20,0.006881906161028358
2024-11-21,0.0044592786284529595
2024-11-22,0.005363002173201966
2024-11-25,0.003134308661403332
2024-11-26,0.003857089381255995
2024-11-27,0.0004259436270196669
2024-11-29,0.0017346630311181098
2024-12-02,0.002717712024887955
2024-12-03,-0.00020951660336268434
2024-12-04,0.0039694921931362846
2024-12-05,0.007592120623103224
2024-12-06,0.008564104777676797
2024-12-09,0.008152916362289191
2024-12-10,0.010188718131744278
2024-12-11,0.0069465531465277945
2024-12-12,0.008842875382958058
2024-12-13,0.00904376820940264
2024-12-16,0.016457009757608037
2024-12-17,0.020653582631277402
2024-12-18,0.019809476132604906
2024-12-19,0.02309781777560053
2024-12-20,0.02865218806833012
2024-12-23,0.008890612830393432
2024-12-24,0.00022193529250812832
2024-12-26,0.006517795895805967
2024-12-27,0.013094843574134967
2024-12-30,0.01295321876692919
2024-12-31,0.013853877651657194
2025-01-02,0.009043916070448358
2025-01-03,0.007206876758895123
2025-01-06,0.011894981698837518
2025-01-07,0.01290197664816829
2025-01-08,0.015648897294096062
2025-01-10,0.022832913458475605
2025-01-13,0.01612826096469855
2025-01-14,0.0165532566210947
2025-01-15,0.021723310046987188
2025-01-16,0.019428895490999357
2025-01-17,0.022725607261681022
2025-01-21,0.01568897363589476
2025-01-22,0.019367473075668874
2025-01-23,0.013004580112963222
2025-01-24,0.013417388867373127
2025-01-27,0.026550280090913692
2025-01-28,0.017883687132401793
2025-01-29,0.017464972491290517
2025-01-30,0.017703466091840026
2025-01-31,0.02492063782505214
2025-02-03,0.024778852769133736
2025-02-04,0.013740573152167534
2025-02-05,0.009708551980244834
2025-02-06,0.012230937854085551
2025-02-07,0.015603282166474866
2025-02-10,0.008312635222586741
2025-02-11,0.00770543620547508
2025-02-12,0.012927346420026298
2025-02-13,0.008327089181471674
2025-02-14,0.007842185345872665
2025-02-18,0.004639299700571876
2025-02-19,0.005861902696661749
2025-02-20,0.008126905343777246
2025-02-21,0.02584424603503343
2025-02-24,0.01672450173590676
2025-02-25,0.0179026577568766
2025-02-26,0.01589217425666619
2025-02-27,0.025179765849716942
2025-02-28,0.03118772491237703
2025-03-03,0.02186543982005837
2025-03-04,0.04643243363284848
2025-03-05,0.02197766253560355
2025-03-06,0.0329578856178254
2025-03-07,0.023880006488227034
2025-03-10,0.03006482242099377
2025-03-11,0.03158976117095354
2025-03-12,0.019365218487309217
2025-03-13,0.02168800944715748
2025-03-14,0.012244462585327605
2025-03-17,0.018222766883050842
2025-03-18,0.02216557373524234
2025-03-19,0.023264172474052377
2025-03-20,0.025961203237382838
2025-03-21,0.026915886602642925
2025-03-24,0.020299250649058454
2025-03-25,0.015136492561535932
2025-03-26,0.013528924087234322
2025-03-27,0.016333532320462345
2025-03-28,0.017212273798982953
2025-03-31,0.022129838746773958
2025-04-01,0.01502494930557004
2025-04-02,0.019993404104385215
2025-04-03,0.03135902514114274
2025-04-04,0.044386926585676785
2025-04-07,0.060690586888598866
2025-04-08,0.025954453129419536
2025-04-09,0.05579642077135197
2025-04-10,0.0376513464246466
2025-04-11,0.02439190244375965
2025-04-14,0.018276810479565715
2025-04-15,0.01809917867579773
2025-04-16,0.029463764950300272
2025-04-17,0.02582685468182383
2025-04-21,0.022090414876483923
2025-04-22,0.02402658436686285
2025-04-23,0.03482812335610776
2025-04-24,0.02011229928146835
2025-04-25,0.02400909703379417
2025-04-28,0.027719476532215237
2025-04-29,0.02270524304639579
2025-04-30,0.029632616717368478
2025-05-01,0.02650953768783108
2025-05-02,0.024398214756308982
2025-05-05,0.0258143074460356
2025-05-06,0.027514246966435237
2025-05-07,0.027205087633330582
2025-05-08,0.02422476164048154
2025-05-09,0.015916453392877603
2025-05-12,0.017588944391090783
2025-05-13,0.016587757352648863
2025-05-14,0.015232850910770378
2025-05-15,0.012785399870325481
2025-05-16,0.011541279439243551
2025-05-19,0.008540621775985946
2025-05-20,0.008959149183733115
2025-05-21,0.014634970819800228
2025-05-22,0.01116419217262486
2025-05-23,0.008266384600696609
2025-05-27,0.007452438064287936
2025-05-28,0.0022576998753109367
2025-05-29,0.0023838351162214864
2025-05-30,0.009000379049627543
2025-06-02,-0.0007718227218891215
2025-06-03,-0.003030344335024894
2025-06-04,-0.004872389486686375
2025-06-05,-0.0011077598628120196
2025-06-06,-0.0018223088637832879
2025-06-09,-0.0046061380883115274
2025-06-10,-0.006480712284629321
2025-06-11,-0.0031628630188262116
2025-06-12,-0.00773687227161954
2025-06-13,0.0013500175258795
2025-06-16,-0.0037886224055584707
2025-06-17,-0.002155182649757323
2025-06-18,0.0010615210377335378
2025-06-20,-0.0005435957889200118
2025-06-23,-0.0008757500169708655
2025-06-24,-0.0034151332767634757
2025-06-25,-0.003078467416192235
2025-06-26,-0.004999430850740045
2025-06-27,-0.0015816452977684727
2025-06-30,-0.001076113754342153
2025-07-01,-0.0031519238129510616
2025-07-02,-0.004565082886278117
2025-07-03,-0.0038401065458221924
2025-07-07,0.0004956561349633848
2025-07-08,-0.002328760503830976
2025-07-09,-0.001997601336635872
2025-07-10,-0.0020203633227380263
2025-07-11,-0.0011451422281540669
2025-07-14,-0.0023511356172075445
2025-07-15,-0.0027002141041445812
2025-07-16,0.003979576446374859
2025-07-17,-0.0025088805590162324
2025-07-18,-0.001618742867504349
2025-07-21,0.001648334290526297
2025-07-22,0.0012886695456543074
2025-07-23,-0.00045957516877570374
2025-07-24,0.0009035995649641377
2025-07-25,-0.0016091979117345417
2025-07-28,0.00024905957339986344
2025-07-29,0.00044990187674608453
2025-07-30,0.0068594600355970994
2025-07-31,0.004409474695361603
2025-08-01,0.009243783950553211
2025-08-04,0.0016661001880657854
2025-08-05,0.004459038673833394
2025-08-06,0.003515083054456858
2025-08-07,0.007287996908349997
2025-08-08,0.0029164203836920186
2025-08-11,0.005396654807072002
2025-08-12,0.0037191890562519384
2025-08-13,0.0059328323337001655
2025-08-14,0.003137346975814201
2025-08-15,0.004107497714179946
2025-08-18,0.0029894034063460955
2025-08-19,0.006626741180033137
2025-08-20,0.010694265662532908
2025-08-21,0.007739174876931591
2025-08-22,0.0078067513694218904
2025-08-25,0.005686494926807537
2025-08-26,0.004630609193056983
2025-08-27,0.004957369338295563
2025-08-28,0.007198842546753218
2025-08-29,0.007418107650985831
2025-09-02,0.00818082225771221
2025-09-03,0.008149561645238928
2025-09-04,0.005935705982483096
2025-09-05,0.009724569534238147
2025-09-08,0.00670899654746048
2025-09-09,0.0063012180304457925
2025-09-10,0.006456279621578333
2025-09-11,0.004772102263129676
2025-09-12,0.005657208418222733
2025-09-15,0.0028974393180669876
2025-09-16,0.004027133902205942
2025-09-17,0.009062631870844698
2025-09-18,0.007954786442619289
2025-09-19,0.004789043878121025
2025-09-22,0.0029878015534253923
2025-09-23,0.004364297760217087
2025-09-24,0.004074994940379679
2025-09-25,0.004765037872349812
2025-09-26,-0.000705105197469566
2025-09-29,-0.0013437859080356052
2025-09-30,-0.0029679133764549358
2025-10-01,0.00171730950061251
2025-10-02,-0.0006563529777250943
2025-10-03,0.003051349106720825
2025-10-06,0.0015058409977763074
2025-10-07,0.0023308675912947115
2025-10-08,0.0005776844100662155
2025-10-09,0.0023510165749526975
2025-10-10,0.009500089590197715
2025-10-13,0.0070288686482014705
2025-10-14,0.011178903405700383
2025-10-15,0.01206769150166665
2025-10-16,0.011525956032254214
2025-10-17,0.009136048264287464
2025-10-20,0.006133729963866897
2025-10-21,0.007656020067836271
2025-10-22,0.009400596695912066
2025-10-23,0.0082080565954867
2025-10-24,0.00728767163705939
2025-10-27,0.0046394508509578665
2025-10-28,0.005840143883576909
2025-10-29,0.0064072128937493495
2025-10-30,0.00822331836728638
2025-10-31,0.007566994894749532
2025-11-03,0.0074354471283587156
2025-11-04,0.013568841118140714
2025-11-05,0.012031423687011026
2025-11-06,0.012254692388600504
2025-11-07,0.013295102373822879
2025-11-10,0.0095274096507917
2025-11-11,0.008391481297480172
2025-11-12,0.009158236745602243
2025-11-13,0.01326312962913207
2025-11-14,0.017332996698579437
2025-11-17,0.018842666282004795
2025-11-18,0.02086826728921037
2025-11-19,0.020383004122918588
2025-11-20,0.022161053976890627
2025-11-21,0.023672238102689813
2025-11-24,0.016104357445320558
2025-11-25,0.015768727842820154
2025-11-26,0.013983767504710158
2025-11-28,0.010846504752627186
2025-12-01,0.014308908838880955
2025-12-02,0.01420210831304578
2025-12-03,0.01268879632311513
2025-12-04,0.01196214413949214
2025-12-05,0.013295962676198349
2025-12-08,0.011842361639397411
2025-12-09,0.012494919334214887
2025-12-10,0.011402931644606349
2025-12-11,0.011322526086466484
2025-12-12,0.014240134282928574
2025-12-15,0.013157926377111297
2025-12-16,0.015752868233481862
2025-12-17,0.015796352933459944
2025-12-18,0.016855690691192252
2025-12-19,0.012093734621766425
2025-12-22,0.012134939846383431
2025-12-23,0.009649916237824768
2025-12-24,0.008699369010556858
2025-12-26,0.009241502391948857
2025-12-29,0.01045328418649134
2025-12-30,0.00988448376332221
2025-12-31,0.011213997710748248
2026-01-02,0.013294372183093475
2026-01-05,0.011044509997014236
2026-01-06,0.009873095603461876
2026-01-07,0.011902436099448205
2026-01-08,0.011690442709235888
2026-01-09,0.01180560289437517
2026-01-12,0.010949490620978488
2026-01-13,0.011321014131409944
2026-01-14,0.013044435016677902
2026-01-15,0.011765536962232342
2026-01-16,0.011028854637780729
2026-01-20,0.017657162057738
2026-01-21,0.017220767754765776
2026-01-22,0.01340437827904696
2026-01-23,0.012705181727589897
2026-01-26,0.012402496787896062
2026-01-27,0.011355196251677222
2026-01-28,0.012244299308200625
2026-01-29,0.017756633057848095
2026-01-30,0.01575242895211969
2026-02-02,0.013631676813243787
2026-02-03,0.017542193086809953
2026-02-04,0.01649816714013002
2026-02-05,0.018219922095676834
2026-02-06,0.0175581480481765
2026-02-09,0.015315885649714256
2026-02-10,0.01341808688174223
2026-02-11,0.014860196188429306
2026-02-12,0.01856420815219442
2026-02-13,0.022174270483013996
2026-02-17,0.019257034348930863
2026-02-18,0.018087961864482305
2026-02-19,0.015324685203073493
2026-02-20,0.015120488127309498
2026-02-23,0.017982296475189147
2026-02-24,0.015226575784604063
2026-02-25,0.011570245065856914
2026-02-26,0.015597366516267116
2026-02-27,0.01381161278501333
2026-03-02,0.018102338014076833
2026-03-03,0.020776943880292977
2026-03-04,0.01690358592728512
2026-03-05,0.022367298747514787
2026-03-06,0.01982346960758068
2026-03-09,0.020071069133584262
2026-03-10,0.02045372066443504
2026-03-11,0.016041461887360175
2026-03-12,0.013910408063159378
2026-03-13,0.020704829596752152
2026-03-16,0.018835556323240465
2026-03-17,0.017709440362192713
2026-03-18,0.01876186477795395
2026-03-19,0.02208374491623992
2026-03-20,0.021014386338848966
2026-03-23,0.026537995477251906
2026-03-24,0.02525983677229529
2026-03-25,0.022699101266596758
2026-03-26,0.027114081254132876
2026-03-27,0.02672021687238248
2026-03-30,0.030187957091556365
2026-03-31,0.03249256946853808
2026-04-01,0.03220559633467303
2026-04-02,0.03377275220130056
2026-04-06,0.029758050185913994
2026-04-07,0.031159016180148998
2026-04-08,0.029158946010259732
2026-04-09,0.030211085745548958
2026-04-10,0.030301278413738836
2026-04-13,0.030991011892252687
2026-04-14,0.029420194752772404
2026-04-15,0.028843908378066052
2026-04-16,0.030438857801178974
2026-04-17,0.03150215759565482
2026-04-20,0.03255856026276725
2026-04-21,0.03391117777273034
2026-04-22,0.032522520351697094
2026-04-23,0.03528547961952219
2026-04-24,0.0333528246928311
2026-04-27,0.034223037610569156
2026-04-28,0.0365634724323108
2026-04-29,0.029626628819356658
2026-04-30,0.02899555568533904
2026-05-01,0.02952727713377136
2026-05-04,0.02956980998005305
2026-05-05,0.02944028341626492
2026-05-06,0.021920776530315232
2026-05-07,0.022035369569546236
2026-05-08,0.019974719627265925
2026-05-11,0.018818076196369705
2026-05-12,0.015933914327544797
2026-05-13,0.013871473287276236
2026-05-14,0.012349875463560683
2026-05-15,0.011756501959028531
2026-05-18,0.012976084981735669
2026-05-19,0.01672197510520822
2026-05-20,0.012721428848087815
2026-05-21,0.014212744447519157
2026-05-22,0.012529881598707417
2026-05-26,0.010654551213638109
2026-05-27,0.01092995997931708
2026-05-28,0.011011814213809014
2026-05-29,0.008926789931915277
2026-06-01,0.008647356062085458
2026-06-02,0.0086118872552668
2026-06-03,0.00843826132242443
2026-06-04,0.005311141725967049
2026-06-05,0.0134624848773843
2026-06-08,0.01148261231445724
2026-06-09,0.014016392720962912
2026-06-10,0.01735523209920565
2026-06-11,0.013161280927641681
2026-06-12,0.011486928220420748
2026-06-15,0.011188320622417543
2026-06-16,0.01256070250357858
2026-06-17,0.016744002353706877
2026-06-18,0.01276871230794521
2026-06-22,0.014580208406396079
2026-06-23,0.018889090598225515
2026-06-24,0.017792727206330447
2026-06-25,0.01484611920117616
2026-06-26,0.020608788419584516
2026-06-29,0.014801904396209618
2026-06-30,0.014002495873761928
2026-07-01,0.015240184566510937
2026-07-02,0.01716917360492046
2026-07-06,0.014735796198918993
2026-07-07,0.01760348460078281
2026-07-08,0.017887714564193816
2026-07-09,0.01706764086229686
2026-07-10,0.018771346543687114
2026-07-13,0.016631477847011304
2026-07-14,0.013913646982910635
2026-07-15,0.009890405927293148
2026-07-16,0.012799552518105085
2026-07-17,0.017233993757788404
2026-07-20,0.015447229593669292
2026-07-21,0.014697010622051573
2026-07-22,0.01710563899537936
2026-07-23,0.020444472052478693
2026-07-24,0.020830044509560382
2026-07-27,0.020246836122752784
2026-07-28,0.015779117111954365
2026-07-29,0.018430250754273868
2026-07-30,0.01519902333322498
2026-07-31,0.017029097413735428
2026-08-03,0.013913788955699329
2026-08-04,0.013827220035405065
2026-08-05,0.013649994345321312
2026-08-06,0.01146161827664013
2026-08-07,0.009606079985311594
2026-08-10,0.0115334617717082
2026-08-11,0.011285857593467431
2026-08-12,0.010308000179509117
2026-08-13,0.011637385264127956
2026-08-14,0.011820525729330598
2026-08-17,0.013950911661456932
