Date,open,high,low,close,volume
1995-01-03,26.46669778400721,26.548133777188767,26.45764934032037,26.511940002441406,324300
1995-01-04,26.629585279070813,26.638633728027344,26.493858544722848,26.638633728027344,351800
1995-01-05,26.656730625940405,26.70197287072306,26.61148838115775,26.638633728027344,89800
1995-01-06,26.69291682351756,26.783401287326093,26.58433546694732,26.665771484375,448400
1995-01-09,26.656734513104976,26.692928314208988,26.63863761255297,26.692928314208984,36800
1995-01-10,26.756263681238,26.864845069190267,26.72006988525391,26.720069885253903,229800
1995-01-11,26.81055440112016,26.81055440112016,26.530052481972422,26.73816680908203,222400
1995-01-12,26.71101195112133,26.76530262581873,26.656721276423927,26.74720573425293,40300
1995-01-13,26.89198711348074,27.063907623291016,26.85579332194174,27.063907623291016,170600
1995-01-16,27.054846159205084,27.23581502983522,27.054846159205084,27.22676658630371,105100
1995-01-17,27.172489263845044,27.25392529560482,27.136295471951808,27.235828399658203,89500
1995-01-18,27.21772192196073,27.26296414590017,27.145334363657653,27.20867347717285,84500
1995-01-19,27.118198296537365,27.145343640177543,27.03676226561684,27.05485916137696,139100
1995-01-20,27.01867286244188,27.027721312831176,26.901043007381013,26.9553337097168,78700
1995-01-23,26.774359138136408,27.03676414489746,26.756262241118403,27.03676414489746,53700
1995-01-24,27.02772146240275,27.07296371459961,27.009624561524006,27.07296371459961,32400
1995-01-25,26.93721622912089,27.244863307317097,26.93721622912089,27.14533042907715,15700
1995-01-26,27.12725073490149,27.20868677780146,27.072960039634843,27.17249298095703,9800
1995-01-27,27.35345255597116,27.35345255597116,27.1724836339998,27.281064987182617,91200
1995-01-30,27.22677028091807,27.24486717043679,27.127237388565096,27.16343116760254,26600
1995-01-31,27.217714427398704,27.31724729265847,27.17247221591699,27.27200508117676,127500
1995-02-01,27.30821793585017,27.40775087067268,27.21773344964788,27.262975692749023,380200
1995-02-02,27.25393316809473,27.425853729248043,27.25393316809473,27.425853729248047,131700
1995-02-03,27.59775017171846,27.860155009416765,27.5525079583222,27.814912796020508,405100
1995-02-06,27.805870298355345,28.01398452447385,27.7787249645138,27.93254852294922,405400
1995-02-07,27.9777965391388,27.9777965391388,27.87826362777705,27.968748092651367,702900
1995-02-08,27.93255430670164,28.06828100401312,27.914457413726776,27.968748092651367,521500
1995-02-09,27.92350586021421,27.968748092651367,27.86921518128962,27.968748092651367,390700
1995-02-10,27.932550563411684,28.004938125610355,27.85111455593818,28.00493812561035,148300
1995-02-13,27.986848873685496,28.068284903385845,27.986848873685496,28.013994216918945,79700
1995-02-14,28.10448448427261,28.10448448427261,27.94161239131805,28.050193786621094,170200
1995-02-15,28.050186406889136,28.24020379867774,28.02304106520505,28.204010009765625,431500
1995-02-16,28.167814254760746,28.194959594550102,28.08637823539265,28.167814254760746,99300
1995-02-17,28.140670643510912,28.15876753781542,28.05018617198837,28.059234619140625,49100
1995-02-21,28.05924223622968,28.10448448427261,28.041145337012505,28.050193786621094,168000
1995-02-22,28.07731667505485,28.25828552246094,28.05921979031424,28.258285522460938,386400
1995-02-23,28.366876486927044,28.46640938688117,28.29448892332404,28.30353736877441,402800
1995-02-24,28.33975414110689,28.384996405061408,28.267366518779674,28.375947952270508,307600
1995-02-27,28.294498227792936,28.375934263626043,28.104480810849008,28.14972305297852,280900
1995-02-28,28.12257427571874,28.384979248046875,28.12257427571874,28.384979248046875,493500
1995-03-01,28.35783361264212,28.39402740155423,28.17686466808154,28.204010009765625,242600
1995-03-02,28.19495019542984,28.240192413330075,28.1135142032094,28.24019241333008,488600
1995-03-03,28.1497193995689,28.24925231933594,28.07733182155651,28.249252319335938,290000
1995-03-06,28.05923684946859,28.26735115051269,28.02304305798265,28.26735115051269,85700
1995-03-07,28.16782363153273,28.231162778792843,27.92351549210087,28.050193786621094,180900
1995-03-08,28.095420888952308,28.1587600020675,27.99588799691416,28.12256622314453,155900
1995-03-09,28.113533020019528,28.140678368928462,28.04114542292904,28.11353302001953,63500
1995-03-10,28.140665756646616,28.6021364812733,28.104471974322955,28.529748916625977,192100
1995-03-13,28.51166724008227,28.60215174417647,28.475473438444592,28.50261878967285,261300
1995-03-14,28.58404371319905,28.746915757148905,28.58404371319905,28.71072196960449,223300
1995-03-15,28.665481552928643,28.710723790228087,28.547851735950083,28.65643310546875,278500
1995-03-16,28.629291824177983,28.84645459402004,28.629291824177983,28.828357696533203,20400
1995-03-17,28.784247666559786,28.89341674746962,28.76605281974148,28.857027053833008,89900
1995-03-20,28.89341674746962,28.89341674746962,28.80244251337809,28.857027053833008,91700
1995-03-21,28.85702965322849,29.03897813780118,28.738763138256243,28.78425025939941,104400
1995-03-22,28.83883669280765,28.83883669280765,28.720570170092664,28.81154441833496,74900
1995-03-23,28.77516358791748,28.9116250023401,28.73877387740477,28.829748153686523,220500
1995-03-24,28.920708759571355,29.23911857604981,28.920708759571355,29.239118576049805,134000
1995-03-27,29.28461005261412,29.35738945007324,29.211830655155,29.35738945007324,132100
1995-03-28,29.28461005261412,29.35738945007324,29.24822035388456,29.35738945007324,121900
1995-03-29,29.330090829621025,29.6303057791798,29.18453206619859,29.348285675048828,246100
1995-03-30,29.41197149738762,29.41197149738762,29.17543847575692,29.293704986572266,298400
1995-03-31,29.06625554091023,29.211814254104144,28.847917471119352,29.175424575805664,541300
1995-04-03,29.1663360132956,29.24821281433105,29.14814116862106,29.24821281433105,193300
1995-04-04,29.257310129361333,29.439258575439453,29.257310129361333,29.439258575439453,66900
1995-04-05,29.37557661931211,29.466550842351168,29.357381774704297,29.439258575439453,107200
1995-04-06,29.51203979764666,29.57572175775256,29.457455260413035,29.548429489135746,352500
1995-04-07,29.61210955309757,29.61210955309757,29.38467399585412,29.521135330200195,361400
1995-04-10,29.47563488202548,29.5757064819336,29.45744004567856,29.5757064819336,285400
1995-04-11,29.64849607032022,29.657593491636675,29.45745022267471,29.475645065307617,250300
1995-04-12,29.521121972892807,29.5757064819336,29.466537463852017,29.5757064819336,150900
1995-04-13,29.630300475173343,29.74856694928365,29.61210563300253,29.73946952819824,243400
1995-04-17,29.848643790611856,29.87593605863131,29.475649461012623,29.56662368774414,178900
1995-04-18,29.59391665480761,29.59391665480761,29.39377335127065,29.466552734375,329500
1995-04-19,29.466550842351168,29.53023279847851,29.28460239627305,29.439258575439453,223000
1995-04-20,29.52114426254748,29.56663138775942,29.36648803682689,29.48475456237793,207900
1995-04-21,29.493852495305337,29.639411298490064,29.493852495305337,29.630313873291016,145000
1995-04-24,29.61211809439073,29.976015090942383,29.61211809439073,29.976015090942383,169000
1995-04-25,29.93050893921716,29.975996034869464,29.87592442443439,29.894119262695312,293200
1995-04-26,29.83953854638271,29.939610169556552,29.76675918407446,29.92141532897949,204400
1995-04-27,29.87594656789524,30.01240795599464,29.85775171614865,29.994213104248047,502200
1995-04-28,29.98510928878923,30.08518095207099,29.794063386160413,30.03969383239746,130800
1995-05-01,30.01239971053156,30.076081674148927,29.95781517028809,29.95781517028809,518700
1995-05-02,29.98511946244673,30.06699630563909,29.92143747329712,30.021509170532227,228400
1995-05-03,30.121573500054648,30.43998336791992,30.121573500054648,30.43998336791992,724700
1995-05-04,30.47638709465282,30.67653053228935,30.349023088884124,30.42180252075196,311400
1995-05-05,30.54914484081154,30.54914484081154,30.32170927767268,30.38539123535156,314900
1995-05-08,30.358104517003447,30.70380663616621,30.330812244437965,30.603734970092773,183100
1995-05-09,30.73110851479655,30.76749822292538,30.530965120087988,30.576452255249023,180600
1995-05-10,30.65833351622719,30.667430944570285,30.46728752102221,30.61284637451172,330300
1995-05-11,30.658333416019023,30.694723129272464,30.55826170457208,30.69472312927246,351700
1995-05-12,30.57645020948202,30.7856910172232,30.56735278305849,30.71291160583496,94600
1995-05-15,30.79478322053855,30.858465194702145,30.731101246374955,30.85846519470215,147200
1995-05-16,30.84937283623268,30.94944452635316,30.79478827798514,30.876665115356445,221600
1995-05-17,30.87666459691415,30.885762023135985,30.73110577736476,30.75839805603028,189200
1995-05-18,30.703813302702976,30.722008155030505,30.312623977661133,30.312623977661133,577800
1995-05-19,30.267117161055705,30.38538362426392,30.221630059821777,30.330799102783203,363900
1995-05-22,30.430890170730777,30.71291037859106,30.41269531861076,30.667423248291016,216000
1995-05-23,30.721998696324405,30.949434280395508,30.631024462695965,30.949434280395508,136800
1995-05-24,31.00400799919577,31.104079621258904,30.740182813756608,30.931228637695312,370800
1995-05-25,30.84026582725182,30.98582460401761,30.694707050486027,30.958532333374023,379900
1995-05-26,30.84026799899361,30.849365423182107,30.48546845564236,30.603734970092773,518600
1995-05-30,30.676517558034035,30.758394384256547,30.494569055317346,30.594640731811523,61500
1995-05-31,30.540054394071664,31.23145866394043,30.540054394071664,31.23145866394043,564500
1995-06-01,31.09499545743532,31.386113027545893,31.00402121677577,31.14958000183105,810100
1995-06-02,31.022210350737893,31.395204668737968,30.913041282054945,31.17686653137207,112900
1995-06-05,31.176875901609453,31.467993505592965,31.149583626236,31.36792182922364,257200
1995-06-06,31.34062387443157,31.44979295614222,31.31333160400391,31.313331604003903,165800
1995-06-07,31.249651666556563,31.267846514688472,31.11319030556724,31.14958000183105,41900
1995-06-08,31.140475624897444,31.2314498452448,31.0767936706543,31.076793670654297,141100
1995-06-09,31.01310287853012,31.049492556299,30.71288803693684,30.89483642578125,304900
1995-06-12,30.99489721407129,31.19504037189624,30.97670238154176,31.067676544189453,378500
1995-06-13,31.213264306754667,31.42250507593431,31.185972032513845,31.40431022644043,120000
1995-06-14,31.358813594133483,31.41339812606409,31.258741952260703,31.37700843811035,389400
1995-06-15,31.42250118189541,31.577157383427608,31.36791664017816,31.51347541809082,274500
1995-06-16,31.451479729021223,31.607044219970707,31.451479729021223,31.607044219970703,325100
1995-06-19,31.698551604988715,31.98222801946754,31.68024990082879,31.963926315307617,134600
1995-06-20,31.87240089532565,31.982211062062344,31.85409920086953,31.88155174255371,287800
1995-06-21,31.98222706469909,32.009679620119435,31.863265991210938,31.863265991210938,158200
1995-06-22,32.000522411329136,32.30250046096421,32.000522411329136,32.28419876098633,297000
1995-06-23,32.21098007379828,32.22928176702203,32.119471607679536,32.22013092041016,315400
1995-06-26,32.12863500627439,32.183540107395906,31.83580780029297,31.83580780029297,132900
1995-06-27,31.82665268287132,32.03712220895126,31.753445891191337,31.771747589111328,127700
1995-06-28,31.771747123477795,32.06457428590616,31.67108778639304,31.93646240234375,212600
1995-06-29,31.93645682592205,32.018814450974574,31.66193140908032,31.88155174255371,89200
1995-06-30,31.94562365747197,32.055433879153334,31.799210028563472,31.863265991210938,714100
1995-07-03,31.89984873169993,31.98220634460449,31.89984873169993,31.98220634460449,9500
1995-07-05,32.07372466949672,32.2475907946666,32.0005178799515,32.10117721557617,409300
1995-07-06,32.11033633914157,32.51297378540039,32.0462803817822,32.51297378540039,202500
1995-07-07,32.448908537835024,32.66852890018924,32.430606840972175,32.65937805175781,481700
1995-07-10,32.68683181801152,32.76918945697067,32.622775876598844,32.67768096923828,400400
1995-07-11,32.65023333152896,32.67768588197587,32.47636717869851,32.52212142944336,420500
1995-07-12,32.58617367937937,32.9796601910933,32.522117735611985,32.92475509643555,203400
1995-07-13,32.87900360553709,32.95221040454747,32.814947656403014,32.8515510559082,215600
1995-07-14,32.677671696769515,32.85153777412561,32.65021915823961,32.8240852355957,543700
1995-07-17,32.86985546563648,33.04372162762064,32.842402913744245,33.007118225097656,171500
1995-07-18,32.952213344958004,32.952213344958004,32.69598952555816,32.72344207763672,221200
1995-07-19,32.59531781145635,32.63192120035186,31.744289019635616,32.366546630859375,486600
1995-07-20,32.403150339260904,32.54956389628666,32.22928424029283,32.48550796508789,318900
1995-07-21,32.458072055616555,32.577033131659135,32.320809275567434,32.44892120361328,94000
1995-07-24,32.49466080788402,32.72343200478548,32.49466080788402,32.68682861328125,108400
1995-07-25,32.723433231439614,32.97965698157393,32.6227739010297,32.93390274047852,107400
1995-07-26,32.91559921196756,33.0711636230333,32.897297516548065,32.90644836425781,167800
1995-07-27,33.062023438476295,33.20843704905355,33.062023438476295,33.18098449707031,187700
1995-07-28,33.20843448898312,33.20843448898312,32.943059840269825,32.97051239013672,415600
1995-07-31,32.997959442648146,33.02541198794153,32.814942474025585,32.88814926147461,342500
1995-08-01,32.933915136118266,32.933915136118266,32.650238734556815,32.833255767822266,141000
1995-08-02,33.02542644799089,33.26334861137348,32.70514661266817,32.76005172729492,240400
1995-08-03,32.53128360323014,32.769205789920434,32.47637848322469,32.75090408325195,1193600
1995-08-04,32.81494720867816,32.84239975793249,32.75089126041805,32.78749465942383,240500
1995-08-07,32.860687255859375,32.9613465596228,32.842385564266024,32.860687255859375,193100
1995-08-08,32.878988947452726,32.97964825121615,32.76002795209595,32.860687255859375,951900
1995-08-09,32.97051210430007,32.97051210430007,32.824098506279306,32.8515510559082,107100
1995-08-10,32.88814574070712,32.96135252031915,32.6410728595165,32.77833557128906,280800
1995-08-11,32.75088224352109,32.787485632449304,32.45805513209536,32.59531784057617,257200
1995-08-14,32.67767974755866,32.88814926147461,32.60447296010964,32.88814926147461,254800
1995-08-15,32.878990312655525,32.878990312655525,32.59531408117979,32.8240852355957,44400
1995-08-16,32.79665020329441,32.915611267089844,32.76004679904966,32.915611267089844,374900
1995-08-17,32.93389402223278,32.93389402223278,32.7417262605026,32.860687255859375,353800
1995-08-18,33.025416430180194,33.0345672798422,32.86985198592609,32.89730453491211,85400
1995-08-21,33.03458035308115,33.17184315233217,32.79665816771269,32.805809020996094,266700
1995-08-22,32.85155608553133,32.92476289574978,32.6868407625398,32.86985778808594,220200
1995-08-23,32.897317736599824,32.915619443268305,32.75090408325195,32.75090408325195,176500
1995-08-24,32.76004211016949,32.85155060768393,32.65023191315217,32.78749465942383,167400
1995-08-25,32.842400490757896,33.025417489870506,32.842400490757896,32.97051239013672,195000
1995-08-28,33.06202060306305,33.06202060306305,32.796645956650416,32.8515510559082,293000
1995-08-29,32.88814849938311,32.9430535886976,32.65937729390604,32.93390274047852,1133100
1995-08-30,32.96136397194393,33.04372162762064,32.924760569420954,33.007118225097656,437400
1995-08-31,32.9979577653626,33.08946624502251,32.97050522146463,33.03456115722656,491900
1995-09-01,33.02542003583198,33.23588960103678,32.99796748384875,33.18098449707031,629900
1995-09-05,33.28163407330956,33.510405272603684,33.22672898547897,33.49210357666016,272200
1995-09-06,33.519552770218795,33.59275954667573,33.51040192316168,33.556156158447266,214500
1995-09-07,33.59276077070884,33.61106246548994,33.52870483897499,33.574459075927734,258800
1995-09-08,33.70259475708008,33.70259475708008,33.48297426450068,33.70259475708008,107300
1995-09-11,33.757490680239044,33.8581500452384,33.757490680239044,33.79409408569336,260700
1995-09-12,33.803217235472644,33.94963073730469,33.72085964069212,33.94963073730469,139500
1995-09-13,33.91305672185236,34.15097886830896,33.903905870065564,34.105224609375,239800
1995-09-14,34.22417206321743,34.44379241870332,34.13266358176497,34.41633987426758,457600
1995-09-15,34.38846096100016,34.489657609092994,34.268864922345,34.4068603515625,431200
1995-09-18,34.28725297593073,34.305652360409354,34.11245882338372,34.278053283691406,307500
1995-09-19,34.34245647630121,34.462052494032775,34.22286045856965,34.44365310668945,549600
1995-09-20,34.49884898354563,34.60924530029297,34.471249904358785,34.60924530029297,290800
1995-09-21,34.56322753055586,34.59082659432793,34.1860403256709,34.32403564453125,508500
1995-09-22,34.04805770640971,34.37004690384941,34.02045863234345,34.333248138427734,449900
1995-09-25,34.37005020608457,34.37005020608457,34.1584572845803,34.278053283691406,130000
1995-09-26,34.37924853638515,34.46204576325897,34.1860550070129,34.26885223388672,466600
1995-09-27,34.12165690570157,34.25965228278044,33.91006399418064,34.24125289916992,654400
1995-09-28,34.26885185241699,34.49884414672852,34.241252777099604,34.49884414672852,456200
1995-09-29,34.47125464889604,34.682847618451575,34.38845739993952,34.43445587158203,606600
1995-10-02,34.43444915693633,34.51724638974756,34.176857765968066,34.2596549987793,293100
1995-10-03,34.259648990221805,34.351645899432924,34.12165362640512,34.29644775390625,839700
1995-10-04,34.31485315398678,34.31485315398678,34.21365653610639,34.2596549987793,248800
1995-10-05,34.29644582562019,34.360843658447266,34.20444892158151,34.360843658447266,268800
1995-10-06,34.37927381210368,34.489670195765775,34.37927381210368,34.38847351074219,75300
1995-10-09,34.25965864471197,34.27805803173921,34.03886600038515,34.10326385498047,358200
1995-10-10,33.75367659286932,34.08486557006836,33.716877817624976,34.08486557006836,360800
1995-10-11,34.2044626030192,34.2044626030192,34.075666885848065,34.19526290893555,228100
1995-10-12,34.22286644593917,34.42525974212483,34.22286644593917,34.4068603515625,199800
1995-10-13,34.563240889038866,34.65523780383535,34.517242431640625,34.517242431640625,488100
1995-10-16,34.41606337001251,34.480461243198846,34.35166549682617,34.35166549682617,443600
1995-10-17,34.3884751730125,34.618467650092576,34.324077279430085,34.581668853759766,146000
1995-10-18,34.7472362831986,34.79323474266801,34.57244213721481,34.682838439941406,228100
1995-10-19,34.66443301304592,34.848426818847656,34.61843456159549,34.848426818847656,500600
1995-10-20,34.82084616753526,34.848445253004904,34.6368522644043,34.6368522644043,748400
1995-10-23,34.47124313870294,34.62763789006615,34.47124313870294,34.56324005126953,533000
1995-10-24,34.60924012747827,34.646038894227324,34.517243210605656,34.600040435791016,172200
1995-10-25,34.62764706854526,34.67364553702101,34.31485748291016,34.31485748291016,302700
1995-10-26,34.37005145415599,34.39765053187614,33.72607297401923,34.0020637512207,606800
1995-10-27,33.965264837672706,34.2596549987793,33.80887006458483,34.2596549987793,905800
1995-10-30,34.34244668140228,34.49884142921472,34.34244668140228,34.48044204711914,488700
1995-10-31,34.572440113668655,34.64603764451201,34.333248138427734,34.333248138427734,508200
1995-11-01,34.314855122300045,34.60924530029297,34.28725604311321,34.60924530029297,415700
1995-11-02,34.554049169960564,34.830039978027344,34.554049169960564,34.830039978027344,326000
1995-11-03,34.87601852416992,34.8852182125171,34.77482195235091,34.87601852416992,615000
1995-11-06,34.86682786835508,34.86682786835508,34.7472318888594,34.756431579589844,311200
1995-11-07,34.738055205877224,34.738055205877224,34.51726248211106,34.62765884399414,358200
1995-11-08,34.67363862353541,34.95882907122169,34.67363862353541,34.9404296875,357200
1995-11-09,35.07842118742584,35.07842118742584,34.90362706139356,35.06922149658203,503700
1995-11-10,34.87603667151584,35.096829306735145,34.866836978381706,35.05083084106445,795600
1995-11-13,34.98642756672076,35.124422942345475,34.92202972476255,35.0140266418457,818500
1995-11-14,34.94963301441966,35.02323055696122,34.78403854370117,34.78403854370117,341800
1995-11-15,34.82083171036394,35.142820907157265,34.802432327690035,35.13362121582031,584700
1995-11-16,35.133630618453026,35.3636229634285,35.12443092465401,35.32682418823242,577700
1995-11-17,35.38201955397181,35.4464174054741,35.33602108861303,35.437217712402344,267000
1995-11-20,35.4924154361255,35.50161512908458,35.244023726230374,35.25322341918945,448800
1995-11-21,35.29002607890185,35.53841781616211,35.28082638492925,35.53841781616211,119200
1995-11-22,35.51082154429754,35.54762032309993,35.42802429199219,35.42802429199219,351600
1995-11-24,35.46481755693105,35.520015716552734,35.43721847712021,35.520015716552734,62400
1995-11-27,35.59361462170815,35.70401094516653,35.52921676635742,35.52921676635742,273000
1995-11-28,35.50162363015717,35.90641021728516,35.41882637369917,35.90641021728516,479000
1995-11-29,35.97080968852418,35.97080968852418,35.82361455936398,35.94321060180664,549200
1995-11-30,35.94320603258613,36.035202976616304,35.82361000534692,35.860408782958984,286200
1995-12-01,35.90641021728516,35.961608388257154,35.82361296082716,35.90641021728516,465200
1995-12-04,35.98921519911642,36.34800338745117,35.943216713432484,36.34800338745117,631700
1995-12-05,36.31119028599321,36.62397986535064,36.28359120546168,36.587181091308594,567700
1995-12-06,36.679171157852224,36.81716653466883,36.504377013884536,36.66997146606445,272800
1995-12-07,36.623978844506745,36.66997731077716,36.44918467267915,36.476783752441406,289700
1995-12-08,36.633169460919945,36.64236915189456,36.36637842265609,36.59637069702149,296900
1995-12-11,36.66998366068242,36.82637847308373,36.59638610190534,36.75278091430664,186500
1995-12-12,36.5871815989133,36.71597730984737,36.5871815989133,36.64237976074219,299400
1995-12-13,36.68837021163362,36.918362502328414,36.68837021163362,36.87236404418945,390700
1995-12-14,36.90916540659262,36.97356325251639,36.5135786387752,36.60557556152344,395000
1995-12-15,36.65601049564003,36.65601049564003,36.48939226611439,36.61898422241211,416700
1995-12-18,36.29501625139689,36.29501625139689,35.90624025482492,35.915496826171875,862300
1995-12-19,35.933984512761064,36.34127336349818,35.887701688813664,36.29499053955078,1022600
1995-12-20,36.40608095085072,36.44310722184064,35.94325256347656,35.94325256347656,1349800
1995-12-21,36.15615333950034,36.23946244857753,35.98953512134596,36.12838363647461,857600
1995-12-22,36.32277250740337,36.35979877907249,36.2209502603133,36.25797653198242,332800
1995-12-26,36.40607963247997,36.45236246954135,36.33202709318177,36.4338493347168,432200
1995-12-27,36.5264230717483,36.5264230717483,36.35054825209214,36.41534423828125,151800
1995-12-28,36.34129250795787,36.52642390127401,36.28575308996303,36.37831878662109,256200
1995-12-29,36.4153344974736,36.45236076539172,36.28574255976016,36.424591064453125,339200
1996-01-02,36.378307299365765,36.8133659362793,36.3412810323944,36.8133659362793,514400
1996-01-03,36.9336971524008,37.02626280942437,36.73005270694897,36.915184020996094,610300
1996-01-04,36.96148235176183,37.10033089553254,36.26723963290831,36.56344985961914,1129700
1996-01-05,36.32279588533864,36.58197995383748,36.239486720464,36.48941421508789,302400
1996-01-08,36.6190011788716,36.67454061443106,36.57271831590538,36.62825775146485,179900
1996-01-09,36.73931224231519,36.7670819416669,35.91547782821439,35.99878692626953,415500
1996-01-10,35.95251652895007,36.026569086167264,35.332326362256026,35.52671432495117,787700
1996-01-11,35.58225090779717,35.7396125793457,35.41563266733402,35.7396125793457,513200
1996-01-12,35.83217950961933,35.84143607885457,35.35083790938678,35.68407440185547,390400
1996-01-15,35.693324978270404,35.81366035812454,35.46191078624324,35.610015869140625,154200
1996-01-16,35.78588678118015,36.072840348230486,35.48042008077174,36.04507064819336,454600
1996-01-17,35.961760177494384,36.211687468303225,35.81365511627433,35.933990478515625,407600
1996-01-18,36.07285350265796,36.08211007271253,35.767386690857165,36.05434036254883,425600
1996-01-19,36.0543198550243,36.38755618744558,36.017293595866384,36.29499053955078,169800
1996-01-22,36.26724541375735,36.3875808375396,36.202449416336144,36.30427169799805,288200
1996-01-23,36.28573196166588,36.38755416870117,36.2116794474584,36.38755416870117,362200
1996-01-24,36.44309094275244,36.75781410558038,36.42457781552727,36.68376159667969,1506500
1996-01-25,36.71156475833169,36.73007790243575,36.50792017318714,36.55420303344727,298400
1996-01-26,36.52641871416655,36.88742487986663,36.48013587241014,36.86891174316406,726300
1996-01-29,36.841131173601504,37.01700592041016,36.81336147673698,37.01700592041016,254800
1996-01-30,37.091078128526206,37.40580152667193,37.04479527585772,37.33174896240234,272100
1996-01-31,37.32248753834356,37.7297765888612,37.30397439968367,37.72052001953125,498000
1996-02-01,37.68349255885938,37.85936737060547,37.65572285174157,37.85936737060547,373900
1996-02-02,37.84085200642474,37.92416112287724,37.6186943625514,37.70200347900391,496200
1996-02-05,37.63720267026876,38.06300476639083,37.58166326642675,38.00746536254883,295300
1996-02-06,38.02598382929122,38.40550314209573,37.97044441766129,38.36847686767578,301600
1996-02-07,38.35920401664912,38.59061813354492,38.32217775794579,38.59061813354492,585100
1996-02-08,38.53508673452007,39.04419789723893,38.46103420176096,39.007171630859375,1526600
1996-02-09,38.98864535302978,39.32188163809841,38.81277064702134,38.99790191650391,804600
1996-02-12,39.07198218086162,39.470014693009695,39.03495590066179,39.29413986206055,626500
1996-02-13,39.12752536471099,39.5070447732639,39.09975565189005,39.21083450317383,1045900
1996-02-14,39.18303601654917,39.31262791454863,38.849799707407726,38.86831283569336,431400
1996-02-15,38.78501667211932,39.04420055441511,38.58137219317263,38.62765502929688,889500
1996-02-16,38.55360406080729,38.64616973682363,38.349959573571326,38.47029495239258,606100
1996-02-20,38.174102757246494,38.28518162074964,37.84086616673707,38.09079360961914,492300
1996-02-21,38.16482242047643,38.590624465429606,38.16482242047643,38.5628547668457,434000
1996-02-22,38.775742509189314,39.29411003855542,38.74797282011613,39.17377471923828,721400
1996-02-23,39.395946195340265,39.46074215947734,38.70170372244306,39.06270980834961,1430400
1996-02-26,38.95163178077111,39.034940879161546,38.48880345637982,38.50731658935547,1408400
1996-02-27,38.599890669139,38.609147237644784,38.211114791895874,38.38698959350586,601000
1996-02-28,38.69246610375338,38.94239351638528,38.211124420166016,38.211124420166016,865900
1996-02-29,37.988952091762,38.47955015727453,37.84084701538086,37.84084701538086,914300
1996-03-01,38.29443027965712,38.44253540039063,37.683496656631405,38.44253540039063,1452600
1996-03-04,38.52584337851406,38.896106169273445,38.39625140174827,38.66469192504883,652600
1996-03-05,38.57213899080396,39.02571105957031,38.553625845140026,39.02571105957031,402000
1996-03-06,38.97015446765368,39.081233292739626,38.68320083618164,38.68320083618164,624700
1996-03-07,38.75724717548916,38.89609568459648,38.6461683682033,38.87758255004883,534200
1996-03-08,38.02599103056539,38.43328012631634,36.73007118044875,37.61870193481445,2289900
1996-03-11,37.470592843039256,38.109296130136514,37.35951401050061,38.05375671386719,1511400
1996-03-12,37.80381303933592,37.94266152013661,37.26693224690656,37.75753021240234,1385300
1996-03-13,38.00747850639616,38.174096775542566,37.79457738470909,38.0167350769043,1019300
1996-03-14,38.07226697054776,38.39624687426018,38.053753833192765,38.18334579467773,725600
1996-03-15,38.12050884462472,38.27856949105365,37.93455514294362,38.15769958496094,869200
1996-03-18,38.51099931797626,38.89220428466797,38.42732017894638,38.89220428466797,917600
1996-03-19,39.23621074857469,39.23621074857469,38.67834993224425,38.80851745605469,858300
1996-03-20,38.99447357697463,38.99447357697463,38.46450576727326,38.76203155517578,744300
1996-03-21,38.80852498455557,38.82712034870725,38.538892204356216,38.66905975341797,650800
1996-03-22,38.687652653755904,38.87360628343029,38.6411642463373,38.771331787109375,344500
1996-03-25,39.12465005239461,39.16184078438359,38.59468212155182,38.69695663452149,802400
1996-03-26,38.63185907196964,38.985170899824,38.59466835324814,38.88289642333984,969400
1996-03-27,38.9386885764516,38.96658161984448,38.49239988216562,38.52959060668945,809600
1996-03-28,38.39012046318788,38.69694390113537,38.38082278325008,38.678348541259766,1001300
1996-03-29,38.789934617194575,38.789934617194575,38.30645508697067,38.492408752441406,457700
1996-04-01,38.67833994634969,38.947972604629534,38.55747013401734,38.93867492675781,773400
1996-04-02,38.98516848612332,39.0130615234375,38.85500097865713,39.0130615234375,638800
1996-04-03,38.87359633686658,39.040954560751686,38.78061954581931,39.0130615234375,288000
1996-04-04,39.01307676403101,39.10605359140001,38.97588603308341,38.98518371582031,934900
1996-04-08,38.00893037939963,38.31575393676758,37.841572075380746,38.31575393676758,2217200
1996-04-09,38.46450653726668,38.46450653726668,38.09259929494358,38.1669807434082,1180900
1996-04-10,38.10190932523636,38.269267638524376,37.33949923136878,37.48826217651367,939500
1996-04-11,37.58121474374753,37.76716830507235,36.9675679913756,37.44174957275391,1276000
1996-04-12,37.70209648259544,37.97172923179279,37.59052431051377,37.91594314575195,411300
1996-04-15,38.11118964091349,38.27854787793141,37.990319803067216,38.232059478759766,484200
1996-04-16,38.30644102494308,38.47379926243069,38.22276190619927,38.343631744384766,429700
1996-04-17,38.30642310751255,38.41799521365094,37.990302140120455,38.25063705444336,525300
1996-04-18,38.34364061818539,38.427319756294914,38.13909161391767,38.30644989013672,818600
1996-04-19,38.49240232379904,38.59467682272701,38.334341734546726,38.3994255065918,885100
1996-04-22,38.752742732504935,38.84571956247736,38.43662151059871,38.69695663452149,828900
1996-04-23,38.631860273898,38.84570691319996,38.54818115417115,38.817813873291016,225400
1996-04-24,39.013065019020665,39.013065019020665,38.59466942181954,38.678348541259766,699000
1996-04-25,38.76202275462629,39.0130600811734,38.52958078560118,38.85499954223633,475500
1996-04-26,38.95727028250125,39.16181919567906,38.81780511442547,38.93867492675781,563300
1996-04-29,38.77131672506688,39.01305634973156,38.77131672506688,38.93867492675781,219900
1996-04-30,38.93868634623866,39.01306779102613,38.75273273427,38.91079330444336,184400
1996-05-01,38.90149569750173,39.15253307413475,38.845709613805504,38.99447250366211,561900
1996-05-02,38.687667702309774,38.90151445961646,38.13910428139262,38.32505798339844,1299600
1996-05-03,38.54816782092214,38.669037618720495,37.93452115517663,38.26923751831055,1329300
1996-05-06,38.41801307544634,38.41801307544634,37.89734300472393,38.232059478759766,647500
1996-05-07,38.232081032032205,38.232081032032205,37.94385279467982,38.07402038574219,582100
1996-05-08,37.888044374781536,38.54817962646485,37.53473254993695,38.54817962646485,1694700
1996-05-09,38.4180044753811,38.71553016347699,38.38081376436912,38.52027893066406,593400
1996-05-10,38.90150833129883,39.03167590219705,38.715554658587074,38.90150833129883,925100
1996-05-13,38.99447418780559,39.65460954005504,38.9572834637352,39.48725128173828,867500
1996-05-14,39.64531332989529,39.831266957146205,39.60812260444511,39.7289924621582,632300
1996-05-15,39.73829265297744,40.05441383926692,39.65461351543023,39.6825065612793,466100
1996-05-16,39.45935089988968,39.83125807142492,39.44075554131291,39.76617431640625,514400
1996-05-17,39.86844266669694,40.04509854605031,39.86844266669694,39.98001480102539,427700
1996-05-20,40.25895817281468,40.3147442580426,39.859157895347934,40.24966049194336,788500
1996-05-21,40.3147365579775,40.38911799074129,40.1659736924499,40.19386672973633,352700
1996-05-22,40.24037569712107,40.57509231567383,40.10091043939075,40.57509231567383,1218100
1996-05-23,40.63086298605949,40.72383978923125,40.18457433083504,40.40771865844727,967900
1996-05-24,40.44491839796858,40.65876509294634,40.42632303318791,40.56578826904297,659100
1996-05-28,40.68664883584661,40.68664883584661,40.05440657788555,40.156681060791016,456400
1996-05-29,40.24038558995529,40.27757633449314,39.75690591096322,39.8870735168457,649600
1996-05-30,39.831248295771616,40.296132146095744,39.71967617169382,40.091583251953125,895800
1996-05-31,40.08230696794028,40.24966524338054,39.7940788269043,39.7940788269043,923500
1996-06-03,39.80335376113792,39.933521234311456,39.69178164127488,39.9056282043457,503100
1996-06-04,40.0916125479808,40.22178012118853,40.01723107757638,40.18458938598633,627100
1996-06-05,40.20318620314292,40.58439125271019,40.11950704592084,40.53790283203125,428000
1996-06-06,40.76101876362855,40.76101876362855,40.165967394816455,40.24034881591797,523300
1996-06-07,39.38496247325058,40.24964649355566,39.38496247325058,40.24034881591797,1422800
1996-06-10,40.18457278489072,40.30544262436401,40.04510758549846,40.11019134521485,548800
1996-06-11,40.258963131296106,40.48210749969128,40.0730094909668,40.0730094909668,688700
1996-06-12,40.203183374976845,40.305457893275815,39.93355055400683,39.998634338378906,1120600
1996-06-13,40.09161117319615,40.147397274086494,39.76619225133579,39.998634338378906,1502000
1996-06-14,40.017225776622496,40.017225776622496,39.70110456927929,39.83127212524414,1468200
1996-06-17,39.84986365250799,39.99862655928357,39.70110074573241,39.80337524414063,1101000
1996-06-18,39.77548451003633,39.88705669660024,39.46866099698556,39.47795867919922,718000
1996-06-19,39.66389591445117,39.868444838529456,39.52443073894326,39.654598236083984,552100
1996-06-20,39.691773634346255,39.82194108126143,39.38495036661765,39.62668991088867,1234400
1996-06-21,39.81797820502514,39.967529296875,39.70581488613775,39.967529296875,573300
1996-06-24,40.06101032866149,40.210561463812816,39.98623476108583,40.04231643676758,416500
1996-06-25,40.15448832484043,40.18252916864269,39.948855470290496,39.99559020996094,454400
1996-06-26,39.94884067490521,40.03296317515653,39.71516706309599,39.72451400756836,838200
1996-06-27,39.72453536274277,40.10776029212453,39.57498417078892,40.00494384765625,1090500
1996-06-28,40.17318244552168,40.37881530122235,40.06101906968495,40.1451416015625,1060800
1996-07-01,40.24795380413588,40.50032137327467,40.19187212210503,40.49097442626953,471300
1996-07-02,40.4535634462429,40.46291038788945,40.275971554958566,40.341400146484375,389400
1996-07-03,40.32272231874982,40.37880399095949,40.11708952064771,40.25729370117188,308300
1996-07-05,39.55626518680335,39.74320405819656,39.10761189545965,39.229122161865234,842900
1996-07-08,39.25715597052324,39.47213563417134,38.95805382979544,39.07021713256836,942000
1996-07-09,39.24781604900456,39.36932631541014,39.10761189545965,39.229122161865234,716300
1996-07-10,39.2197859754594,39.388031005859375,38.836561183992806,39.388031005859375,1132300
1996-07-11,39.21980108259722,39.29457668046681,38.21033051135783,38.59355545043945,1587400
1996-07-12,38.65896217959202,38.827207179406486,38.331819124397214,38.62157440185547,1312000
1996-07-15,38.71504754615841,38.71504754615841,37.48125076293945,37.48125076293945,1951300
1996-07-16,37.593412365130526,37.985984050693794,36.116595071821074,37.5747184753418,4141000
1996-07-17,38.13554364319748,38.28509479473943,37.68689018857162,38.023380279541016,1340500
1996-07-18,38.13555202243632,38.612246422716765,37.88318439875842,38.546817779541016,1432500
1996-07-19,38.45333448222747,38.50941615624141,38.06076276412986,38.266395568847656,1216000
1996-07-22,38.00468632555384,38.1355435829463,37.69623707598589,37.98599243164063,519800
1996-07-23,38.0420810608184,38.24771393141742,37.43452939768494,37.49995803833008,1479800
1996-07-24,37.05128956125744,37.79904515280653,36.86435066337016,37.5747184753418,2463400
1996-07-25,37.94860834200707,38.02338392494698,37.76166938465728,37.91122055053711,1989800
1996-07-26,38.02337472119596,38.172925850876176,37.9205583195408,38.116844177246094,642300
1996-07-29,38.06074731639027,38.11682896764232,37.649481873875246,37.69621658325195,1297900
1996-07-30,37.9486085670636,38.09815973383036,37.6495062335301,38.06077194213867,1868200
1996-07-31,38.08879994113872,38.44398384243032,37.9953304934304,38.34116744995117,767100
1996-08-01,38.3785601371198,39.11696886844773,38.32247846132274,38.97676467895508,1168600
1996-08-02,39.48149551606514,39.83667942459034,39.3319443966861,39.81798553466797,1098500
1996-08-05,39.827344525550025,39.83669147333823,39.46281356180995,39.58432388305664,710200
1996-08-06,39.57497616855888,39.7899559635227,39.359996373595045,39.705833435058594,640000
1996-08-07,39.85538570979974,39.93016129274496,39.55628337801888,39.80865097045898,917800
1996-08-08,39.81798922017511,39.81798922017511,39.59366252034314,39.74321365356445,925100
1996-08-09,39.883419533730006,39.93950121106828,39.51888863103128,39.61235809326172,648800
1996-08-12,39.63106099546696,39.99559198103847,39.48150982189916,39.902122497558594,764200
1996-08-13,39.827344525550025,39.85538536891465,39.48150745738637,39.58432388305664,805200
1996-08-14,39.59365678495519,39.76190178545783,39.48149345128676,39.72451400756836,533800
1996-08-15,39.62171272644734,39.85538642735821,39.60301883037447,39.64975357055664,632600
1996-08-16,39.7619060660813,40.00492664852562,39.7619060660813,39.98623275756836,475100
1996-08-19,39.995596898159135,40.0329846961476,39.8553926557024,40.00494384765625,436400
1996-08-20,40.01428598685329,40.023632935226765,39.88342870962461,39.976898193359375,645700
1996-08-21,39.874061511078665,39.96753094734468,39.705816525799854,39.836673736572266,266400
1996-08-22,39.930162842137385,40.2853468749092,39.91146894567571,40.2105712890625,584800
1996-08-23,40.135794428972254,40.20122306451086,39.86473293888371,39.99559020996094,757100
1996-08-26,39.90212521568718,39.94885996061068,39.733880133962565,39.79930877685547,784700
1996-08-27,39.911468561196585,39.98624414632295,39.78061128722545,39.948856353759766,389400
1996-08-28,40.042294141305874,40.07968190427628,39.87404920793904,39.88339614868164,227600
1996-08-29,39.83669325427896,39.83669325427896,39.257182465502495,39.4908561706543,680200
1996-08-30,39.48150475645031,39.49085170359909,38.958075716118586,39.079586029052734,1500900
1996-09-03,38.56550900383141,39.388040461014434,38.50942731356893,39.33195877075195,1782000
1996-09-04,39.3319550140178,39.93015965301427,39.17305690678437,39.36934280395508,930200
1996-09-05,39.1823944627193,39.34129253186678,38.89263916015625,38.89263916015625,616600
1996-09-06,39.03284525939074,39.58431505591949,38.9674166394636,39.44411087036133,804900
1996-09-09,39.59366848519033,39.92081163839657,39.52823985454908,39.91146469116211,719200
1996-09-10,39.85539250610695,40.023637596423534,39.70584131471443,39.89278030395508,669900
1996-09-11,39.817978502541976,40.15446846171839,39.72450906943742,40.11708068847656,713500
1996-09-12,40.2292768556947,40.51903233490626,40.17319515004085,40.39752197265625,713300
1996-09-13,40.86485314173598,41.05179208565975,40.75268977538172,41.014404296875,2008800
1996-09-16,41.0704938280485,41.3695961954808,41.01441213415494,41.16396331787109,1220200
1996-09-17,41.20133758947748,41.26676621087638,40.81811280699822,41.07048034667969,604700
1996-09-18,41.01439753956047,41.126560887435296,40.8087647351233,40.9676628112793,225500
1996-09-19,40.90223731301048,41.15460486498746,40.84615563479337,41.126564025878906,410000
1996-09-20,41.24426053483747,41.35700111033133,41.112729863427965,41.27244567871094,948400
1996-09-23,41.16909960102296,41.33821046200389,40.98119864437749,41.2630500793457,466800
1996-09-24,41.225484585224486,41.638866837218536,41.07516376631756,41.25366973876953,1269800
1996-09-25,41.450952143575805,41.450952143575805,41.18789079724304,41.28184127807617,1353300
1996-09-26,41.33821046200389,41.601271801307554,41.1221243618616,41.2630500793457,773200
1996-09-27,41.31942257347489,41.31942257347489,41.11273151012418,41.30063247680664,407600
1996-09-30,41.35700055766844,41.52611141864936,41.23486493584888,41.2630500793457,578200
1996-10-01,41.31003470006196,41.51672579931176,41.15031885064167,41.48854064941406,561400
1996-10-02,41.63885506283738,41.84554613038757,41.58248477168733,41.7703857421875,609000
1996-10-03,41.789196552000085,41.80798665836339,41.61069054154864,41.73282623291016,342200
1996-10-04,41.90192052704766,42.296512603759766,41.78917993370134,42.296512603759766,754100
1996-10-07,42.27773286774176,42.4656339027095,42.24015266074821,42.34349822998047,235100
1996-10-08,42.36227460076427,42.50320033130573,42.09921323708687,42.17437362670898,386200
1996-10-09,42.24014646738273,42.3153068703496,41.79857909995235,41.84555435180664,528800
1996-10-10,41.84554175601097,42.00525756424002,41.71401109041057,41.760986328125,1562200
1996-10-11,41.920690622965495,42.27770233154297,41.920690622965495,42.27770233154297,331300
1996-10-14,42.27771708238299,42.5031982401557,42.268322034142464,42.33408737182617,201600
1996-10-15,42.766244669596354,42.766244669596354,42.06161629740397,42.27770233154297,776900
1996-10-16,42.39045504098021,42.484405517578125,42.0522333252277,42.484405517578125,590100
1996-10-17,42.61591990992105,42.70987035063957,42.41862398441216,42.597129821777344,792500
1996-10-18,42.61596733920142,42.87902886598661,42.52201679392099,42.82265853881836,695800
1996-10-21,42.86022401149327,43.066915140001136,42.65353288298542,42.76627349853516,879200
1996-10-22,42.72868716147094,42.73808221141849,42.44683566304435,42.46562576293945,848900
1996-10-23,42.37168725296576,42.62535367332719,42.20257630605813,42.606563568115234,735900
1996-10-24,42.60654205953523,42.681702442440695,42.22134509714473,42.24013519287109,379300
1996-10-25,42.23072710673014,42.42802305094401,42.16496179199218,42.27770233154297,568300
1996-10-28,42.31531187735949,42.5313980614579,41.97709002398805,41.995880126953125,975400
1996-10-29,42.12739631053452,42.437432902472,41.91131020100234,42.33408737182617,815900
1996-10-30,42.46561740560113,42.46561740560113,42.14618577024926,42.19316101074219,495400
1996-10-31,42.249513191118815,42.61591990992105,42.20253797075956,42.597129821777344,726300
1996-11-01,42.6817031352063,42.78504866337871,42.2495309264853,42.44682693481445,821300
1996-11-04,42.50320229240961,42.72868347167969,42.40925180104708,42.72868347167969,1608400
1996-11-05,42.869608258179404,43.170249823873405,42.86021320925146,42.97295379638672,764000
1996-11-06,43.04811305500621,43.8185070468243,43.01053286028338,43.79971694946289,1665000
1996-11-07,43.668196087344775,44.07218327145748,43.61182578258486,43.90307235717773,1446300
1996-11-08,43.91246262294836,44.15673391695706,43.74335172709619,44.1473388671875,1355700
1996-11-11,44.04397914579283,44.20369494047681,44.0251890523006,44.10034942626953,655900
1996-11-12,44.22249643619244,44.250681583697975,43.90306476446298,43.96883010864258,719900
1996-11-13,44.01579786072232,44.23188395480911,43.90305728989443,44.16611862182617,481900
1996-11-14,44.00640086531136,44.45736312866211,43.98761077100507,44.45736312866211,558800
1996-11-15,44.57010701196815,44.79558816042667,44.32583576780475,44.51373672485352,2250900
1996-11-18,44.59831563479087,44.6452908987837,44.33525415643104,44.52315521240234,1518200
1996-11-19,44.57951366489298,44.85197012354037,44.51374831280568,44.84257507324219,1029300
1996-11-20,44.83319202224422,45.10564855381276,44.68287117724088,44.917747497558594,730000
1996-11-21,44.97408337746897,45.00226851432554,44.72041714575983,44.85194778442383,653000
1996-11-22,44.91774483734048,45.24657166631077,44.91774483734048,45.1995964050293,965100
1996-11-25,45.24654809359846,45.79146084057286,45.14320257262056,45.77267074584961,2058800
1996-11-26,45.86662768060725,46.11089894641958,45.3780851489826,45.62235641479492,2861800
1996-11-27,45.73509968387139,45.810260077764354,45.48143335448262,45.53780364990234,872000
1996-11-29,45.69750268981244,45.82903333077818,45.61294727776304,45.7068977355957,1073400
1996-12-02,45.6505247578132,45.77266034576372,45.331093220096456,45.725685119628906,1350600
1996-12-03,45.735087707289885,46.04512425090955,44.94590377807617,44.94590377807617,1777800
1996-12-04,45.021094192781625,45.133834829324485,44.55134154051972,45.06806945800781,2365100
1996-12-05,45.00227405873429,45.18077994748501,44.81437312320722,44.94590377807617,1697700
1996-12-06,44.04399787768082,44.94592274889613,43.68698594949144,44.682861328125,3401800
1996-12-09,44.90833524347488,45.34990255653833,44.84256989897607,45.34050750732422,1864600
1996-12-10,45.43445678177213,45.50022212450836,45.077444921204034,45.124420166015625,1331600
1996-12-11,44.26946183998411,44.870744853090855,44.081560898388254,44.711029052734375,1847900
1996-12-12,44.96470532050499,45.02107561551608,43.856089518620415,43.96883010864258,2540200
1996-12-13,43.931260293503655,44.24129698933034,43.53666813517877,44.081581115722656,1678300
1996-12-16,44.194307712693295,44.30704829359302,43.32996325912871,43.51786422729492,1831100
1996-12-17,43.3863461662549,44.06278984836195,43.21723524572814,43.86549377441406,2023200
1996-12-18,44.119165170055936,44.35404147526279,44.053399804598016,44.21311569213867,1666800
1996-12-19,44.60769247308811,45.171395410827216,44.42918654280406,45.124420166015625,2269300
1996-12-20,45.39338020213213,45.75214651820555,45.16679094987523,45.22343826293945,1543200
1996-12-23,45.374507381907065,45.44059592782328,44.911887560493525,45.11015319824219,1263700
1996-12-24,45.22341907532131,45.44056701660156,45.1950954308065,45.44056701660156,633000
1996-12-26,45.58222534179688,45.81825592041016,45.544460449218754,45.78993225097656,1384300
1996-12-27,45.789895065533855,45.940954513172734,45.61995318694012,45.84654235839844,410400
1996-12-30,45.99762201883706,45.99762201883706,45.41226640201278,45.45003128051758,694100
1996-12-31,45.48775104259568,45.54439830416802,44.619159698486335,44.61915969848633,1378100
1997-01-02,44.94020116636148,44.94020116636148,43.95831441818888,44.73249435424805,2031900
1997-01-03,44.94020796199168,45.39338652967563,44.76082477895012,45.37450408935547,2123200
1997-01-06,45.37451673935282,45.5822236407814,44.90245559974241,44.97798538208008,1374100
1997-01-07,44.97797153303605,45.60109204545846,44.789147135332286,45.52556228637695,939000
1997-01-08,45.77102736469093,45.78990980172257,45.129024505615234,45.129024505615234,1802200
1997-01-09,45.35562381981814,45.84656729163965,45.28009405492252,45.506683349609375,1415700
1997-01-10,44.86466217041016,46.07313791910808,44.86466217041016,45.99760818481445,2369500
1997-01-13,46.22421162400437,46.22421162400437,45.70494454080988,45.93153381347656,1364600
1997-01-14,46.33751954463165,46.76237455268144,46.224224875818365,46.50746154785156,2111200
1997-01-15,46.35639252777162,46.64907036246834,46.14868567734169,46.39415740966797,1583900
1997-01-16,46.54521622829801,46.70571697391283,46.224214737068365,46.58298110961914,1308400
1997-01-17,46.64905151025985,46.979494093311686,46.59240421030811,46.8661994934082,1604000
1997-01-20,46.97948359099912,47.18719031105579,46.80954172913457,46.92283630371094,1889900
1997-01-21,46.752927208327485,47.46101879569108,46.59242644852507,47.30051803588867,2785800
1997-01-22,47.31938706018884,47.64038848876953,47.05503294253416,47.64038848876953,1201600
1997-01-23,47.772558233745606,48.1502069154353,46.46967028191618,46.97949600219727,2601100
1997-01-24,47.05502317472079,47.07390560777645,46.3752555847168,46.3752555847168,2176000
1997-01-27,46.45077541440104,46.667923348248856,46.148656549917135,46.24306869506836,2108500
1997-01-28,46.903963710275455,47.03614074166512,45.9220771913808,46.3752555847168,4376000
1997-01-29,46.45080046499929,46.82844924926758,46.28085851207856,46.82844924926758,1122700
1997-01-30,47.05504464799432,47.451575923117865,46.77180802290607,47.43269348144531,2126300
1997-01-31,47.69700064265714,47.98023698851615,47.35711702762633,47.3759994506836,3208100
1997-02-03,47.56486433162951,47.66871774720075,47.34771628088964,47.51765823364258,755000
1997-02-04,47.5837364015986,47.85753171025859,47.3949120507986,47.810325622558594,654100
1997-02-05,47.87641827358185,48.01803654889317,46.60185379577992,46.91341400146485,2255400
1997-02-06,46.99837874603576,47.25329160785637,46.77178953552856,47.22496795654297,2483100
1997-02-07,47.62150601118039,47.88586012860962,46.99838559152577,47.86697769165039,2321000
1997-02-10,47.88585635800136,48.05579827725294,47.38547181798281,47.413795471191406,1670000
1997-02-11,47.60262513498622,47.96139144897461,47.206093945841154,47.96139144897461,1664300
1997-02-12,47.96139506819826,48.72613384782898,47.89530653168696,48.64116287231445,2675400
1997-02-13,48.829995950795535,49.283174567508254,48.75446618134342,49.16987991333008,1104800
1997-02-14,49.056583404541016,49.22652537938354,48.88664142969849,49.056583404541016,1112900
1997-02-18,49.1509985945607,49.50976500765968,48.79223218146171,49.47200012207031,833100
1997-02-19,49.33981376889803,49.54752060068444,49.03769474084508,49.14154815673828,648100
1997-02-20,48.9621435229948,49.160409048251815,48.43343545564275,48.54673004150391,1193900
1997-02-21,48.58452956969408,48.80167768086838,48.42402879186959,48.56564712524414,1844400
1997-02-24,48.32016204921931,49.16987181561824,48.32016204921931,49.14154815673828,787300
1997-02-25,49.18876632570328,49.26429610125139,48.86776477962383,49.179325103759766,1653900
1997-02-26,49.13209568599067,49.2076254257078,48.11244419980946,48.69779968261719,1597800
1997-02-27,48.82995655620645,48.82995655620645,47.96136490826156,47.97080612182617,1813100
1997-02-28,47.88585567963816,48.26350438373625,47.77256106840873,47.82920837402344,2961200
1997-03-03,47.58375710880056,48.18799529430913,47.545992222206266,48.15023040771485,1210400
1997-03-04,48.28238392929173,48.414560967815405,47.79144064334665,47.8858528137207,1478700
1997-03-05,48.1690915045973,48.6977996826172,48.00859080769841,48.69779968261719,1254800
1997-03-06,48.716700370895694,48.886642348933705,48.26352176279434,48.414581298828125,1528500
1997-03-07,48.60337864094644,49.03767456508854,48.4900840520398,48.84885025024414,1859300
1997-03-10,48.90552878288613,49.35870742797852,48.66949823856719,49.35870742797852,1074900
1997-03-11,49.396460301325874,49.42478395975553,49.09434127807617,49.09434127807617,624600
1997-03-12,49.132133563822165,49.15101601330864,48.518453955511546,48.66007232666016,1055600
1997-03-13,48.490118054550464,48.62229516762751,47.772585154989365,47.904762268066406,2514100
1997-03-14,48.12190674276913,48.35793728398342,47.88587620155485,48.15023040771485,1642700
1997-03-17,47.88587077427619,48.35793180320241,47.39492730419292,48.28240203857422,3013500
1997-03-18,48.33902142221783,48.40510992806852,47.56484178225262,47.76310729980469,1352500
1997-03-19,47.64037640612071,48.036907482033726,47.16831560146236,47.60261154174805,1510000
1997-03-20,47.583747936778096,47.73480745403771,47.05503962636945,47.35715866088867,1808200
1997-03-21,47.72805782181334,47.765967319686105,47.51955558351312,47.576419830322266,2810600
1997-03-24,47.61433844126044,48.2682774047252,47.36792665792589,48.239845275878906,2145600
1997-03-25,48.12611240356688,48.50520742053077,47.633288881513806,47.76597213745117,2125800
1997-03-26,47.95551729597907,48.3156575444469,47.728060296946765,47.97447204589844,1335300
1997-03-27,48.14505518256844,48.14505518256844,46.19271633067689,46.70449447631836,2898500
1997-03-31,46.64763177330814,46.78031500061946,45.64303019509386,45.718849182128906,4270700
1997-04-01,45.64303952815236,46.2116820471908,45.51983364902736,46.012657165527344,3210900
1997-04-02,45.87048501776369,46.06003247651478,45.15020467450955,45.188114166259766,2672700
1997-04-03,45.15023368291175,45.5672383600839,44.99859561848551,45.43455505371094,2284200
1997-04-04,45.1881271506908,46.01265883318033,44.97962488615322,46.00318145751953,3706700
1997-04-07,46.21166728532659,46.477033709442495,46.183235168457024,46.18323516845703,2596200
1997-04-08,46.17376434773863,46.57181404039154,46.003171622315946,46.514949798583984,1822700
1997-04-09,46.70451065351851,46.73294278256895,46.00318480360772,46.135868072509766,2453200
1997-04-10,46.15482999663992,46.42967395349877,45.90841817324924,45.96528244018555,1996500
1997-04-11,45.52930905343727,45.68094705194996,44.50575256347656,44.50575256347656,4221600
1997-04-14,44.723726402839006,45.15968559218645,44.46783731343942,45.102821350097656,3988500
1997-04-15,45.64304543487297,45.87997984846761,45.18813136077125,45.87050247192383,2760400
1997-04-16,45.71887386546416,46.46758676666061,45.643054837494894,46.4012451171875,2273300
1997-04-17,46.401213548142366,46.70448945368578,46.09793764259895,46.21166610717773,1386000
1997-04-18,46.59078981049206,46.6950409675131,46.249604205695945,46.439151763916016,1702100
1997-04-21,46.55287263191618,46.64764639541764,45.775727771204224,46.135868072509766,2809400
1997-04-22,46.1642972284825,47.14994430541992,46.097955598304026,47.14994430541992,3215000
1997-04-23,47.10254149073099,47.3299984315313,46.8182203147306,47.19731521606445,2047700
1997-04-24,47.339486989195485,47.48164761078466,46.62868388124961,46.960391998291016,2689900
1997-04-25,46.74238896710671,46.82768529733866,46.35381679605007,46.42015838623047,1606200
1997-04-28,46.40123418367589,47.197333789768365,46.32541517357184,46.87510299682617,1666500
1997-04-29,47.67117920131227,48.391459443717785,47.4911091407109,48.35354995727539,3197400
1997-04-30,48.06923082272056,48.94114904742291,48.050276078705295,48.58100891113281,3372200
1997-05-01,48.65684554874897,48.84639305770397,48.107157772779466,48.52416229248047,2149500
1997-05-02,48.69474296394167,49.5382291694284,48.56205974060668,49.39606857299805,1448300
1997-05-05,49.52875880108422,50.684998482242335,49.310779189062615,50.57126998901367,3636200
1997-05-06,50.32485349502048,50.62812944828614,50.04053228883392,50.53335571289063,1721100
1997-05-07,50.34384183357098,50.34384183357098,49.37714908751973,49.43401336669922,2327200
1997-05-08,49.320274309447406,50.47651440663276,49.24445528668116,49.77518844604492,2923700
1997-05-09,50.32483898024335,50.41961268830407,49.52873983253328,50.116336822509766,2558200
1997-05-12,50.30592431908562,51.10202410107568,50.26801480565752,50.95038604736328,2357900
1997-05-13,50.91244833728561,51.00722206836768,50.35328332390142,50.74185562133789,1195100
1997-05-14,51.09250935932134,51.25362467356887,50.60916341657873,50.83662033081055,2772000
1997-05-15,50.83667831420898,51.31054742601183,50.6566080517239,51.17786407470703,884100
1997-05-16,51.026169957767245,51.13989841978307,50.34379918567229,50.47648239135742,1934200
1997-05-19,50.533350511420224,50.893490668853445,50.3817125503957,50.62812423706055,1375800
1997-05-20,50.51438852014517,51.36735192855288,50.19215789919115,51.23466873168945,1756400
1997-05-21,51.36736431694667,51.54743441326069,50.74185766659271,51.12095260620117,1208000
1997-05-22,51.17784312793187,51.234707398074015,50.6850194533666,50.95038604736328,907600
1997-05-23,51.17785112470267,51.6896296359497,51.04516780697196,51.42426300048828,644400
1997-05-27,51.17782601175854,51.87915177562338,51.111484385447,51.63274002075195,1531000
1997-05-28,51.63273024204479,51.83175508328615,51.2631126797394,51.62325286865234,716700
1997-05-29,51.61376770808536,51.70854142771093,51.2536275735082,51.319969177246094,1282700
1997-05-30,50.47647089406984,51.89807634546122,50.41960667601419,51.65166473388672,2143300
1997-06-02,51.76544867465296,51.86022247303204,51.386353481136645,51.42426300048828,1479100
1997-06-03,51.19678259742331,51.82228938221226,51.15887309531489,51.25364685058594,1562100
1997-06-04,51.27257723845362,51.40526043278604,50.997733478765056,51.19675827026367,1063100
1997-06-05,51.3104992201301,51.7464583934079,51.20624811347672,51.38631820678711,1180800
1997-06-06,51.31052060962241,52.42885112900465,51.31052060962241,52.39094161987305,1511100
1997-06-09,52.42881978407792,52.69418618934802,52.37195555437719,52.65627670288086,1823400
1997-06-10,52.67524508961051,53.0164305561859,52.46674286003667,52.8174057006836,1217500
1997-06-11,52.77003146293468,53.01644324778315,52.66578032319109,52.94062423706055,1673800
1997-06-12,53.30076365978373,53.983134745044126,53.111216136100296,53.96417999267578,4273300
1997-06-13,54.021055646077215,54.58969833708856,53.92628186424199,54.41910552978516,2132900
1997-06-16,54.43801879882812,54.5896567342009,54.26742612153375,54.438018798828125,800400
1997-06-17,54.24849607555437,54.73184221459233,53.94522006674624,54.36222457885742,2048100
1997-06-18,54.058959005261066,54.36223507261176,53.96418523421398,54.17268753051758,1971900
1997-06-19,54.352735666382365,54.89294594240396,54.21057506742932,54.73183059692383,2029900
1997-06-20,54.76418897840712,55.011560228135856,54.49778917100695,54.54536056518555,1396900
1997-06-23,54.440697428239936,54.74515431703821,53.18481276194709,53.22286987304688,3991500
1997-06-24,53.73665312443817,54.72613823862754,53.58442464533211,54.57390975952149,4895100
1997-06-25,54.488233128290496,54.95443243391058,53.54632024550706,54.19329071044922,4708900
1997-06-26,54.09817500306253,54.57388881772189,53.394118557366674,53.92691802978516,2569900
1997-06-27,54.17430665966496,54.63099206880861,54.003049631236095,54.13624954223633,2617900
1997-06-30,54.13626577697235,54.478779936545465,53.50832315108831,53.77472305297852,2384900
1997-07-01,53.88885139393282,54.53582206744755,53.82225147165924,54.40262222290039,1749000
1997-07-02,54.53583583582375,55.29697799682617,54.32652174154808,55.29697799682617,1961800
1997-07-03,55.94396462994049,56.11522166452194,55.69659335776728,56.058135986328125,2539100
1997-07-07,56.24841647677952,56.324530707465286,55.354074266221794,55.48727416992188,1158600
1997-07-08,55.56337411913831,56.13423070255411,55.52531701357725,56.067630767822266,3396500
1997-07-09,56.21033787776447,56.24839497856187,54.821253698659255,55.449195861816406,5390300
1997-07-10,55.487272480872456,55.9249292939932,55.09718706048224,55.69658660888672,2072200
1997-07-11,55.77269238324891,56.13423491319832,55.63949250379386,55.886863708496094,2258900
1997-07-14,55.95347890963946,56.21036446151164,55.54436488258377,56.058135986328125,3186400
1997-07-15,56.21037077847384,56.48628492075138,55.69659961699151,56.34357070922852,2983100
1997-07-16,56.70506144205729,57.29494630940755,56.56234736124674,57.08563232421875,2621300
1997-07-17,57.00954984987601,57.12372117801328,56.4957788732583,56.800235748291016,1794800
1997-07-18,56.6384932723495,56.76217887835329,55.449208599236165,55.591922760009766,3961900
1997-07-21,55.58242331393201,55.7727089124049,55.22088067683352,55.6014518737793,3810300
1997-07-22,55.82977120942684,57.11419846117745,55.79171410567126,57.07614135742188,4243400
1997-07-23,57.19985583881001,57.53285566488425,56.95248453944057,57.02859878540039,3204300
1997-07-24,57.19984393720016,57.39964379127222,56.43870163597328,57.29498672485352,4152700
1997-07-25,57.58042062877936,57.73264910367369,57.00956384792563,57.256935119628906,2364800
1997-07-28,57.39014439127712,57.58043001591663,56.93345889214229,57.21888732910156,2794700
1997-07-29,57.00953815929298,57.52330903055496,56.88585257917436,57.40913772583008,2737100
1997-07-30,57.54234916219701,58.22737712841365,57.48526349834563,58.09417724609375,4839800
1997-07-31,58.09420269325131,58.47477395229652,57.86585993782418,58.03711700439453,2138700
1997-08-01,58.15129484135199,58.284494796813206,57.12375232779407,57.808780670166016,7077700
1997-08-04,57.71361204111021,58.179811676786834,57.48526936241145,57.96098327636719,2339500
1997-08-05,57.9038921078359,58.2654346481083,57.78972077932883,57.9990348815918,1466700
1997-08-06,58.11319659425814,58.7791959003482,57.88485397502726,58.47473907470703,2478200
1997-08-07,58.76020239658043,58.83631664838947,57.92294562668097,58.03711700439453,3641900
1997-08-08,57.4281523754319,57.69455202197135,56.26741105836717,56.85729598999024,7113100
1997-08-11,57.08567723879386,57.40916274314703,56.40064911192834,57.27596282958984,6355900
1997-08-12,57.37106556992206,57.57086530076258,56.30546700543926,56.362552642822266,6132500
1997-08-13,57.04762278400838,57.14276558384829,55.6965950262817,56.19133758544922,6982300
1997-08-14,56.68608224922829,56.81928217394954,55.84882557955188,56.40065383911133,3462700
1997-08-15,56.09617844716705,56.09617844716705,54.57389409310553,54.669036865234375,4907100
1997-08-18,55.03057876914222,55.88686370849609,54.40263648028271,55.886863708496094,5638900
1997-08-19,56.153276635436086,56.57190492617807,55.7346483446941,56.53384780883789,3802800
1997-08-20,56.590907109510994,57.42816330077478,56.39110733659577,57.39010620117188,3564600
1997-08-21,57.31402173848559,57.390135977182126,56.07716535966701,56.381622314453125,5392600
1997-08-22,55.41112535310548,56.46720964469112,55.14472571198478,56.362552642822266,8087800
1997-08-25,56.49576171363099,56.87633269182992,55.9249052463326,56.15324783325195,3888000
1997-08-26,56.02006563037404,56.36257961860322,55.23038060195673,55.32552337646485,4290000
1997-08-27,55.41114095052084,56.00102603618916,55.04959847865961,55.65851211547852,5484300
1997-08-28,55.52534631332824,55.98203182104581,54.80226092610874,54.81177520751953,4287900
1997-08-29,54.87833876761493,55.477738098814605,54.630967615056335,55.03056716918945,2652300
1997-09-02,55.22084264378379,56.84778339018059,55.16375700355934,56.81924057006836,7294000
1997-09-03,56.80974358966454,57.23788602167508,56.47674392032302,56.51480102539063,2812500
1997-09-04,56.66702869832616,57.066628296266,56.47674317549766,56.8763427734375,2473700
1997-09-05,57.21886008930894,57.50428839038631,56.381603739482,56.714603424072266,3663300
1997-09-08,57.06666653761984,57.2379236229278,56.819295192175005,56.96200942993164,803500
1997-09-09,56.76218542312342,57.40915635989385,56.57189985348506,56.99052810668945,1885200
1997-09-10,56.70506396392812,56.933406503380176,55.81072235107422,55.81072235107422,3623700
1997-09-11,55.8868798536336,55.96299409245366,54.95448042808778,55.52533721923828,7055900
1997-09-12,56.02004390414208,56.609928877317486,55.37307328840131,56.41964340209961,6708000
1997-09-15,56.419670523823925,56.81927021387462,56.13424217378771,56.32452774047852,2060500
1997-09-16,56.81929865304624,58.01809832322103,56.64804155730698,57.732669830322266,6979000
1997-09-17,58.07518402180078,58.15129828657378,57.54238416838976,57.732669830322266,2220000
1997-09-18,57.84678825676383,58.68404440258541,57.82775970799516,57.97998809814453,5045400
1997-09-19,57.84890283561388,58.27861571570676,57.69611603380308,58.07808303833008,1566400
1997-09-22,58.36456284856703,58.79427576220995,58.19267768310986,58.40275955200195,3259000
1997-09-23,58.40279119243446,58.48873382172352,57.90623377876432,58.13541412353516,1872800
1997-09-24,58.28817026770719,58.73698153942774,57.61972794812339,57.65792465209961,2793100
1997-09-25,57.60064067166197,57.90621436222781,57.21867355845466,57.25687026977539,6327800
1997-09-26,57.71521561421033,57.94439582181143,57.56242880914293,57.73431396484375,3995800
1997-09-29,57.75341600890553,58.40275997196862,57.543334138502765,58.28816986083984,2065000
1997-09-30,58.05899573319795,58.479159518109256,57.67702865600587,57.67702865600586,4137600
1997-10-01,58.21179489434934,58.5555653366388,57.92531952577478,58.44097518920898,3567500
1997-10-02,58.38366556648004,58.78473098254026,58.24997709445997,58.76563262939453,2577500
1997-10-03,59.56776330896993,59.73964848684128,58.269075298386426,59.0616569519043,6499900
1997-10-06,59.47226912868854,59.65370347574138,59.22399054851097,59.45317077636719,2272100
1997-10-07,59.60596882743034,60.19801786096137,59.405436090266605,60.00703430175781,1832800
1997-10-08,60.11208844796205,60.121637628017325,59.11897372221335,59.58688354492188,4439400
1997-10-09,59.14762781976925,59.65373441880828,58.803857299667264,59.37680816650391,3607600
1997-10-10,58.86112845390074,59.271743074847805,58.82293174497543,59.20489883422852,2858100
1997-10-13,59.49137584724389,59.61551515479031,59.10940874710107,59.2621955871582,1760300
1997-10-14,59.56780560852326,59.58690397518197,58.78477257551606,59.28133010864258,2235700
1997-10-15,58.8611039952151,59.31946431185532,58.84200564868843,59.147579193115234,2601700
1997-10-16,59.4722913456714,59.5868815024068,58.05901274593483,58.21179962158203,9488100
1997-10-17,58.068581649709465,58.28821285805403,56.83673704638559,57.61977005004883,8151300
1997-10-20,57.96351624158472,58.51736862082886,57.543352367675375,58.44097518920898,3636400
1997-10-21,58.8038366996128,59.58686927664564,58.68924656638848,59.57732009887695,5225400
1997-10-22,59.49137997573404,59.5200275102328,58.99482271108907,59.18580627441406,4485200
1997-10-23,58.02081680297852,58.51737415547274,57.61975124904088,58.02081680297852,8054100
1997-10-24,58.76564351421722,58.76564351421722,57.24732415790253,57.44785690307617,6778700
1997-10-27,56.84619467540454,57.40959556333481,53.07427347654938,53.28435516357422,10840700
1997-10-28,51.56557567238364,56.76032996234228,51.56557567238364,56.3592643737793,19548000
1997-10-29,56.53115410242524,57.29508861732288,55.78631795040005,56.20648193359375,10134400
1997-10-30,55.38524802647339,56.56934643255662,54.8504939075971,54.96508407592773,9772900
1997-10-31,56.11095753997989,56.53112127921732,55.27063006150504,56.26374435424805,7072700
1997-11-03,56.951299629312885,57.67703718327461,56.76031606248085,57.44785690307617,5548500
1997-11-04,57.37146347634336,57.715233896641024,57.00859469936249,57.44785690307617,3455700
1997-11-05,57.5624501055799,58.23089262505412,57.352368170888,57.63884353637695,4774900
1997-11-06,57.46694296401173,57.65792648998053,57.14227096986477,57.41919708251953,3679800
1997-11-07,56.45475246734722,56.98950655025849,55.881801664228,56.79852294921875,10606800
1997-11-10,57.218665101047456,57.35235357090971,56.22555075349924,56.45473098754883,4347900
1997-11-11,56.64572401049978,56.87490428296303,56.24465853368909,56.47383880615234,3212400
1997-11-12,55.99635165831002,56.66479378247129,55.23241780212571,55.30881118774414,6775300
1997-11-13,55.90090283055627,56.32106677393592,55.060574943796965,56.110984802246094,8589600
1997-11-14,56.41653273296164,57.07542588776434,55.9868198059164,56.87489318847656,5827900
1997-11-17,57.677048614934606,58.24999942899025,57.46696664978087,57.92532730102539,5149900
1997-11-18,57.94444060499651,58.11632589354133,57.3810388258774,57.56247329711914,3433600
1997-11-19,57.25688122018567,58.0972090299549,56.68393044079755,57.84893035888672,4387900
1997-11-20,58.25003020744014,58.99486665927298,58.23093183688032,58.72748947143555,4822700
1997-11-21,59.05213895694229,59.1667291360308,58.46008969831836,59.12853240966797,5436500
1997-11-24,58.67013003700657,58.88021188284221,57.82980265366403,58.05898284912109,4337200
1997-11-25,58.44097993505282,58.55557009178822,57.84893079191993,58.21179962158203,4525000
1997-11-26,58.59375271034428,58.66059695235412,58.24998232286507,58.383670806884766,2681100
1997-11-28,58.51736862082886,58.822942347308384,58.42187683130401,58.44097518920898,1564700
1997-12-01,58.80381751690901,59.9497184753418,58.68922742106574,59.9497184753418,4850900
1997-12-02,59.70147370558518,59.88290812663543,59.434096664037455,59.58688354492188,1974900
1997-12-03,59.66327056933532,60.21712295298152,59.20490997597295,59.75876235961914,3302500
1997-12-04,60.19802290220255,60.33171140484069,59.51048203149211,59.70146560668945,2872500
1997-12-05,59.510464035101656,60.50357832580296,59.3576772211476,60.46538162231445,3458800
1997-12-08,60.484509305860335,60.50360766686629,60.04524700272336,60.29352569580078,2289200
1997-12-09,60.0261405959412,60.25532089729382,59.66327178546621,59.93064880371094,1703000
1997-12-10,59.62508288597762,59.796968134527845,58.95664025272675,59.415000915527344,3558400
1997-12-11,58.86111999322107,59.03300515867824,58.24997273826225,58.40275955200195,5072800
1997-12-12,58.93751682002613,58.97571352567748,58.00169753156817,58.51735305786133,4478400
1997-12-15,58.82294539295992,59.34815026253992,58.5937650862341,59.10942077636719,4674700
1997-12-16,59.414983528886914,59.7778522807509,59.20490161991303,59.4722785949707,2885800
1997-12-17,59.79692483733283,59.8160231844543,59.09983516739906,59.16667938232422,2236300
1997-12-18,59.24308632125755,59.24308632125755,58.19267698932036,58.59374237060547,4658300
1997-12-19,58.002431707888434,58.82692908423197,56.679401034220895,58.15582656860352,8556000
1997-12-22,58.55847420657297,58.84608950228305,58.02159232124748,58.52971267700195,5136800
1997-12-23,58.55847446881906,58.67352058761831,57.388838927693335,57.484710693359375,4436500
1997-12-24,57.94488735715854,57.94488735715854,57.21626203632068,57.3121337890625,2019200
1997-12-26,57.75311593523188,57.75311593523188,57.31210608579285,57.54219818115234,941800
1997-12-29,58.040773043913,58.73104982937083,57.944901268154965,58.673526763916016,2080000
1997-12-30,58.86526947316055,59.6705923780051,58.8077464085288,59.593894958496094,3616000
1997-12-31,59.440492063818326,59.90067651850595,59.32544595014642,59.55553817749024,4359500
1998-01-02,59.70891373345365,59.919831540476125,59.22955508112984,59.86230850219727,2360900
1998-01-05,60.034904037431694,60.39921677352598,59.38297598336824,59.99655532836914,4191800
1998-01-06,59.67055312996369,59.68972747222911,59.01862549293967,59.03779983520508,3154900
1998-01-07,58.96112332654533,59.344610307530985,58.4242415531654,59.19121551513672,4424200
1998-01-08,59.09536257725136,59.09536257725136,58.520131922703165,58.673526763916016,3831000
1998-01-09,58.443414304574446,58.59680909277542,56.391759012386295,56.64102554321289,10258800
1998-01-12,55.91241589505621,57.79150257465687,55.77819541794188,57.676456451416016,12097900
1998-01-13,58.059945208440055,58.52012971471567,57.8106786008741,58.481781005859375,5224900
1998-01-14,58.71185729522307,58.88442643815482,58.11745246956928,58.75020599365234,3770400
1998-01-15,58.5968312860928,58.75022613239148,58.174995458771456,58.26128005981445,2875400
1998-01-16,59.05701871818726,59.32545971236084,58.69270594038026,59.09536743164063,4374800
1998-01-20,59.32545169133641,60.14036174204158,59.21040556653097,60.0540771484375,5091700
1998-01-21,59.65142051947648,59.93903585467164,58.99949242636744,59.478851318359375,4699400
1998-01-22,58.99950068472731,59.44051092708958,58.82693145945511,58.95156478881836,4543400
1998-01-23,59.21040709057538,59.38297628222537,58.29003806844209,58.86526870727539,6350300
1998-01-26,59.13369005444464,59.35419505951147,58.53928525817752,58.82690048217773,4362900
1998-01-27,58.78856819943099,59.82398329491999,58.69269643133016,59.42132186889648,7044200
1998-01-28,59.76647784285245,60.19790092641491,59.63225732796635,59.95822143554688,4268600
1998-01-29,60.03489024766529,61.08947950465078,59.86232109652221,60.284156799316406,8007700
1998-01-30,60.61010970632816,60.72515578612505,60.13075104050779,60.32249450683594,3649100
1998-02-02,61.30040953888455,61.6647222637012,61.204537769195966,61.319583892822266,5756300
1998-02-03,61.35792652321928,61.85645967622043,61.18535735487272,61.779762268066406,2759600
1998-02-04,61.53047577885829,62.06735746218893,61.31955797469268,61.70304489135742,3374000
1998-02-05,62.16327102860408,62.3358402572461,61.377122320345975,61.664737701416016,5076200
1998-02-06,61.97150108647082,62.35498809814453,61.77975758063398,62.35498809814453,5701200
1998-02-09,62.41250291498897,62.43167726304273,61.79892377726865,62.14406204223633,2322200
1998-02-10,62.23995781644341,62.87271154655512,62.08656297277996,62.73849105834961,3660400
1998-02-11,62.642612901876085,62.79600772991864,62.4029334830596,62.68096160888672,4073200
1998-02-12,62.412512398986166,63.16031208671596,61.89480492286554,62.94939422607422,5024700
1998-02-13,62.700129116282746,62.90145980610567,62.50838560216568,62.5850830078125,2101300
1998-02-17,63.08361209311137,63.25618124473386,62.68095073932555,62.891868591308594,3055500
1998-02-18,62.77684805141115,63.49588647594625,62.75767369342355,63.46712493896485,3007400
1998-02-19,63.352074008904,63.44794579160512,63.04528430426039,63.131568908691406,3387800
1998-02-20,63.29453255852052,63.63967087601623,62.8151737842209,63.601322174072266,3707000
1998-02-23,63.9656243951471,63.9656243951471,63.40956830777922,63.85057830810547,3227800
1998-02-24,63.75471979884778,63.869765909763,63.16031489245251,63.35205841064453,3386800
1998-02-25,63.658862833841326,64.34913965975045,63.58216540874031,64.13822174072266,3481800
1998-02-26,64.08068197207274,64.5600407540302,63.92728716184636,64.50251770019531,3187600
1998-02-27,64.40664594380381,64.75178426681319,64.13820502590764,64.50251770019531,3442900
1998-03-02,64.57918865168631,64.88597814646867,64.19570178320836,64.36827087402344,4252300
1998-03-03,64.13823037350912,64.8093329334711,64.13823037350912,64.73263549804688,3349200
1998-03-04,64.48332962281802,64.67507309478596,64.08066833168535,64.31076049804688,4404100
1998-03-05,63.50546697202735,64.0806976511218,63.29454905635938,63.71638488769531,7268000
1998-03-06,64.15735878283294,65.00102996826172,64.08066140233943,65.00102996826172,6896300
1998-03-09,64.75181410424169,65.17365002674488,64.57924486321764,64.77098846435547,3362800
1998-03-10,65.17364169705299,65.55712885031602,65.00107247808461,65.38455963134766,5481900
1998-03-11,65.63379165462354,65.84470947764453,65.51874556933936,65.69131469726562,3439600
1998-03-12,65.71051122975904,66.01730089409406,65.3461985033612,65.95977783203125,3191300
1998-03-13,66.17071779204903,66.26658959412387,65.57631261918507,65.71053314208984,2879400
1998-03-16,66.17071623064354,66.49668035000632,65.97897263101838,66.41998291015625,3223600
1998-03-17,66.45830714215337,66.61170196533203,66.0556457313094,66.61170196533203,4581900
1998-03-18,66.4199594202854,66.86096954345703,66.28573894801576,66.86096954345703,1944100
1998-03-19,66.86092398095731,67.11019040245213,66.66918057980745,67.03349304199219,2554800
1998-03-20,67.41840053120028,67.80298923930752,66.9953529522823,67.6106948852539,3123300
1998-03-23,67.51456698479646,67.87992636181473,67.32227257583948,67.45687866210938,4453100
1998-03-24,67.72611940425962,68.18762618043856,67.64920160822979,68.0337905883789,3333600
1998-03-25,68.55296835392079,68.62988613047499,67.18767782008393,67.7837905883789,4597600
1998-03-26,67.61074754605062,68.14917215677002,67.45691194298794,67.74535369873047,3333500
1998-03-27,68.1491385343545,68.1683679752502,67.07228984419541,67.45687866210938,2611300
1998-03-30,67.45687013181087,67.7453117087713,67.05305192406628,67.41841125488281,3108700
1998-03-31,67.78379893560448,68.41837067032078,67.53381613101926,67.6491928100586,5926500
1998-04-01,67.87995681967064,68.3510783330083,67.32230278347504,68.1972427368164,2929000
1998-04-02,68.26453800813258,69.07217479583443,68.14916132417517,68.93756866455078,3920900
1998-04-03,69.12983300650812,69.41827459067991,68.82216198339152,69.2836685180664,3787600
1998-04-06,69.68748510837821,69.76440286236097,68.72601318359375,68.72601318359375,4550500
1998-04-07,68.76448422714019,68.879860878528,67.78378269034373,68.26451873779297,5583700
1998-04-08,68.43757470106607,68.47603357979663,67.53379105089745,67.87992095947266,4854800
1998-04-09,68.03378416407705,68.47606144948513,68.0145547168854,68.41837310791016,4481200
1998-04-13,68.53375301769648,68.53375301769648,67.68765730142863,68.22608184814453,4350200
1998-04-14,68.37988508127467,68.80293273925781,68.24527900828004,68.80293273925781,3279100
1998-04-15,68.89909966467748,68.99524688720703,68.3991341075238,68.99524688720703,3867200
1998-04-16,68.4952932358864,68.6106699229766,67.99532759182883,68.1876220703125,7177900
1998-04-17,68.12993536040605,69.18755501742619,67.95687032562094,69.0914077758789,5688800
1998-04-20,68.91833849526726,69.26446854351359,68.84142070676808,69.07217407226562,3688300
1998-04-21,69.18756204564409,69.62983940168905,68.86066139117607,69.39908599853516,4573200
1998-04-22,69.45674826882102,69.80287824358258,69.4182893827364,69.59135437011719,2386100
1998-04-23,69.30290086780275,69.53365414483206,68.76447655473436,68.9183120727539,5062000
1998-04-24,68.76450550576354,69.206782806276,67.89918035258698,68.1876220703125,11039700
1998-04-27,67.30307227888818,67.49536677111357,66.22622312242596,66.89925384521484,14510200
1998-04-28,67.55304903811124,67.57227848560287,66.53388832105462,66.8031005859375,6511400
1998-04-29,67.09156808476915,67.6684517312418,66.72620844200314,67.26463317871094,7703100
1998-04-30,68.03378256927071,68.87026350249944,67.93763533556626,68.51451873779297,8684500
1998-05-01,68.76447366655717,69.2836685180664,68.49526152133016,69.2836685180664,4008800
1998-05-04,69.36058603795156,69.72594537665994,69.0144561381226,69.11060333251953,4537200
1998-05-05,68.9183627679322,69.01451003741872,68.37993805880772,68.62992095947266,5146400
1998-05-06,68.99522319000911,68.99522319000911,67.80299804012601,67.82222747802734,5526100
1998-05-07,67.99530278740355,68.03376166907063,67.2838134765625,67.2838134765625,6940400
1998-05-08,67.68764568796577,68.53374125906534,67.68764568796577,68.3799057006836,7951000
1998-05-11,68.64912793006638,69.05294632965501,67.91840892128697,68.14916229248047,6336300
1998-05-12,68.18760757829675,68.89909699747244,67.89916592187419,68.87986755371094,6045200
1998-05-13,68.95677790141178,69.26444896845656,68.6683362760573,69.05292510986328,4441500
1998-05-14,68.62989983503938,69.34138941024153,68.51452314716876,68.70681762695312,4187500
1998-05-15,68.91836344286517,69.05296962146453,68.18764418761158,68.32225036621094,6716100
1998-05-18,68.12992681679533,68.66835130194076,67.58188760870087,68.05300903320312,4847200
1998-05-19,68.30299482364317,68.72604265194276,68.16838869645694,68.51451873779297,5918700
1998-05-20,68.9760252353646,69.2260080421836,68.22607681490761,69.16831970214844,5716600
1998-05-21,69.14906083049891,69.39904353094288,68.49525992164547,68.72601318359375,6301500
1998-05-22,68.76451937214712,68.95681388940704,68.26455362727133,68.45684814453125,4862200
1998-05-26,68.97602172990952,68.97602172990952,67.18768327970557,67.36074829101562,6899300
1998-05-27,66.78384823075993,67.62994363017066,66.19735028344114,67.45687866210938,10202600
1998-05-28,67.61072134132688,67.91839242820436,67.11075582515097,67.76455688476562,4907600
1998-05-29,68.07224696807992,68.18762365785632,67.09154510498047,67.09154510498047,4772600
1998-06-01,67.05307045146164,67.82224820255384,66.80308768235668,67.39920043945312,6092200
1998-06-02,67.68763195285774,67.89915580271042,67.1684370486739,67.45687866210938,6701100
1998-06-03,67.61073526004513,67.80302972893035,66.38005065917969,66.38005065917969,6445100
1998-06-04,66.61076424417506,67.72607149768608,66.49538763174289,67.6106948852539,6566300
1998-06-05,67.91838120562689,68.9183120727539,67.6107101695878,68.9183120727539,8463200
1998-06-08,68.8798742965613,69.20677487250813,68.70680928576593,68.84141540527344,4159900
1998-06-09,68.7452540428185,69.17791648085023,68.5529596259155,69.05292510986328,2725300
1998-06-10,68.68758215284133,69.57213668224523,68.45682879734467,68.61066436767578,6186900
1998-06-11,68.57219469625586,68.84140690201795,67.30305144052033,67.32228088378906,8056600
1998-06-12,67.61072577847284,67.95685577392578,66.6107946804977,67.95685577392578,9779000
1998-06-15,66.95692528544801,67.62995583828852,66.14928862203938,66.16851806640625,10234200
1998-06-16,66.70692423977167,67.20688965638568,66.30310601866033,67.18766021728516,7471500
1998-06-17,67.78379396995243,68.78372511504108,67.64918785426741,68.5914306640625,12057700
1998-06-18,68.41840440969807,68.57224005761195,68.14919202584879,68.28379821777344,3844600
1998-06-19,68.55893562139265,68.66503414303521,67.67156616765487,67.94163513183594,3549100
1998-06-22,68.05737237426378,68.55892897339385,67.9416285436953,68.26956939697266,5438300
1998-06-23,68.57822394777163,69.17623377685206,68.52035202882837,69.07978057861328,5004600
1998-06-24,69.23411919769093,70.17936072477002,68.89653293801983,70.00574493408203,8291900
1998-06-25,70.31436283154743,70.6423036184161,69.63919062328839,69.88996887207031,5854800
1998-06-26,69.94786411513988,70.2758050114326,69.8321202693895,70.17935180664062,4833100
1998-06-29,70.5265526501194,70.7966215060006,70.24683847795673,70.43009948730469,5953400
1998-06-30,70.31435220069274,70.4879678851389,69.79350514735428,69.94783020019531,4284800
1998-07-01,70.41080239814916,70.95094006038154,70.14073356703297,70.7580337524414,3489500
1998-07-02,70.81592674826278,70.9123799309763,70.52656720012223,70.8930892944336,3503900
1998-07-06,70.85446192889378,71.60679626464844,70.71942756093782,71.60679626464844,3144400
1998-07-07,71.59718324092397,71.6839910880435,71.16314400532629,71.47179412841797,4920700
1998-07-08,71.52973069562023,72.18561280016475,71.45256809508558,71.99270629882812,6875000
1998-07-09,71.78046015288459,72.05052907041761,71.37535677658505,71.51039123535156,6942500
1998-07-10,71.62613317695865,72.1855616343063,71.02812344669047,71.89620208740234,7849700
1998-07-13,71.95405520083055,72.12767088362075,71.64540509809241,71.91547393798828,6555100
1998-07-14,72.18556255067375,72.93789738217463,72.18556255067375,72.72570037841797,6983600
1998-07-15,72.88000430295419,73.01503872066745,72.552063574222,72.59064483642578,4977500
1998-07-16,72.64851671764045,73.20794501950226,72.26270409566679,73.09220123291016,6315600
1998-07-17,73.22721803270018,73.45870555019027,73.0343117681251,73.18863677978516,3539500
1998-07-20,73.30438053853021,73.60338524862158,72.802824250635,73.18863677978516,2338400
1998-07-21,73.45872445167902,73.45872445167902,71.78043951804034,71.91547393798828,5518600
1998-07-22,71.81902078088261,72.21447872501587,71.31746436393313,71.91547393798828,10417300
1998-07-23,71.79975471851535,71.97337046071488,70.31437559080828,70.48799133300781,15110900
1998-07-24,70.97023719906709,71.04739972931887,69.67776481734991,70.43009948730469,11540500
1998-07-27,70.14075503791516,70.98954305267542,69.65848912043775,70.93167114257812,9600000
1998-07-28,70.642301271895,70.77733570906138,69.06046929366032,69.73564147949219,13693000
1998-07-29,70.19861258708315,70.44939081286827,69.29195284770614,69.46556854248047,7462400
1998-07-30,70.14076392803896,70.73877374150683,70.00572945403009,70.50728607177734,6821600
1998-07-31,70.58444930735934,70.68090250400782,68.71325729237877,69.00261688232422,7680500
1998-08-03,69.00257045482398,69.39802829500398,68.53959542241812,68.71321105957031,10486500
1998-08-04,69.27266014624979,69.27266014624979,66.0511245727539,66.0511245727539,15091600
1998-08-05,66.62984580191367,67.20856478687529,65.18304833950965,66.9577865600586,21718400
1998-08-06,66.74559014868066,67.59437800028239,66.3983587548436,67.24714660644531,13084400
1998-08-07,67.7101465598824,68.26957512120337,66.95781159810593,67.3629150390625,12083800
1998-08-10,67.13141401791903,67.69084246806835,66.7841825661022,66.97708892822266,6273000
1998-08-11,65.91613471717166,66.32123826679431,65.12521826314648,65.97400665283203,14287100
1998-08-12,66.51408511705273,67.2085477226832,66.3597600935793,67.09280395507812,11158400
1998-08-13,67.1699847886393,67.69083188493259,66.2826156616211,66.2826156616211,9073900
1998-08-14,66.8806134123965,67.11210096963583,65.29878177126108,65.51097869873047,8628500
1998-08-17,65.4338070562554,67.24712600180023,65.12515702297118,66.89989471435547,11290000
1998-08-18,67.28575616406692,68.26957886027319,67.15072167635235,68.1345443725586,7603900
1998-08-19,68.57822269869568,68.57822269869568,67.67156265176497,67.96092224121094,6258600
1998-08-20,67.71013411299153,68.15381875247836,67.38219329250124,67.5558090209961,7402800
1998-08-21,66.78418313983397,67.11212395825603,65.12518841134589,67.01567077636719,16685400
1998-08-24,67.4400634765625,67.8644574686919,66.86134439638604,67.4400634765625,7201700
1998-08-25,68.13450562464048,68.67464326832393,67.06387565233936,67.59436798095703,9688300
1998-08-26,66.84205791022282,67.67155530997451,66.51411707776286,67.20858001708984,9339700
1998-08-27,66.05113260659826,66.39836402801146,63.87129090550434,64.04490661621094,24887800
1998-08-28,64.79720684637326,65.26018182830626,63.061050664124494,63.813385009765625,23735900
1998-08-31,64.04489497343698,64.2088653370738,58.64351828893025,59.26081848144531,22563100
1998-09-01,59.2994106824066,62.07726206115304,57.79474118558561,61.76861190795898,24748500
1998-09-02,61.61427247610509,62.81029154107645,60.97768168345905,61.32491302490234,13843200
1998-09-03,60.26392109059955,61.344196244592375,59.72378351360314,60.8426399230957,17311300
1998-09-04,61.38280458767396,61.61429222282546,59.10650950868416,60.34111022949219,17783800
1998-09-08,62.270172642272655,63.58193588256837,61.6142910221248,63.58193588256836,14746500
1998-09-09,63.427657426293216,63.65914522711911,62.00014932120024,62.03873062133789,12109700
1998-09-10,60.76551494259519,61.32494349286036,59.762401680050765,60.80409622192383,19889300
1998-09-11,60.61119573601346,62.77174758911133,59.87815135728382,62.77174758911133,20379800
1998-09-14,63.50475458796291,64.478931412596,63.02248883319405,63.85198593139648,10686800
1998-09-15,63.50478679668439,64.39215623552019,63.13826463716524,64.23783111572266,8337900
1998-09-16,64.66222608657111,64.97087633042109,63.67840343429929,64.8165512084961,11024900
1998-09-17,63.11893990460564,63.60120564348557,62.82958046127768,62.96461486816406,12945200
1998-09-18,63.41932320923188,63.438681977000265,62.625613730728055,63.245094299316406,7019200
1998-09-21,61.71573514368779,64.05814541733466,61.28984236666109,63.20635986328125,8834600
1998-09-22,64.11625949493445,64.21305336494493,63.28383221284442,63.72908401489258,7270100
1998-09-23,64.34857659027956,66.28445434570312,64.29050025761686,66.28445434570312,13688500
1998-09-24,65.85856955522549,66.16831003520302,63.96140911536302,64.6583251953125,11129500
1998-09-25,63.88397079577548,65.30684105440866,63.57423033131112,64.58088684082031,10247400
1998-09-28,65.23904853680271,65.85852911638065,64.58085042100113,65.16161346435547,8847800
1998-09-29,65.27778246517761,65.6262403786928,64.0388209949014,65.00675964355469,10618100
1998-09-30,64.116283988484,64.61961230481872,62.79988685345474,63.03219223022461,7908400
1998-10-01,61.96743650273535,62.90633705580709,60.76719249674672,61.21244430541992,13335600
1998-10-02,61.25116193571928,62.49012349194117,60.22514689697304,62.39332962036133,14351800
1998-10-05,61.69640267597413,61.928707926087625,59.68309050832389,61.1349983215332,12807200
1998-10-06,62.41269418078633,62.74179337466765,60.41874024138776,61.07693862915039,12621000
1998-10-07,61.09630123712842,61.96744621674527,59.31529372324509,60.16707992553711,14348500
1998-10-08,58.57963547942632,59.93474932065561,57.12772779239493,59.83795547485352,20625000
1998-10-09,60.089628181493815,61.193078183538,58.2699036167192,61.0382080078125,12708500
1998-10-12,62.335245144967175,62.838573211355104,61.75448199144264,61.9287109375,9508500
1998-10-13,61.67703792471509,62.19972468678894,61.17370993160693,61.71575546264648,6256800
1998-10-14,61.28987547860818,63.07088259927525,61.23179915945599,62.296531677246094,8176900
1998-10-15,62.02549439016537,66.43929361643181,61.90934177894784,65.64558410644531,20541100
1998-10-16,65.74239786615911,66.12957335418125,65.04548198771927,65.66496276855469,16573900
1998-10-19,65.4713468316299,66.16826240996777,65.35519423524025,65.8972396850586,7915900
1998-10-20,66.63291234167937,67.39758405507169,65.72304979663029,66.28445434570312,14611600
1998-10-21,66.20698653799148,66.67159696983704,65.58750596219741,66.05211639404297,9178400
1998-10-22,66.14892518200215,67.19429888988277,65.76174973463895,67.0394287109375,8277500
1998-10-23,66.88455307752147,66.90391184831091,66.14891978752269,66.18763732910156,6237200
1998-10-26,66.7297071928762,67.19431786088579,66.14894385786423,66.671630859375,5838600
1998-10-27,67.17495811319797,67.50405733161998,65.83920246195571,66.28445434570312,10089700
1998-10-28,66.01342660492104,66.61354866496578,65.68432741070296,66.16829681396484,5650600
1998-10-29,66.34248352268702,67.79439080725122,66.05210206577416,67.77503204345703,9625600
1998-10-30,68.22030311931263,68.70427235256541,67.8331277327104,68.14286804199219,9872800
1998-11-02,68.64619939367198,69.30439758300781,68.25902398818032,69.30439758300781,6501400
1998-11-03,69.13020093292081,69.26571238812397,68.60751389142295,68.80110168457031,6866000
1998-11-04,69.67220876901878,70.05938414422866,68.82042294355703,69.53669738769531,8233600
1998-11-05,69.09144395316443,70.58206910990124,68.83977996566341,70.48527526855469,6841500
1998-11-06,70.291707936148,70.96926502173466,70.19491406677847,70.6982421875,5224800
1998-11-09,70.58204522950835,70.77563284670393,69.69154219040868,70.19486999511719,6188700
1998-11-10,70.00132751464844,70.58209074071024,69.53671693379901,70.00132751464844,14015200
1998-11-11,70.50463582572003,70.620788438283,69.31407154694963,69.53669738769531,10922400
1998-11-12,69.57542692458749,70.07875499916715,69.18825148260314,69.45927429199219,5457400
1998-11-13,69.51734490516994,70.13682556152344,69.45926859363679,70.13682556152344,5524600
1998-11-16,70.75631687739124,70.84343135781485,69.9335690067239,70.6595230102539,6023700
1998-11-17,70.40785895569684,71.62746168162725,70.00132471372004,70.6595230102539,9058900
1998-11-18,70.8143730620673,71.2402659563717,70.3110450960712,71.08539581298828,4567700
1998-11-19,71.41449062973582,71.80166596521826,71.00795652747927,71.70487213134766,5249300
1998-11-20,72.08241387885482,72.32439861726914,71.76299402414794,72.24696350097656,5562000
1998-11-23,72.769623040404,74.10537829174422,72.57603532281846,73.95050811767578,7151300
1998-11-24,73.71820615038857,74.12474037548263,73.37942762947687,73.48590087890625,5323700
1998-11-25,73.67948860514151,73.83435878612973,73.23423683480041,73.48590087890625,4393500
1998-11-27,74.00855718995736,74.16342730701717,73.72785510278645,74.02791595458984,4557900
1998-11-30,73.72789682484803,73.95052274410384,71.93721008300781,71.93721008300781,8705400
1998-12-01,71.93720341843576,73.11808861986864,71.37579897841029,72.86642456054688,8950600
1998-12-02,72.61476298087507,73.04065601888607,71.8597707771283,72.65348052978516,7495500
1998-12-03,72.63410922008876,73.29230743796803,71.29835401321613,71.4532241821289,12145300
1998-12-04,72.24690293309051,73.40842870371898,72.16946788171528,73.33099365234375,10339500
1998-12-07,73.13745107164648,74.00859593618436,73.09873352211147,73.67949676513672,4290000
1998-12-08,73.4277844744894,74.1827761946331,72.78894532667549,73.35034942626953,10102600
1998-12-09,73.5246184241533,73.69884737776505,73.02129033594163,73.48590087890625,5327900
1998-12-10,73.62144575054003,73.62144575054003,72.30504861379622,72.4115219116211,5966600
1998-12-11,72.13077819563664,72.69218253478678,71.588732626802,72.55667114257812,8198200
1998-12-14,71.95656029627874,72.11143048254999,70.46593475341797,70.46593475341797,9521400
1998-12-15,71.04669829390556,72.32437733679323,70.94990442702013,72.28565979003906,9631500
1998-12-16,72.55669002272099,72.55669002272099,71.70490390719279,72.18887329101562,7260000
1998-12-17,72.61475193989817,73.46653788640724,72.49859931082875,73.34070587158203,6914700
1998-12-18,73.53579761408552,74.04079780900528,73.26387443220565,73.65233612060547,4802400
1998-12-21,74.11847808004511,75.41982452432264,73.96309342998212,74.68174743652344,8580700
1998-12-22,74.83714749392051,75.34214771059374,74.07964716891067,75.01195526123047,5461100
1998-12-23,75.32273488210417,76.58523559570312,75.08965782728589,76.58523559570312,7791000
1998-12-24,76.54638934803447,76.60465861168433,76.13850450248543,76.25504302978516,1507100
1998-12-28,76.60466037707383,76.64350655373563,75.82773684383778,76.0608139038086,4203600
1998-12-29,76.27441494281476,77.37181867193851,75.90537652063153,77.2649917602539,3935800
1998-12-30,77.03195535357204,77.53695556516884,76.46868588679101,76.64349365234375,6810700
1998-12-31,76.64349365234375,77.03195535357204,76.11907035568554,76.64349365234375,6790500
1999-01-04,76.68232760769722,77.82828944377982,75.65290426341961,76.46867370605469,9450400
1999-01-05,76.41042708009407,77.61465851857038,76.41042708009407,77.34273529052734,8031000
1999-01-06,78.19733605939071,79.40156726547174,78.1584898914526,79.20733642578125,7737700
1999-01-07,78.5469549864369,79.0713782764057,78.17791637497739,78.81887817382812,5504900
1999-01-08,79.6735040325008,79.86773490532504,78.29446483544874,79.40158081054688,6224400
1999-01-11,79.36272765254056,79.36272765254056,77.82830389224915,78.64407348632812,7578300
1999-01-12,78.44985080772722,78.44985080772722,76.91542688749686,77.2261962890625,7768800
1999-01-13,74.83714938332848,77.77003533113087,74.81772629758144,76.68234252929688,10810600
1999-01-14,76.83772539422512,77.01253316180551,75.14791697428133,75.34214782714844,11400700
1999-01-15,76.06080133639388,77.55637889076118,75.86657048517735,77.30387878417969,7817700
1999-01-19,77.87684919687729,78.08079156289979,76.76002195437313,77.80886840820312,6535100
1999-01-20,78.3721277936961,79.51808951360391,77.7117430737492,78.4303970336914,6534400
1999-01-21,78.05171675913755,78.21681308673557,76.1968109608303,76.3521957397461,6937500
1999-01-22,75.90542966695783,76.97369953176916,75.69177569399557,76.17735290527344,7522300
1999-01-25,76.62403135574087,77.07076208354367,75.769416050379,76.9542236328125,5700300
1999-01-26,77.14849093980463,78.35272216796875,76.83772159060098,78.35272216796875,6047000
1999-01-27,78.54692714854772,78.70231177198698,77.16788861552426,77.43981170654297,7399400
1999-01-28,77.84771857993262,78.91598817122411,77.80887241297657,78.74118041992188,5961700
1999-01-29,79.14908424293397,79.74148843174612,77.94485277715191,79.34331512451172,6456800
1999-02-01,79.98425964415587,79.98425964415587,78.87714385986328,78.87714385986328,9426800
1999-02-02,78.98397513730794,79.07137901979112,77.54666684758439,78.39157104492188,9194500
1999-02-03,78.11961980786485,79.51808142550938,78.10019672984201,79.1878890991211,10290700
1999-02-04,79.16849794425812,79.24619028767742,77.55638181830783,78.00311279296875,7761100
1999-02-05,78.1002115667617,78.1002115667617,76.58521119317119,77.10963439941406,7516100
1999-02-08,77.75056863154761,77.75056863154761,76.66287643984971,77.2649917602539,8528400
1999-02-09,77.30387767380753,77.38157001317819,75.52666541070366,75.536376953125,8985700
1999-02-10,75.9054265010095,76.44927295495737,75.41013776616413,76.02196502685547,6936700
1999-02-11,76.48811113965381,78.3721504440079,76.13849559863965,77.77003479003906,9181800
1999-02-12,77.57578458872796,78.00309236563132,76.21616893494455,76.83770751953125,10676600
1999-02-16,77.53695956566811,78.08080597544735,76.37157440185547,76.37157440185547,6915500
1999-02-17,76.56579983355799,77.91570421925873,75.98310729296774,76.29387664794922,7858100
1999-02-18,76.5657808477754,77.30385788283766,75.96366537180354,76.8959732055664,9048900
1999-02-19,77.07081158827968,78.15850449375944,76.68234983632263,77.2261962890625,5312200
1999-02-22,77.34268099510571,79.38210377373105,77.24556562469498,79.28498840332031,10695800
1999-02-23,79.3044316516203,79.86770094329236,78.68289312287874,79.24616241455078,7770700
1999-02-24,79.45980982485408,80.08134830307343,77.69230977741782,77.84769439697266,7271000
1999-02-25,77.40098062510454,77.86713458620932,76.25501880405531,77.10963439941406,11633000
1999-02-26,77.53696649654621,77.59523575994542,76.33273505296258,76.79888916015625,9621300
1999-03-01,76.85714279501917,77.2650275558722,76.06079635716327,77.01252746582031,7607200
1999-03-02,77.38157986939407,77.88658013962606,76.02196375723103,76.33273315429688,9651500
1999-03-03,76.50753880343659,76.79888510504907,75.69176915892164,76.74061584472656,7881400
1999-03-04,77.10963071152378,77.99338088718483,76.61434215153793,77.71174621582031,8256400
1999-03-05,79.24620258593463,79.63466436331666,78.66350991986158,79.27533721923828,10703100
1999-03-08,79.73175455555827,80.0522354203979,79.09079282587899,79.79002380371094,4802200
1999-03-09,79.63464084399973,80.76117966569534,79.40156384640754,79.59579467773438,7893400
1999-03-10,79.84825982295435,80.33383668882004,79.42095218099253,80.29499053955078,3950000
1999-03-11,80.60582202017022,81.53813032305412,80.10082168944145,81.18851470947266,6583700
1999-03-12,81.42160668119716,81.44102977439401,80.31449036897669,80.41160583496094,5286500
1999-03-15,80.76116412081699,81.57693345537069,80.48924100929908,81.55751037597656,5394400
1999-03-16,81.49924993731604,81.82944232266742,81.09136522599964,81.24674987792969,4547500
1999-03-17,81.22734823421557,81.38273292715525,80.56696328922195,80.89715576171875,4524100
1999-03-18,80.66404781449721,82.27616338603664,80.64462473532203,82.19847106933594,3506300
1999-03-19,82.43680402640837,82.63150597262096,80.80130767822266,80.80130767822266,5526700
1999-03-22,81.0349425388793,81.36593581690933,80.63580358596074,80.95706176757812,4603800
1999-03-23,80.56768647676178,80.70397787486166,78.31887840811363,78.62066650390625,9713800
1999-03-24,79.02952579440992,79.23396285300595,78.27018814819607,79.06846618652344,6280900
1999-03-25,79.78879708028668,80.6844253540039,79.5940952816525,80.6844253540039,6639600
1999-03-26,80.13929743342568,80.4508204555187,79.57466195588212,80.10035705566406,6159700
1999-03-29,80.47031530562487,81.89163952950838,80.47031530562487,81.7164077758789,5863900
1999-03-30,80.9570393453815,81.75531703012433,80.72339709618849,81.28803253173828,5401400
1999-03-31,81.71640595767607,81.99872377668639,79.94461826595615,79.98355865478516,7413600
1999-04-01,80.80133805386713,80.80133805386713,79.82782795683259,80.58716583251953,7683600
1999-04-05,81.58013983720424,82.61206046044335,81.15179542755783,82.4952392578125,5791100
1999-04-06,82.35892480616032,82.85541477839604,81.71640837150233,82.3005142211914,5381300
1999-04-07,82.67044859865803,83.09879289191531,81.85270040243955,82.9625015258789,6248600
1999-04-08,82.98198030721548,84.0723113483239,82.41734458949863,84.01390075683594,5909100
1999-04-09,83.76075779275831,84.42274425602047,83.23506266016778,84.03334045410156,4365800
1999-04-12,83.15722783581481,84.98742671583508,83.00146622900458,84.92901611328125,8213200
1999-04-13,84.89002926645601,85.0263205978471,83.79969861532722,84.38380432128906,10071400
1999-04-14,84.77322967464838,84.77322967464838,82.67044859865803,82.9625015258789,11551700
1999-04-15,83.1377252908983,83.21560606400453,81.61905021532685,82.65097045898438,11150000
1999-04-16,82.80673892981198,82.80673892981198,81.7358782100519,81.9500503540039,6476200
1999-04-19,82.67038370007253,83.8191243120142,79.98349887892087,80.6844253540039,12487200
1999-04-20,80.87919693065894,81.73588558375211,80.37297181746753,81.69694519042969,9049600
1999-04-21,81.65797726239619,84.50062501640426,81.24910327038133,84.03334045410156,5772200
1999-04-22,84.18913326828147,84.96794116160507,83.73158363095385,84.83164978027344,6897400
1999-04-23,84.65637964704209,85.20154492535791,84.11121436872628,84.61743927001953,4593100
1999-04-26,85.0457688268113,85.24047067852102,84.40325271616918,85.10417938232422,3606500
1999-04-27,85.43521126502199,85.66885359300291,84.63693331108719,85.51309204101562,5147200
1999-04-28,85.00687342579455,85.51309850803703,84.11124443413479,84.34488677978516,5544300
1999-04-29,84.46171500611288,84.7732381596624,83.37138396868957,83.70237731933594,9824300
1999-04-30,84.16963048008101,84.50062370658145,81.93055865375455,83.02088928222656,10991900
1999-05-03,83.13774985687242,84.63695518216028,82.92357766754559,84.53960418701172,10709700
1999-05-04,84.18914732175453,84.61749173458492,82.94305448442977,83.33245849609375,10509300
1999-05-05,83.44926502155273,84.15019211926061,82.14476181192977,83.99443054199219,10032300
1999-05-06,83.76078005065027,84.18912434658573,82.47574716284393,83.47846221923828,13507200
1999-05-07,83.79969067043729,84.18909443749322,83.1377042664422,84.11121368408203,8680700
1999-05-10,84.01387748793694,84.55904285749945,83.19612943359317,83.69261932373047,5580100
1999-05-11,84.30596179865518,85.2794717501408,83.93602801709063,84.53960418701172,7000600
1999-05-12,84.5784921035906,85.49359089016261,81.93054667861631,85.2015380859375,13865800
1999-05-13,85.51307685513545,85.98036142811434,85.24049418756444,85.57148742675781,4485700
1999-05-14,83.83867605165243,84.65642440143631,83.17668929230356,83.35192108154297,8370100
1999-05-17,83.25453990550723,83.78997017851974,82.47573223567088,83.6050033569336,6268100
1999-05-18,83.81919060696858,84.10150843828124,82.63150869592906,83.44925689697266,8218600
1999-05-19,83.78022040286935,84.11121360455394,83.02088305782824,84.05280303955078,5052400
1999-05-20,84.18912441562145,84.48117734490783,83.52713777590564,83.5466079711914,4670400
1999-05-21,83.56611606480787,83.9165797388914,82.61207606313602,83.07936096191406,6418200
1999-05-24,83.3908522999548,83.3908522999548,81.2393955688913,81.69694519042969,7952000
1999-05-25,81.85265111553576,82.45622680168744,80.02245387365652,80.37291717529297,15406400
1999-05-26,80.56767338751376,81.61906400204391,79.80833572146422,81.26860046386719,12575900
1999-05-27,80.89863479977738,81.17121744410876,79.74989365580943,80.10035705566406,14515400
1999-05-28,80.37294105045451,81.46327164610022,80.11982859075106,81.12254333496094,8748000
1999-06-01,81.07390574637175,81.0933759446778,79.98357464123323,80.84026336669922,6705300
1999-06-02,80.84024818868335,81.1128309137897,79.75965238558318,80.91812896728516,6981900
1999-06-03,81.42439266733359,81.54121389067267,80.85975675452808,81.36598205566406,6076600
1999-06-04,81.91107338089465,83.08901964653386,81.58008021534313,83.00140380859375,9787200
1999-06-07,83.13772591576155,83.60501055791103,82.80673262757233,83.21560668945312,5299100
1999-06-08,83.09878462158666,83.36163222992579,81.9889836085992,82.39785766601562,4895700
1999-06-09,82.49520854534917,82.92355279552564,82.12527487474223,82.31997680664062,7409700
1999-06-10,81.89164702924745,81.91111722587827,80.7429054280288,81.56065368652344,7040700
1999-06-11,81.75534729643056,82.37839352493395,80.43137406086083,80.87918853759766,12824800
1999-06-14,81.42434639538521,81.4632867810358,80.71368435726193,80.95706176757812,6823500
1999-06-15,81.28806326985074,82.02793067206734,81.04468583491106,81.50223541259766,5700900
1999-06-16,82.47576189644728,83.41033143635038,82.47576189644728,83.05986785888672,7865800
1999-06-17,82.78725557730355,84.46169207298749,82.63149404282133,83.8386459350586,8162800
1999-06-18,83.77925413050946,84.16983340384517,83.34961692984018,83.93548583984375,2875100
1999-06-21,84.03313825389469,84.52136238969469,83.5253851526627,84.13078308105469,4646400
1999-06-22,83.74024213636629,84.48234316276134,83.42777854630523,83.54495239257812,5862400
1999-06-23,83.11529768983439,83.50587709627158,82.56848652082232,83.13482666015625,9629200
1999-06-24,83.03717749601284,83.07623543462809,81.65062067517162,82.50989532470703,9176900
1999-06-25,82.86139266303404,83.1250336719784,82.02164722713715,82.30481719970703,4087000
1999-06-28,82.92000562665163,83.50587471963316,82.80283180805533,83.31058502197266,5028900
1999-06-29,83.11529498492293,84.48232286296442,82.97859219711877,84.09174346923828,6956200
1999-06-30,84.13078876133382,85.92745370238366,83.64256459257028,85.614990234375,16856100
1999-07-01,85.61503472910063,86.55242562029517,85.02916542210404,86.25949096679688,9939500
1999-07-02,86.31806360555586,87.17733844687814,86.18136078989096,87.1187515258789,3772800
1999-07-06,87.02110438325481,87.95849509474408,86.61099594697825,87.0992202758789,11221100
1999-07-07,86.90392895231747,87.3140373810812,86.56217192834768,87.21639251708984,3230700
1999-07-08,86.9039596760749,87.88040866119934,86.70866987905002,87.28477478027344,7101500
1999-07-09,87.48979018676323,87.86084063621603,87.21638459242959,87.80225372314453,2976800
1999-07-12,88.07562107907756,88.07562107907756,87.17728880199607,87.41163635253906,4436300
1999-07-13,87.0992202758789,87.44097730610937,86.6500538932903,87.0992202758789,6477600
1999-07-14,87.4897880086399,87.62649080240341,86.70862918713419,87.58743286132812,4382500
1999-07-15,87.97800096414856,88.34905135667216,87.6850664437352,88.14399719238281,3348600
1999-07-16,88.27094557633112,88.83728571387837,87.95848205216711,88.62246704101562,2281500
1999-07-19,88.8568611618895,88.89591912283979,87.8413541771822,88.0366439819336,4287000
1999-07-20,87.56788247002304,87.74364316186741,85.94697831190263,86.23014831542969,7060100
1999-07-21,86.29851882877486,86.80627205112113,85.81029457651884,86.13252258300781,4793700
1999-07-22,85.88841560447031,86.23993708716255,84.65809041504747,84.99984741210938,7804100
1999-07-23,85.40020254567183,85.61502125776934,84.44328282814658,84.8338623046875,4603000
1999-07-26,84.28704686067542,85.06820577504683,84.13081507780113,84.20893096923828,4333400
1999-07-27,84.99008029913179,85.74194566942512,84.5995008859924,84.9119644165039,5908500
1999-07-28,85.1463363346623,85.81032152626287,84.73622783396782,85.18539428710938,3955500
1999-07-29,84.32610263749073,84.52139236106066,83.31059607492716,83.99411010742188,7760600
1999-07-30,84.24794163676978,84.57993398907045,82.84185637996696,82.95903015136719,5994300
1999-08-02,82.9590529786303,84.20890688414639,82.80282124044079,83.15434265136719,6065500
1999-08-03,83.56448189995096,83.64259779796447,82.09980881219767,82.7637939453125,5445400
1999-08-04,82.93952914516322,83.66210097901559,81.51391444594097,81.63108825683594,6497900
1999-08-05,81.78736063494621,82.45134589320509,80.51797705298071,82.37322998046875,10322000
1999-08-06,82.0021510028199,82.49037528838087,80.92805757458578,81.47486877441406,7537700
1999-08-09,81.61155864707328,82.36342392774147,81.08427650218911,81.2990951538086,5565900
1999-08-10,81.16237884439946,81.33813953005864,79.36571405766107,80.40074920654297,9793300
1999-08-11,81.04524285151915,81.57252515440855,80.38125772936212,81.37723541259766,8003400
1999-08-12,81.67014898894887,82.37319187838027,81.18192476017705,81.3283920288086,7036800
1999-08-13,82.25602446786397,83.27153094277587,81.94356093712184,83.21294403076172,5857700
1999-08-16,83.19341260250484,83.72069479505593,82.64660143985927,83.58399200439453,3927000
1999-08-17,84.01360928846269,84.26748583907869,83.1933927403187,84.13078308105469,4808000
1999-08-18,83.8671475424509,83.97455685936404,83.27151405775075,83.525390625,4355500
1999-08-19,82.72471461100491,83.26176127101498,82.29507728299686,82.84188842773438,6448100
1999-08-20,83.15438873397845,83.81837398925212,82.92004099682305,83.68167114257812,3663700
1999-08-23,84.24797697528047,85.33183481536578,84.15033212482233,85.28301239013672,5637800
1999-08-24,85.0291568582906,86.22042432920372,84.59951940976455,85.59549713134766,9279500
1999-08-25,85.73218799649646,86.72816557914369,85.08773191360709,86.47428894042969,6005300
1999-08-26,86.41568795340402,86.5035683140346,85.30253671875,85.43923950195312,4322300
1999-08-27,85.5368932735473,85.65406709994943,84.40421295166016,84.40421295166016,6247400
1999-08-30,84.5799667092215,84.67761155649606,82.49036697754597,82.84188842773438,4652000
1999-08-31,83.07628381009697,83.58403730776092,81.78737108525766,82.52947235107422,11453700
1999-09-01,83.07625700748653,83.57424585414635,82.68567751991019,83.54495239257812,6863900
1999-09-02,82.56853371681652,82.91029089279671,81.65067158704112,82.55876922607422,10896300
1999-09-03,84.28703657048129,85.30254303518588,84.16986274763076,84.97055053710938,9160800
1999-09-07,85.02912380478098,85.38064521692753,84.50184168656116,84.65807342529297,4560800
1999-09-08,84.26753770547937,85.02916782610826,83.75978429172677,84.24800872802734,6159600
1999-09-09,84.20893096923828,84.52139453498684,83.54494589202258,84.20893096923828,6177800
1999-09-10,85.14631206438754,85.21466346168694,84.32609529679482,84.9119644165039,2934500
1999-09-13,84.44327818559277,84.6580968858799,84.05269873052528,84.33586883544922,2320500
1999-09-14,83.77930450439453,84.09176811093772,83.34966704539764,83.77930450439453,3736000
1999-09-15,84.63854595565616,84.63854595565616,82.41224363933294,82.45130157470703,6984500
1999-09-16,82.80284540037565,82.99813513009352,81.43581729235058,82.77355194091797,15377600
1999-09-17,83.11439670313185,83.93692372045784,82.82063705408684,83.81941986083984,8542300
1999-09-20,83.93689668161824,83.97606462220695,83.40812948367056,83.70188903808594,2803900
1999-09-21,82.87938477204362,83.01647260129795,81.56725840632365,81.9393539428711,9335200
1999-09-22,82.25272131074571,82.62481695477051,81.31269021005147,81.85124969482422,13009100
1999-09-23,82.60519966282104,82.60519966282104,79.98094723161715,80.13761901855469,12204100
1999-09-24,80.05929565429688,80.45097518293825,79.15843273842171,80.05929565429688,13792900
1999-09-27,80.68597070965124,81.31265786079416,80.392211107553,80.58805084228516,6970300
1999-09-28,80.17677435307193,80.7251255210949,78.68839261129531,80.43136596679688,11063400
1999-09-29,80.4901302219201,80.9209776343002,79.43259566425984,79.47176361083984,7580300
1999-09-30,79.86342454558438,81.1167985453189,79.5696650143966,80.68595123291016,7498900
1999-10-01,80.17679987716953,80.56847940759049,79.35427286328553,80.50972747802734,11127100
1999-10-04,80.96015516248306,82.01768984530214,80.68597950397441,81.9393539428711,6341600
1999-10-05,81.91975197495456,82.70311082721328,80.64679384003416,81.86100006103516,11976000
1999-10-06,81.9393490459647,83.23189135883126,81.90018109708997,83.11438751220703,10308200
1999-10-07,83.26124316030204,83.34937101969787,82.40934051947572,82.64434814453125,6535600
1999-10-08,82.56599547371032,83.897705078125,82.24286005499205,83.897705078125,9674300
1999-10-11,83.72148268964766,84.05441022315034,83.54522693661681,83.76065063476562,4282000
1999-10-12,83.42775466690661,83.54525854671915,82.21354790884365,82.4681396484375,8686100
1999-10-13,81.9001680222562,82.29184744847454,80.33345031738281,80.33345031738281,10469300
1999-10-14,80.51949735863329,80.96013670937371,79.43258696014024,80.3138656616211,10562200
1999-10-15,78.96257610149212,79.43259143542957,78.02254543361721,78.25755310058594,14238700
1999-10-18,78.2967179993813,78.92340508692013,77.35668736807308,78.82548522949219,9758800
1999-10-19,79.7067983131709,80.37265363077479,78.92343911598986,79.58929443359375,14392900
1999-10-20,80.05930648119593,81.13642533062495,79.66762689958539,80.37265014648438,9759400
1999-10-21,79.72632713650549,80.84261322021484,79.35423177526903,80.84261322021484,9105400
1999-10-22,81.312629650225,82.23307608412688,81.19512585015242,81.5280532836914,8309600
1999-10-25,81.03851588022185,81.76312319959551,80.68600421133736,81.11685180664062,8114300
1999-10-26,81.58679280176139,81.90013622106724,80.0984115600586,80.0984115600586,6256300
1999-10-27,80.45095837654458,81.6651646616823,80.37262248718085,81.54766082763672,5433300
1999-10-28,82.9968801871378,84.51463814242408,82.84020839820504,84.3285903930664,10509700
1999-10-29,85.13150285456302,86.28695688456516,85.05316698812221,85.85610961914062,10988600
1999-11-01,85.54276496180195,85.8561084232005,84.95524597167969,84.95524597167969,4006500
1999-11-02,85.2098467729195,86.01278947981211,84.34815216064453,84.34815216064453,6516900
1999-11-03,85.22943543156136,85.46444306602338,84.68108428448329,84.91609191894531,7222300
1999-11-04,85.69946574051556,86.0813532135366,85.08257059178928,85.5623779296875,7907500
1999-11-05,86.87451829676831,87.17806992742653,85.71906370264989,86.40450286865234,7431500
1999-11-08,85.85611636396769,86.71781096251115,85.69944461877796,86.48280334472656,4649200
1999-11-09,86.7961372482748,86.91364104418854,85.40567566329568,85.67005920410156,4533700
1999-11-10,85.38611764996561,86.7276197277231,85.27840580430625,86.30656433105469,6405600
1999-11-11,86.60033335496372,86.79617309570312,86.1499019512631,86.79617309570312,4794100
1999-11-12,87.26620043923475,87.72642389307723,85.9344900196055,87.57954406738281,11802900
1999-11-15,87.63825360716753,87.89284518189226,87.36407806515628,87.7851333618164,2187500
1999-11-16,88.08873711982659,89.61628747450567,87.79497743623446,88.51958465576172,7544800
1999-11-17,89.14622649742456,89.5770738135369,88.55870742999866,88.75454711914062,9459000
1999-11-18,89.26373702240659,89.6162484893665,88.75455379235336,89.38124084472656,4491000
1999-11-19,89.2441655610737,89.59667707744397,88.98957391036184,89.30291748046875,4832100
1999-11-22,89.26371834084087,89.61622973402541,88.67619935219997,89.2833023071289,4155400
1999-11-23,89.51835146095932,89.51835146095932,87.97121740595696,88.49998474121094,5918000
1999-11-24,88.20619591610719,89.26373023659339,87.73618066255779,88.969970703125,4459700
1999-11-26,89.2833331837572,89.53792483354637,88.51955823438968,88.6370620727539,1693900
1999-11-29,88.28457014333382,88.94063338641317,88.01039445965888,88.32373809814453,7348600
1999-11-30,88.2062287410867,89.18542755037942,87.10952607467888,87.28578186035156,7682000
1999-12-01,87.30533712095442,88.0495279712452,87.10949742350948,87.99077606201172,6980200
1999-12-02,88.12790507763887,88.59792057138628,87.97123324638974,88.51958465576172,6698300
1999-12-03,89.63582869319845,91.08504244091458,89.63582869319845,90.14501190185548,10045400
1999-12-06,89.94917176134557,90.0666755781468,89.1462290132038,89.47915649414062,3138900
1999-12-07,89.79249747159307,89.81208144050727,88.59787536782706,88.75454711914062,10714200
1999-12-08,88.57830970826849,89.0287410864003,88.04954243828767,88.18663024902344,4611400
1999-12-09,88.87205376219354,89.12664536618396,87.34450413825104,88.61746215820312,6474700
1999-12-10,89.16583127933453,89.49875882858748,88.28455247248847,88.91123962402344,5127300
1999-12-13,88.63703905707824,89.43998174407342,88.53911921720078,89.06788635253906,4210800
1999-12-14,88.7545431215005,89.2931022423834,88.12785614447314,88.20619201660156,5739000
1999-12-15,87.97122348070988,89.11688611953925,87.75579973665648,88.6762466430664,6879100
1999-12-16,89.10705428849005,89.40081380812244,88.46078334529881,89.06788635253906,5854900
1999-12-17,89.83621297360928,90.03253336909357,89.24725178715643,89.639892578125,4775400
1999-12-20,89.56141012592765,89.95405111727324,88.63870379626553,88.99208068847656,4608700
1999-12-21,88.95281187154478,90.50374370510296,88.79575548333636,90.34668731689452,7981300
1999-12-22,90.22889090390449,90.58226776123048,89.81661790369081,90.58226776123048,5377500
1999-12-23,91.10247878011069,92.02518463134766,91.09266276041669,92.02518463134766,5721700
1999-12-27,92.03503021585766,92.21171862710824,91.13195611391023,91.8976058959961,2691000
1999-12-28,91.64238651923104,92.03502742119862,91.39698595550132,91.83870697021484,4084500
1999-12-29,91.91727143178449,92.23138427734376,91.28904574066593,92.23138427734376,3001000
1999-12-30,92.42768695813008,92.70253564492148,91.83872548643429,92.1233901977539,3641300
1999-12-31,92.25094443950248,92.66321722801696,91.87793572608462,92.27057647705078,3172700
2000-01-03,93.13446140658154,93.13446140658154,90.38597392830974,91.3675765991211,8164300
2000-01-04,90.16998745844914,90.50373224111704,87.72579772655781,87.79450988769531,8089800
2000-01-05,87.91227400643486,88.91350803375245,86.22391858782088,87.9515380859375,12177900
2000-01-06,87.7159704011062,88.89389301168507,86.53804779052734,86.53804779052734,6227200
2000-01-07,88.14788219654744,91.56385803222656,87.99082583628633,91.56385803222656,8066500
2000-01-10,91.87799835205078,92.29027142157922,91.11234836578367,91.87799835205078,5741700
2000-01-11,91.60310253882491,91.77979090634516,90.15033151699186,90.77855682373048,7503700
2000-01-12,90.8374583393062,90.8374583393062,89.75769602924312,89.87548828125,6907700
2000-01-13,90.75886873212352,91.56378190928493,90.0128516410959,91.09261322021484,5158300
2000-01-14,92.0546801155637,92.64364160062809,91.70130322452508,92.32952880859376,7437300
2000-01-18,91.30863823136497,92.11355204935806,91.21047800965847,91.60311889648438,6488500
2000-01-19,91.28899087711255,92.34912109375,91.09267046662416,92.34912109375,6157900
2000-01-20,92.32947498282002,92.32947498282002,90.34663913904691,90.93560028076172,5800100
2000-01-21,91.406808428102,91.406808428102,90.50373428985186,90.73931884765624,6244800
2000-01-24,91.50496643684777,91.62275871288747,87.57855723552412,88.16751861572266,7896900
2000-01-25,88.27544359738792,89.168701171875,87.32328991908851,89.168701171875,9942500
2000-01-26,88.57975970190788,88.92332038337582,88.01043057261813,88.46196746826172,5158100
2000-01-27,89.10986943678422,89.34545402220864,86.77365563132547,88.10863494873047,10922700
2000-01-28,87.59817557523529,87.990816433932,85.14417020838087,85.36012268066406,11916200
2000-01-31,85.32085181243528,87.74540892215359,84.8104187367051,87.67669677734375,10768700
2000-02-01,87.79448690139533,89.01167343714813,87.02883730632502,88.5405044555664,8419900
2000-02-02,88.75646574284896,89.36505907132238,88.18713650008351,88.6190414428711,6205900
2000-02-03,88.50132157364457,89.99335805092873,87.95162392411883,89.95409393310547,7997500
2000-02-04,89.95403303672629,90.46446622287968,89.2865434856026,89.58102416992188,4925400
2000-02-07,89.56141107306343,89.69883542148769,88.85465728116726,89.44361877441406,5845800
2000-02-08,90.4447913138884,90.81780000391744,90.22883891439788,90.6607437133789,4936400
2000-02-09,90.75895379059506,90.75895379059506,88.74666896179644,88.75648498535156,8511500
2000-02-10,88.9724076967892,89.56136891278737,88.50123872399067,88.93314361572266,6690600
2000-02-11,89.10986627593348,89.16876242020045,86.71475640907649,87.12702941894531,9849800
2000-02-14,87.8141166471666,87.8141166471666,86.8914107490184,87.6374282836914,8528800
2000-02-15,87.48039345821017,88.71721230647482,86.56750335591961,88.62886810302734,11078300
2000-02-16,88.18715910602818,88.54053596798465,87.19574068776139,87.32334899902344,8845400
2000-02-17,88.22638346009336,88.22638346009336,86.8325086880269,86.87177276611328,7584200
2000-02-18,87.24480506949831,87.24480506949831,84.57484703856858,85.00675201416016,9409200
2000-02-22,84.92821867462108,85.65460427123712,83.8877203875765,84.7907943725586,16415400
2000-02-23,85.20308418186633,86.36137495761061,84.49633048819187,85.79204559326172,12119000
2000-02-24,85.87054749461659,86.08649994602052,83.61286277539371,84.06439971923828,17375000
2000-02-25,84.92823094281142,85.89020119620896,83.63251590762289,83.76012420654297,10559900
2000-02-28,83.78953914449673,85.87053519635161,83.37726634177076,85.51715850830078,13397800
2000-02-29,85.47790318133886,86.34171295166016,85.28158277899311,86.34171295166016,8242500
2000-03-01,86.45952988187561,87.32333989886075,86.20431328594819,86.96996307373047,6868000
2000-03-02,87.12699167986044,87.40184023405557,86.28281397768964,87.0288314819336,7600200
2000-03-03,88.22642774894452,89.03134175377467,87.7748906242837,88.65833282470703,12770300
2000-03-06,88.4619994530311,88.79574423569899,87.16628441443811,87.79450988769531,11967100
2000-03-07,87.95154130087789,88.04970150322262,84.94783910912916,86.0963134765625,20062000
2000-03-08,85.73314095762767,86.59695094208739,84.83006688296523,85.98835754394531,11808500
2000-03-09,86.22394906342717,88.50126647949219,85.51719538257942,88.50126647949219,5500900
2000-03-10,88.06936968787241,89.20802850238347,87.6570966688253,88.03010559082031,7924600
2000-03-13,85.87051540232834,88.24599147998762,85.2422903239391,87.06806945800781,10540500
2000-03-14,87.50003817140346,88.0104714207767,85.53683336612181,85.83131408691406,8263900
2000-03-15,85.98835102297869,88.22640399480964,85.47791788905234,87.8337631225586,10300800
2000-03-16,88.97245011461003,92.25100244672386,88.5012809171805,91.9368896484375,25601400
2000-03-17,91.83595983325954,93.213696050218,91.59977648178096,92.54450988769533,10272900
2000-03-20,92.5051463674714,92.8003755580059,91.18645598308404,92.0721435546875,12502300
2000-03-21,91.65880635217188,94.31586859343088,91.009302248753,93.96159362792967,13612600
2000-03-22,94.19771767337696,95.00467680931688,93.64662362932042,94.53231048583984,8260000
2000-03-23,93.94191597633012,96.6580241692347,93.94191597633012,96.14629364013672,11654500
2000-03-24,96.2840535804708,98.09479211877894,95.5558217770208,96.71705627441406,11462900
2000-03-27,96.5990036682355,96.85486899987508,95.61490623885248,95.69363403320312,8798600
2000-03-28,95.26058583699528,96.35293346384512,94.84726511332236,95.14249420166016,6334400
2000-03-29,95.45743768435418,96.038055088826,94.25683898358189,95.24093627929688,6747500
2000-03-30,94.57170322092703,95.68373261363932,92.66255541396971,93.64665222167967,9491900
2000-03-31,94.23715175714278,95.92979901092605,93.48923785430831,94.7095184326172,9249100
2000-04-03,94.5520624775532,95.26061248779298,93.6466930200246,95.26061248779295,8508200
2000-04-04,95.5754932718015,96.36277081110794,89.0509306647994,94.55203247070312,19585500
2000-04-05,93.13495204176022,94.9850546393776,92.97749650153746,93.96159362792967,8387200
2000-04-06,94.63079726882916,95.53616679344776,93.84351942133476,94.77841186523438,6378500
2000-04-07,95.45739748927616,95.81167236655594,94.78821160996988,95.37866973876952,6023600
2000-04-10,95.575514194954,96.43167870637916,94.6701448265504,95.0047378540039,9624200
2000-04-11,94.47330654769635,95.49676736862972,93.44984572676296,94.72917175292967,9006400
2000-04-12,94.70951447204708,95.20156307175638,92.05245203361685,92.13117980957033,10779200
2000-04-13,92.87907702546804,93.31207971556348,90.55660805131988,90.85183715820312,12225800
2000-04-14,89.82835499679341,89.94644661160076,84.08122974283555,85.6557846069336,29604000
2000-04-17,85.14406083616862,88.64744567871092,84.82914983908617,88.64744567871094,23918200
2000-04-18,88.52933656831543,90.98957824707033,88.03728823256446,90.98957824707033,11069200
2000-04-19,91.0092545288619,91.40289317301789,89.76929279977057,90.14324951171876,6553700
2000-04-20,90.41886126316408,90.6550446186621,89.67094730408697,90.5763168334961,8537600
2000-04-24,89.11981943998688,90.26137189747789,88.48999739447461,89.5921859741211,12893100
2000-04-25,91.08803599063316,93.31209564208984,90.96994432772397,93.31209564208984,14102000
2000-04-26,93.19395556640625,93.68600390625,91.95399375,92.25906372070312,7711100
2000-04-27,90.06452910540855,92.80031790472056,90.06452910540855,91.95399475097656,15595300
2000-04-28,92.58383025564358,93.12508351500374,91.3635501799952,91.38323211669922,8743400
2000-05-01,92.30827325058144,93.51871222817437,91.85558875489627,92.62318420410156,7328300
2000-05-02,91.63910711442296,92.6625679327112,90.77310180664062,90.77310180664062,9411900
2000-05-03,90.69436715974688,90.69436715974688,88.03730562186368,88.64744567871094,12630700
2000-05-04,89.43478023685407,89.66112266042884,88.64750224181134,89.31668853759766,5963600
2000-05-05,88.84430382460933,90.6944067398759,88.76557604098097,90.39917755126952,7862400
2000-05-08,89.90712465648394,90.30076355603072,89.33634825214111,89.72014617919922,5064100
2000-05-09,90.10392050255932,90.32042184059516,88.3423868885403,89.0017318725586,5620300
2000-05-10,88.48999851969032,88.78522760727826,86.75798787250777,86.99417114257812,10293900
2000-05-11,88.2538389776745,89.11984453410128,87.62401675481867,88.98207092285156,7091100
2000-05-12,89.31668792323941,90.35983125949583,89.19859622479528,89.9465103149414,5960800
2000-05-15,89.90707558287065,91.70797256532089,89.43470916124436,91.50131225585938,4441300
2000-05-16,92.30828092206932,93.03651256260588,91.52100347284058,92.3870086669922,8192200
2000-05-17,91.75723867426647,92.07214983230772,90.98964272654096,91.42264556884766,5907200
2000-05-18,91.71782732217753,92.15082994043672,90.30072784423828,90.30072784423828,4325600
2000-05-19,89.78905961785937,90.21222156038108,88.43100501162695,88.8836898803711,6518400
2000-05-22,88.96239914355775,89.10017277054997,86.28565439056574,88.21448516845703,10839400
2000-05-23,88.4506502047829,88.68683351641116,86.63991148229958,86.91545867919922,7979200
2000-05-24,86.91543530142881,88.60808191282439,85.97070230902197,88.33253479003906,11081500
2000-05-25,88.6080805005143,89.31663023352596,86.73829648284463,86.81702423095703,8278900
2000-05-26,87.42718918772711,87.97828358152638,86.49229691253193,86.91545867919922,4814000
2000-05-30,88.17507131476151,90.0251732575266,87.84047841021889,89.74962615966797,5362700
2000-05-31,89.7890547170159,90.69442440508752,89.49382547090559,89.9465103149414,6056500
2000-06-01,90.49758075673094,91.59976964806998,90.0645779779906,91.5210418701172,8961600
2000-06-02,93.8041251566969,93.90253485577024,92.88891495531496,93.1152572631836,8962200
2000-06-05,92.87910669986331,93.35147342179523,92.50514971166724,92.66260528564452,6998100
2000-06-06,92.34765438131107,93.07588609744676,91.89496980101056,92.2492446899414,4858900
2000-06-07,92.3476399097267,93.21364505807024,91.95400120593416,92.8888931274414,4919500
2000-06-08,92.8987676948721,93.056223233338,91.99339834869326,92.52481079101562,5723100
2000-06-09,92.898763974982,93.19399309778386,91.7178474837746,92.32798767089844,3085300
2000-06-12,92.56416577692173,92.56416577692173,91.24547576904295,91.24547576904295,3678900
2000-06-13,91.20609420269142,93.05619624305676,91.08800258309364,92.9577865600586,6558700
2000-06-14,93.37112248077426,93.76476127706756,92.70193652707562,93.1152572631836,6420500
2000-06-15,93.29241369827164,93.68605257463564,92.48545400172542,93.31209564208984,5881200
2000-06-16,93.63040437619078,93.63040437619078,92.09159874168954,92.54534912109376,5567900
2000-06-19,92.46643235181112,94.16306413808287,92.32833441571924,93.72904205322266,5106900
2000-06-20,93.55145714279968,93.98547908652418,92.80178287636645,93.39363098144533,6480000
2000-06-21,92.76239189412368,93.70934953149457,92.7327994679558,93.35424041748048,3115000
2000-06-22,93.15688372436,93.23579679824763,91.53916570966337,91.93373107910156,7490500
2000-06-23,92.05216960824414,92.24945244066645,90.82901604722588,91.14466857910156,4863300
2000-06-26,91.77596135816584,92.32835321500777,91.46030886854189,92.31848907470705,5201300
2000-06-27,92.16067026670063,92.6242848982467,91.54909351870369,91.63787078857422,4159500
2000-06-28,91.9337436517148,92.79192344760526,91.73646094001585,91.894287109375,5347700
2000-06-29,91.38139230160162,92.0126972570531,90.6021252472162,91.02628326416016,6345700
2000-06-30,90.86842770903668,91.91402620416888,90.8388352987971,91.71674346923828,7420200
2000-07-03,91.815439435901,93.07804969028382,91.65761315410316,92.97940826416016,1436600
2000-07-05,92.40726631843744,92.58482084381448,91.1446563602009,91.30248260498048,2748200
2000-07-06,91.4997524601722,92.46643807262336,91.04600207065432,92.01268768310548,5963200
2000-07-07,92.60453705909408,93.92633168690816,92.32834116671503,93.4923095703125,3034800
2000-07-10,93.35420093201752,94.00523403234648,93.13718989857456,93.33447265625,2816100
2000-07-11,93.09776185781386,94.1433607937037,92.90047903972145,93.5317840576172,5431600
2000-07-12,94.24195954066212,94.774622908382,93.86712235597034,94.14331817626952,5883000
2000-07-13,94.68590444655948,94.93250801059366,94.1828331759298,94.55767059326172,5356000
2000-07-14,94.97196600732724,95.48490142822266,94.48862301456042,95.48490142822266,5341900
2000-07-17,95.31718511534054,95.94849007729664,95.12976645475982,95.3270492553711,4208300
2000-07-18,95.09028758415656,95.09028758415656,94.28142829142828,94.54776000976562,4262100
2000-07-19,94.36035861736292,94.63655452383232,93.59095573505536,93.78823852539062,8506800
2000-07-20,94.06440839965312,95.09027862548828,93.94603875821062,95.09027862548828,4538900
2000-07-21,94.53787522027416,94.53787522027416,93.23580932617188,93.23580932617188,5656900
2000-07-24,93.51204550045554,93.97566007202953,92.52563151838324,92.70318603515624,5628500
2000-07-25,93.27528031114102,93.33446513367348,92.66370381163904,92.99908447265624,4757100
2000-07-26,92.78204209720772,92.90041170226476,91.9435907280537,92.091552734375,12062500
2000-07-27,92.13109486285512,92.56511715128826,91.34196342934028,91.77598571777344,7652600
2000-07-28,91.99293988380742,92.11130952551936,89.33948708209778,89.70446014404297,6229500
2000-07-31,90.23713188904982,90.98680635598988,89.68474017656766,90.2765884399414,5265500
2000-08-01,90.67112282521822,91.36161222880452,90.35547052643592,90.82894897460938,3946600
2000-08-02,90.82899495214065,91.7956806064966,90.67116872285804,91.28274536132812,7439800
2000-08-03,90.19767956755196,92.0521375464124,90.03985335658513,91.9140396118164,4607100
2000-08-04,92.367792896691,92.62426049764294,91.7956728637982,92.4072494506836,3686600
2000-08-07,92.62426666066617,93.70932196766012,92.40725559926736,93.51203918457033,4159800
2000-08-08,93.1174444941825,93.9460319240036,93.1174444941825,93.86711883544922,3658700
2000-08-09,94.15320165180565,94.2025223441324,93.03855400522062,93.07801055908205,5383800
2000-08-10,93.13717980430528,93.3443266774138,92.34804885913007,92.6242446899414,4193400
2000-08-11,92.5650816176032,93.43312586124657,91.89432015660608,93.05828857421876,5089400
2000-08-14,93.29500152926478,94.41951307233268,92.84125125750056,94.24195861816406,2966700
2000-08-15,94.28148618035164,94.5774104935354,93.788278991712,94.16311645507812,5564600
2000-08-16,94.26170457562446,94.65627010335834,93.33447558544984,93.8276824951172,5191600
2000-08-17,93.86712974138771,94.97191310950832,93.65011872264976,94.8140869140625,5652200
2000-08-18,94.9324580182611,94.9324580182611,94.20251185311652,94.4984359741211,4626400
2000-08-21,94.71545889844928,95.14948099712991,94.32089335419413,95.01138305664062,2380600
2000-08-22,95.05082124719604,95.5242998088259,94.75489714617736,94.8535385131836,3075300
2000-08-23,94.57738314214296,95.50461238863456,94.24200235085875,95.2284164428711,5483200
2000-08-24,95.42565825476916,95.64266926175748,95.01136451415512,95.52429962158205,4529000
2000-08-25,95.4257165719655,95.72164085325132,95.28761857403212,95.48490142822266,2822200
2000-08-28,95.48487765872736,96.53047652565144,95.48487765872736,95.81039428710938,5518700
2000-08-29,95.60322583837112,95.87942170336022,95.26784514517009,95.8301010131836,3561900
2000-08-30,95.52430385731532,95.6426735027395,94.91272735595705,94.91272735595705,3964800
2000-08-31,95.3665475729918,96.64888633845403,95.26790612949468,96.17540740966795,4863100
2000-09-01,96.74747310700964,96.9644841600637,95.95834200499488,96.27399444580078,3191200
2000-09-05,95.87939187727346,96.08653871157622,95.20863069953124,95.50455474853516,3470800
2000-09-06,95.44538003273505,95.92872269722491,94.39978161567532,94.41950988769533,4322200
2000-09-07,94.8535790879064,95.37637855667296,94.58724728306308,95.2284164428711,4265500
2000-09-08,94.87328622218811,95.0113841642874,94.27157376018424,94.57736206054688,3518200
2000-09-11,94.53794196236224,95.44544307468875,93.86718027064263,94.43930053710938,3937500
2000-09-12,94.53792582296764,94.85357832988906,93.70933799229888,93.74879455566406,4769100
2000-09-13,93.43312068750656,94.28143660591088,93.21610963861244,93.99537658691406,7691600
2000-09-14,94.61686474084232,94.65632131496278,93.53180895252991,94.46890258789062,3397100
2000-09-15,93.78650241355372,93.8260580872836,92.4020538330078,92.4020538330078,4085700
2000-09-18,92.63940939302708,93.01518838074428,91.26484941164034,91.55162811279295,5109300
2000-09-19,91.84831475935918,92.59987289046504,91.58131384436103,92.38231658935548,6588200
2000-09-20,92.20428606994096,92.4218423004792,90.6022810996138,91.699951171875,6508100
2000-09-21,91.43296290133222,92.12518736630012,90.2660702318149,90.30562591552734,5972300
2000-09-22,90.26608021671116,91.9669748044932,90.13752423042531,91.94719696044922,7791300
2000-09-25,92.36255956481192,92.44167096486744,90.95833221382657,91.2945556640625,9726300
2000-09-26,91.37362853722638,91.76918537072088,90.12762451171876,90.12762451171876,5302400
2000-09-27,90.85939921887258,91.1165111452647,89.94961855625435,90.60228729248048,7186200
2000-09-28,90.62208814620972,92.60976162039,90.43419861382452,91.76920318603516,7036400
2000-09-29,92.06587981513732,92.38232537411524,90.89898681640624,90.89898681640624,9333600
2000-10-02,91.31428905738169,91.70984586508098,90.59239788333048,91.0373992919922,5517800
2000-10-03,91.47252576392994,92.2438616568582,90.04852103852389,90.1869659423828,9347200
2000-10-04,90.42432117835496,91.29454649153249,89.71231864939155,90.93854522705078,6148900
2000-10-05,90.76054342970168,91.67032442725372,90.70120988638308,91.25498962402344,4566900
2000-10-06,91.05718162580564,91.54173873914888,88.4465065661605,89.27717590332031,10014900
2000-10-09,89.43542883396148,89.43542883396148,88.2092022555215,88.6047592163086,4508000
2000-10-10,88.66406819347463,89.39584836816982,87.14117431640625,87.14117431640625,6104700
2000-10-11,87.10164086500549,87.73453198845694,85.51941305637688,86.40941619873047,10346000
2000-10-12,86.88406174529887,87.08184016948574,84.03605243700771,84.25360870361328,12336900
2000-10-13,84.13496647115082,87.12142155745636,84.09541077464345,87.06208801269531,11778800
2000-10-16,86.96315748300125,87.48727021288516,86.50826718913976,87.45760345458984,5659000
2000-10-17,87.61583634342908,87.69494770807326,85.06449483365428,85.28205108642578,7831700
2000-10-18,83.93717401032119,86.15229264584333,82.37472425847967,84.96562194824219,10897300
2000-10-19,86.60719721003892,88.25864753363751,86.35008518361039,88.16964721679688,8767300
2000-10-20,87.5763335016015,89.35634028008933,87.5763335016015,88.54544830322266,7373500
2000-10-23,88.56516951785132,89.2573939334665,87.93227862357458,88.94094848632812,5290000
2000-10-24,89.21788935749916,89.83100276252742,87.97188469566754,88.34766387939453,5750700
2000-10-25,87.81364535367145,88.3278694030398,86.15230611725063,86.2709732055664,9137600
2000-10-26,86.78521359430147,87.12143707449817,84.82720626845008,86.5083236694336,9345800
2000-10-27,87.25984597585916,88.14984893798828,86.4687322317444,88.14984893798828,9762900
2000-10-30,87.6158331764362,89.2969496143588,87.43783261242086,88.94094848632812,10154100
2000-10-31,89.24748329715477,90.93848824383772,88.64425931032636,90.47370910644533,7752400
2000-11-01,90.02873802645266,90.66162897918694,89.37606923144541,90.16718292236328,6753600
2000-11-02,90.60230762110368,91.0769758994068,90.19686180005311,90.3155288696289,11395100
2000-11-03,90.80009523735288,90.97809585968706,90.10787059494224,90.36498260498048,5187100
2000-11-06,90.6023448553585,91.32423649194888,90.5232334431294,90.9979019165039,4042500
2000-11-07,90.59239760440327,91.13628821331524,90.226507558408,90.97806549072266,5231300
2000-11-08,91.17583412655516,91.17583412655516,88.9607162475586,88.9607162475586,6123300
2000-11-09,88.6047415040588,89.37607742340217,86.86429122451479,88.62451934814453,10635300
2000-11-10,87.9718741847088,88.26854192588924,86.40942408115843,86.46875762939453,8569500
2000-11-13,85.8358661234791,86.69620256964761,84.1844157038223,85.79631042480469,17285300
2000-11-14,87.00272351219542,88.36739455614665,86.70605589394515,88.05094909667969,7668900
2000-11-15,88.01140484124409,88.67396260802649,87.18073540229302,88.32785034179688,8837700
2000-11-16,87.70485986721744,88.5256404928775,86.90385708795883,86.94341278076172,6684100
2000-11-17,86.90386908102063,87.97187293408733,85.91497662447738,86.47864532470703,6551100
2000-11-20,85.91495463289407,86.31051151426098,85.00517380575016,85.24250793457031,5458500
2000-11-21,85.36115922866216,86.19182852606805,84.50082317063463,85.67760467529297,7684300
2000-11-22,85.0249532677257,85.36117662328544,83.62072631215266,83.630615234375,5736900
2000-11-24,84.57007176121859,85.42051916199792,84.57007176121859,85.3414077758789,3411600
2000-11-27,86.36985401808188,86.50829894094119,85.63807371153986,86.09296417236328,5992000
2000-11-28,85.51936914587533,86.44892750615658,84.57992186686768,84.60958862304688,5336100
2000-11-29,85.04472844215411,86.0138427895182,84.34261498641075,84.4513931274414,6914100
2000-11-30,83.8580799530844,84.49097112254164,82.117629237077,83.71963500976562,11201600
2000-12-01,84.2931591584817,84.84693871184574,82.90871027507164,83.68004608154297,7587200
2000-12-04,83.46249312406853,84.72827501031033,83.2251590203982,84.39205169677734,6996600
2000-12-05,85.36120344403923,87.4972113152061,85.06453568415495,87.1609878540039,8883400
2000-12-06,87.20050269273906,87.55650383777633,85.46005265033466,85.76660919189453,12888000
2000-12-07,85.36115661435576,85.99404748823422,84.5898208618164,84.5898208618164,6529100
2000-12-08,86.74561937143955,88.26851328197326,84.72827938605722,84.78761291503906,10276300
2000-12-11,86.94337592026045,88.3278245814111,86.52804132191525,87.73448944091797,6405600
2000-12-12,87.45760807160853,87.85316486976144,86.94338423400976,87.35871887207031,5022900
2000-12-13,88.13007353247751,88.22896275322759,86.09295558502572,86.16217803955078,6070500
2000-12-14,85.99406519315322,86.38962207076662,84.82717240419369,85.06450653076172,7678400
2000-12-15,84.51203004240392,84.51203004240392,82.88527265661118,83.14317321777344,9065300
2000-12-18,83.83752650509506,84.73025927668267,83.6490606977599,84.25413513183594,7235400
2000-12-19,84.09543940706074,85.68252012245702,82.53811645507812,82.53811645507812,9616600
2000-12-20,81.65530204395257,81.8536871315229,80.0483828346328,80.14757537841797,9994300
2000-12-21,79.98886243431969,81.80408587497948,79.69128482109677,80.70304870605469,14331500
2000-12-22,81.8933645025358,83.23246384941594,81.79417195832247,83.12335205078125,10182900
2000-12-26,83.06384190691122,84.0160903930664,82.70674872460303,84.0160903930664,4665300
2000-12-27,83.63917778290553,84.89892346345925,83.3217615484353,84.631103515625,4854100
2000-12-28,84.31365273215555,84.9881619540128,84.17478318647906,84.88896942138672,8358700
2000-12-29,85.1071703121627,85.24603982083056,83.28202819824219,83.28202819824219,8774600
2001-01-02,83.79787359556951,83.89706615427639,80.9808049282942,81.77434539794922,8737500
2001-01-03,81.4569427313628,86.33721742983218,81.0403339156398,85.70238494873047,19431600
2001-01-04,85.66265190377129,85.9999064388255,84.4326647759265,84.77983856201172,9219000
2001-01-05,84.7302420218901,84.82943453186655,82.01236724853516,82.01236724853516,12911400
2001-01-08,82.44883934603365,82.64722442626953,81.06014378438246,82.64722442626953,6625300
2001-01-09,83.19279111364115,83.48044950666555,82.16118860072608,82.42900848388672,5702400
2001-01-10,81.8933542589027,83.87720489501955,81.7743232207357,83.87720489501953,8746100
2001-01-11,83.22254106092542,84.7401869229423,83.22254106092542,83.9565658569336,7245100
2001-01-12,84.23429103692372,84.88896169265111,83.3415583245682,83.79784393310547,7244000
2001-01-16,83.79782606298518,84.55168908154424,83.49032930541505,84.33346557617188,8542200
2001-01-17,85.60314269133411,85.73209296421793,84.2045281931327,84.72032928466797,7851400
2001-01-18,84.71042835599111,86.1487201723399,84.39301223100378,85.56348419189453,8107000
2001-01-19,86.45620685553821,86.45620685553821,84.98815745046483,85.07743072509766,7782500
2001-01-22,85.22619849464147,86.19828502309524,84.78975148186629,85.64280700683594,7050900
2001-01-23,85.36505859557361,86.75375348325434,85.16667361161923,86.31730651855469,8463100
2001-01-24,86.4959023088408,87.17041163877214,86.2380016826906,86.57525634765625,6199900
2001-01-25,86.49592526885193,87.13075774788939,86.11899348442346,86.3570556640625,10818300
2001-01-26,85.80150415618813,86.41649759638277,85.35513794959525,86.2577896118164,7136800
2001-01-29,86.01976691698079,86.90852816170981,85.937235627552,86.71808624267578,6705900
2001-01-30,86.52765560182809,87.55608096087532,86.20388488748107,87.47990417480469,7069100
2001-01-31,87.22598624549694,88.05127047656583,86.71812796801674,86.98475646972656,9706900
2001-02-01,87.03554411640827,87.57514595719073,86.49593258885012,87.56244659423828,8239100
2001-02-02,87.22598290651516,87.60054144896606,85.54368063151462,85.57542419433594,8276600
2001-02-05,85.57538733725781,86.29909569871789,85.54364378810835,86.20386505126953,4352900
2001-02-06,85.89281096108155,86.78157229430487,85.8420232153585,85.94994354248047,7106700
2001-02-07,85.5245907599921,85.95627198615769,84.86435987827154,85.50554656982422,5748700
2001-02-08,85.57536538815103,85.95625881993608,84.49615280127364,84.50884246826172,5943300
2001-02-09,84.65489976275252,84.65489976275252,83.32809275771524,83.69629669189453,9913000
2001-02-12,83.60739777973754,84.75009766311112,83.60739777973754,84.65487670898438,5804400
2001-02-13,84.87706582996968,85.17543774814727,83.79785299391736,83.96290588378906,6587600
2001-02-14,84.21052448484656,84.21052448484656,82.94721405086935,83.83597564697266,8400100
2001-02-15,84.33111293087462,84.76280389372496,83.79151133577582,84.64852905273438,5929800
2001-02-16,83.16299997402263,83.34709700949689,82.08378740789664,82.78209686279297,6434900
2001-02-20,83.18839713750842,83.25188422451754,81.32199883273512,81.50609588623047,5760000
2001-02-21,81.19504398195386,81.79178299050388,79.67144564633487,79.74762725830078,10910800
2001-02-22,80.21105033777413,80.33167000992282,78.09705787460591,79.86824035644531,21281600
2001-02-23,79.40481778189107,79.69684003123292,77.32256880857653,79.3286361694336,20173000
2001-02-26,79.86190130264157,81.01729583740234,79.03661741636137,81.01729583740234,11503700
2001-02-27,80.49671316393164,81.15693429351693,79.67777916409548,80.26817321777344,11415000
2001-02-28,80.46500203676217,80.52213462462545,78.25578328170418,78.68746948242188,14825800
2001-03-01,78.75096561072098,79.1001205444336,77.29084907079667,79.1001205444336,14672000
2001-03-02,77.76696199375256,79.76668484226919,77.63999746254589,78.47162628173828,12564300
2001-03-05,78.81443136867732,79.21437397585977,78.59858586714434,79.18898010253906,5293200
2001-03-06,80.21106018278284,81.09982637197486,79.66510401699573,80.03965759277344,6917000
2001-03-07,80.56020469477517,80.64908081259713,79.83649639629049,80.61099243164062,6371700
2001-03-08,80.3697518076165,80.77604400922016,80.07772959042543,80.69986724853516,6055000
2001-03-09,80.05234331368669,80.05234331368669,78.15419630025282,78.31290435791016,10020300
2001-03-12,77.6653490052993,77.76692445594367,74.75147228316219,74.96096801757812,13972900
2001-03-13,75.79894265555107,76.45916852448201,74.61180505804299,76.19253540039062,12888000
2001-03-14,74.30710521808437,75.72912788029487,73.48182148436176,74.68800354003906,19883400
2001-03-15,75.19584976739277,75.45613321673325,74.5038852002105,74.70703125,10370300
2001-03-16,74.55811372692543,74.72998267360818,73.08133745142621,73.20864868164062,58514600
2001-03-19,73.6860443656599,74.91456963767533,73.08769381000099,74.6981430053711,10067800
2001-03-20,75.04825333215547,75.4047150632735,72.6357601586489,72.69304656982422,15083900
2001-03-21,72.68031909016558,73.36778517432411,71.22900503900445,71.45816040039062,19004600
2001-03-22,71.30535860025817,71.67455374212146,68.77192679268605,70.73247528076172,28624800
2001-03-23,72.08832863282761,72.98585452569851,70.97438094975963,72.87127685546875,12861700
2001-03-26,73.64782473948986,74.01065307772012,73.0558411501221,73.80059814453125,9943800
2001-03-27,73.59691866161911,75.52563833301964,73.38049205955649,75.30921173095703,12880700
2001-03-28,74.41168179042091,74.4435059427846,73.13859914167607,73.22771453857422,10953300
2001-03-29,73.01130606449473,74.15708267500517,71.38176142414754,73.5078125,12060300
2001-03-30,73.55238101709492,74.27803802490234,72.88401042001749,74.27803802490234,9183600
2001-04-02,74.02978777437052,74.71724899060858,72.43843382269812,72.69304656982422,10561000
2001-04-03,72.55300898635015,72.66121988577018,70.05776238574374,70.267822265625,12836000
2001-04-04,70.38242276933286,71.35633089285868,69.5740168645247,70.56065368652344,14884300
2001-04-05,72.12017527471784,73.51419827064711,71.61093998116955,73.23412322998047,21522800
2001-04-06,72.55935800002656,72.82034232372021,71.33083281616989,72.12014770507812,14937800
2001-04-09,72.56575651149124,73.19593145823859,71.78917483144507,72.9222183227539,9034300
2001-04-10,73.48871079840056,74.9527581225581,73.31047996375725,74.2525634765625,17873600
2001-04-11,75.60841234228805,75.74208549882523,73.92794286521041,74.30350494384766,12722300
2001-04-12,74.02976130626378,75.71023008989208,73.81333472087408,75.65293884277344,9233200
2001-04-16,75.29649209082024,75.67841600671763,74.41806659861365,74.8572769165039,7350000
2001-04-17,74.67269660372538,76.16857331020196,74.48809894938515,75.91395568847656,10924700
2001-04-18,77.05968138676572,80.20419668382215,76.82416423477397,78.93111419677734,32481600
2001-04-19,79.090256009446,80.10235433876471,78.66377450676796,79.98141479492188,13809900
2001-04-20,79.50402244046259,79.82229314290126,78.71471245821387,79.24940490722656,7626700
2001-04-23,78.70837041536005,78.86113904073297,77.6007893826591,77.81084442138672,8451800
2001-04-24,77.98903919380776,78.7083339824911,77.08515169880856,77.39069366455078,10044700
2001-04-25,77.28889921179544,78.72111816953725,76.98972380803863,78.40284729003906,8249000
2001-04-26,78.75924305339475,79.70768806040839,78.61283644383886,78.75287628173828,10590400
2001-04-27,79.51676761539709,80.10238466373931,79.05845693185046,80.06419372558594,7938700
2001-04-30,80.49068112494452,81.01264502808058,79.35763788568039,80.62435913085938,10766900
2001-05-01,79.6122199456867,80.93622701105339,79.3130447586022,80.87257385253906,10578000
2001-05-02,81.10173532080384,81.27996612086649,80.20420969079896,80.7261734008789,9572900
2001-05-03,80.28696426794676,80.29969781542357,79.07117273088366,79.70134735107422,9926200
2001-05-04,78.70837740145251,81.06357960600337,78.5747042353331,81.05721282958984,12145300
2001-05-07,80.75166742635635,81.08266692014237,80.35064796834939,80.35700988769531,7185200
2001-05-08,80.75170396192851,80.90447265460838,79.92419756842322,80.31885528564453,6952600
2001-05-09,79.72679730529667,80.55430293247241,79.60585290502914,79.98141479492188,9507400
2001-05-10,81.00626433853358,81.15903292306014,80.05781410421795,80.21694946289062,6872400
2001-05-11,80.20420612203581,80.51611000826699,79.1857409838346,79.66314697265625,7734400
2001-05-14,79.50403302715333,79.84776601432934,79.22395321765595,79.82230377197266,7914000
2001-05-15,79.91779237537797,80.52250489645662,79.47221038304362,80.1915054321289,9782200
2001-05-16,79.46583030833597,82.2411513497487,79.32579527222035,82.08201599121094,14909000
2001-05-17,82.1138198794089,82.801285583476,81.83374018002802,82.20929718017578,11824600
2001-05-18,82.17117245331382,82.58493041992188,81.5410023349183,82.58493041992188,6683100
2001-05-21,82.64855859060391,83.92164178409881,82.20934333479153,83.80069732666016,11531500
2001-05-22,83.91526777714517,84.08076507183296,83.43149972992913,83.69247436523438,8342700
2001-05-23,83.4187794585651,83.4187794585651,82.27300262451172,82.27300262451172,12330800
2001-05-24,82.41304358874173,82.75040986732634,81.82742646906931,82.514892578125,7902800
2001-05-25,82.52760140109412,82.5594304185918,81.41365863506827,81.54096984863281,7425000
2001-05-29,81.6173808112851,81.7001343437045,80.77714592797851,80.8917236328125,9003900
2001-05-30,80.57977057722272,80.89804126569854,79.56767211895377,79.75863647460938,10041800
2001-05-31,79.84139438118527,80.68799567643022,79.73318350007374,80.17239379882812,9874200
2001-06-01,80.33157407549638,80.90446267290145,79.64411261503889,80.6689453125,8848300
2001-06-04,80.7134846060985,81.11450410445671,80.25517383287341,81.05721282958984,5623500
2001-06-05,81.15267668734103,82.26025756773322,81.01263677649548,81.9865493774414,9115400
2001-06-06,82.0056605299596,82.0056605299596,81.06994354346376,81.30546569824219,12064900
2001-06-07,80.872594466609,81.70010030749697,80.84076545102641,81.59825134277344,7355300
2001-06-08,81.28638235159315,81.39459814373166,80.29337874121092,80.84080505371094,8170600
2001-06-11,80.65618934232575,80.83442022167043,79.82868813730728,80.26789855957031,7012200
2001-06-12,79.47859067783662,80.67528722957022,78.95662671994535,80.12786102294922,9364400
2001-06-13,80.31241183582638,80.57339609074754,79.34487123062196,79.44035339355469,7629400
2001-06-14,79.04574980728421,79.12213656086128,77.49895325645072,77.65808868408203,12603000
2001-06-15,77.18310246348436,78.13424508449593,76.85754174935788,77.78314971923828,16821100
2001-06-18,77.65552734280413,78.1598260433966,77.18314819259633,77.40657043457031,11368300
2001-06-19,78.12149063745996,78.447051415404,77.17034783000206,77.74486541748047,7732300
2001-06-20,77.36190230156869,78.42794927398467,77.30444807280725,78.15345764160156,8787200
2001-06-21,78.01934866256157,79.35350143101813,77.97466423659023,79.04071044921875,12259100
2001-06-22,78.83009185095366,78.89392608073976,77.98108734134337,78.42154693603516,12212000
2001-06-25,78.69599955271468,78.79813816600534,77.55973426616032,77.7001724243164,8406800
2001-06-26,77.17672233299977,78.1278650125496,76.96606510088024,77.5916519165039,8005800
2001-06-27,77.6236038243312,78.03214872312456,77.1831442470242,77.54700469970703,10105100
2001-06-28,77.8789242897371,79.11732841478778,77.83423985585578,77.97467803955078,10269300
2001-06-29,78.38964386874454,79.16204936512992,78.0449331325474,78.26197052001953,9824200
2001-07-02,78.38959000319039,79.35988243556095,78.27468650341417,79.23859405517578,8522200
2001-07-03,79.1428680546037,79.21946716308594,78.54920061267462,79.21946716308594,3303100
2001-07-05,78.56196848429384,78.93221375678219,77.6618948338526,77.6746597290039,5517900
2001-07-06,77.4384680016822,77.55337153933922,75.99579620361328,75.99579620361328,11665900
2001-07-09,76.27665989401198,76.94693127319401,76.09153727623564,76.41071319580078,8339300
2001-07-10,76.78735449742865,77.01077669961792,75.4595813097914,75.49150085449219,8630700
2001-07-11,75.3893546024708,75.89365316239008,74.74461785241728,75.5680923461914,15328600
2001-07-12,76.2830535217219,77.54060756822193,76.16176509990558,77.36186981201172,12002800
2001-07-13,77.13846400042067,78.08322723386283,76.99803063201813,78.03215789794922,10433800
2001-07-16,77.73208644226108,78.05764718162291,76.78732862836002,77.05543518066406,6915300
2001-07-17,76.72989016334603,77.84700589708164,76.4937030965943,77.77678680419922,7469800
2001-07-18,76.95970982962255,77.64913110713239,76.64053385339453,77.2469711303711,7709300
2001-07-19,77.99381832646846,78.50450168318454,77.08735999502298,77.92359924316406,10082900
2001-07-20,77.33632754433602,77.84062608989153,77.18950447603987,77.45761108398438,6705800
2001-07-23,77.75125235425857,77.80231679764378,75.93194580078125,75.93194580078125,8065200
2001-07-24,75.96387339298596,76.09154182034102,74.527581669169,75.1978530883789,12269000
2001-07-25,75.27443186622969,76.27026383754593,74.98079066643035,76.0276870727539,12088500
2001-07-26,76.00219360505132,77.14484436034111,75.68301757967114,76.82566833496094,12898200
2001-07-27,77.13204008653751,77.4639808405726,76.54475766850155,77.11927032470703,8478800
2001-07-30,77.36184802980357,77.46398177449295,76.79371537742665,77.14480590820312,8547700
2001-07-31,77.24059753343275,78.31302916507016,77.11292907238241,77.46401977539062,11918100
2001-08-01,77.859788830648,78.32578303106308,77.5916821780608,77.94915771484375,11940800
2001-08-02,78.66411339965013,78.67687829581939,77.80871924914297,78.2683334350586,11070100
2001-08-03,78.10874385326656,78.10874385326656,77.17675060427804,77.84063720703125,10816300
2001-08-06,77.46399822889309,77.56613686551533,76.66605839367533,76.79373168945312,8550100
2001-08-07,76.77460446946816,77.36827211376232,76.54480219544976,77.09378051757812,8865100
2001-08-08,76.67881545290528,77.34270187023091,75.59999941597144,75.66383361816406,15183800
2001-08-09,75.77237977141765,75.94473753720375,75.23616643394804,75.88728332519531,14118500
2001-08-10,75.83620339608771,76.50008504888004,74.90420538877919,76.14899444580078,11173300
2001-08-13,76.34688196877582,76.50646993479343,75.8425834117316,76.16814422607422,7431600
2001-08-14,76.69157533082854,76.82562860773932,75.83618636285401,76.1362075805664,13178100
2001-08-15,76.11070884526777,76.35328084478633,75.37660309299537,75.4787368774414,8520600
2001-08-16,75.19784232470228,75.80427457319277,74.68715894790361,75.74044036865234,10734700
2001-08-17,75.10209022574345,75.24252840094726,74.05519366361763,74.52757263183594,11604600
2001-08-20,74.55947096348115,75.26165676954454,74.39988305891055,75.21697235107422,10417400
2001-08-21,75.19787632315187,75.67025549460817,73.9211721741696,73.9339370727539,14480800
2001-08-22,74.5276058813232,74.96168549368569,73.90840357998732,74.69995880126953,11752300
2001-08-23,74.66163843593355,75.01911394527016,74.36161226049522,74.43183135986328,8744100
2001-08-24,74.82121593352518,76.04685025408428,74.52118980010712,75.97663116455078,11687700
2001-08-27,75.94471387569277,76.09153206129724,75.49148468540092,75.52339935302734,7425100
2001-08-28,75.50427917097754,75.63833251611884,74.41908264160156,74.41908264160156,12046600
2001-08-29,74.77015755935282,74.80207710298852,73.51898839860283,73.75518035888672,16180000
2001-08-30,73.31469772579786,73.88283039532438,71.52093086157842,72.33802032470703,17692600
2001-08-31,72.38913293343093,73.26367223961961,72.21677513000262,72.8678970336914,15985400
2001-09-04,72.67637755370629,74.15735406670865,72.36997130701035,72.40188598632812,24473400
2001-09-05,72.58062744140625,72.89342345810073,71.46351133382817,72.58062744140625,21477100
2001-09-06,71.9103324880213,72.3252621392467,70.7102279663086,70.7102279663086,21653000
2001-09-07,70.23148894195913,71.01666409008524,69.34418000047519,69.4016342163086,33133900
2001-09-10,68.75049481178654,70.44212825021383,68.75049481178654,70.25062561035156,23408700
2001-09-17,64.47353053696159,67.92063116348034,63.83517874946693,66.58009338378906,32388700
2001-09-18,66.59923177028773,67.21843367751745,65.98002986305802,66.42049407958984,22029200
2001-09-19,66.45242102016175,66.7077627127269,62.91595148426426,65.07996368408203,42771800
2001-09-20,64.09054671575053,64.99062057262633,62.91597641266085,63.0117301940918,36210900
2001-09-21,60.4096557993984,63.427575052606485,60.10209982717469,62.3318977355957,49782100
2001-09-24,63.89529452598243,64.81797181223865,63.4723991402777,64.52322387695312,25549600
2001-09-25,64.5552371163333,65.3561705793151,64.01060333920766,65.19598388671875,25466200
2001-09-26,65.58044850869254,65.61248781118368,64.35021555380746,64.96533203125,18587500
2001-09-27,64.87563786238786,65.54201537125012,64.07470406161764,65.5291976928711,20536800
2001-09-28,65.98418686936658,70.23875034049453,65.67662588500683,66.919677734375,21687200
2001-10-01,66.57364896619356,66.84276167317311,65.88804951449943,66.81072235107422,20457400
2001-10-02,66.63770377629731,67.65008544921875,66.41344325090657,67.65008544921875,19833100
2001-10-03,67.02214799001231,69.1237977682146,66.86196120949676,68.7842025756836,32045800
2001-10-04,69.38652263091303,69.82223097115872,68.3997712459886,68.84188842773438,32674100
2001-10-05,68.7201263286249,68.95720451498438,67.61163169704055,68.70731353759766,29796100
2001-10-08,68.09217061226683,68.75214402271033,67.83587576420393,68.2587661743164,12970300
2001-10-09,68.31005658694365,68.39976080019072,67.66290057265,67.89356994628906,15976300
2001-10-10,67.79108779109572,69.5531434248211,67.6116743838543,69.40576934814453,19987400
2001-10-11,69.809391355142,70.67440381087363,69.809391355142,70.482177734375,23006300
2001-10-12,69.93756651733715,70.41171813526267,68.75218502826644,70.16182708740234,31360500
2001-10-15,69.60434902823886,70.12976140423704,69.23912341185613,70.03365325927734,16873000
2001-10-16,70.35406088840446,70.8730646768643,69.80942173084392,70.47579956054688,15877100
2001-10-17,71.16777904401619,71.21903998442548,68.97642517089844,68.97642517089844,28542300
2001-10-18,69.08536327458827,69.30321986576969,68.39976396249536,68.82906341552734,16510000
2001-10-19,68.55994206066431,69.14302428822704,67.92560377860619,68.7842025756836,21912500
2001-10-22,68.75221059087437,70.20670530481578,68.69454077226479,70.14263153076172,17540600
2001-10-23,70.45656461538256,70.66160353283439,69.4441828217395,69.78378295898438,22062500
2001-10-24,69.82863080489147,70.12977787735636,69.34166157249065,69.59796142578125,16065200
2001-10-25,68.84828665761462,70.86664137315827,68.39335671919906,70.84741973876953,27467900
2001-10-26,70.450169948021,71.62914762694984,70.27076147022005,70.68724822998047,18623300
2001-10-29,70.58471882482887,70.83460985918855,68.8482894897461,68.8482894897461,18727500
2001-10-30,68.78422211265608,69.0084826913727,67.63728385177504,68.02173614501953,26178600
2001-10-31,68.49590552893241,69.11102251358449,67.79108428955078,67.79108428955078,28124200
2001-11-01,68.30362907703511,69.84783169023663,67.72695580055921,69.52745819091797,29806800
2001-11-02,69.4826138690114,70.08491279091686,69.11738823447376,70.00161743164062,17575900
2001-11-05,70.55906044643785,71.18058092168978,70.45012974264091,70.91787719726562,15929500
2001-11-06,70.70644026750973,72.07123469522696,70.38606672312726,72.01997375488281,23245800
2001-11-07,71.61630549465248,72.48131804214115,71.5330101265406,71.92386627197266,19716000
2001-11-08,72.32112150700749,73.09642485317637,71.69959608450952,72.14811706542969,22563500
2001-11-09,71.92389980233425,72.37882989597666,71.40489594269566,72.22505187988281,15895800
2001-11-12,71.12294432659884,72.18017826050774,70.48219708041326,71.78291320800781,26068800
2001-11-13,72.68639110581385,73.39762115478516,72.51979540274908,73.39762115478516,15296200
2001-11-14,73.7948485125185,73.94222250880343,72.85935825481242,73.46807098388672,17571300
2001-11-15,73.28225702397742,73.8012606774895,73.00032669934714,73.60263061523438,19470200
2001-11-16,73.73718714353653,73.74999993627696,72.66073167835668,73.27584838867188,18134900
2001-11-19,73.63464913232502,74.23054407885904,73.33349723944593,74.17928314208984,13625400
2001-11-20,73.92298776324863,74.19850918598382,73.45524027311232,73.5577621459961,16209700
2001-11-21,73.36554386430169,73.47446969941616,72.73120559617986,73.07080078125,11470200
2001-11-23,73.07081043220745,74.16648754495411,73.04517995788136,74.12163543701172,6717100
2001-11-26,74.16648751442645,74.54452601142621,73.73077922808844,74.28182220458984,13726000
2001-11-27,74.08317691649894,74.90333237201641,73.1028298072976,73.96143341064453,19261400
2001-11-28,73.51933870001133,73.79486021531467,72.56462665845433,72.6222915649414,20195500
2001-11-29,72.82732711101414,73.63466504125223,72.4044316240687,73.60263061523438,16354700
2001-11-30,73.3014929407162,73.6282754362583,73.05800583526701,73.07723236083984,13680300
2001-12-03,72.82091079088565,73.096432246608,72.41083302727736,72.6415023803711,15220400
2001-12-04,72.99392439936337,73.87815871911275,72.62869866814489,73.87174987792969,17239900
2001-12-05,74.0767562062034,75.60814104475783,74.04471690289854,75.22369384765625,25204000
2001-12-06,75.18526458740234,75.56971676956346,74.92256081067232,75.18526458740234,17972900
2001-12-07,74.90333476005473,75.02507338127825,74.13443532960927,74.68547821044922,18857800
2001-12-10,74.23054951867844,74.57655353445871,73.26942888212625,73.28865051269531,13862700
2001-12-11,73.62184912381319,74.14726159563396,72.98110196849457,73.14128875732422,20833300
2001-12-12,73.39760625673384,73.54497540034718,72.4749285667532,73.22460174560547,16171500
2001-12-13,72.69278534243504,72.85297218090538,71.7893341154898,71.8021469116211,19026700
2001-12-14,71.97515981211856,72.71842428710403,71.76371198748329,72.48775482177734,16721900
2001-12-17,72.39800666444155,73.27583186890732,72.34034177734034,73.23738861083984,13925900
2001-12-18,73.44882272551507,73.78201388437078,73.2630055193285,73.67308807373047,13663700
2001-12-19,73.10286520810796,74.2754340702366,73.04520029120712,74.192138671875,20143400
2001-12-20,74.00628102456811,74.19850708653016,73.397573309208,73.4616470336914,14867900
2001-12-21,73.95865619278169,73.9843748226198,73.42500566062675,73.90721893310547,14037700
2001-12-24,73.83005644101176,73.9650755476211,73.68860645161352,73.76576232910156,5728800
2001-12-26,73.71434272159121,74.71734484238114,73.71434272159121,74.17083740234375,10304800
2001-12-27,74.13224855263395,74.6337495226871,74.10009904211195,74.62088775634766,9407300
2001-12-28,74.76877755854893,75.06453445039946,74.53088390615022,74.58232116699219,10593800
2001-12-31,74.6787542425813,74.8330610979557,73.44428958893319,73.48929595947266,14619500
2002-01-02,74.01008263377358,74.42157084037851,73.17424445486125,74.28012084960938,18651900
2002-01-03,74.35729751377858,75.19313102101451,74.28657249862344,75.12240600585938,15743000
2002-01-04,75.33455526217513,75.85534882324667,74.93592884630121,75.62388610839844,20140700
2002-01-07,75.67534634660802,75.8618027637056,74.9423824478536,75.09026336669922,13106500
2002-01-08,75.09027897118945,75.2638736547258,74.56305912909717,74.91667938232422,12683700
2002-01-09,75.01956168657846,75.72680717139707,74.15800435009335,74.3058853149414,16610300
2002-01-10,74.38300802958288,74.80735316887687,74.13225751424389,74.63375854492188,12823400
2002-01-11,74.71732522765429,74.76233159548168,73.74646797271897,73.9007797241211,13708400
2002-01-14,73.71430471298909,73.83646202027319,73.27066712431409,73.43783569335938,12301100
2002-01-15,73.65005032911266,74.19012689754332,73.23213113383031,74.03582000732422,20219900
2002-01-16,73.48931239727229,73.55360652594881,72.45416073799939,72.5377426147461,17067000
2002-01-17,73.14211955440567,73.45073333983109,72.91065676267276,73.0842514038086,17283400
2002-01-18,72.65348767163356,73.19999522615095,72.44131259230481,72.74993133544922,17028000
2002-01-22,73.13569151460214,73.25142291497022,72.02338389410173,72.24842071533203,11689300
2002-01-23,72.4155788796368,73.00709760541197,72.0233783256747,72.80135345458984,12438900
2002-01-24,73.06496557354257,73.45716615286814,72.85922140941504,73.0263900756836,12142800
2002-01-25,72.73064138396876,73.41216808508347,72.67920411077903,73.00711059570312,12810700
2002-01-28,73.23216243020329,73.41861891717691,72.6020679257638,73.2064437866211,10589200
2002-01-29,73.20000672927173,73.3800323138428,70.7567946588612,70.90467071533203,27720800
2002-01-30,70.97535608006164,72.90420896000968,69.69588504318754,71.92692565917969,34711800
2002-01-31,72.10697948063923,72.8463743562614,71.76621612278315,72.76921844482422,19909200
2002-02-01,72.71131608539517,72.84634009323428,72.11980242524524,72.42842102050781,15838500
2002-02-04,72.15838491975938,72.15838491975938,70.36455123921654,70.62815856933594,24243400
2002-02-05,70.33881406054643,71.0396280337476,69.7794451339425,70.19093322753906,33614000
2002-02-06,70.49961592474102,70.55747919120368,69.47732073593556,69.88880920410156,29486000
2002-02-07,69.90161423445376,70.63457777996504,69.43868885722021,69.45154571533203,23445400
2002-02-08,69.843770393562,71.20682837763405,69.63160027633194,70.78247833251953,19277800
2002-02-11,70.75677288189759,71.77906281050636,70.60889196561111,71.65047454833984,18792400
2002-02-12,71.34184842667501,71.82406171760404,70.74390374970992,71.42543029785156,13942500
2002-02-13,71.67620826086832,72.35773502331843,71.59262145808034,72.18413543701172,16781100
2002-02-14,72.33844905787618,72.63420605464971,71.74693015900019,72.04911804199219,20453800
2002-02-15,72.10697964449264,72.16484289920567,71.1811283264564,71.29685974121094,18366800
2002-02-19,70.82105441271099,70.91106716127831,69.83090927314363,69.92735290527344,15988100
2002-02-20,70.1138102525972,71.10395050048828,69.32297834462221,71.10395050048828,29242800
2002-02-21,70.67957687613448,71.12964044366831,69.6058502897859,69.6315689086914,26288600
2002-02-22,69.66376402564863,70.68605902091117,69.35515018561625,70.49317169189453,26572900
2002-02-25,70.55746021289922,71.88836894218117,70.53174157739036,71.65690612792969,17458700
2002-02-26,71.75331461574392,72.03621456235315,71.09107601829574,71.50899505615234,22346500
2002-02-27,71.98482051760703,72.56347761689018,71.14255595968464,71.78550720214844,28597900
2002-02-28,71.90121139211436,72.49272513388848,71.38684863080748,71.46400451660156,23755400
2002-03-01,71.83048314249753,73.19996694247492,71.69546402745695,73.12924194335938,26273600
2002-03-04,73.2321416197755,74.57590725411083,73.07140382206103,74.42160034179688,27184600
2002-03-05,74.15156357389796,74.83952116632943,73.92010074790902,74.18370819091797,22718900
2002-03-06,74.0036743286323,75.32172611165728,73.98438657952046,75.06454467773438,20143200
2002-03-07,75.45674697236186,75.54675974047747,74.30586383108033,74.90380859375,19330800
2002-03-08,75.4695920684305,75.8039293595768,74.89094005087156,75.21884155273438,19930100
2002-03-11,75.1545305432921,75.8039123278115,74.85877371700754,75.37956237792969,15621800
2002-03-12,74.64662954435269,75.38602436783202,74.54375990835271,75.33458709716797,17153600
2002-03-13,74.98738628616363,75.06454218537705,74.35086605996781,74.60804748535156,17175300
2002-03-14,74.60806254132599,74.85881313271173,74.34445017814534,74.50518798828125,11168100
2002-03-15,74.77662855028713,75.40852279645166,74.73149324698966,75.215087890625,21220100
2002-03-18,75.50521972057649,75.80182375470932,74.86042705871097,75.22795867919922,17548900
2002-03-19,75.63419627183825,75.91790175439992,75.32469356795991,75.73091125488281,17912000
2002-03-20,75.11837150822288,75.16995611995253,74.27369439851206,74.3059310913086,17114500
2002-03-21,74.3446145888704,74.73148929946707,73.58375885963281,74.33816528320312,25846800
2002-03-22,74.47355258204004,74.75726292798198,73.95771648385062,74.17694854736328,15235400
2002-03-25,74.20922714372357,74.38332401593134,73.0550519540191,73.25493621826172,17499600
2002-03-26,73.19687113364013,74.16406026284423,73.16463444762698,73.68046569824219,19947600
2002-03-27,73.52574308352938,74.1576423715611,73.35165114260128,73.87393188476562,19020300
2002-03-28,74.13181921923054,74.64765043952427,73.82876585612675,73.84165954589844,17532900
2002-04-01,73.65470463179098,74.21567137874378,73.18400358955122,73.87393188476562,17711000
2002-04-02,73.49346655104345,74.11891127343326,73.35805576891916,73.4676742553711,15669500
2002-04-03,73.51282235112654,73.64177893257917,72.31995675486584,72.95185089111328,25658500
2002-04-04,72.60366841164083,73.11950462021302,72.3650982236636,72.6488037109375,23549000
2002-04-05,72.98411675605318,73.26782231342821,72.33287448867478,72.6617202758789,19404900
2002-04-08,71.77833521162107,72.88093032331106,71.72030622018521,72.81645202636719,16470100
2002-04-09,72.9776376071787,72.9776376071787,72.17164673632693,72.30705261230469,15122700
2002-04-10,72.28128684523209,73.20979024346495,72.27483753847224,73.12596893310547,17199300
2002-04-11,72.79067341053388,72.89384264054596,71.24961870273107,71.30764770507812,25453700
2002-04-12,71.584893484226,71.99111609091253,70.95299930396922,71.84281158447266,14950600
2002-04-15,71.97179627399015,72.12654521622616,71.05618647725836,71.29476165771484,17394900
2002-04-16,72.02335039638373,73.0679164541093,72.00400740039633,72.99053955078125,15040900
2002-04-17,73.11305363635525,73.2935948293973,72.60366674491308,72.8357925415039,12920100
2002-04-18,72.79711280324386,73.15819522035213,71.66872533040159,72.51985168457031,25204800
2002-04-19,72.99055900836724,73.01635131635221,72.57789191936713,72.78422546386719,10499200
2002-04-22,72.46181086181643,72.49405246857513,71.46882939006638,71.5719985961914,13922900
2002-04-23,71.63004397905617,71.88151774669603,71.03683566620535,71.26251220703125,16967000
2002-04-24,71.28831436932865,72.09430564039786,70.54035702785418,70.54680633544922,18902700
2002-04-25,70.41785503828146,70.75959459989546,70.1019077914245,70.58550262451172,25451500
2002-04-26,70.79182020057641,70.93367543994295,69.17983778846578,69.24431610107422,19769800
2002-04-29,69.59247775017695,69.80526052623787,68.75424525505224,68.90254974365234,17724400
2002-04-30,69.00573468177022,70.05030096116583,68.76071514830288,69.54736328125,19473500
2002-05-01,69.61832979037926,70.44366438462659,68.86392284901714,70.39852905273438,24575600
2002-05-02,70.34688983798954,70.86917532400747,69.49576358302441,70.1276626586914,15666800
2002-05-03,70.02450018010684,70.12766939395232,69.12178923647438,69.36681365966797,18185500
2002-05-06,69.40550116733972,69.63117767832004,67.90313266378953,68.00630187988281,23630400
2002-05-07,68.41249278502885,68.55434794186677,67.63874364512004,67.7677001953125,21910000
2002-05-08,69.02509332136874,70.5145635923502,68.85744576223335,70.28888702392578,27917400
2002-05-09,70.05674737600421,70.3469022041702,69.36681919137509,69.47643280029297,18085600
2002-05-10,69.61831848902813,69.66990312264025,68.09015692409353,68.16753387451172,18958900
2002-05-13,68.48991590328131,69.60540508168938,68.21265470575335,69.55382537841797,14677700
2002-05-14,70.68220935723357,71.16580409988721,70.28243593232972,71.06908416748047,34201200
2002-05-15,70.60481095202738,71.51397115298536,70.4694050555955,70.79180145263672,29535300
2002-05-16,70.73375909144876,71.23670154301688,70.4951889345462,71.1593246459961,28092000
2002-05-17,71.35275084961114,71.73317611896351,70.99166365161116,71.50749969482422,27823700
2002-05-20,71.33988681381157,71.37212842690292,70.59837398712598,70.73377990722656,13833800
2002-05-21,70.99816510369031,71.2367403098027,69.84398492176395,70.08900451660156,16877200
2002-05-22,69.77946188041068,70.35977625353014,69.63760670927287,70.24371337890625,15844200
2002-05-23,70.45007552945995,71.15934675469292,69.94713784101074,70.99169921875,13879800
2002-05-24,70.91432585721842,71.05617616404125,70.03095780638195,70.0825424194336,11877000
2002-05-28,70.31466648647208,70.36624617884418,69.28299392896079,69.70211029052734,24236900
2002-05-29,69.39261282559208,69.65052604695391,69.07666076647891,69.186279296875,14773300
2002-05-30,68.70268877668559,69.32168940021809,68.28357238759327,68.99284362792969,18217900
2002-05-31,69.25069874401234,69.99865530513426,68.89606098698782,69.13463592529297,19826300
2002-06-03,69.05083642032048,69.37968202016297,67.1422509354417,67.29700469970703,26056300
2002-06-04,67.15517808201226,67.83220764073562,66.76830334568758,67.46467590332031,25856200
2002-06-05,67.67100723621236,68.13525887254458,67.28413251239517,68.09657287597656,19695900
2002-06-06,68.05147530451664,68.09016132253403,66.51041994132171,66.7103042602539,22998500
2002-06-07,65.62702858023675,67.00688516100452,65.58834257571917,66.63290405273438,24011600
2002-06-10,66.56839649896374,67.35504437449111,66.42654131886826,66.89079284667969,18759900
2002-06-11,67.1422483130367,67.40661562713167,65.5947500858413,65.74304962158203,19990700
2002-06-12,65.58185852976115,66.29112944670264,64.98220118047715,66.14282989501953,31266000
2002-06-13,65.85266707379343,66.41363841193801,65.34328032477467,65.47869110107422,21043900
2002-06-14,64.67916184088135,65.48515281156078,63.51208848953866,65.38198852539062,39267500
2002-06-17,65.71729397776838,67.2776916813733,65.67215866962707,67.1358413696289,17647200
2002-06-18,66.8907865616043,67.72256965088224,66.81985897822094,67.68388366699219,21628500
2002-06-19,66.73607101499006,67.33572866146517,65.92363051216383,66.10417175292969,21540700
2002-06-20,65.93651779328866,66.44590473182978,65.0982851259417,65.25948333740234,25691000
2002-06-21,65.00908064705492,65.30672290063033,63.85086115405226,64.23908996582031,31190700
2002-06-24,63.80554819155399,65.15141226465438,62.925560523495705,64.5755386352539,37169700
2002-06-25,64.8990713464506,65.28082820848329,63.11321321977491,63.12615203857422,33355000
2002-06-26,61.59911900544655,63.507918258279,61.59265206389484,63.22968673706055,37913600
2002-06-27,63.73438715352072,64.37496489088767,62.4855811976173,64.33614349365234,31616400
2002-06-28,64.21319364646547,65.02847743234175,63.98025542192939,64.03202056884766,28184200
2002-07-01,64.17440322780318,64.57557590514814,62.69265850414017,62.78324508666992,20270200
2002-07-02,62.67323716129852,62.8932316996458,61.32090066032477,61.450313568115234,34213900
2002-07-03,61.22382044841363,62.01321662696311,60.64147495883163,61.7996940612793,30565800
2002-07-05,62.62146432127812,64.40085085832727,62.54382152271991,64.25849914550781,19013500
2002-07-08,64.04497137329395,64.5108429370484,63.12615719244743,63.456153869628906,19118600
2002-07-09,63.236171178118106,63.6308669648395,61.47619515346907,61.85795211791992,28620400
2002-07-10,62.11678323467933,62.16207652499068,59.554466518640616,59.606231689453125,50522500
2002-07-11,59.37326255603986,60.40206887507816,58.44150971117813,60.09148788452149,59476500
2002-07-12,60.38914660453418,60.751492838334926,59.217983350404445,59.43151092529297,39018600
2002-07-15,59.295659368433554,59.78741873213227,56.86922195995903,59.74859237670898,77317200
2002-07-16,58.95915283851637,59.77443166275913,58.150340954992686,58.5968017578125,53282400
2002-07-17,59.82623692965064,60.36976144691497,58.072732182601335,58.71331024169922,48880600
2002-07-18,58.68740670072957,58.94622757195367,56.77861203157213,56.81096649169922,32656700
2002-07-19,56.13799938262635,56.64916892868642,54.54625867625172,54.8115463256836,77572600
2002-07-22,54.4168645788459,55.58802758703639,52.70218233409103,53.18746948242188,78134000
2002-07-23,53.41394605589825,53.86040691967963,51.602205214784405,51.73161315917969,74484100
2002-07-24,50.55398333551006,55.07686358175352,50.26281299092809,54.81804275512695,107022800
2002-07-25,54.52687026523823,55.54920986761967,52.79924893420685,54.352169036865234,87176600
2002-07-26,54.772733321326456,55.60095577290689,54.22274231237962,55.387428283691406,41206800
2002-07-29,56.61681351785641,58.45443115275639,56.48740563302477,58.08561325073242,53492900
2002-07-30,57.79445993941224,59.14032405617801,57.40623123481328,58.842681884765625,47532200
2002-07-31,58.55151559800927,59.2373915153886,57.74917549439579,58.98504257202149,44669900
2002-08-01,58.80388338075606,59.10799757316709,57.15390937140416,57.4450798034668,66571900
2002-08-02,57.26391784305178,57.52921067946287,55.400415853131534,56.15746307373047,51772900
2002-08-05,55.96332206575114,56.24802548749154,54.0609994781682,54.203346252441406,47191300
2002-08-06,55.14802858316569,56.87564948588172,55.070380869474434,56.02801132202149,64730000
2002-08-07,56.856243477176925,57.26388290030962,55.49743552687575,57.00506210327149,43289400
2002-08-08,57.212105997015215,58.94619856325552,56.81093853380867,58.84914016723633,48339800
2002-08-09,58.29917736308491,59.48975138588412,57.81389008491839,59.06916809082031,41879200
2002-08-12,58.228025070163774,59.05624823695957,57.9433264419524,58.63566970825195,25841700
2002-08-13,58.3315194803471,59.30856570923272,57.36094512938158,57.56800079345703,49690500
2002-08-14,57.60036310314929,59.936212954869504,56.95331339212646,59.67092514038086,57423600
2002-08-15,60.07205246872752,60.81616012412086,59.65794132663969,60.49910736083984,45551500
2002-08-16,60.05914182712633,60.8744256802954,59.52856136891077,60.317962646484375,36517300
2002-08-19,60.473279279466325,61.95502405018639,60.24034093510693,61.72855758666992,33669900
2002-08-20,61.353247568479,61.72853754997445,60.57678996371335,61.07501602172852,30508300
2002-08-21,61.508547370005935,61.97442397770081,60.54444462922493,61.95501327514648,39628900
2002-08-22,61.78677577109365,62.860880665265626,61.515016076157686,62.556766510009766,38399800
2002-08-23,62.12324565207596,62.2138322188998,60.91973276530479,61.21090316772461,33716400
2002-08-26,61.41147690620232,61.88382032663872,60.49913464519512,61.637943267822266,33830100
2002-08-27,61.92264528579623,62.27852454354087,60.499138128011126,60.92619323730469,35335700
2002-08-28,60.35675332933465,60.492633079621655,59.39912320257086,59.59323501586914,38970600
2002-08-29,59.05623223272373,60.20798500706112,58.75858992135501,59.61916732788086,42965700
2002-08-30,59.321503612154125,60.42795776277216,59.14033052596118,59.386207580566406,30366700
2002-09-03,58.70679892954018,58.88150010941112,57.03741015923768,57.121524810791016,76586400
2002-09-04,57.33509109218759,58.396252515829886,56.9792116783934,57.93684768676758,51099500
2002-09-05,57.25743477120046,57.865663156022514,56.61685685870375,57.4450798034668,67250900
2002-09-06,58.07270414564344,58.60328464343782,57.80741142844781,58.234466552734375,38622200
2002-09-09,57.65209113799507,59.10795205025047,57.45797931165096,58.66149139404297,33998400
2002-09-10,58.97209596807241,59.38620728778504,58.596806041896485,59.33444213867188,41416600
2002-09-11,59.832690240252056,60.38915341151103,58.94623031938656,58.96564102172852,27711200
2002-09-12,58.71974841548259,58.7779805071548,57.58093979123835,57.87858200073242,43601700
2002-09-13,57.3868216842505,58.16975098617056,57.10211832479015,58.02092742919922,41131000
2002-09-16,57.78802090438333,58.16331100463867,57.23802951558078,58.16331100463867,28167600
2002-09-17,58.8103264125213,59.00444322974111,56.77859145509568,56.83035659790039,47609700
2002-09-18,56.29978977468671,57.26389234261467,55.82744137196137,56.260963439941406,54719400
2002-09-19,55.63977857772015,56.16389196795273,54.805084228515625,54.805084228515625,48510500
2002-09-20,55.19378235199408,55.37576765600445,54.62832872292294,54.82331085205078,46325600
2002-09-23,54.36835414879736,54.63483124502725,53.74440233463052,54.37485504150391,46893800
2002-09-24,53.58191035736196,54.36834971394476,53.19843705860714,53.49741363525391,69507000
2002-09-25,54.18636228801448,55.09628880806634,53.32192713523759,54.82331085205078,59294400
2002-09-26,55.25876868563909,55.876224405219,54.88829723738193,55.7202377319336,53638000
2002-09-27,55.24575870202748,55.65522548138358,53.78337097167969,53.78337097167969,64648300
2002-09-30,53.2959280637373,53.815890321020895,52.58098367901805,53.15943908691406,73096400
2002-10-01,53.57540052171721,55.74623202579429,52.95144886260415,55.71373748779297,67198100
2002-10-02,55.04429725147093,55.59025317047079,53.68589842852141,54.04337310791016,56749100
2002-10-03,54.03687363514446,54.98580058503927,53.26343110418638,53.49741363525391,55547000
2002-10-04,53.81585675230499,53.89384757113989,51.72301716234404,52.51595687866211,68483700
2002-10-07,52.0350304295722,52.77597353148318,51.05360883941802,51.43057632446289,53188000
2002-10-08,51.87252051134895,52.84744574812645,50.82610036050968,52.23649597167969,79531000
2002-10-09,51.40458473377224,51.80105495142791,50.553151131296445,50.76113510131836,79956400
2002-10-10,50.65712056627223,52.69146292285215,50.091662102760814,52.40548324584961,76749000
2002-10-11,53.36090183047801,55.070273754640375,53.17891659719663,54.69980239868164,82308300
2002-10-14,54.07586562690196,55.14828466620934,53.97187615234336,55.00529479980469,40631900
2002-10-15,56.53914839549979,57.66356406309827,56.44815579335019,57.65056228637695,82320300
2002-10-16,56.812150481320245,57.06563066761538,55.84372109396026,56.25319290161133,62977800
2002-10-17,57.76107930297374,58.040558103018185,57.09812728485586,57.3711051940918,68534100
2002-10-18,56.96814950663878,57.91707642821147,56.50018445847084,57.61159896850586,47448700
2002-10-21,57.273593086835625,58.8204722288172,56.91611862018717,58.605987548828125,45859100
2002-10-22,57.87810585899779,58.502057871704125,57.53362785813395,58.18357849121094,40966800
2002-10-23,57.696070841364936,58.67099603607944,56.98762758006086,58.6254997253418,54905800
2002-10-24,58.98298817072576,59.08048170490213,57.26061892936685,57.42960739135742,54987400
2002-10-25,57.33210035546383,58.74899183679795,57.15661600225464,58.6254997253418,43672100
2002-10-28,59.24298980724589,59.33398248168493,57.748101655069206,58.2420654296875,39416100
2002-10-29,57.89758480742356,58.16406190202258,56.54568673897177,57.56610870361328,59508200
2002-10-30,57.63758313314329,58.46951858418253,57.34510753069952,58.12504577636719,41688600
2002-10-31,58.27453232129687,58.69050001697341,57.31910481572771,57.53358459472656,41620600
2002-11-01,57.42309079324672,59.02846834622326,57.2281087369542,58.67099380493164,51878900
2002-11-04,59.66544333681992,60.40638632947677,59.080487037688826,59.22997283935547,49080600
2002-11-05,59.041482015103135,59.84092305434302,59.041482015103135,59.69793319702149,37270800
2002-11-06,60.10740394252114,60.49087222667903,59.00898638497207,60.47137451171875,65013100
2002-11-07,59.80844752119196,59.9384406066295,58.63853950462922,58.9895133972168,51572000
2002-11-08,58.84000183072381,59.51595076034622,58.18355061735623,58.26804733276367,37905400
2002-11-11,58.17704268450686,58.20953721865324,57.06562845868185,57.36460494995117,33505100
2002-11-12,57.62458274933426,58.45001725899955,57.43609661055768,57.81956481933594,37724500
2002-11-13,57.40360119103175,58.326529280522095,56.838142734595365,57.87806701660156,63891500
2002-11-14,58.541024008096784,59.14547799252331,58.33304010801063,58.969993591308594,31896800
2002-11-15,58.49552515984792,59.50295007664725,58.46302566237938,59.40545654296875,39152100
2002-11-18,59.89291073967087,59.89291073967087,58.7229984192702,58.8074951171875,28934800
2002-11-19,58.50853697486994,59.210484646738216,58.33955342917187,58.729522705078125,32806600
2002-11-20,58.482519577180746,60.06839464984153,58.46301690638427,60.0359001159668,36688400
2002-11-21,60.18539174572593,61.21881521468052,60.07490139407771,61.15381622314453,55128200
2002-11-22,60.757395648394336,61.27085235487172,60.620901633149934,60.7183952331543,32513800
2002-11-25,60.72485523863397,61.26431516450325,60.29588567096139,60.757354736328125,33846400
2002-11-26,60.49086306683889,60.7378423501488,59.54843728913331,59.60042953491211,42284700
2002-11-27,60.133395577312754,61.51779279788237,60.074902434389664,61.27730941772461,37764000
2002-11-29,61.6152955174942,61.71278410357218,60.94584248781671,61.08233642578125,19385700
2002-12-02,62.050753141038015,62.427725488162274,60.5883650318708,61.17981719970703,49911900
2002-12-03,60.60784579529349,60.70533930038226,60.02288972348655,60.36086654663086,34407700
2002-12-04,59.64591674224525,60.53635013821784,59.424936094927936,60.08788299560547,64040800
2002-12-05,60.26989466520503,60.31539098873489,59.21047248215241,59.42495727539063,36724900
2002-12-06,58.57353857784195,59.905934076029496,58.482545908062455,59.81494140625,49824100
2002-12-09,59.190949773366825,59.44442989153615,58.15753159294193,58.170528411865234,36789600
2002-12-10,58.50852643680204,59.210473982241375,58.33954292153987,58.95049285888672,33319900
2002-12-11,58.7685122780812,59.54845571075888,58.59952874925307,59.00249481201172,39201000
2002-12-12,59.2754542693646,59.46394041609299,58.62550409115347,58.995975494384766,34465600
2002-12-13,58.437054473482725,58.80752607685948,58.02108157267206,58.06657791137695,36862200
2002-12-16,58.378518427987046,59.65892093251524,58.27452898937668,59.56792831420898,37098400
2002-12-17,59.38592748852523,59.62640579146834,58.97645585490947,59.047950744628906,32353900
2002-12-18,58.70349234464023,58.755489542301255,58.06004313944348,58.36552047729492,35612600
2002-12-19,58.07306835265359,58.95050041759446,57.5856055433833,57.94958114624024,39264200
2002-12-20,58.26043629297993,58.79601411377615,58.19512289690092,58.77642059326172,31176900
2002-12-23,58.51517977877337,59.08994979807065,58.33230022103123,58.7960319519043,22599300
2002-12-24,58.515185981156144,58.6915377041674,58.29311934695797,58.35843276977539,10937000
2002-12-26,58.58705187836126,59.18141568633623,58.02534728428906,58.384578704833984,17485600
2002-12-27,58.1037043594152,58.3192431299525,57.07173538208008,57.07173538208008,22205700
2002-12-30,57.3395208522775,57.78365903739609,56.96722891644971,57.548526763916016,29968000
2002-12-31,57.470137760544,57.757522708112056,56.89537284850103,57.626895904541016,34036600
2003-01-02,58.03186112102853,59.63206739944181,57.82938801380153,59.481842041015625,44516300
2003-01-03,59.37733099045588,59.68430452373443,59.109539524482,59.66471099853516,32222600
2003-01-06,59.59288808939037,61.06246285199974,59.54716818498858,60.7162971496582,40984500
2003-01-07,60.67711535204898,60.98409401529758,60.21991128523964,60.56608200073242,38640400
2003-01-08,60.21989067431207,60.35052249858866,59.468778862873606,59.69084548950195,38702200
2003-01-09,59.971693911845584,60.85997032869385,59.70390740933232,60.61830520629883,34804900
2003-01-10,60.05661422139822,61.16042964309842,59.95864656641508,60.7816047668457,37768900
2003-01-13,61.09510212230845,61.30410804323043,60.37664458058251,60.76199722290039,31649900
2003-01-14,60.53990838608304,61.28449201745293,60.357028895303394,60.95792007446289,30733000
2003-01-15,61.09510888954602,61.11470241819427,60.03048564053447,60.35052490234375,33511800
2003-01-16,60.41583683939759,60.69668903700183,59.73003345500982,60.102325439453125,44812100
2003-01-17,59.42955727255413,60.28517910104844,58.88091883268793,59.21402359008789,35618300
2003-01-21,59.351212878872936,59.383867097712645,58.09717227777672,58.29311752319336,36826200
2003-01-22,57.97960446009409,58.65234712569781,57.47668565319023,57.58771896362305,42286500
2003-01-23,57.96652552587651,58.37800442020311,57.44400837296949,57.94039916992188,55919800
2003-01-24,57.86203071154485,57.920816268994834,56.2814232596682,56.418582916259766,68633900
2003-01-27,55.99405882237164,56.69292297151274,55.19068920120058,55.64788818359375,57884400
2003-01-28,55.92874010890986,56.431663969922816,55.60216798522176,56.05937194824219,46929100
2003-01-29,55.79158093910008,56.94111622054884,55.36703617769787,56.483917236328125,53712200
2003-01-30,56.68636726081547,56.74514782779302,55.1253535296761,55.14494705200195,49845900
2003-01-31,54.96208056209265,56.3075559004184,54.96208056209265,56.2095832824707,55317000
2003-02-03,56.26182449441228,56.69942978417165,56.11813201524513,56.32061004638672,39696000
2003-02-04,55.71971819493236,56.00710317608184,55.06004628179375,55.765438079833984,43633400
2003-02-05,56.00712716739773,56.523111794083455,55.17763604797629,55.41929626464844,55270600
2003-02-06,55.10577608714481,55.44540886711465,54.63551148172918,55.15802383422852,53638000
2003-02-07,55.45847513605122,55.51072288369533,54.19137382265652,54.48528671264648,43165000
2003-02-10,54.51142369488829,54.949029188092425,53.98237839662943,54.87065505981445,45455900
2003-02-11,55.10577843710309,55.43887839423186,54.09993576220258,54.4918212890625,46861000
2003-02-12,54.31546694814296,54.61591264281089,53.61659796192916,53.62313079833984,35873600
2003-02-13,53.65578827464255,53.988893157575234,52.90467157054078,53.786415100097656,57934100
2003-02-14,53.79949730689664,54.99474757812402,53.44026595185025,54.96209335327149,59580900
2003-02-18,55.21026116812735,56.03975683333229,55.11882140736206,55.92871856689453,39492700
2003-02-19,55.72625881333513,55.82423143269075,55.04698829772239,55.63481903076172,31432000
2003-02-20,55.65443139167283,55.79159111194828,54.89678651066138,55.07966613769531,29280100
2003-02-21,55.11230171626133,56.000578161055344,54.511410292751975,55.63481903076172,60955800
2003-02-24,55.4715334644842,55.51725335615961,54.59631770271915,54.73348236083984,30628600
2003-02-25,54.17829225318592,55.18413460087974,53.70149992858987,55.17107391357422,56770600
2003-02-26,54.87716938348865,55.2102742958199,54.263217269951824,54.36771774291992,37787200
2003-02-27,54.66815459154364,55.35395783226041,54.31546119224807,55.08616638183594,51126000
2003-02-28,55.17111301652096,55.667504198536136,54.96863982967519,55.45196533203125,43666800
2003-03-03,55.68707989501678,56.02671271089815,54.68123715665578,54.92289733886719,42923100
2003-03-04,54.83144703945651,54.87063907527399,53.98236267085559,54.04767608642578,31440500
2003-03-05,53.95623651054338,54.56366074550524,53.792950479457865,54.50487518310547,43974700
2003-03-06,54.12605517496653,54.5505948677199,53.86479652959156,54.04767608642578,41217700
2003-03-07,53.30312543647656,54.85760762234382,53.18555922187502,54.42000198364258,63538000
2003-03-10,53.949713252907785,54.11953215065476,52.96999689244422,53.11368942260742,41014100
2003-03-11,53.218217272328886,53.55785022755059,52.56507275735876,52.59119415283203,48102700
2003-03-12,52.49973982692811,52.970004545186455,51.84659549225727,52.943878173828125,62459800
2003-03-13,53.675384597621466,54.805326130765245,53.25083991812487,54.77266693115234,72117800
2003-03-14,54.99473646307437,55.36702843619831,54.43956492183264,54.94901657104492,63951800
2003-03-17,54.51139836380517,56.79086955872115,54.35464519699573,56.67983627319336,88217500
2003-03-18,56.92148445890732,57.05211122863624,56.353247546093606,57.01292419433594,50792300
2003-03-19,57.00642706654457,57.58119717277598,56.61454152881086,57.450565338134766,49630800
2003-03-20,57.03907566082256,57.86203364205186,56.39899224788351,57.57465362548828,67321600
2003-03-21,58.23305787886938,58.941293945229226,57.662529516759335,58.80358123779297,71165300
2003-03-24,57.72154182026497,57.800236932961575,56.62639443529701,56.84936141967773,65398900
2003-03-25,56.88214813751295,57.878932900311405,56.68541785764548,57.393653869628906,61040100
2003-03-26,57.41990360454341,57.610079770362354,56.92151606983272,57.10513305664063,45740800
2003-03-27,56.65919818524645,57.48547954508107,56.39032690818781,57.15103149414063,53120200
2003-03-28,56.705098730577966,57.236277068535344,56.56082683553107,56.86248397827149,32583000
2003-03-31,55.97060033008656,56.78376290869222,55.34761379868096,55.57057571411133,61119500
2003-04-01,55.90505734460008,56.65264363493562,55.682095294550464,56.42312240600586,53574000
2003-04-02,57.40676105151387,58.21336454804974,57.380529351999314,57.78711318969727,50431200
2003-04-03,58.2789942777993,58.35768443794114,57.47894429509577,57.5117301940918,48755500
2003-04-04,57.99041197208759,58.095333783905,57.45923372989451,57.85269927978516,36250100
2003-04-07,59.2429644086553,59.57741248956991,57.68877421529865,57.74123764038086,69776200
2003-04-08,57.90518573740314,58.13470698260525,57.51827420704424,57.83304977416992,39712700
2003-04-09,57.94455084367703,58.42982521607651,56.90186110751139,57.072364807128906,55647300
2003-04-10,57.11166982030008,57.465790331117454,56.206698517001975,57.38710021972656,41812400
2003-04-11,57.81336841767718,58.16748399727631,56.960855347652426,57.15103149414063,47730100
2003-04-14,57.36087276271127,58.364211782736106,57.05265646177574,58.3314208984375,36711700
2003-04-15,58.25930343912907,58.87573623657226,57.98387793510946,58.875736236572266,49709800
2003-04-16,58.960988181116846,59.05935085487549,57.72812263600439,57.87239456176758,51788000
2003-04-17,57.90516530661176,58.8363683175524,57.8330293688304,58.731441497802734,37403100
2003-04-21,58.92819430686663,59.12492965080786,58.40357005848175,58.79048156738281,32052700
2003-04-22,58.42982039016726,60.04303371370577,58.29210760680059,59.89876174926758,59763600
2003-04-23,60.08235865502609,60.56107360595175,59.83315991047952,60.44959259033203,44227100
2003-04-24,60.0233615561442,60.3840414695379,59.64956828371312,59.91188049316406,49692400
2003-04-25,59.87251563935629,59.983996665518696,59.03311584569575,59.17083358764648,43917200
2003-04-28,59.30854106861133,60.45615212642077,59.21673258424156,60.19384002685547,46432900
2003-04-29,60.42335905463636,60.85617475375921,59.93808494004554,60.4036865234375,52017100
2003-04-30,60.27251815795898,60.70532874745943,59.9446293767794,60.27251815795898,48709100
2003-05-01,60.27909312121388,60.81027653209332,59.34788986226162,60.2659797668457,50240400
2003-05-02,60.04300020601977,61.295537922658966,59.99709597051493,61.12503433227539,50201500
2003-05-05,61.29552460113732,61.498814028022096,60.6594196165407,61.006980895996094,35437800
2003-05-06,61.01352494668819,61.89226418987232,60.987293252434085,61.58405303955078,44401000
2003-05-07,61.26269924709857,61.73485958863176,60.96760153523159,61.24302673339844,41413100
2003-05-08,60.6725331013637,61.20371628730881,60.51514789965439,60.62662887573242,40570700
2003-05-09,60.87584823324147,61.51195343557734,60.73157633128648,61.46604919433594,33608100
2003-05-12,61.31520917190269,62.37757074693728,61.170937290988405,62.22018051147461,35662300
2003-05-13,61.99066343048607,62.41691992409016,61.81360565788663,62.10870361328125,39253600
2003-05-14,62.35790160016872,62.45626925976347,61.58408868609705,61.97755432128906,32195100
2003-05-15,62.226730338030855,62.5152740565004,61.80703311290365,62.371002197265625,43879200
2003-05-16,62.22672876654084,62.59396257845653,61.81359072813568,62.21361541748047,38905000
2003-05-19,61.74144816129589,61.918505872091856,60.547933397722815,60.75778198242188,41606000
2003-05-20,60.869285785575705,61.00699850190303,60.06267701487364,60.63320541381836,55404600
2003-05-21,60.40366155764504,60.90860799473234,60.27250806840247,60.75778198242188,49333800
2003-05-22,60.9545495049656,61.675909146643086,60.77749168585529,61.36113357543945,38421800
2003-05-23,61.33487528692919,61.62997819517391,61.07912243502858,61.4857063293457,26155900
2003-05-27,61.18407808761025,62.84974949680136,61.03324697409753,62.56121063232422,43719200
2003-05-28,62.856302382995416,63.26288642825202,62.58087690226723,62.73826217651367,37727100
2003-05-29,62.87597895985686,63.49241174480843,62.351359677572695,62.57432174682617,50844200
2003-05-30,62.88912606369172,63.66949866595439,62.66615888933791,63.57769012451172,52529500
2003-06-02,63.95799837722397,64.56131266137163,63.39402915411605,63.83995819091797,50305500
2003-06-03,63.70876849009692,64.16125144477924,63.51203329019401,64.10223388671875,38254500
2003-06-04,64.04322745173222,65.15148792766242,63.98420488023668,65.02689361572266,49360700
2003-06-05,64.64654673423829,65.34822845458984,64.44325230838214,65.34822845458984,46262400
2003-06-06,65.84009270709538,66.49587051293659,65.00725209189197,65.0925064086914,60356800
2003-06-09,64.77116273298418,64.98757057977869,64.11538501774285,64.43016052246094,37808500
2003-06-10,64.56785737311525,65.09248141764361,64.39079963491868,65.08592224121094,29965900
2003-06-11,65.0268817206364,65.8334850257766,64.73177892351025,65.77446746826172,37610200
2003-06-12,66.0696145847694,66.16798225724528,65.32858745806791,65.9778060913086,36442000
2003-06-13,65.97782210614362,66.06963062188916,64.88922827203395,65.28925323486328,48628300
2003-06-16,65.55154143183123,66.69259328360043,65.44661959646213,66.66636657714844,36326300
2003-06-17,66.9352328453712,67.00736879608179,66.38438195251263,66.66636657714844,36801800
2003-06-18,66.42370578726637,66.98111568019085,66.23352970555135,66.6073226928711,35521000
2003-06-19,66.65324299032989,66.71226558318286,65.47284116513696,65.59088134765625,43551700
2003-06-20,66.07134328011107,66.14373981494269,65.43294021182882,65.44610595703125,41545000
2003-06-23,65.45269352360971,65.59090876244781,64.4457297803636,64.7748031616211,34237500
2003-06-24,64.64313527969314,65.2157193904045,64.51150299698041,64.840576171875,36213600
2003-06-25,64.8471723639089,65.44608807546571,64.18902587890625,64.18902587890625,47743400
2003-06-26,64.35356718013875,65.14334603233249,63.813887224039824,65.0248794555664,33477300
2003-06-27,64.9919745272291,65.28156062812828,64.2219442366671,64.27459716796875,54208800
2003-06-30,64.64317676031337,64.93934079925954,64.14956668122882,64.25486755371094,33349000
2003-07-01,64.004733798164,65.05776697465335,63.46505398138456,64.84716033935547,51322800
2003-07-02,65.005122593612,65.67643478386088,64.87349531224422,65.66326904296875,34662100
2003-07-03,65.2025716237502,65.71592507515028,64.43254144665009,64.98538208007812,30792800
2003-07-07,65.58430919543389,66.40699243917676,65.58430919543389,66.27536010742188,31391100
2003-07-08,66.14372930531479,66.66366569046495,65.92653973532933,66.57152557373047,30952500
2003-07-09,66.42015568522376,66.7360682721779,65.83440559512522,66.1963882446289,36528500
2003-07-10,65.70932985568007,65.84096213980095,64.91297336646703,65.35393524169922,49777700
2003-07-11,65.41319446060511,66.11082829553682,65.41319446060511,65.97261810302734,39976300
2003-07-14,66.60446030476417,67.06516612008356,66.11085015916188,66.29513549804688,42114900
2003-07-15,66.72287555721451,66.77552847063359,65.78172607019569,66.1502914428711,42573600
2003-07-16,66.34775105619315,66.3872432630292,65.30788333968967,65.76200103759766,39894200
2003-07-17,65.2552269574847,65.73567109410048,64.60366332366222,64.82743072509766,52253500
2003-07-18,65.16965400328179,65.68301241065475,64.80109362786803,65.49214935302734,35698100
2003-07-21,65.45266258939752,65.47898905000707,64.39962927131002,64.68263244628906,34786000
2003-07-22,64.95249451939803,65.42636091097549,64.44571878680419,65.26840209960938,49968300
2003-07-23,65.29473241591448,65.45268621532819,64.68265579426803,65.3144760131836,37275400
2003-07-24,65.80808953187683,66.03843988104238,64.74189505252174,64.82086944580078,40896200
2003-07-25,64.93273649570897,66.00551348958987,64.52468385557016,65.96602630615234,43241100
2003-07-28,66.05818275632386,66.45965262478458,65.59747707679388,65.72252655029297,34382800
2003-07-29,65.90681939576399,65.98579881851396,64.94592568131618,65.41979217529297,53472100
2003-07-30,65.551422005496,65.65014503235338,65.11046484296294,65.2618408203125,28363300
2003-07-31,65.80147884532117,66.41355519411559,65.26837685039794,65.41316986083984,54937200
2003-08-01,65.28153936153949,65.50530671478558,64.65629730385056,64.83399963378906,49321000
2003-08-04,64.70236734841642,65.15648994575005,63.84019721957328,64.83399963378906,55214100
2003-08-05,64.76818423295349,64.99853444949204,63.405816478158,63.45846939086914,61415600
2003-08-06,63.636201382547306,64.53785908209366,63.45849897461858,63.82706451416016,50096900
2003-08-07,63.95210442215213,64.54443737108389,63.68226692507552,64.49836730957031,43427400
2003-08-08,64.70895890689862,64.86033480008882,64.34039850088273,64.68263244628906,27357300
2003-08-11,64.66946315120974,65.1828165118762,64.39303786209388,64.92613983154297,34631400
2003-08-12,64.96564791742296,65.54481509667627,64.77478480782293,65.51849365234375,43285600
2003-08-13,65.69618428382385,65.71592787567921,64.84717468522756,65.18283081054688,36152000
2003-08-14,65.22230165017237,65.65009777778802,64.79450552255672,65.36051177978516,35525100
2003-08-15,65.39343282117373,65.67643600049001,65.23547907635458,65.5645523071289,12567000
2003-08-18,65.76857166131215,66.20952855566479,65.64352223526103,66.13055419921875,22873800
2003-08-19,66.26878491959438,66.43332157495438,65.81466214399752,66.38066864013672,37437700
2003-08-20,66.00552373902312,66.40041069849514,65.9199664878699,66.11082458496094,21295300
2003-08-21,66.5057269467526,66.81505168209459,66.07793058169031,66.32144165039062,46494200
2003-08-22,66.96640122204903,67.01247127265366,65.63694760370232,65.66326904296875,52040300
2003-08-25,65.62379216009816,66.36091810669627,65.34078894161725,65.76858520507812,23473000
2003-08-26,65.48557704545279,66.07132703139479,65.04462009356554,65.88704681396484,45065800
2003-08-27,65.8475609107974,66.05158472388155,65.53164837387602,65.90679168701172,18919500
2003-08-28,66.07792428855643,66.47281127205916,65.59089717627842,66.31485748291016,27402400
2003-08-29,66.21613484164733,66.78872423465796,66.13057758482249,66.76239776611328,28706600
2003-09-02,66.89401825706653,67.71011861357805,66.50571418351812,67.657470703125,49419100
2003-09-03,67.80883431073899,68.24979126856475,67.64429768278077,68.0260238647461,44912400
2003-09-04,67.85490062149307,68.15106954823094,67.63113323002186,68.05892944335938,28381000
2003-09-05,67.74962737844228,68.15109729365298,67.39422753442324,67.67723083496094,31637300
2003-09-08,67.81544266481319,68.36828353228925,67.74304611960638,68.23665618896484,32632800
2003-09-09,68.03262435647012,68.09185514767152,67.57850153888327,67.78910827636719,35053200
2003-09-10,67.479757549218,67.65745991008642,66.8347768130341,67.1046142578125,45904900
2003-09-11,67.19675713730645,67.63113624068849,67.02563764010206,67.30206298828125,38396300
2003-09-12,67.07171406361539,67.55215820987898,66.70314859905682,67.42710876464844,42524800
2003-09-15,67.47317346925038,67.54556998219425,67.09803018456813,67.19017028808594,21312800
2003-09-16,67.28232528850069,68.21030933049849,67.2428330802971,68.17082214355469,37892600
2003-09-17,68.1050032384885,68.30902705030775,67.82200003761369,68.0391845703125,31885800
2003-09-18,68.05236620776476,68.90795386004291,67.90099026536554,68.8421401977539,30243600
2003-09-19,68.88836902525632,69.10639231717725,68.31358676178179,68.4919662475586,34331600
2003-09-22,67.95023597925582,68.0229104327526,67.40848416989392,67.75203704833984,36677400
2003-09-23,67.77844971769233,68.2409239038814,67.62649773006434,68.00968933105469,32489200
2003-09-24,68.12862133561111,68.19468764666695,66.77423927655241,66.80066680908203,41694700
2003-09-25,66.99884483228684,67.30935687803307,66.19942614437781,66.25228118896484,52673100
2003-09-26,66.35798933968309,66.50333818778424,65.9681896979087,66.03425598144531,42914700
2003-09-29,66.26551754611036,66.72137858231086,65.92857283545572,66.6817398071289,36771600
2003-09-30,66.3844168612046,66.56940447132085,65.57178695615468,66.03425598144531,70764500
2003-10-01,66.22586441205745,67.50757172831496,66.19943688547596,67.4415054321289,65797600
2003-10-02,67.34237310573461,67.75859512053144,67.14416926600298,67.68592071533203,44591500
2003-10-03,68.49196393901425,68.89497484424153,68.10216931556783,68.30697631835938,48806900
2003-10-06,68.36645397348529,68.70339362218306,68.18146127314634,68.61750793457031,20226500
2003-10-07,68.22110183989416,68.91480553114496,67.9898672761439,68.88177490234375,42602900
2003-10-08,68.92804536749071,68.96768415181074,68.32022715207691,68.71002197265625,30920800
2003-10-09,69.29136883965981,69.5160002366952,68.59766534999314,68.89496612548828,40066500
2003-10-10,68.88841248196445,69.10643591142056,68.65057469773902,69.08661651611328,22682800
2003-10-13,69.17906646929508,69.56225800375852,69.04693389077273,69.30459594726562,23825600
2003-10-14,69.23851449368385,69.65473656135133,68.94781683596034,69.54902648925781,38484400
2003-10-15,69.93881602383055,69.95863539936511,69.1327944818728,69.36402893066406,39021700
2003-10-16,69.15926219216882,69.8529709822662,69.13944280511505,69.64155578613281,32772200
2003-10-17,69.6811887030435,69.786893771957,68.69678725134354,68.88177490234375,32790300
2003-10-20,69.0072570904143,69.39705657958984,68.67031766412245,69.39705657958984,27657000
2003-10-21,69.2517478275487,69.55565682098076,68.92141130766142,69.2781753540039,26729100
2003-10-22,68.72983350434676,68.83554363782656,68.17487042518758,68.4061050415039,33914500
2003-10-23,67.97664674024466,68.67695852966526,67.94361107297438,68.28055572509766,45830500
2003-10-24,67.9369980530829,68.43250274658203,67.50755964394344,68.43250274658203,51723600
2003-10-27,68.53820481730803,68.82890250450886,68.22768774971335,68.46553039550781,32460200
2003-10-28,68.6967451752981,69.46973097518982,68.59103513059547,69.39705657958984,34956200
2003-10-29,69.21868472985845,69.65473118277322,68.624083262114,69.48956298828125,30955400
2003-10-30,69.89261084726118,70.01153221197583,69.23854586159855,69.63494873046875,39123100
2003-10-31,69.63492920123304,69.85955558239944,69.51600786987007,69.56886291503906,25761600
2003-11-03,69.86616676579817,70.43434592477226,69.83973924206278,70.02472686767578,37589300
2003-11-04,70.02471652577074,70.20970412406304,69.75384326842386,69.87276458740234,31421600
2003-11-05,69.69437890936766,70.01150410145554,69.30458433963801,69.92561340332031,33558800
2003-11-06,69.76705295788405,70.32202078096388,69.43671652812084,70.29559326171875,28392300
2003-11-07,70.45416637599978,70.5070214242722,69.74724648709426,69.77367401123047,31723200
2003-11-10,69.85953813097261,69.92560440066273,69.3772498257547,69.48956298828125,25530800
2003-11-11,69.43013615327352,69.58870133215446,69.23854538306358,69.46977996826172,26558600
2003-11-12,69.52259721000144,70.34183002644163,69.47635031811852,70.24933624267578,28000000
2003-11-13,70.03793815293825,70.38809399651446,69.88598116243483,70.26917266845703,29714800
2003-11-14,70.2955869627573,70.65895397861634,69.56223975115313,69.67455291748047,49158500
2003-11-17,69.31122875610122,69.46318077142789,68.73644124984015,69.3244400024414,44382100
2003-11-18,69.52924492435082,69.66798568902747,68.51180760951895,68.60430145263672,41155000
2003-11-19,68.72981059695289,69.37727234737855,68.6571361645418,69.18567657470703,29827000
2003-11-20,68.70998508232071,69.52921810849104,68.54481684894975,68.56463623046875,53578700
2003-11-21,68.8685590095238,68.92802220656041,68.45894493442141,68.84873962402344,30016000
2003-11-24,69.1658809233016,69.88601231269166,69.15927277976009,69.76048278808594,28906400
2003-11-25,69.85295552419785,70.30881644716283,69.66796285805009,70.02472686767578,37580000
2003-11-26,70.30881797850321,70.32863736160274,69.6283256092335,70.27578735351562,33053600
2003-11-28,70.21636867668029,70.46742779652381,70.16351359455133,70.32868194580078,10507500
2003-12-01,70.59291228049034,71.14127210537589,70.55988165329597,71.08841705322266,38699000
2003-12-02,70.94308770415574,71.20074985364435,70.7382806213665,70.9100570678711,35352000
2003-12-03,71.12145788921416,71.40554751451302,70.73826629406024,70.7977294921875,39078600
2003-12-04,70.80432744856806,71.1676996314525,70.65237547429652,71.08841705322266,36089500
2003-12-05,70.77127235763858,71.22053006457425,70.44093595667215,70.59288787841797,28824400
2003-12-08,70.52027392773263,71.11488096736703,70.48063513860293,71.06863403320312,32482900
2003-12-09,71.28662395025584,71.3064433355057,70.38810818833532,70.5202407836914,43596100
2003-12-10,70.54001805192162,70.67876374690127,70.00487480754909,70.51359558105469,36915400
2003-12-11,70.48058586880742,71.41874018633271,70.47397772839267,71.30642700195312,45304000
2003-12-12,71.33285435738519,71.48480630283186,70.94966286276745,71.4451675415039,34142200
2003-12-15,72.12567350918756,72.16531731857009,71.00913951552802,71.08841705322266,38693400
2003-12-16,71.14127164130561,71.68302332100423,71.03556153768871,71.4583969116211,32894200
2003-12-17,71.39232380819949,71.68302154541016,71.2205524548796,71.68302154541016,23198800
2003-12-18,71.71608061385798,72.49567522123918,71.61037047836516,72.48906707763672,29353100
2003-12-19,72.55277326489963,72.59923869806882,72.07484020124375,72.2872543334961,41465100
2003-12-22,72.2142295477137,72.79173278808594,72.20759018237096,72.79173278808594,27611300
2003-12-23,72.67226234720529,72.98424167239519,72.60587881077704,72.83821105957031,24741200
2003-12-24,72.69880659090838,72.93777313169318,72.63906748788845,72.76519012451172,8055800
2003-12-26,72.82493770684765,73.07054364246024,72.77183289952279,72.81829833984375,8308400
2003-12-29,73.08381145914379,73.86045021274778,72.87139731120887,73.78743743896484,22483700
2003-12-30,73.74095316827216,73.86043642069633,73.58164385315717,73.80069732666016,19559500
2003-12-31,73.82724699786145,74.026382368316,73.57500177186006,73.86707305908203,31501800
2004-01-02,74.17242450096059,74.47113517930282,73.50199544478676,73.83389282226562,38072300
2004-01-05,74.13921615191505,74.69016178873693,74.07283264432273,74.6370620727539,27959800
2004-01-06,74.45120352328479,74.82956623639073,74.34499395817045,74.7100830078125,20472800
2004-01-07,74.60387635010076,75.04861752655987,74.27197904271021,74.96232604980469,30170400
2004-01-08,75.17476348910026,75.28097309136483,74.85613974665914,75.26105499267578,36438400
2004-01-09,74.89596076777366,75.34070202241747,74.52423227438834,74.60388946533203,54084300
2004-01-12,74.7101049019458,75.17475922461308,74.58398227249941,75.15484619140625,31564100
2004-01-13,75.06855391425113,75.16148984844286,74.18571065077924,74.71674346923828,54239700
2004-01-14,74.84951432251796,75.44693074523295,74.78977014806988,75.3407211303711,30112800
2004-01-15,75.38716164720746,75.71241962257103,74.73000633165819,75.52655792236328,38408700
2004-01-16,75.69913375811826,75.87835606462163,75.42697555213643,75.82525634765625,31922700
2004-01-20,76.0244123709996,76.10406956465229,75.55311870334666,75.80535888671875,29863000
2004-01-21,75.75891957000648,76.53556354885505,75.48676626050016,76.40280151367188,30725000
2004-01-22,76.42930864021666,76.58861792369997,76.05758529063866,76.20362091064453,29888500
2004-01-23,76.336385824541,76.5819916716647,75.63939940648943,75.95802307128906,44245300
2004-01-26,75.93145366115061,76.95369781518,75.92481429802666,76.91387176513672,30460600
2004-01-27,76.83425320049707,77.33209933354564,76.10407988489638,76.12399291992188,35322800
2004-01-28,76.32311196460485,76.52224732328825,74.96897025528213,75.25440216064453,52621300
2004-01-29,75.3805380911508,75.57303919655192,74.7167432715687,75.32743835449219,60117100
2004-01-30,75.35398569064522,75.48674769317317,75.06855371565081,75.32743835449219,30984400
2004-02-02,75.47347488016148,76.12399608268773,75.08847770351632,75.65270233154297,38832400
2004-02-03,75.50000552742624,75.7655244124451,75.30087016192572,75.52655792236328,25093500
2004-02-04,75.1349488885295,75.49339875435497,74.8694299066936,74.90925598144531,39332600
2004-02-05,75.1216870472795,75.367293046971,74.86280737447025,75.12832641601562,37226800
2004-02-06,75.28759807634505,76.13725453190565,75.14156242347958,75.97130584716797,37216000
2004-02-09,76.11733611461283,76.25009809162103,75.86509595482465,75.99121856689453,24851300
2004-02-10,75.85844605753012,76.42930981852638,75.84517239384805,76.23680877685547,27908100
2004-02-11,76.23685356726702,77.25909845930305,75.78547277161935,77.04668426513672,42965700
2004-02-12,76.98026687000656,77.17940222768718,76.72138735997585,76.76785278320312,27814700
2004-02-13,76.88069601464971,77.13293615800498,76.17043594307052,76.42267608642578,44739900
2004-02-17,76.9006077690838,77.28560987441617,76.84750298262048,77.11302185058594,23984300
2004-02-18,77.13293500477737,77.39845387317433,76.56871057465328,76.77449035644531,28618000
2004-02-19,77.21924795196335,77.25907401815986,76.37622574555405,76.48907470703125,51146200
2004-02-20,76.65500997559037,76.70810969976769,75.88500573497846,76.25672912597656,46728800
2004-02-23,76.48241043003145,76.50896282029814,75.78542411249532,76.06421661376953,36357000
2004-02-24,75.85180035104678,76.32973323325271,75.02869653410903,75.93145751953125,43953000
2004-02-25,75.97793332147042,76.37620908963736,75.88500247770983,76.25009155273438,31213600
2004-02-26,76.07752394980173,76.52890462537438,75.89829651419136,76.29657745361328,29683000
2004-02-27,76.46251172662198,76.82759576638865,76.09078325760572,76.34966278076172,39312000
2004-03-01,76.62181198405074,77.22586244528758,76.50232875175595,77.10638427734375,33130800
2004-03-02,76.96035133199605,77.6440589933468,76.48905775052468,76.6550064086914,38556400
2004-03-03,76.50233941605359,76.91389395451695,76.28328594891896,76.7944107055664,31346200
2004-03-04,76.81436125042177,77.0666015372374,76.681599206555,76.99358367919922,21060000
2004-03-05,76.61520653609368,77.6308119280139,76.5222756547646,77.25244903564453,55905600
2004-03-08,77.22585675302533,77.41172348405675,76.27663539309829,76.30982208251953,39281600
2004-03-09,76.40276952346076,76.47578734615014,75.83190567208113,76.0044937133789,39746100
2004-03-10,76.15055460891224,76.18374131655136,74.71675513997337,74.73003387451172,67671800
2004-03-11,74.61053604474647,75.18803427578275,73.74760078465108,73.76087951660156,89134800
2004-03-12,74.16580920111302,74.81632539159747,74.06623894948892,74.73003387451172,54012200
2004-03-15,74.52424804231552,74.57735284751395,73.6148523089689,73.8139877319336,57677200
2004-03-16,74.19895755999042,74.3848192326401,73.57498903236589,74.20559692382812,59832600
2004-03-17,74.46449832995056,75.18139790497405,74.41139353231499,75.03536224365234,41607300
2004-03-18,74.80966146917517,75.18802424967211,74.2985417729905,75.05526733398438,60014300
2004-03-19,74.87876848683258,74.9853453527891,73.9661796144401,73.97949981689453,48636200
2004-03-22,73.63311603357992,73.65309887760505,72.67389886351917,73.04026794433594,62752100
2004-03-23,73.43991010125293,73.5398293627096,72.84706225394271,72.9136734008789,54080200
2004-03-24,72.99365380738331,73.36668052066986,72.50738248575666,72.97367095947266,51584300
2004-03-25,73.32668337060625,74.13935271775568,73.1335074534883,73.93951416015625,49873600
2004-03-26,73.9128900999454,74.46577253170169,73.80631323188435,73.95951843261719,37409500
2004-03-29,74.35918085551701,75.09857652124914,74.32587781202575,74.9986572265625,44113600
2004-03-30,74.8054848640374,75.31839644607642,74.75219389698998,75.25178527832031,39059900
2004-03-31,75.26509747548364,75.53820984097969,74.85876278864198,75.33837127685547,48517600
2004-04-01,75.31837503740584,75.85127439219484,75.30505484048332,75.79132080078125,45103800
2004-04-02,76.47742861408024,76.4974114513851,75.87126052671024,76.36418914794922,50987700
2004-04-05,76.24430220993901,76.85713305902794,76.23098200978755,76.78385925292969,30251800
2004-04-06,76.49077096717122,76.72391259127608,76.3508859927083,76.53739929199219,28420900
2004-04-07,76.57070272875039,76.59069065272486,76.01116282801578,76.3575439453125,45890500
2004-04-08,76.87712401307951,76.87712401307951,75.76469667759989,76.18435668945312,46929700
2004-04-12,76.32424015570463,76.65730106919737,76.31757751444502,76.4841079711914,23085200
2004-04-13,76.77718009025585,76.80382556516733,75.28506398784117,75.41162872314453,56210300
2004-04-14,75.01196579889721,75.69807034366906,74.97200012276845,75.53153991699219,62322300
2004-04-15,75.57148479338365,75.79130611580038,74.84541477232119,75.24508666992188,61602500
2004-04-16,75.52488053648055,75.9711859616365,75.25843590798245,75.82463836669922,47059200
2004-04-19,75.63812509390833,75.93121520167736,75.45160673901192,75.82463836669922,28277600
2004-04-20,75.99118625311284,76.15105408334892,74.4591038768547,74.55236053466797,53299400
2004-04-21,74.73884007058241,75.23843126111332,74.51902380914815,75.05191802978516,50177300
2004-04-22,74.9253900511057,76.38419348818579,74.8987445664965,76.10442352294922,62071500
2004-04-23,76.21766191330703,76.31758120861271,75.79800697155092,76.17769622802734,29395700
2004-04-26,76.27095217518587,76.56404741680562,75.67144149101203,76.07111358642578,35515200
2004-04-27,76.09107463193608,76.68392246516699,75.91121894916445,76.13770294189453,43485500
2004-04-28,75.86459783466748,75.94453426593704,74.93868910474174,75.15184783935547,50165800
2004-04-29,75.08524142048114,75.484913437811,74.04609315900242,74.49239349365234,69687600
2004-04-30,74.71886363556703,74.85874857104392,73.87289138327205,73.91285705566406,48681400
2004-05-03,74.18601490599397,74.79884597532748,74.17268961894744,74.7055892944336,33758000
2004-05-04,74.77217176241605,75.44495620081811,74.37916234133851,74.6456069946289,51185100
2004-05-05,74.87878983853128,75.2451539547276,74.7122593087761,75.12525177001953,34405000
2004-05-06,74.61894988722139,74.99863904932111,73.93950799581853,74.47906494140625,54997000
2004-05-07,74.08607245548355,74.7588569422997,73.24675750732422,73.24675750732422,60950000
2004-05-10,72.90039151826268,73.10688770692357,72.18097855620175,72.49405670166016,75279400
2004-05-11,72.91366617656726,73.3066805441289,72.82707220234045,73.10684204101562,48300600
2004-05-12,72.98698041867475,73.63311951056792,71.98113487102329,73.57316589355469,90830500
2004-05-13,73.11352610275307,73.81295090438022,73.02692702104751,73.26673126220703,57393700
2004-05-14,73.24011046536563,73.76634744514654,72.7871473107509,73.30006408691406,54123100
2004-05-17,72.53399657384163,72.94033124579762,72.21426098148304,72.67388153076172,55020400
2004-05-18,72.93368600005948,73.23344390675688,72.82710913788986,73.04026794433594,30193100
2004-05-19,73.60647980479585,74.05944296072505,72.7072161358194,72.78714752197266,54804100
2004-05-20,72.90703435391192,73.18680939294536,72.63392703846591,73.02027893066406,38082900
2004-05-21,73.25341725761255,73.63976913238574,72.92035634807142,73.14683532714844,47480400
2004-05-24,73.62644780496143,73.77965806770693,73.06024524474846,73.45325469970703,40961500
2004-05-25,73.20677158064082,74.59230585561059,73.00693304944336,74.50570678710938,48668000
2004-05-26,74.3791865414498,74.79884158081711,74.27926722290302,74.76553344726562,35977000
2004-05-27,74.96535921741095,75.29175752534076,74.64561846936262,75.1851806640625,45306900
2004-05-28,75.09191094149149,75.19182514340018,74.84544405186963,75.17850494384766,23367200
2004-06-01,74.91204471163488,75.17849440428385,74.51903535360914,75.07857513427734,41044700
2004-06-02,75.29174912439746,75.59150699514124,74.9120598871403,75.35836029052734,39774200
2004-06-03,75.1451968768428,75.39832640747926,74.65226817934396,74.66558837890625,38688300
2004-06-04,75.2584457397461,75.65811781681194,75.07859000169744,75.2584457397461,32739500
2004-06-07,75.55819473928068,76.47744097866087,75.55153209840016,76.40416717529297,31643800
2004-06-08,76.18437435071955,76.55073839847907,76.05114690253721,76.51077270507812,32846500
2004-06-09,76.27762803966034,76.40418775784858,75.7513910746667,75.79801940917969,36737600
2004-06-10,75.96450156704628,76.1709976196289,75.89122779056135,76.1709976196289,21711000
2004-06-14,75.81799181179501,75.83797465496134,75.18517806169682,75.41831970214844,34633000
2004-06-15,75.87126341092554,76.23762730035399,75.61147635187625,75.9511947631836,37445000
2004-06-16,75.9378890991211,76.07111143311914,75.73805051601774,75.9378890991211,26633400
2004-06-17,75.83795856528192,75.9845061602192,75.49157749897105,75.82463836669922,28402400
2004-06-18,75.72704800799478,76.36217685403165,75.66688064503931,75.96772766113281,31799800
2004-06-21,76.04793553094049,76.30867090185117,75.63343066148047,75.68022918701172,25284000
2004-06-22,75.63346643887236,76.13488163560473,75.32593239695561,76.06134033203125,37334000
2004-06-23,75.95435644726193,76.77667431907082,75.82732966191831,76.71650695800781,35580000
2004-06-24,76.58944473879556,76.83681123247982,76.38888186071735,76.47579193115234,35272100
2004-06-25,76.48919648224154,76.84352896600504,76.0011502588877,76.10811614990234,32837900
2004-06-28,76.56272582821168,76.62289828081995,75.82063631752885,75.84737396240234,40824500
2004-06-29,75.90087040424025,76.32874419314896,75.8273291185849,76.16160583496094,28418100
2004-06-30,76.26186311356734,76.7432222323695,75.9810719944848,76.56939697265625,52230600
2004-07-01,76.38221185154201,76.48249586316334,75.26572910377773,75.50640869140625,57734700
2004-07-02,75.65349254020663,75.74040263143523,75.27909923037205,75.46629333496094,34615100
2004-07-06,75.125328265771,75.17880864765397,74.63059520326678,74.8044204711914,38698200
2004-07-07,74.75093801861355,75.25903992201988,74.71082645541135,75.0250473022461,29839800
2004-07-08,74.75093963199639,75.09190322854396,74.34312172845001,74.50357818603516,45291100
2004-07-09,74.69080754278257,74.83789014800249,74.46349667089929,74.69749450683594,27412900
2004-07-12,74.55704024252569,74.90469071450556,74.20939487120124,74.73086547851562,35691300
2004-07-13,74.82447435352736,74.8913286546771,74.61053752945443,74.78436279296875,26752000
2004-07-14,74.38326289456194,75.13872650374114,74.28966581380199,74.55708312988281,54089400
2004-07-15,74.70416618768088,74.81782415845991,74.0088699400148,74.07572937011719,38403500
2004-07-16,74.59048199080262,74.65733629216892,73.83501869411641,74.0155258178711,40871200
2004-07-19,74.04229578548612,74.18269140017871,73.5341937270809,73.70133209228516,39592800
2004-07-20,73.89520392762327,74.81112389015064,73.70800979820922,74.63729858398438,46679800
2004-07-21,74.75765209944782,74.91810351112069,73.1731784696208,73.26009368896484,56241100
2004-07-22,73.11300964393907,73.80161891847897,72.71856043481938,73.46065521240234,72477100
2004-07-23,73.2868671444437,73.34703453628116,72.66511192548724,72.84561920166016,49610500
2004-07-26,72.99935773586662,73.15980914644844,72.3441730666151,72.70519256591797,49679100
2004-07-27,72.90576124288633,73.61442632094413,72.85227573870803,73.38711547851562,51295100
2004-07-28,73.24001815623294,73.78823167393277,72.59820248124369,73.60771942138672,65862300
2004-07-29,73.90190313481624,74.1225270098925,73.54088363941646,73.92195892333984,52200500
2004-07-30,73.75482480860443,74.1425870779703,73.60774221673056,74.10247039794922,41581700
2004-08-02,73.66790043293172,74.4501066831077,73.574303365423,74.2562255859375,38263100
2004-08-03,74.16264906808004,74.24955919751778,73.64786505414122,73.68128967285156,40948800
2004-08-04,73.46734872689717,74.04230518423604,73.30021034047678,73.67459869384766,40763200
2004-08-05,73.73478800570139,73.79495539023824,72.38430667861721,72.47122192382812,50772000
2004-08-06,71.95640740863294,72.17703127564889,71.28117208326866,71.4349365234375,74729000
2004-08-09,71.54860137115891,71.85614050432027,71.44832241540954,71.53523254394531,37476300
2004-08-10,71.74245757555329,72.47787033307598,71.7090329688114,72.45780944824219,55870600
2004-08-11,71.98979935401464,72.4243598972465,71.60203732462892,72.31070709228516,52933200
2004-08-12,71.98982060374864,72.17032775310672,71.28783758819138,71.52183532714844,50015900
2004-08-13,71.60204374866237,71.76918204177346,71.26108020253207,71.66221618652344,41634700
2004-08-16,71.62881063220932,72.63164072890889,71.60206788421841,72.40433502197266,45731900
2004-08-17,72.70513997076857,73.05947225061333,72.55805749219422,72.8121109008789,40701600
2004-08-18,72.55139625293606,73.65451013263629,72.53134047159439,73.5609130859375,43165400
2004-08-19,73.41383153947409,73.55422711140454,72.99264482368277,73.34697723388672,39881600
2004-08-20,73.28012742420874,73.96204954408793,73.2132731145197,73.86177062988281,44870900
2004-08-23,73.90859651536323,74.05567401085982,73.57431974252243,73.67459869384766,33745100
2004-08-24,73.96875293780161,74.0289254003492,73.44059510280847,73.77487182617188,30453100
2004-08-25,73.76149937974655,74.38993612036529,73.47402120774323,74.27628326416016,38551400
2004-08-26,74.18268619426676,74.41667886900022,74.10914491068515,74.27628326416016,26629500
2004-08-27,74.34308515307534,74.63056312232754,74.24280629224076,74.51022338867188,24902900
2004-08-30,74.35649073685539,74.43671385969024,73.84170189560224,73.89518737792969,26726500
2004-08-31,73.98208923842763,74.31636579178979,73.60769603021633,74.2829360961914,44125300
2004-09-01,74.17596572671094,74.63726900614206,73.86175004866146,74.42333221435547,52778300
2004-09-02,74.36987527489288,75.34596258070766,74.36987527489288,75.26573944091797,42736600
2004-09-03,75.09860177330815,75.42619149859226,74.88466489751848,74.95820617675781,30480500
2004-09-07,75.23902782034133,75.63347202257457,75.09194520233589,75.45296478271484,37338800
2004-09-08,75.29248218773367,75.58664220139157,75.08522717507633,75.26573944091797,32963100
2004-09-09,75.25905804532749,75.46630797265595,74.89803858760007,75.19889068603516,34314800
2004-09-10,75.2255972077663,75.72701206369449,74.9314372940676,75.58661651611328,27900600
2004-09-13,75.75376378169926,76.04124187053692,75.55320087594554,75.83399200439453,44398100
2004-09-14,75.7470980911553,76.00783349475185,75.67355681315038,75.98777770996094,28048900
2004-09-15,75.74710324242027,75.78721481472991,75.33259829280892,75.41282653808594,38295000
2004-09-16,75.44625560669957,75.79390625612037,75.4128309946855,75.64013671875,23911700
2004-09-17,75.82745295922469,76.10270337305121,75.65290916312532,75.96172332763672,33683000
2004-09-20,75.63944554501951,75.85427291596511,75.37762484673858,75.50518035888672,37149400
2004-09-21,75.69316458993727,76.17652752478106,75.55218458758938,75.83414459228516,40920800
2004-09-22,75.52534073743652,75.53876521104715,74.83386510396507,74.8875732421875,49042100
2004-09-23,74.92112606586657,74.98825866791368,74.48475646972656,74.48475646972656,44068700
2004-09-24,74.63245267317916,75.00840447112517,74.60559860747664,74.82714080810547,34981100
2004-09-27,74.58546106273238,74.65259366759581,74.23636844430884,74.35049438476562,39355100
2004-09-28,74.45787727171317,74.8606778422138,74.12220927598148,74.70626831054688,41662900
2004-09-29,74.65931245947087,75.08896729985388,74.51833244514735,75.0822525024414,33325700
2004-09-30,74.88755395044822,75.17622871666602,74.69286584096285,75.02853393554688,43536700
2004-10-01,75.36419126259177,76.29734802246094,75.33062240917401,76.29734802246094,62824300
2004-10-04,76.59947564095994,76.8277326607512,76.39807781138042,76.4249267578125,33082400
2004-10-05,76.43164109526475,76.6397588430342,76.22352846938507,76.4652099609375,36910600
2004-10-06,76.37791977486175,76.98883819580078,76.31750197334765,76.98883819580078,42297800
2004-10-07,76.7874364683109,76.80086606122552,76.10267576444568,76.16309356689453,39388800
2004-10-08,75.96168290473886,76.37790802059547,75.42461196067396,75.53202819824219,51872600
2004-10-11,75.71332578017153,75.87444509780592,75.61933908472723,75.84088134765625,20229100
2004-10-12,75.32391377447215,75.74685882581966,75.14937006371089,75.54545593261719,41754700
2004-10-13,75.8609944027167,75.90798773419681,74.73314932530518,74.88084411621094,54212600
2004-10-14,74.97479365060215,75.1426276259015,74.23632518366229,74.27660369873047,64082200
2004-10-15,74.53178477394232,75.01514793050005,74.22968536203956,74.69290924072266,63482200
2004-10-18,74.44444408759949,75.1224948403528,74.3168886163791,74.97480010986328,43535100
2004-10-19,75.20305157521463,75.3440366333058,74.24304095277758,74.34374237060547,55851900
2004-10-20,74.10210401956357,74.39749365077628,73.67916396550977,74.19609069824219,57118500
2004-10-21,74.37735169277256,74.73315912375689,73.98797539694874,74.67945098876953,53218300
2004-10-22,74.64588526323278,74.68616380245868,73.75300674986902,73.84027862548828,48752400
2004-10-25,73.6791585790409,73.92755485275478,73.4106230359239,73.75300598144531,43990900
2004-10-26,73.9342575682544,74.9211226512256,73.7664235098413,74.88084411621094,54337400
2004-10-27,74.77342175710656,75.92812080424113,74.59887803836375,75.78042602539062,73896000
2004-10-28,75.7133534941037,76.23699530950611,75.51866523316566,76.00874328613281,54413300
2004-10-29,75.94155151413774,76.29064407865148,75.79385673311278,75.99525451660156,48820200
2004-11-01,76.2369099773087,76.42488322660363,75.99522862196183,76.2033462524414,36720900
2004-11-02,76.31078167224942,76.91498525325026,76.00868244269327,76.230224609375,56210000
2004-11-03,77.22381032239934,77.44535252076366,76.69345405444652,77.19024658203125,76960200
2004-11-04,77.0559868365238,78.32481215137523,76.98885422467943,78.24425506591797,55350300
2004-11-05,78.57994756897232,78.97603368677301,78.20399560687784,78.7343521118164,63287200
2004-11-08,78.53290636560808,78.70074040585423,78.35835752962333,78.62017822265625,33863800
2004-11-09,78.6000830637813,78.88204318036358,78.38525557659128,78.46581268310547,44658100
2004-11-10,78.58662477804599,78.91558324920254,78.38522696338609,78.52620697021484,45265400
2004-11-11,78.66716373634397,79.29822130400129,78.6134556195459,79.12367248535156,37863200
2004-11-12,79.19755126428922,79.88902689607215,79.00286310512578,79.748046875,55583700
2004-11-15,79.78908731225879,79.97088297240767,79.60729165210991,79.94395446777344,35297900
2004-11-16,79.69484170913532,79.72851005379789,79.27064830655482,79.37164306640625,40028700
2004-11-17,79.70157400515603,80.22003259269587,79.49957421740037,79.84297180175781,54494000
2004-11-18,79.80929344428421,79.99109425786702,79.60729881894119,79.95069122314453,31854300
2004-11-19,79.92377643308659,79.93724582686065,78.87338974972742,79.06192016601562,54276500
2004-11-22,78.89359786564759,79.53326058041975,78.79933264655598,79.43899536132812,37560200
2004-11-23,79.40531346650125,79.6275122180624,79.02825265444713,79.5601806640625,41968800
2004-11-24,79.63425657726461,79.84972067234854,79.48612918576316,79.74872589111328,29724800
2004-11-26,79.79583730963299,80.11230123897664,79.65443951638606,79.68810272216797,15487700
2004-11-29,79.98438557882781,80.13251810116901,79.10233027933846,79.32452392578125,61460800
2004-11-30,79.45243843578838,79.6140351772788,79.21004075501885,79.37837219238281,53685200
2004-12-01,79.56015098398534,80.46240477254672,79.51974795700319,80.28060913085938,49898300
2004-12-02,80.19310947534629,80.71157326803359,80.13251261330342,80.34797668457031,60163500
2004-12-03,80.33449580264228,80.89335742344068,80.18636331162894,80.29409790039062,49067900
2004-12-06,80.26715850830078,80.55668877354057,80.01802614242129,80.26715850830078,33030500
2004-12-07,80.45569011585536,80.54322574856192,79.47936986125369,79.51976776123047,52047200
2004-12-08,79.59384479040135,80.00457395272608,79.4591816808486,79.984375,43895100
2004-12-09,79.5467001929926,80.43548993839211,79.27063931891796,80.26715850830078,60922800
2004-12-10,80.07191061419186,80.50283875672567,80.02477800913563,80.34797668457031,47828600
2004-12-13,80.63750385976273,81.06843198545127,80.36143780017588,81.04823303222656,38541000
2004-12-14,80.92029502009046,81.44548832326684,80.92029502009046,81.33102416992188,41500700
2004-12-15,81.27042559584608,81.5464916518359,81.00782893320954,81.3916244506836,46699200
2004-12-16,81.28388557001242,81.63401270059889,80.82602385335761,81.344482421875,51641800
2004-12-17,80.81545351612424,81.16047322355378,80.61250469395067,80.80192565917969,70761900
2004-12-20,81.01168669709995,81.3770009767229,80.61931152698598,80.822265625,47187400
2004-12-21,80.91018504282987,81.50551412991476,80.81547453558191,81.44462585449219,33094200
2004-12-22,81.43786930314279,81.91142705863246,81.3837526933368,81.64082336425781,31500700
2004-12-23,81.76936072675493,82.04672576964226,81.62729494947075,81.70170593261719,25646100
2004-12-27,81.99259456122479,82.10083809031701,81.44462588886813,81.5325698852539,29944100
2004-12-28,81.61374318516678,82.08053431858004,81.5866823059929,81.97905731201172,23422900
2004-12-29,81.9114395292034,82.12792148539408,81.82349034737356,82.10086059570312,22650600
2004-12-30,82.1278652785473,82.24287011002389,81.88432259934194,81.94520568847656,21076900
2004-12-31,82.06026913562809,82.30381197347809,81.72201576765161,81.76937103271484,28648800
2005-01-03,82.23612243847411,82.37142682532111,81.11312441498436,81.38372802734375,55748000
2005-01-04,81.49198614993563,81.54610791780735,80.12544505985767,80.3892822265625,69167600
2005-01-05,80.32836519400163,80.67338488901497,79.82775192372131,79.83451843261719,65667300
2005-01-06,80.12545073357235,80.6057698444398,80.00367932790621,80.2404556274414,47814700
2005-01-07,80.48398250972738,80.6598756522856,79.91571434197591,80.12543487548828,55847700
2005-01-10,80.05776052509958,80.81544950978827,80.05776052509958,80.50425720214844,56563300
2005-01-11,80.26070858108295,80.32835818013282,79.82097844525848,79.94951629638672,63099700
2005-01-12,80.09836641662865,80.39602575125483,79.50303742470687,80.21337127685547,72720500
2005-01-13,80.26070522109815,80.32159347062753,79.48948846928157,79.57067108154297,55537500
2005-01-14,79.80748069041258,80.18632271704388,79.66541493042583,79.9901351928711,42032500
2005-01-18,79.8616272385862,80.923742674007,79.79397243169011,80.822265625,57391700
2005-01-19,80.79518061433369,80.85606372875989,79.9698417654302,79.97660827636719,54378900
2005-01-20,79.75337730965062,79.96309274254227,79.34747430736427,79.48954010009766,72049300
2005-01-21,79.68571453025932,79.82778029956775,78.91449740467884,79.00244140625,63160400
2005-01-24,79.21215656194768,79.38128321460673,78.72507613781174,78.84684753417969,58441900
2005-01-25,79.09036025610361,79.46920216239356,78.96182239732643,79.07006072998047,68245000
2005-01-26,79.36772208125078,79.55714302700709,79.17830113549446,79.30683898925781,57195100
2005-01-27,79.27981666658523,79.65865874230961,79.13775088818859,79.44217681884766,55878800
2005-01-28,79.48276556657922,79.52335947564696,78.88744156739287,79.44217681884766,60738900
2005-01-31,79.79396420548446,79.99691828257531,79.63160404061372,79.93603515625,52532700
2005-02-01,79.99690071495978,80.5584023984449,79.89542369869908,80.44339752197266,49841200
2005-02-02,80.54488489798672,80.903432618043,80.43664651143031,80.68695068359375,52468900
2005-02-03,80.54484534328891,80.61250010816565,80.21335867299534,80.4771957397461,48837100
2005-02-04,80.50426717487838,81.471671600324,80.49073931692864,81.33637237548828,50024600
2005-02-07,81.34989024842393,81.5325446956663,81.1537027835583,81.22811889648438,45412000
2005-02-08,81.29578457971957,81.62050996956233,81.22813496222501,81.32284545898438,39263500
2005-02-09,81.46490418901436,81.51225943331619,80.67339289368341,80.71398162841797,55279400
2005-02-10,80.9507738421194,81.19431144444552,80.68017019790291,81.00489044189453,45858600
2005-02-11,80.97784402283435,81.88436561865123,80.81548387184331,81.70170593261719,53133000
2005-02-14,81.64758987598464,81.7625947686596,81.50552409773859,81.64082336425781,32432100
2005-02-15,81.7219625336495,82.14815964159219,81.64077992013658,81.94520568847656,43852700
2005-02-16,81.80993812076791,82.1684857700604,81.63404497082495,81.99935913085938,55523000
2005-02-17,82.012878822336,82.08052843475386,81.32960586584612,81.33637237548828,58124000
2005-02-18,81.34314883634494,81.50551412991476,81.11313907912435,81.44462585449219,47723300
2005-02-22,81.11315678468614,81.49876540874875,80.22016812047077,80.23369598388672,80697600
2005-02-23,80.4568966587369,80.88986028963296,80.24718135164669,80.80867767333984,68292600
2005-02-24,80.66664071825946,81.39726904131834,80.49075272893211,81.34314727783203,68563600
2005-02-25,81.36342058777973,82.31053055828778,81.30253749061887,82.1481704711914,60899900
2005-02-28,81.95876564966045,82.06024265958004,81.2078430021246,81.60697937011719,69381300
2005-03-01,81.73547028072976,82.20902250638915,81.70840941621606,82.0128402709961,47294400
2005-03-02,81.69495547676506,82.48646712490212,81.62053932235865,81.97232055664062,64226500
2005-03-03,82.30379860028394,82.46615874535715,81.65434769731925,82.00613403320312,61230800
2005-03-04,82.56760910341926,83.09528327547821,82.39171599228817,83.02763366699219,56168500
2005-03-07,82.98028569269205,83.37942203065165,82.80439256615549,83.06822967529297,43442400
2005-03-08,82.98703636403465,83.21028470806917,82.60819444300694,82.75702667236328,44362000
2005-03-09,82.51348145685145,82.72996328534056,81.83020858889081,81.83697509765625,73263600
2005-03-10,81.99255430435319,82.19550824108661,81.4513524086191,82.01961517333984,65149000
2005-03-11,82.06701066250318,82.34438083468328,81.28903223315722,81.44462585449219,57976500
2005-03-14,81.5934406394281,81.96552123911307,81.37019227961711,81.95198822021484,36336400
2005-03-15,82.14143271532393,82.16849359953486,81.23491632026953,81.27550506591797,62438500
2005-03-16,80.9777960328193,81.28899344968616,80.43659412980392,80.5854263305664,74874200
2005-03-17,80.71397535050427,81.0048733032565,80.49073216549351,80.747802734375,62584200
2005-03-18,80.8952026974258,81.18045025712085,80.24320605457623,80.5080795288086,60232000
2005-03-21,80.62352643830023,80.67106769253205,79.97832296206731,80.20923614501953,61244300
2005-03-22,80.39259739776442,80.77292735659816,79.39422607421875,79.39422607421875,92472400
2005-03-23,79.42817506481371,79.95113389978272,79.29234442751631,79.4621353149414,70817300
2005-03-24,79.77455259489514,80.1345084592217,79.50288612960497,79.55722045898438,51932500
2005-03-28,79.7473997661399,80.10056778898706,79.67269134521484,79.67269134521484,46765500
2005-03-29,79.55725761129584,80.07342361822998,78.95280216409516,79.1429672241211,71160300
2005-03-30,79.31269716641627,80.27710790393711,79.30590408189703,80.2635269165039,62002100
2005-03-31,80.27034564640547,80.45371753416775,80.05301350680239,80.1141357421875,64575400
2005-04-01,80.56919056162033,80.81368991633038,79.40103331108213,79.75419616699219,95255300
2005-04-04,79.70667319872076,80.0462551379854,79.28558972865333,79.89004516601562,71581200
2005-04-05,79.99188042893125,80.39937751414834,79.91717202545402,80.27033996582031,46853900
2005-04-06,80.44696775503022,80.78654972981988,80.26359576855207,80.54884338378906,53268200
2005-04-07,80.4197879747505,80.99707616792328,80.35866053836757,80.98348999023438,46734600
2005-04-08,80.93594729188055,80.96311446516656,80.14132690429688,80.14132690429688,63772900
2005-04-11,80.33828184494087,80.42657126841985,80.02586713692874,80.20244598388672,44945000
2005-04-12,80.06660121588656,80.86122143220058,79.50968723758007,80.6167221069336,86144800
2005-04-13,80.52163597284236,80.68463897005891,79.55043180292398,79.6658935546875,65949000
2005-04-14,79.73381777334336,79.80173310562235,78.62677764892578,78.62677764892578,96119800
2005-04-15,78.60642600416858,78.91884076711118,77.4925976557266,77.52655792236328,128677300
2005-04-18,77.50614852939405,78.07664344143214,77.3974798709448,77.76422882080078,100035200
2005-04-19,78.1717646253881,78.46380531253548,77.98839265048595,78.38230895996094,64930100
2005-04-20,78.36190062533028,78.53169153903002,77.11903507506977,77.28882598876953,107735900
2005-04-21,77.96117650014806,78.92558739827584,77.68271698614441,78.78975677490234,86952200
2005-04-22,78.6064157684363,79.12258170076811,77.60804416598728,78.49095916748047,88845800
2005-04-25,78.68788004756728,79.12254425383237,78.59279757629716,79.00708770751953,52284100
2005-04-26,78.75582807286393,79.30594905395827,78.2057070917696,78.23966217041016,72626000
2005-04-27,78.00874810600187,78.83053561503496,77.7235005769044,78.5452880859375,84131900
2005-04-28,78.2871907294828,78.56565030986029,77.56048583984375,77.56048583984375,72481500
2005-04-29,78.15138856268872,78.6947217469685,77.40430932051099,78.61322021484375,103993800
2005-05-02,78.83053171424652,79.06145007038086,78.45698960062093,79.05465698242188,56026400
2005-05-03,78.83051958155983,79.36026636545421,78.57243927652611,79.19047546386719,86000300
2005-05-04,79.2244619627835,79.97154114094187,78.97316947980644,79.80175018310547,81055700
2005-05-05,79.91719804696996,80.14132333037817,79.28557554566112,79.77457427978516,96906700
2005-05-06,80.09376981635312,80.13451797742422,79.50289557278475,79.52326965332031,67415400
2005-05-09,79.6047680010496,80.19564222119209,79.49610451529892,80.01905822753906,43750500
2005-05-10,79.70664125554173,79.8017237459019,79.04785172832693,79.19047546386719,74613500
2005-05-11,79.41459066644722,79.73379835016786,78.68109282065593,79.62512969970703,91647400
2005-05-12,79.67946406775768,79.86283593850082,78.74900817871094,78.74900817871094,95086800
2005-05-13,78.98672771086288,79.20405985273213,77.96798232429941,78.59281158447266,85267000
2005-05-16,78.57924022660022,79.3534864518394,78.55207823765144,79.32632446289062,49207000
2005-05-17,79.06145116304559,79.9375678023705,78.89166023297972,79.85607147216797,61071800
2005-05-18,80.20243116249792,80.87480689184248,80.14810200972455,80.67784881591797,77944900
2005-05-19,80.83404846551143,81.09892703355368,80.61671632326693,81.01742553710938,61768100
2005-05-20,81.05139683611009,81.08535709516326,80.64389963551223,80.90198516845703,46345500
2005-05-23,80.96309666018593,81.52680372328383,80.94951566733383,81.3502197265625,51047900
2005-05-24,81.11931653210121,81.38418996888582,80.95631350822762,81.16006469726562,50654100
2005-05-25,81.058199894872,81.41136797867776,80.7050369926749,81.09895324707031,47608800
2005-05-26,81.35703107594567,81.64227862433512,81.24157447516068,81.53361511230469,43256200
2005-05-27,81.54037560005972,81.66941833496094,81.36379680468694,81.66941833496094,24596100
2005-05-31,81.55396623942906,81.6150884761886,81.09213478468665,81.14646911621094,43377200
2005-06-01,81.17364306379395,82.12447327917492,81.12610181210528,81.83922576904297,69611000
2005-06-02,81.65583698941855,82.07012199338585,81.5675424105084,82.01579284667969,39704500
2005-06-03,81.8731985399957,82.10411174588786,81.31628442869324,81.60153198242188,60999400
2005-06-06,81.46568226605449,81.63547318797757,81.19402093626373,81.52680969238281,36046400
2005-06-07,81.76455100430809,82.34863244068421,81.50647055770861,81.58796691894531,66501300
2005-06-08,81.79166986053563,81.90033333851991,81.27550409069138,81.43850708007812,46881200
2005-06-09,81.32305299185681,81.89355314521927,81.11930700834745,81.82563781738281,56653300
2005-06-10,81.87998215893626,81.941109592453,81.22798556387153,81.63548278808594,36465300
2005-06-13,81.45888277433171,82.23312885365415,81.3705881912606,81.89354705810547,49383200
2005-06-14,81.80523495811296,82.31460754236423,81.7576937241804,82.08369445800781,33857100
2005-06-15,82.28747563213061,82.34180478961544,81.65585318960044,82.23992919921875,53195600
2005-06-16,82.21958206226553,82.61349837736857,82.12449952849713,82.45050048828125,46564500
2005-06-17,82.87871689821088,83.12420306279671,82.6605075521925,82.75597381591797,51529400
2005-06-20,82.56506238776952,83.08330646542345,82.46959609964786,82.78327178955078,41019400
2005-06-21,82.85143470552309,82.95372146788593,82.53093861129592,82.83097839355469,39879800
2005-06-22,82.97423332341366,83.15153015002498,82.55827069320496,82.89922332763672,46310100
2005-06-23,82.72869661162686,82.91962913818757,81.71265983670244,81.73311614990234,62185600
2005-06-24,81.74675158511953,81.83540254527647,81.03756991646974,81.13304138183594,58572500
2005-06-27,81.1262269414014,81.42626676278523,80.97620703070947,81.24897003173828,48183800
2005-06-28,81.41946415592251,81.99226190173466,81.39900783678961,81.93089294433594,41174200
2005-06-29,82.0808603418149,82.10131664785217,81.66489811065918,81.71263122558594,42316500
2005-06-30,81.97858305558108,82.04677248440265,81.11256118173542,81.26940155029297,62288800
2005-07-01,81.45350302359536,81.69217379747022,81.2898473750257,81.508056640625,49737500
2005-07-05,81.31715910950926,82.2718270074837,81.27624648042456,82.1627197265625,51549000
2005-07-06,82.09450670915335,82.27180338849034,81.42624301418472,81.4739761352539,52363600
2005-07-07,80.66254266929595,81.79450225830078,80.64208635180222,81.79450225830078,103268800
2005-07-08,81.80813573974488,82.72870635986328,81.63765950629623,82.72870635986328,64491200
2005-07-11,82.73550405847942,83.26056842364892,82.72186305015171,83.1514663696289,49688300
2005-07-12,83.18557271512941,83.62199141090389,82.94690705377168,83.36968994140625,51871100
2005-07-13,83.37648844989796,83.54696463117507,83.18555595927083,83.485595703125,41182300
2005-07-14,83.86069091224375,84.17436663179073,83.52655366971767,83.81295776367188,63638800
2005-07-15,83.73110562946877,83.90158185922112,83.43788630619386,83.76519775390625,56075900
2005-07-18,83.53332464698539,83.62197038390767,83.22646961704525,83.43103790283203,56598400
2005-07-19,83.6765201558755,83.94928306022159,83.4719518795057,83.88790893554688,59165700
2005-07-20,83.5947311433504,84.37210762679332,83.39698327230201,84.17435455322266,69477000
2005-07-21,84.24934714797581,84.29025977458156,83.51288865394518,83.68336486816406,101110900
2005-07-22,83.79244833176918,84.25614373957033,83.62197215540874,84.24250793457031,52607100
2005-07-25,84.15388037363861,84.52210441589865,83.7720101183908,84.00386047363281,57301600
2005-07-26,84.03112776834317,84.23569607946712,83.8401900610987,84.10613250732422,42758800
2005-07-27,84.2152337602955,84.48117618754745,83.90837871424178,84.4129867553711,43181600
2005-07-28,84.52890770347236,84.99260311698528,84.31069840314392,84.94486999511719,47880700
2005-07-29,84.8358018033143,84.98581653011186,84.21526576885944,84.37892150878906,62358100
2005-08-01,84.4402708404919,84.58347022115022,84.18114369237819,84.3175277709961,40418200
2005-08-02,84.4675705181387,84.96535823289312,84.37891954241269,84.82215881347656,45147400
2005-08-03,84.7266916402097,85.06082361532408,84.63804586794073,85.04718780517578,36837200
2005-08-04,84.71302248468078,84.76757090632422,84.26296288911269,84.36524963378906,50855600
2005-08-05,84.1811660918238,84.54258009443805,83.64928104998828,83.79248046875,53595500
2005-08-08,83.97656483776153,84.15386151645077,83.45149530539875,83.63561248779297,47616000
2005-08-09,83.91521366911998,84.27662242656689,83.78565527839763,84.14024353027344,47170000
2005-08-10,84.43348964875746,84.89718532691704,83.75158454573001,84.09935760498047,72863700
2005-08-11,84.058421871831,84.5766710965449,83.88113032859154,84.4334716796875,58570200
2005-08-12,84.26299515201697,84.34482561959359,83.70383329654824,83.91522216796875,54776900
2005-08-15,84.02432974544894,84.46756900859152,83.75838722806776,84.4334716796875,36208500
2005-08-16,84.17433175670338,84.22888018781146,83.25375609740819,83.33558654785156,71942100
2005-08-17,83.32196582438294,83.7856613891293,83.21285853737355,83.32878112792969,62275100
2005-08-18,83.2264713185456,83.57423897224895,83.08326675229125,83.32193756103516,53388600
2005-08-19,83.62196519766213,83.75152874572217,83.32874599061864,83.51286315917969,39842100
2005-08-22,83.5878730867387,84.0311121489002,83.11053671113416,83.51286315917969,69912000
2005-08-23,83.5333682410594,83.60837821241645,82.61279746829513,83.35607147216797,55168600
2005-08-24,83.15147551330185,83.69018094603729,82.57185225360412,82.6127700805664,79104600
2005-08-25,82.74914795161757,82.96735728350421,82.65368169407473,82.91280364990234,35631100
2005-08-26,82.83778925678159,82.84460455829725,82.29226338935484,82.34681701660156,61956800
2005-08-29,82.10815033429613,83.04235647679357,82.08768882245414,82.98098754882812,56179200
2005-08-30,82.68098799994907,82.71508533374164,82.09454923587133,82.54460906982422,74160200
2005-08-31,82.64005092350823,83.64245189132123,82.33319061768645,83.58789825439453,102945200
2005-09-01,83.54698371880875,83.97658712338969,82.60595685607387,83.52652740478516,74578700
2005-09-02,83.77202438003735,83.79248069669868,83.21968302009358,83.37651824951172,47653400
2005-09-06,83.64243954051774,84.41981054311091,83.63561903627874,84.35161590576172,57251300
2005-09-07,84.30385910550281,84.64481138641526,84.18793657859713,84.49479675292969,41749700
2005-09-08,84.32434010143893,84.55618520883414,84.0856692876237,84.2152328491211,39068700
2005-09-09,84.44027523755562,85.06080591938797,84.41981892532787,84.96533966064453,43093900
2005-09-12,84.86301973722045,85.01303957163239,84.7402767092942,84.79483032226562,33017600
2005-09-13,84.64484698784108,84.84260001824703,84.22888461397358,84.32435607910156,58427500
2005-09-14,84.37887994562195,84.50162299073921,83.8879077651529,84.01747131347656,57694600
2005-09-15,84.2765970219063,84.31751484047705,83.80608632976147,83.9765625,73156900
2005-09-16,84.43676343474533,84.7380751698209,84.14229601263379,84.57372283935547,75424100
2005-09-19,84.5531683816454,84.6079542261836,83.98477700005957,84.29293823242188,53355300
2005-09-20,84.36828928461061,84.64906289199247,83.45749920074672,83.58076477050781,84480300
2005-09-21,83.40270039455085,83.45748624475456,82.71104340356098,82.8000717163086,94469100
2005-09-22,82.82749175204036,83.31370983158187,82.47824357614651,83.09456634521484,84597200
2005-09-23,83.02606026683488,83.47118618907216,82.7932282234697,83.16302490234375,59368100
2005-09-26,83.56019995979408,83.71085842970969,82.91648453106289,83.2588882446289,70415400
2005-09-27,83.2178241843023,83.53968461905662,82.87542035578373,83.23837280273438,66150800
2005-09-28,83.49856224210397,83.62867731337604,82.99865056668936,83.32051086425781,58620500
2005-09-29,83.23835264666437,84.13544878825857,82.91649228984816,83.99848937988281,66607700
2005-09-30,83.97110248490068,84.25872039794922,83.36846850556063,84.25872039794922,47824200
2005-10-03,84.2039438795864,84.46416889291957,83.85469053234038,83.95741271972656,50994800
2005-10-04,84.08749937448546,84.25185168386838,82.97126521856678,83.0123519897461,60776300
2005-10-05,83.03290529620807,83.07399207229648,81.88242854373581,81.92351531982422,106052100
2005-10-06,82.02624847551961,82.35495840227011,80.92370788897502,81.62905883789062,140941800
2005-10-07,81.9714507200865,82.21113751037494,81.58111067759718,81.90982055664062,75661400
2005-10-10,81.95778663212518,81.97833002740065,81.01275387677636,81.21819305419922,52677000
2005-10-11,81.48526676316754,81.7591908881115,81.02644685807059,81.10177612304688,75629800
2005-10-12,81.07439090763219,81.58114719099534,80.403282223521,80.46491241455078,100510400
2005-10-13,80.43751269459413,80.86209535411732,80.04032297033066,80.4169692993164,99052900
2005-10-14,80.88946465757333,81.36197828492122,80.50596890064365,81.26610565185547,88651000
2005-10-17,81.35511708932881,81.67697216230795,81.115430331736,81.5674057006836,68109300
2005-10-18,81.45099958983646,81.46469343995221,80.67031951658346,80.68401336669922,74996900
2005-10-19,80.4648847845489,82.03994419360255,80.20465980399808,82.0262451171875,116563800
2005-10-20,81.82763279842464,82.04677095217654,80.32790818120557,80.58128356933594,131966700
2005-10-21,81.00586532839918,81.34141948053806,80.47171640978382,80.89629364013672,96579500
2005-10-24,81.10860053255934,82.23852870777462,81.08805714387054,82.14950561523438,71308400
2005-10-25,81.98513793945312,82.34123546764526,81.45098903483216,81.98513793945312,76594500
2005-10-26,81.84134076579198,82.54669161156215,81.62220258822585,81.74546813964844,80855800
2005-10-27,81.62905012807465,81.74547137127965,80.75934692091461,80.87576293945312,66623100
2005-10-28,81.10174419045804,82.1426491858027,80.87575648450841,82.03993225097656,72322000
2005-10-31,82.37551717216598,83.06717439790168,82.26594543457031,82.26594543457031,77698900
2005-11-01,82.57412473689844,82.79326302114897,82.32759351403297,82.51248931884766,66365100
2005-11-02,82.29333076617552,83.37532806396484,82.26593783430734,83.37532806396484,74012300
2005-11-03,83.64923361280835,83.99848688586324,83.37530957952345,83.73140716552734,84897600
2005-11-04,83.82042093091766,83.8615077001453,83.23833572664253,83.621826171875,59156000
2005-11-07,83.79991317941851,83.97111509021883,83.44381027913995,83.70404052734375,46765400
2005-11-08,83.4985961445163,83.83415042677797,83.40272349244154,83.70404052734375,42152800
2005-11-09,83.60129473645084,84.19707387406847,83.45063626152852,83.81358337402344,57666800
2005-11-10,83.7793344486418,84.58740738616079,83.37530059221523,84.46414184570312,79048100
2005-11-11,84.47103448260879,84.80658881547377,83.84101260977333,84.7518081665039,34867000
2005-11-14,84.77232186881247,84.92982466951685,84.49154828326702,84.70384216308594,45092200
2005-11-15,84.60796953902089,84.97776099491637,84.13545068752484,84.39567565917969,69592500
2005-11-16,84.48470571375965,84.60797127647832,84.21763119864696,84.56687927246094,51133000
2005-11-17,84.69698610599202,85.36125017221106,84.32718945393195,85.35440063476562,55717500
2005-11-18,85.64201272609719,85.79267119172195,85.14210624434146,85.68994903564453,72437200
2005-11-21,85.70364312526561,86.22409818770097,85.58722712665914,86.12137603759766,50021200
2005-11-22,85.98443432981101,86.64184895103222,85.88856169075794,86.49119567871094,66438800
2005-11-23,86.45696264389423,87.25134199662114,86.42956971193804,86.9911117553711,50854700
2005-11-25,86.95684575307176,87.12119806579152,86.84042452459053,87.05956268310547,15270000
2005-11-28,87.14173852881609,87.15543237747265,86.31312223145481,86.4432373046875,54498500
2005-11-29,86.73089269966212,86.95688048533181,86.34739685058594,86.34739685058594,51738900
2005-11-30,86.395288808754,86.6418146224517,85.79950459526687,85.88168334960938,56007200
2005-12-01,86.29946041208211,86.99111762279142,86.2720727029462,86.75828552246094,65468200
2005-12-02,86.8130196427089,87.02531345975413,86.62812396945283,86.86780548095703,46699400
2005-12-05,86.76508827126374,86.78563688027339,86.40899075174407,86.68291473388672,59273400
2005-12-06,87.00479042530313,87.47730402287597,86.71716731956354,86.84728240966797,57935200
2005-12-07,86.81305935752123,86.8815442989941,86.06662156240786,86.34054565429688,66816500
2005-12-08,86.43638691164753,86.84727028792675,85.92963092172536,86.28572845458984,62608600
2005-12-09,86.39531798598676,86.81989529848141,86.1624807157155,86.51173400878906,50744500
2005-12-12,86.77196928335879,86.87469146700701,86.25836358978496,86.59391784667969,48389900
2005-12-13,86.57339050611762,87.44994354972178,86.48436738360628,87.18286895751953,88630900
2005-12-14,87.10067594897235,87.71699857833822,87.06643348082221,87.52525329589844,64375000
2005-12-15,87.54580761363113,87.65537934565371,87.09383728070733,87.27188873291016,55900300
2005-12-16,87.62435880430316,87.67943508664578,86.99099731445312,86.99099731445312,46238300
2005-12-19,87.24571220432703,87.34209306232835,86.52973636462964,86.54350280761719,48733000
2005-12-20,86.64678144389701,87.14933809376448,86.38517697221009,86.62612915039062,46603200
2005-12-21,86.89461405797888,87.26637107502768,86.60547146217313,86.76380920410156,51806900
2005-12-22,86.95657570270527,87.21818542480469,86.79823795209472,87.21818542480469,32247900
2005-12-23,87.28010860255058,87.33518486513212,87.03227067329513,87.26634216308594,27977300
2005-12-27,87.40406680074533,87.46602893705324,86.31633376212959,86.3782958984375,44499500
2005-12-28,86.56415907388357,86.73626850712785,86.39893548863071,86.571044921875,30764300
2005-12-29,86.55040281725611,86.7156264219558,86.09603133887735,86.18553161621094,32788900
2005-12-30,85.91704720726602,86.0960372695354,85.61413286748083,85.71739959716797,44645600
2006-01-03,86.18554491955332,87.43161587448822,85.63479248239028,87.22508239746094,73256700
2006-01-04,87.33522349157352,87.76893743341189,87.22507091769238,87.63813781738281,51899600
2006-01-05,87.53486903133829,87.8377780976514,87.34898788038163,87.69320678710938,47307500
2006-01-06,88.13379292673903,88.51931633887344,87.67942154612699,88.42293548583984,62885900
2006-01-09,88.40915859600969,88.84975825609021,88.38162571307163,88.65011596679688,43527400
2006-01-10,88.38847894848315,88.79465450062303,88.29897872336983,88.73957824707031,44960800
2006-01-11,88.82225400864846,89.11139664397535,88.62260115026433,89.02189636230469,49598900
2006-01-12,88.86356101750246,89.00124648977798,88.42296120338388,88.6707992553711,40509200
2006-01-13,88.51245483755376,88.73963007214022,88.25772570301724,88.58817291259766,44856700
2006-01-17,88.25771348012954,88.40917061869666,87.98922318989253,88.34721374511719,52066600
2006-01-18,87.83090827214339,88.73964083488656,87.54176561560108,87.99613189697266,75067600
2006-01-19,88.20952893993353,88.65012866311599,87.98922382597931,88.33344268798828,81530400
2006-01-20,88.31277763524515,88.33342992360332,86.72248840332031,86.72248840332031,114957800
2006-01-23,86.88773916970091,87.30768667235567,86.83266288192496,87.03231048583984,67017400
2006-01-24,87.17682850907029,87.53481890840348,87.03225728131059,87.12175750732422,53008800
2006-01-25,87.45915242667901,87.55553331357027,86.6330237859997,87.19754791259766,87747700
2006-01-26,87.60369190868448,87.89283446424045,87.26635892720252,87.6794204711914,71294000
2006-01-27,87.88596506955402,88.57440281472417,87.7413885209887,88.49178314208984,65771200
2006-01-30,88.42293548583984,88.67765406070184,88.36097861704505,88.42293548583984,33709600
2006-01-31,88.3403111850368,88.4917577812229,87.76890150737565,87.77578735351562,72937000
2006-02-01,87.99610999309017,88.41605217409052,87.92726727091124,88.38851928710938,63561000
2006-02-02,88.18886019974497,88.21639308149085,87.29388922450498,87.36273193359375,83626900
2006-02-03,87.14245829182458,88.38852903346178,86.83954397800018,86.92903900146484,86040400
2006-02-06,87.04608741140818,87.29392546891964,86.86020624209247,87.15623474121094,45511900
2006-02-07,87.00477511565745,87.19754212901866,86.33010895216745,86.38518524169922,71208100
2006-02-08,86.63988294320629,88.18887301071233,86.46777351930149,87.16998291015625,59422200
2006-02-09,87.37653594439331,87.84467392079243,86.99789825541849,87.02543640136719,62023300
2006-02-10,87.03919029058031,87.52109464424488,86.36451894308638,87.18376159667969,64508700
2006-02-13,87.1562360291681,87.28704090933329,86.70875034913942,87.02543640136719,52308700
2006-02-14,87.05985153802905,88.14069877301002,86.8877420722527,87.94793701171875,90964400
2006-02-15,87.89972801566755,88.34033298721778,87.5968137390902,88.2577133178711,85471300
2006-02-16,88.35407812149327,88.95302597032415,88.2439255855331,88.9186019897461,61017900
2006-02-17,88.84288691005685,88.91861547692548,88.51932035204779,88.67765808105469,40342600
2006-02-21,88.8841873045425,89.08382960521507,88.3196633772526,88.45735931396484,46456300
2006-02-22,88.65012016026448,89.25593815607974,88.56750049809308,88.99433898925781,42326700
2006-02-23,88.99438369787339,89.24910239778093,88.31282629236773,88.86357879638672,43423200
2006-02-24,88.88419534074926,89.13891393819135,88.64323793444247,89.09072875976562,36777400
2006-02-27,89.08386800381162,89.52446787892112,89.0012588099566,89.12518310546875,35858600
2006-02-28,88.94612845779503,89.43492373542051,88.20950574921513,88.2783432006836,74394800
2006-03-01,88.53308198362008,89.14579104419113,88.46423401984717,89.06317138671875,48641600
2006-03-02,88.73961895461939,89.09760951457251,88.53997663553992,89.05630493164062,60642300
2006-03-03,88.58125450902979,89.5450733406382,88.56748281729631,88.6432113647461,73402500
2006-03-06,88.90482290846053,88.93235578780056,88.01673785744029,88.2370376586914,57478400
2006-03-07,88.02362142845419,88.16130683104203,87.70694080061304,88.09934997558594,61780800
2006-03-08,87.9134779927259,88.42292559016119,87.55549275757323,88.28524017333984,66692400
2006-03-09,88.31280186969205,88.5881727931833,87.69320678710938,87.69320678710938,56313600
2006-03-10,87.92036849204482,88.69830111774151,87.73449264426321,88.52619171142578,60490800
2006-03-13,88.69831736339016,88.9186224860923,88.48490334122646,88.69143676757812,45479100
2006-03-14,88.60882528804635,89.65524307941213,88.53997731281584,89.62081909179688,69877300
2006-03-15,89.60017125493655,90.0889666920324,89.3936483284294,90.0201187133789,53398900
2006-03-16,90.19222958484396,90.50891558505224,90.07519642305935,90.20600128173828,65526400
2006-03-17,90.32278749711074,90.474846914163,90.11544333431094,90.28131866455078,47286800
2006-03-20,90.29513679257164,90.47483856591631,89.99793648898263,90.13616943359376,45538500
2006-03-21,90.1085588689466,90.5370949091054,89.47267858766551,89.56944274902344,87102700
2006-03-22,89.51413341228,90.20530889841253,89.47266457055221,90.11546325683594,51605700
2006-03-23,90.0324821861324,90.1223383414335,89.61778337362131,89.9288101196289,46704200
2006-03-24,89.84588065441562,90.24676359225828,89.67308683016438,89.99794006347656,43209200
2006-03-27,89.87353088163925,90.04632472099432,89.67309466844692,89.86662292480469,32523000
2006-03-28,89.8044265076438,90.21913602095658,89.19619924701969,89.3136978149414,82079900
2006-03-29,89.44500219613049,90.19838077643684,89.36205398471702,89.87352752685547,61505700
2006-03-30,89.92880883565942,90.53012790578852,89.54175239757647,89.71454620361328,70571700
2006-03-31,89.86664608411502,90.01870554565427,89.41737565811208,89.73532104492188,62925600
2006-04-03,89.90119112769172,90.45412302148516,89.5003081221416,89.66618347167969,61624700
2006-04-04,89.66616851260035,90.35734381103264,89.41043702705979,90.2398452758789,54809300
2006-04-05,90.27442971796756,90.73751602323496,90.11546231084613,90.55089569091795,50607200
2006-04-06,90.44030853567035,90.6891321104088,89.98413022423318,90.4541244506836,57906200
2006-04-07,90.58546372626388,90.82046087647582,89.40355947010862,89.53487396240234,80180900
2006-04-10,89.67309570312501,89.90809279619963,89.34132393425591,89.673095703125,41496500
2006-04-11,89.7491228289964,89.89426374550757,88.64323805763111,88.91279602050781,72799400
2006-04-12,89.00263699013374,89.25146049387108,88.89204642258447,89.07866668701172,43033700
2006-04-13,88.87825629599119,89.33443466373227,88.68472799691946,88.9612045288086,51051800
2006-04-17,89.04412666338649,89.37588789720935,88.48427628552932,88.92662811279297,64167700
2006-04-18,89.11324824058882,90.50251768436031,89.11324824058882,90.33663177490234,92531800
2006-04-19,90.37115885174669,90.59233998161814,90.01866329082286,90.50939178466795,87269000
2006-04-20,90.54397866073614,91.13838993487272,90.26751271548648,90.6338348388672,86005500
2006-04-21,91.02088464257469,91.08999585052094,90.28132194670673,90.64764404296876,72342600
2006-04-24,90.4679545437911,90.59237160940472,90.1154588598033,90.48178100585938,52546400
2006-04-25,90.57161436194777,90.62690965622264,89.79750133509746,90.10852813720705,84359800
2006-04-26,90.1983713172665,90.64072306125374,90.06013837473878,90.1292495727539,67262400
2006-04-27,89.78367337784596,90.97941432191674,89.56941070766531,90.56470489501952,124478600
2006-04-28,90.39881548851444,91.06234843636584,90.34353074381704,90.86882019042967,55854400
2006-05-01,90.86881216234836,91.096901263443,90.0739648329408,90.1292495727539,64990300
2006-05-02,90.55092134193264,90.86195883273776,90.3643115032542,90.8066635131836,49063500
2006-05-03,90.64767365692418,90.76518278717032,90.1638528572436,90.4679718017578,60821300
2006-05-04,90.59928024830576,90.97251035495168,90.52325052610932,90.79280853271484,42921400
2006-05-05,91.26970546334312,91.78808696667924,91.13147250508658,91.59455871582033,62588200
2006-05-08,91.5876580030844,91.76737037557488,91.4839859008789,91.4839859008789,30016700
2006-05-09,91.52542520159749,91.76734075733212,91.44939550235206,91.66365814208984,29864000
2006-05-10,91.51853128232084,91.75352837184982,91.15911714471838,91.61529541015624,64378200
2006-05-11,91.58762342654953,91.61527634103184,90.21219150621202,90.50939178466795,80626900
2006-05-12,90.10162774023892,90.35045131210364,89.29295376830353,89.3275146484375,91726500
2006-05-15,89.01647062816578,89.67309566219086,88.892064124771,89.50720977783203,84029300
2006-05-16,89.6869041596378,89.85279003027922,89.16852267869388,89.3758773803711,62137600
2006-05-17,88.93353715742869,89.23074806262265,87.62030284713471,87.67559814453125,144789500
2006-05-18,88.02117767865302,88.29764886674081,87.16412174150523,87.23323822021484,87906300
2006-05-19,87.68943652061101,88.1179619505371,86.94987895550416,87.84840393066406,124309400
2006-05-22,87.28163299723352,87.89677871188324,86.74251700221467,87.1779556274414,110852800
2006-05-23,87.90368352199339,88.21471032832478,86.51441955566406,86.51441955566406,92006500
2006-05-24,86.86689966292208,87.70322102517453,86.23101974218855,87.20557403564453,168405000
2006-05-25,87.72395796061474,88.2838134765625,87.38528357815144,88.2838134765625,78977900
2006-05-26,88.47737403727221,88.73311614990234,88.1317915524024,88.73311614990234,62989700
2006-05-30,88.44969563223822,88.47043004556038,87.12264044713447,87.15719604492188,72419900
2006-05-31,87.5166065025363,88.13175201416016,87.22630890827975,88.13175201416016,86926200
2006-06-01,88.04193546887988,89.12017286135476,87.96590574013965,88.97502136230469,73721700
2006-06-02,89.33445315397987,89.45885970920338,88.69166485898471,89.16165924072266,91702600
2006-06-05,89.05794108740142,89.06484904362051,87.62028993322836,87.8622055053711,86105100
2006-06-06,87.92439746807392,88.0418959877089,86.9221955270136,87.6479263305664,130498600
2006-06-07,87.71708464601919,88.22855303606799,86.94296619285709,86.99134826660156,108599400
2006-06-08,86.79780753950864,87.43368763857285,85.61589824453608,86.9153060913086,204957200
2006-06-09,87.3369283875323,87.75163259387787,86.59737088302016,86.63883972167969,94972200
2006-06-12,87.00516612398728,87.03972700673133,85.5813463455388,85.69884490966797,95815900
2006-06-13,85.5260474335418,86.28633936257577,84.70355224609375,84.70355224609375,185688800
2006-06-14,84.90398253820769,85.450011730138,84.55839484254925,85.36016082763672,163566400
2006-06-15,85.67118127134829,87.33691637166783,85.60897802191695,87.17103576660156,134057000
2006-06-16,86.98012703748432,87.16756691410659,86.40391453705377,86.53582000732422,94253500
2006-06-19,87.05648188674814,87.1120215826921,85.77215687324646,85.85546112060547,95804400
2006-06-20,86.09149929388101,86.64688034503071,85.89017187525134,86.14703369140625,65494700
2006-06-21,86.08458466244552,87.26477443032338,86.05681480599965,86.78575897216797,75008200
2006-06-22,86.74407916060457,86.82044492198993,86.1123323032569,86.4039077758789,74566100
2006-06-23,86.31364889664412,86.9870530916095,86.10537770147008,86.3900146484375,54107000
2006-06-26,86.45943384096593,86.8204312315892,86.25810643783814,86.77183532714844,37899600
2006-06-27,86.78573174247843,86.98011538005169,85.92488235242993,86.02207946777344,69780200
2006-06-28,86.21642697954883,86.61907636156802,85.84154213707193,86.60519409179688,62368100
2006-06-29,86.91763400031182,88.41023024856659,86.89680793814779,88.35469055175781,110634800
2006-06-30,88.54213466501251,88.62544420924777,88.13947981271083,88.36163330078125,54227800
2006-07-03,88.46576624723139,88.86841579087054,88.3824567055008,88.7226333618164,23914000
2006-07-05,88.36861292575098,88.47968706655499,87.83405240241945,88.21588134765625,69653400
2006-07-06,88.30612103311626,88.75737193557758,88.22281675956306,88.47274017333984,50100300
2006-07-07,88.29913915451985,88.55600093384156,87.67433092708491,87.896484375,81626500
2006-07-10,88.12559383125074,88.46576518693246,87.75765262865832,88.0631103515625,60964100
2006-07-11,87.8965329804778,88.45191955566406,87.43139976928069,88.45191955566406,73640800
2006-07-12,88.27137312644314,88.44493068064513,87.27862370454551,87.50772094726562,82561300
2006-07-13,87.09120382593039,87.25087915256765,86.0845718383789,86.0845718383789,102405700
2006-07-14,86.17480077005033,86.26505409417334,85.2723046047163,85.7513198852539,103242500
2006-07-17,85.75133497239312,86.15398986756037,85.49447311929757,85.62637329101562,81159000
2006-07-18,85.88324981754872,86.11929092883649,84.96686581958048,86.06375122070312,122771000
2006-07-19,86.20951567338933,87.6535159150894,85.89017038280201,87.25780487060547,133565300
2006-07-20,87.55635512590347,87.68131683141824,86.54277920186514,86.66079711914062,112259800
2006-07-21,86.88292236532094,86.91069221267156,85.95959480300074,86.04984283447266,101560000
2006-07-24,86.38999707228619,87.69514777971372,86.38999707228619,87.61878204345703,92884000
2006-07-25,87.45915173433737,88.37553568831952,87.27865033984696,87.93122863769531,95480700
2006-07-26,87.88264385293584,88.479682556935,87.59801207817837,88.04926300048828,84525800
2006-07-27,88.43105251820111,88.646267509966,87.61186056335363,87.9659194946289,87257100
2006-07-28,88.19503219134133,88.95868458536204,88.07007050529737,88.84761047363281,82137000
2006-07-31,88.62546979935543,88.8337357752438,88.47967673070755,88.75736999511719,49593100
2006-08-01,88.40325050383423,88.43102034094309,87.88952175870739,88.3199462890625,65225600
2006-08-02,88.5698999374711,89.18082597052135,88.54907387662743,88.9170150756836,64770900
2006-08-03,88.40326816285707,89.24329133767344,88.27136803093579,89.15303802490234,63693800
2006-08-04,89.61126952057302,89.85424382698474,88.50050183802658,89.0003433227539,96294200
2006-08-07,88.79205322265625,88.91701488400564,88.44493808519205,88.79205322265625,45377300
2006-08-08,88.92399125904579,89.18086377352617,88.13256883216866,88.45191955566406,90901300
2006-08-09,88.98646584216209,89.27805199192005,87.89652939899032,88.15339660644531,78910600
2006-08-10,87.87565270566662,88.51434316557032,87.66738154430183,88.4240951538086,69322300
2006-08-11,88.28529134983023,88.30611741736578,87.74379240767209,88.1742172241211,47482200
2006-08-14,88.60461162368345,88.97255813320912,88.11170874437084,88.24361419677734,57839000
2006-08-15,89.03504770402861,89.46546715693351,88.79206812633107,89.29885864257812,68143000
2006-08-16,89.77787143064062,90.17357721063132,89.58347719242326,90.04167175292969,71737600
2006-08-17,89.95839610006045,90.5068335745635,89.89591789279761,90.2707977294922,70992800
2006-08-18,90.38185058572016,90.72896575927734,89.96530814020575,90.72896575927734,58288400
2006-08-21,90.37489774356916,90.4443250126386,90.11109742595612,90.34019470214844,42133600
2006-08-22,90.24301683051692,90.61095810860814,90.02779650037988,90.33325958251952,60839900
2006-08-23,90.37491138295584,90.55541807253285,89.68763004376832,90.08333587646484,66592100
2006-08-24,90.2430196694816,90.31938544241892,89.83341565475457,90.00697326660156,57983000
2006-08-25,90.00003172070598,90.4235127029627,89.93755352490963,90.11804962158205,41756000
2006-08-28,90.00697065763971,90.81922957948134,90.0000321668887,90.54846954345705,52681500
2006-08-29,90.5901478307578,90.8261836742312,90.1180655506935,90.65262603759766,61817800
2006-08-30,90.85393523275914,90.97195313760596,90.63178699808157,90.7081527709961,50052200
2006-08-31,90.84004504784907,90.93723687260356,90.65259988828171,90.69425201416016,37510300
2006-09-01,91.0413418075118,91.3468047696183,90.83307064306544,91.23572540283205,48794500
2006-09-05,91.29822998828372,91.5342763592744,91.08302027356636,91.40930938720705,52348300
2006-09-06,91.02054637529328,91.05526001323274,90.47904752140605,90.60400390625,53795600
2006-09-07,90.29159216197996,90.64565639864652,89.79869457545244,90.18746185302734,86269400
2006-09-08,90.30549197570404,90.56930291829704,90.13193437518026,90.4443359375,45096300
2006-09-11,90.15277042214508,90.72898299086016,89.88895945034105,90.53459930419922,68496600
2006-09-12,90.63869608583984,91.52730992251573,90.50679064876704,91.42317962646484,69875600
2006-09-13,91.38849041719368,91.95081535235558,91.30518615809277,91.79114532470705,62898400
2006-09-14,91.61062302679149,91.8050066378332,91.46483002195406,91.79805755615234,57805400
2006-09-15,92.25755443607852,92.31333837848427,91.81826253944516,92.01351165771484,76703100
2006-09-18,91.89500744103422,92.31338188641054,91.79738815574032,92.1390609741211,64154100
2006-09-19,92.1251146694527,92.13209431553275,91.39297533094476,91.9089584350586,92089100
2006-09-20,92.21575903871124,92.57834950138312,92.08327344813668,92.39704895019533,75204100
2006-09-21,92.46678413030703,92.56440341453458,91.6370148945209,91.95079040527344,88932500
2006-09-22,91.81134487293006,91.81831387974034,91.34416606371992,91.67189025878906,65966800
2006-09-25,91.85317403205588,92.63413897033055,91.3790262478394,92.37613677978516,92299100
2006-09-26,92.39007515050606,93.15709135103305,92.32034253602065,93.14314270019533,73962700
2006-09-27,93.0803940612003,93.41508721895372,92.92699081395838,93.25471496582033,82432200
2006-09-28,93.25469204492391,93.42901290669792,92.93393697779123,93.2198257446289,58597500
2006-09-29,93.29654594030072,93.3941652167584,93.0734100857099,93.14314270019533,47966600
2006-10-02,93.11523909855076,93.31745728305494,92.70384436414903,92.79449462890624,51687400
2006-10-03,92.66203713876764,93.3453722348481,92.4946852084251,92.98976135253906,73108100
2006-10-04,92.8991035040925,94.133298620681,92.79451520595144,94.0775146484375,80890500
2006-10-05,94.07749154760864,94.41916430381264,93.95895462558737,94.25878143310548,60505900
2006-10-06,94.09840059572151,94.20299949831622,93.71489256561,94.1402359008789,64983600
2006-10-09,94.02870365671237,94.34247916859636,93.882269409991,94.196044921875,41176800
2006-10-10,94.20300391578128,94.44704675387707,94.02170339866252,94.32154083251952,56403700
2006-10-11,94.02170666800448,94.43310138858384,93.64517825113738,94.20997619628906,104071800
2006-10-12,94.44705598130872,95.10250422941748,94.4121896754024,95.02580261230467,59158600
2006-10-13,94.94213517890252,95.32564327734812,94.85845391397606,95.26985931396484,53944000
2006-10-16,95.19317266368056,95.56273216946886,95.12344003856003,95.41629791259766,42273000
2006-10-17,95.15831328854895,95.31868557037224,94.60048416603104,95.1164779663086,90500600
2006-10-18,95.55571878221308,95.7858235962146,94.9002812801584,95.241943359375,86848600
2006-10-19,95.1025278512984,95.4442007105217,94.99095990056767,95.3953857421875,64063200
2006-10-20,95.41629791259766,95.49299954434834,95.06068705977442,95.41629791259766,48094500
2006-10-23,95.2210146282262,96.0856498311742,95.10247773293248,95.85554504394533,66219900
2006-10-24,95.7230746335682,96.17630463661158,95.68123932740436,96.14144897460938,53234900
2006-10-25,96.04387186091016,96.51105071758896,95.88348893063215,96.4692153930664,78105400
2006-10-26,96.68534182794566,96.9224156868885,96.21118347035711,96.76901245117188,66843700
2006-10-27,96.6504880944157,96.7481073807793,95.96715308987044,96.16239166259766,80238000
2006-10-30,95.9880478407205,96.36457624406276,95.80674732380982,96.09263610839844,49717800
2006-10-31,96.27394639022864,96.4064213294902,95.70216876305686,96.07869720458984,71274100
2006-11-01,96.37854296676068,96.44129593913544,95.33261753503317,95.43023681640624,83005600
2006-11-02,95.18618113104216,95.53482293369888,95.08159284612654,95.37445068359376,60693100
2006-11-03,95.71613228322413,95.79980291885155,94.56560784482453,95.20710754394533,71346400
2006-11-06,95.49999796928364,96.42040709157116,95.49301832157629,96.28095245361328,63303300
2006-11-07,96.36462376972752,96.90850430929036,96.22516913081266,96.6505126953125,63318900
2006-11-08,96.22513430392308,96.9572841928718,95.43023144613096,96.8596649169922,87517800
2006-11-09,96.92939366283916,97.0200439395256,96.15540840725768,96.35064697265624,95916300
2006-11-10,96.3227539579194,96.46220854690873,96.02989612913092,96.39248657226562,48991500
2006-11-13,96.350604517785,96.95026860148094,96.2739135663242,96.62952423095705,59398200
2006-11-14,96.90147585220336,97.43838705432292,96.30878070079989,97.35470581054688,96704000
2006-11-15,97.31984582478788,97.93344796022686,97.29194853153616,97.63362121582033,76509600
2006-11-16,97.92648648747692,98.09382770105638,97.26406935775636,97.88465118408205,76728800
2006-11-17,97.57089432587196,97.91953614475614,97.43143972625909,97.91256713867188,56353800
2006-11-20,97.8288453390492,98.13565168154982,97.57782293515764,97.96829986572266,69174200
2006-11-21,97.96139070493592,98.08689666370032,97.82192545336898,98.06597900390624,51367900
2006-11-22,98.14265540018968,98.42854419680224,97.9683345202604,98.26119232177734,45505300
2006-11-24,97.787037406585,98.20540110366676,97.75914010962542,97.86373901367188,30998000
2006-11-27,97.81497663268414,97.86379160874746,96.49014158703191,96.51802825927734,84545100
2006-11-28,96.39252841563648,97.03402831522077,96.30187810557632,96.93640899658205,106652900
2006-11-29,97.25013468358392,97.98925352229666,96.97819453274238,97.94741821289062,90034900
2006-11-30,97.92652771916931,98.35187121560811,97.4523692550826,97.9892807006836,83994300
2006-12-01,97.98924271574592,98.07989296926334,96.90148223234132,97.77308654785156,126080000
2006-12-04,97.79401771797234,98.70048845934149,97.7800690678798,98.5191879272461,87813200
2006-12-05,98.70742999709012,98.98634972281282,98.498242862723,98.94450378417967,73374400
2006-12-06,98.92360806485088,99.06307327847972,98.66561657110104,98.86085510253906,53253200
2006-12-07,99.03519169428498,99.22346125079603,98.39369204066976,98.42855834960938,62857400
2006-12-08,98.40760999962578,98.94451055896704,98.1635565528704,98.6098175048828,79625500
2006-12-11,98.6098326431049,99.07701131773588,98.55404868557706,98.89572143554688,39779400
2006-12-12,98.79809022195458,98.92359613143807,98.2402613538374,98.81900787353516,77451600
2006-12-13,99.17465995349995,99.25136158785276,98.7074811405166,98.92363739013672,55520200
2006-12-14,98.91664596855452,99.87890068334887,98.90269731827703,99.79521942138672,64755200
2006-12-15,100.01467397794596,100.18996610218514,99.73421085875614,99.8043212890625,70857400
2006-12-18,99.94457070843578,100.18297617122984,99.39065220440868,99.5308837890625,48954600
2006-12-19,99.25039512442268,99.95857139934871,98.99797405729376,99.72017669677734,65023600
2006-12-20,99.76230200388554,100.02874958757506,99.57298342079102,99.66413879394533,41469600
2006-12-21,99.75528087656951,99.86745974513586,99.08917270507968,99.2995147705078,48698400
2006-12-22,99.31349257825748,99.32050041068298,98.6333583686534,98.689453125,62069100
2006-12-26,98.73158137942367,99.29251858401062,98.71054717041304,99.271484375,32696900
2006-12-27,99.47482109060654,99.98668205316726,99.44677904422738,99.92356872558594,39727100
2006-12-28,99.85342738729511,100.05676158289256,99.55893784592074,99.71319580078124,37288800
2006-12-29,99.6080307317838,99.94458873545486,99.16629099641264,99.2995147705078,45461200
2007-01-03,99.74123836567212,100.16895166113984,98.56328019394854,99.12420654296876,94807600
2007-01-04,99.02604067660448,99.60100407743792,98.5913195582073,99.33455657958984,69620600
2007-01-05,99.09618856408004,99.14526481699129,98.43008033865988,98.5422592163086,76645300
2007-01-08,98.73854929964868,99.1522361301095,98.33887813535202,98.99797821044922,71655000
2007-01-09,99.08217597208396,99.2855209453895,98.44410970259035,98.91390228271484,75680100
2007-01-10,98.57025438746314,99.26441495109324,98.37392809251372,99.24337005615234,72428000
2007-01-11,99.2714292353682,100.0006397070052,99.21533447616822,99.67810821533205,54476800
2007-01-12,99.67111995191406,100.4354019165039,99.64307791328888,100.4354019165039,55370600
2007-01-16,100.31620368633328,100.57563266262888,100.07779821459144,100.23907470703124,44871300
2007-01-17,100.16191532070556,100.58962849444764,100.07776783311316,100.28111267089844,50241400
2007-01-18,100.38630444900151,100.44940705352992,99.7832990414356,99.94456481933594,68177300
2007-01-19,99.94454738792994,100.33721071191655,99.88846332634202,100.14088439941406,56973000
2007-01-22,100.3161978829044,100.33723208522586,99.51685539875324,99.83238983154295,60253600
2007-01-23,99.7482398008754,100.32320318041296,99.60800822261714,100.12687683105467,54064400
2007-01-24,100.24607766322666,100.95425411218262,100.20400925819736,100.93321990966795,55834700
2007-01-25,100.87009617884864,100.9121645750684,99.57293023417084,99.74822235107422,73583800
2007-01-26,99.9655744945574,100.02165854616442,99.27141399239896,99.65705871582033,67255600
2007-01-29,99.69917637088342,100.12688969385668,99.38365260452268,99.60101318359376,66114600
2007-01-30,99.81135259708184,100.1689447246674,99.60800771550652,100.11985778808594,70407600
2007-01-31,100.00769375782946,101.05944679366506,99.84641725573202,100.79299926757812,91868600
2007-02-01,101.07345381613771,101.43105666507503,100.9051801921524,101.39599609375,69312400
2007-02-02,101.48018296899964,101.63444099974252,101.23478024662832,101.5362777709961,49607000
2007-02-05,101.45909593781708,101.62738025620062,101.20667480973374,101.56427764892578,45705300
2007-02-06,101.6484104444074,101.69047884759595,101.1996629787568,101.59231567382812,57081300
2007-02-07,101.75353711435956,101.9218213527693,101.36790312051124,101.816650390625,55669700
2007-02-08,101.51524068422314,101.75363556171816,101.1576483679806,101.68352508544922,70641000
2007-02-09,101.7115215815082,101.90084011072172,100.54057123226978,100.92621612548828,79084400
2007-02-12,100.9262257502228,100.99633620177664,100.40034921813452,100.58264923095705,65657000
2007-02-13,100.80702869484502,101.59934206389754,100.80001016037606,101.43106842041016,64081800
2007-02-14,101.5292154848291,102.30049452593286,101.51518911710464,102.09716033935548,66039400
2007-02-15,102.13921423908258,102.33554056340996,101.97092994723812,102.2303695678711,38715200
2007-02-16,101.97797834378628,102.20234676630278,101.83072820792752,102.18131256103516,39841800
2007-02-20,102.06210081648888,102.5108482974202,101.66944810804696,102.3986587524414,56911800
2007-02-21,102.09713847986612,102.41968067456772,101.9148385344148,102.3565673828125,63971600
2007-02-22,102.40567299984971,102.66510195014436,101.788641227275,102.27945709228516,79067400
2007-02-23,102.18833773997656,102.22338761837806,101.69050321863978,101.87982177734376,71966200
2007-02-26,102.25140139209888,102.33553818657585,101.49413814486044,101.78862762451172,69192800
2007-02-27,100.88418000691496,101.10854848087966,97.4624725123033,97.81305694580078,274466500
2007-02-28,98.43703233670006,99.55188753727435,98.02334554388028,98.81565856933594,177536300
2007-03-01,97.70082092797844,99.04005539523806,96.7963182269655,98.52118682861328,212828600
2007-03-02,98.19864926607244,98.62636247337502,97.2240254919216,97.23103332519533,162574000
2007-03-05,96.7121951706626,97.86912996317928,96.2915003634628,96.30552673339844,143750400
2007-03-06,97.3081732699149,98.24773658577772,96.56493629769558,97.9532470703125,143333300
2007-03-07,97.87615963735009,98.48618382732936,97.7429358406996,97.8551254272461,115144900
2007-03-08,98.54221471326228,98.97694645164752,98.2126753665735,98.68245697021484,117891600
2007-03-09,99.0821593718982,99.15928836626634,98.21972476140826,98.71054077148438,107765100
2007-03-12,98.45813195124326,99.10320603110428,98.27583189573512,98.85780334472656,80366900
2007-03-13,98.28982735554236,98.70352503713336,96.78932670252834,96.93657684326172,190605200
2007-03-14,97.06278523996814,97.71487774304356,95.88482687168307,97.65878295898438,231853800
2007-03-15,97.44140786351784,98.15660288015712,97.32221047724208,97.7919921875,132435900
2007-03-16,98.06723023204154,98.29249929018576,97.229528376875,97.51815032958984,121531600
2007-03-19,98.03199612830142,98.7852271925172,97.95456125947004,98.69371032714844,96161200
2007-03-20,98.60924891388332,99.29208079972558,98.52477840971056,99.23576354980467,82147400
2007-03-21,99.32734660173207,101.12241045989076,99.13024146639368,100.86898803710938,152368700
2007-03-22,101.0027062364708,101.14349403695176,100.51697919460398,100.79151916503906,118942200
2007-03-23,100.86186567613716,101.23495798589003,100.77034882005682,100.93930053710938,74416800
2007-03-26,101.01678245729376,101.12237061625602,100.0242107973684,100.80559539794922,113787500
2007-03-27,100.74927671554288,100.77744071848336,100.23539644678814,100.56625366210938,99864600
2007-03-28,100.05939524830386,100.29169990419209,99.43991616593526,99.83413696289062,152907900
2007-03-29,100.34095815849476,100.39023977994204,99.39063276740865,99.93971252441406,139432700
2007-03-30,100.12979772281965,100.55216104957655,98.94715677677902,99.96084594726562,128194100
2007-04-02,100.07347106933594,100.2846580835974,99.59477978758214,100.07347106933594,79416400
2007-04-03,100.64372129746803,101.3547068524101,100.60148602073808,101.15056610107422,82417800
2007-04-04,101.15054142626956,101.3335644945936,100.7774489176032,101.26317596435548,63995200
2007-04-05,101.13645559844616,101.67849989374004,101.09422033361658,101.53771209716795,46822800
2007-04-09,101.82629781614769,101.93189669319258,101.47432304216665,101.67847442626952,50967400
2007-04-10,101.60105170058615,101.96710851691374,101.5588164412828,101.79815673828124,56620000
2007-04-11,101.9460126210554,101.97416588611998,101.04494701767028,101.38285064697266,106365700
2007-04-12,101.18573395765172,102.01638944951658,100.90414763220772,101.83336639404295,115534400
2007-04-13,102.00229770458913,102.29796600341798,101.62216962832468,102.29796600341795,84287000
2007-04-16,102.65693851449753,103.38200551051102,102.64990288766587,103.26937103271484,83064600
2007-04-17,103.45951291260596,103.7622061998266,103.23424379906476,103.54398345947266,108424100
2007-04-18,103.19903976125894,103.97337805727376,103.17792212763987,103.67068481445312,88345300
2007-04-19,103.1638364230926,103.76218725653156,103.03008425402372,103.64251708984376,102947700
2007-04-20,104.33944943713136,104.62102508544922,103.50878301417552,104.62102508544922,124114100
2007-04-23,104.44499878055744,104.69842106637384,104.16342323694738,104.22677612304688,77270800
2007-04-24,104.3464626077935,104.46613276964015,103.70587653454606,104.26902770996094,114471000
2007-04-25,104.69842480474166,105.35310354206776,104.19862658577524,105.22638702392578,108418800
2007-04-26,105.2334455463182,105.45166823681949,104.95890559029723,105.3460693359375,88741600
2007-04-27,104.95181906158048,105.4093926408166,104.77583170220105,105.26155853271484,108191100
2007-04-30,105.33903114088108,105.40943040642156,104.332388240455,104.3886947631836,100874100
2007-05-01,104.48020917599112,105.21935848091304,103.95224692124972,104.65619659423828,134342700
2007-05-02,104.81813400047278,105.5572835309729,104.71254581386827,105.26866149902344,87129800
2007-05-03,105.57135518969396,105.87404845590969,105.4024033662622,105.83885955810548,86569700
2007-05-04,106.12039639184027,106.38085429233104,105.7473039835738,106.24006652832033,96409000
2007-05-07,106.2118604273696,106.43711858942817,106.16257882670564,106.2611312866211,63461400
2007-05-08,106.0007140935587,106.24005433905847,105.68393897552468,106.1203842163086,80584000
2007-05-09,106.04297789288994,107.57759375951646,105.85290847433198,106.4090347290039,102070100
2007-05-10,106.10629044610984,106.31044178805614,105.07853033350835,105.2967529296875,153617800
2007-05-11,105.41645333845938,106.2471087163974,105.39533570962492,106.19783782958984,113408900
2007-05-14,106.19788092474192,106.50762059523116,105.44464938592284,105.965576171875,108027500
2007-05-15,106.0852195373758,106.76101598767656,105.72620905087176,105.99371337890624,180673300
2007-05-16,106.15561860031778,106.73989814960112,105.85996101057565,106.71878051757812,114166500
2007-05-17,106.56388561197292,106.97217763724464,106.37381622713214,106.507568359375,101132800
2007-05-18,107.00739595466612,107.43680572509766,106.86660815515526,107.43680572509766,99182000
2007-05-21,107.40863427586484,107.86619723215802,107.35231701731172,107.3804702758789,174664600
2007-05-22,107.4930720762862,107.81689352905325,107.26781385205236,107.29596710205078,82148800
2007-05-23,107.66909192018744,108.05626635835452,107.25376422352578,107.3100814819336,133786600
2007-05-24,107.37347602239812,107.8521675338514,106.1134104436464,106.3386688232422,187593000
2007-05-25,106.6483371249782,107.01439383095736,106.42306815470928,106.78208923339844,83309200
2007-05-29,106.95808638285264,107.35229637550653,106.61314726857216,107.16927337646484,82020000
2007-05-30,106.62019738882164,108.08440291549915,106.53571614355468,108.04216766357422,129013600
2007-05-31,108.175979596242,108.3308494332011,107.78880500384425,107.92960357666016,114866700
2007-06-01,108.32378130264208,108.68982740616062,108.0633126142149,108.46456909179688,107771700
2007-06-04,108.08442449804885,108.6827859969132,108.04218923769028,108.47864532470705,78008800
2007-06-05,108.22522753208024,108.33785131725764,107.60574837721602,108.04924011230467,126917900
2007-06-06,107.60574989106696,107.66910278513672,106.82436530661384,106.8877182006836,164096800
2007-06-07,106.69059512003052,107.35230943451604,104.93072119487452,104.9588851928711,232414600
2007-06-08,105.29677126362397,106.4301304288014,104.95183212938132,106.32453155517578,175886000
2007-06-11,106.2470997234324,106.9651312672839,106.0851943355994,106.507568359375,102015600
2007-06-12,106.0641010445385,106.67653385225756,105.27568081010295,105.3460693359375,233898000
2007-06-13,105.9444381266599,107.04964439788311,105.39535817707792,106.92292785644533,193208200
2007-06-14,107.0425815426431,107.78876644940698,107.0214639125588,107.60574340820312,146396500
2007-06-15,108.267493202605,108.63512778049696,108.11902186554912,108.21800994873048,154030800
2007-06-18,108.4372005515328,108.44426650737894,107.92817124992088,108.0907745361328,88537500
2007-06-19,107.85036115272678,108.4371588940962,107.7160325292222,108.35939025878906,110851700
2007-06-20,108.57857307832528,108.57857307832528,106.72627897815114,106.85353088378906,177119700
2007-06-21,106.81112938572872,107.53932194297828,106.22433145156992,107.4474105834961,205262000
2007-06-22,107.1221841182102,107.29893006115115,105.94152251389065,106.43640899658205,204964700
2007-06-25,106.21724171791938,106.93129141669448,105.35472068611952,105.92737579345705,232014400
2007-06-26,106.1960337090724,106.37277964636434,104.83154946356652,104.83861541748048,198445700
2007-06-27,104.72549239279412,106.45053423909692,104.67599835878184,106.33033752441406,213638000
2007-06-28,106.31627655029295,107.04446933863292,105.8143130731479,106.31627655029295,157705000
2007-06-29,106.68385338551516,107.21409124685016,105.44663170906682,106.35157012939452,199701800
2007-07-02,106.6626256175994,107.4049606479677,106.59193372138787,107.31304931640624,103357000
2007-07-03,107.58879954805364,107.8150395632745,107.45448167519864,107.70191955566406,54048400
2007-07-05,107.74430527330588,107.857425247752,107.19993562324863,107.5887680053711,89279000
2007-07-06,107.73021978116924,108.28873236558732,107.41206836750465,108.15440368652344,81109000
2007-07-09,108.28165986290992,108.42305448947938,107.89988250468204,108.23924255371094,72348100
2007-07-10,107.66653164473855,107.89277158313564,106.5919243004945,106.69796752929688,180362600
2007-07-11,106.5777888751495,107.49686980906188,106.41518565065964,107.45445251464844,175607600
2007-07-12,107.7230743659776,109.40569857808326,107.70186572361597,109.15118408203124,133882500
2007-07-13,109.27852391631166,109.90773925550224,109.15126118453338,109.47647857666016,111794300
2007-07-16,109.57538497239568,109.95715134515136,109.28551912606076,109.46226501464844,98378700
2007-07-17,109.532960178481,109.92180330256416,109.35621428459896,109.40570831298828,126201300
2007-07-18,109.03812942003697,109.44111544162988,108.3806395377143,109.2078094482422,237887400
2007-07-19,109.72388908833804,109.95719504852867,109.40574851997526,109.63198852539062,145212700
2007-07-20,109.50474862503084,109.57545133837324,108.04836334702134,108.52204132080078,245502500
2007-07-23,109.00272381720389,109.38450099373308,108.380585598848,108.85426330566406,121183900
2007-07-24,108.25334139040508,109.0734450767482,106.58485941613104,106.96663665771484,256732400
2007-07-25,107.47567984965528,107.73726040249824,106.22431550829803,107.1858139038086,265214500
2007-07-26,106.18188900789296,106.61314951824792,103.49534865425778,104.64773559570312,467592500
2007-07-27,104.78206997074145,105.24867106327154,102.54799865415222,102.59041595458984,422987600
2007-07-30,103.17015433669938,104.49928750772916,102.71768507664726,104.1952896118164,283017500
2007-07-31,104.86690316821978,105.6657982748246,102.54092053999936,103.02167510986328,316976700
2007-08-01,102.63988339407106,103.93366479664944,101.77029650594004,103.52361297607422,467670000
2007-08-02,103.75690228955436,104.46388584211044,102.69642696072025,104.35077667236328,294758400
2007-08-03,104.12456118374872,104.33665845681348,101.24006631812831,101.6642608642578,359398200
2007-08-06,101.9541354699845,103.8064295180559,100.76639711219022,103.36810302734376,324980000
2007-08-07,103.17723407379944,105.34060312331718,102.67527074856204,104.47101593017578,232568700
2007-08-08,104.92346017021958,106.4646795560062,104.16698238506896,105.92737579345705,274930600
2007-08-09,104.23061034595894,105.30522867952612,102.71766553415554,102.78836822509766,357622100
2007-08-10,102.08137722271232,103.57311327892076,101.18350489249862,102.3076171875,411018400
2007-08-13,103.5731118810842,103.84883509212592,102.52677902735088,102.67523956298828,181917200
2007-08-14,103.00750812568224,103.26202265260576,100.9007000230848,101.10572052001952,264134500
2007-08-15,100.9007436341604,102.13089951060464,99.41607312078692,99.71300506591795,323834000
2007-08-16,98.82929072475376,101.05629684496247,96.85681006921112,100.46243286132812,546743700
2007-08-17,102.86612957053222,103.08529279409822,99.96042609754672,102.3076171875,388218100
2007-08-20,102.63282581550231,102.84492309003244,101.3036929636479,102.25812530517578,187320400
2007-08-21,102.22985487938682,103.19841916779552,101.90463760679197,102.46315002441406,157066400
2007-08-22,103.2266843139543,103.78520746812204,102.74594058462426,103.6791534423828,173156700
2007-08-23,104.16695540814436,104.3861185862716,102.9438768667714,103.58723449707033,203915300
2007-08-24,103.55895830371324,104.86688232421876,103.4175637363458,104.86688232421876,128901900
2007-08-27,104.52756542941988,104.8669146532613,103.73573619016672,103.89127349853516,113024300
2007-08-28,103.33272294063612,103.3963488739689,101.42386942665938,101.60768127441406,219790700
2007-08-29,102.06730133168544,103.74286115287728,101.7774460201976,103.60145568847656,207654200
2007-08-30,102.83078187905876,104.06093745891476,102.73180458787832,103.32566833496094,191817300
2007-08-31,104.38609861500844,104.98703884266028,103.80637781484724,104.34368133544922,185477500
2007-09-04,104.2447157892518,106.03338319619338,104.20936445641374,105.39710235595705,120062000
2007-09-05,104.7749886044826,104.88810859246774,103.92661027002556,104.48512268066406,166261800
2007-09-06,104.59820885431104,105.06482056311746,104.0114112425173,104.72547149658205,127878400
2007-09-07,103.5589743951376,103.84884031529556,102.6964533761458,103.26911926269533,235447600
2007-09-10,103.58729595384423,103.72869059255108,102.03899930886368,103.0711898803711,192305900
2007-09-11,103.38931861820464,104.42150896324662,103.31154996582065,104.2730484008789,162081900
2007-09-12,104.1315895322328,104.94462698741556,103.91242638470813,104.54164123535156,149554600
2007-09-13,105.02244006489938,105.65872113599012,104.77499143296626,105.2769546508789,154079000
2007-09-14,104.60531133759244,105.40419557026084,104.44977406304496,105.26986694335938,121911000
2007-09-17,104.85276811652056,105.09314002511849,104.37202429932472,104.70430755615234,109870800
2007-09-18,105.22038879729192,107.81501776639,104.72550234869422,107.7867431640625,263759500
2007-09-19,108.45836311943164,109.15120406810294,107.96347672752356,108.42301177978516,193779900
2007-09-20,108.40888591416996,108.47251186278145,107.53929891999871,107.65948486328124,175186800
2007-09-21,108.47565063046284,108.76688078464944,107.78662234873886,107.9499969482422,141457500
2007-09-24,108.26966497858656,108.55380654629488,107.51670879222144,107.7511215209961,139450200
2007-09-25,107.12603533226743,107.7298267608992,106.88452309637232,107.53803253173828,142289900
2007-09-26,108.14889598617354,108.5182745607203,107.53800523703096,108.10627746582033,135547000
2007-09-27,108.6177346333098,108.75270052348104,108.10629064892012,108.74559020996094,102713300
2007-09-28,108.57511023353172,108.8166224245124,107.95710912980915,108.38331604003906,133372100
2007-10-01,108.39752314574694,109.92474466498652,108.32648504950208,109.60509490966795,148162300
2007-10-02,109.8253265630716,109.85373530566604,109.25705416113182,109.45594787597656,112978800
2007-10-03,109.25703466569917,109.6832416008268,108.68876236515985,109.23572540283205,119055900
2007-10-04,109.4701701779201,109.57671652344447,109.10079144860926,109.40624237060548,76864400
2007-10-05,110.1236261175348,110.88369247529204,109.83949544184247,110.70610809326172,134579700
2007-10-08,110.37938339073057,110.4504215018363,109.93897745077804,110.11656188964844,71280400
2007-10-09,110.52857369825308,111.16787342713212,110.12367592143974,111.1536636352539,94054300
2007-10-10,110.84111243366152,111.12525407466283,110.39360696228934,110.96897888183594,101711100
2007-10-11,111.47332077853171,111.89242837458964,109.7756136412275,110.4362335205078,233529100
2007-10-12,110.42909832209143,111.06129841125636,110.29413243133276,111.04708862304688,124546700
2007-10-15,111.00446072622624,111.06838850943322,109.34937280355363,110.10942840576172,161151900
2007-10-16,109.6832416008268,109.7613791776371,109.01552246061004,109.23572540283205,166525700
2007-10-17,110.08812351621434,110.166261089534,108.30517995632836,109.569580078125,216687300
2007-10-18,109.0013213800004,109.52697519679748,108.7384998910486,109.17180633544922,148367500
2007-10-19,108.74560755602144,111.15365218375928,106.3091541863494,106.31625366210938,297169900
2007-10-22,105.74084228614338,107.09047922104216,105.59877695176829,106.9342041015625,261989800
2007-10-23,107.58774203821346,107.93580053947032,106.72822873816466,107.80083465576172,180085100
2007-10-24,107.41019868759828,107.78667690769508,105.72669049321654,107.60198211669922,326694200
2007-10-25,107.72271536779648,108.1773310938856,106.4654253552822,107.85768127441406,237374500
2007-10-26,108.7242981513509,109.12208557128906,107.90030373068224,109.12208557128906,176484000
2007-10-29,109.34227590207436,109.70455506246633,109.07235494912916,109.4843521118164,106841000
2007-10-30,109.00132021576664,109.21442369807814,108.58932304033596,108.72428894042967,132981600
2007-10-31,109.37781944653084,110.2941613456475,108.56803472858114,109.85374450683594,220954400
2007-11-01,108.88763119556046,108.97287906646736,106.9697221029522,107.2822723388672,333040800
2007-11-02,107.63744307676912,107.97130257684825,105.98946567366126,107.4030303955078,331228200
2007-11-05,106.2949025188192,107.37461854814576,105.81897769693792,106.58614349365234,226841000
2007-11-06,107.161528622228,108.04945060443562,106.47959977078035,108.0210418701172,177800500
2007-11-07,106.86317007195213,107.35330465749745,104.81029522967654,105.0660171508789,306639700
2007-11-08,105.12285323037948,105.41408337531244,103.0486689777058,104.53327178955078,374509900
2007-11-09,103.4891300892988,104.8032486972034,102.92085760314453,103.09844207763672,277745100
2007-11-12,103.14814792947506,104.14261642929053,102.07553100585938,102.07553100585938,243087800
2007-11-13,103.26177833932324,105.35017271655926,103.1552320298284,105.18679809570312,191117400
2007-11-14,105.99657134288852,106.12442690074651,104.26334596598473,104.89554595947266,230558800
2007-11-15,104.11420328375593,104.76771267582666,102.65800881150685,103.3825454711914,263111100
2007-11-16,103.9295212059266,104.04317785462936,102.69354037769124,103.56014251708984,308770600
2007-11-19,103.19788061510104,103.2547089430164,101.71327712958414,102.1181640625,267746000
2007-11-20,102.3028572587026,103.37546347944688,100.94610940276785,102.7432632446289,414767500
2007-11-21,101.63510413379603,102.22468563680783,100.63352552606908,100.640625,259012400
2007-11-23,101.62803275201878,102.53015394072932,101.36520039944108,102.38098907470705,77688400
2007-11-26,102.594073094461,102.91373374393017,99.9161076575852,100.12210083007812,214232000
2007-11-27,100.68326086611772,101.74165701146556,100.12208806145978,101.27284240722656,293897900
2007-11-28,102.42360623021948,104.7535132814578,102.3880871734414,104.51200103759766,258596900
2007-11-29,104.14972842140833,104.93110436437895,103.78036055645404,104.54751586914062,199409900
2007-11-30,105.86874455011184,106.45832624486778,104.65407294050578,105.59882354736328,222908000
2007-12-03,105.26493568529874,105.44961956808253,104.62562531155406,104.90265655517578,146430400
2007-12-04,104.17814562464548,104.80323552584925,103.92952305604408,103.9650421142578,136533900
2007-12-05,105.08023696203956,105.9823687574861,105.0092097047008,105.70533752441406,171130000
2007-12-06,105.57748275120748,107.41015509102895,105.53486422870566,107.2183609008789,154457400
2007-12-07,107.55934324886832,107.61617157082712,106.9413528607691,107.19707489013672,148980100
2007-12-10,107.45985740314131,108.14888565339731,107.16151695028152,108.02812957763672,123914300
2007-12-11,108.0707415958396,108.60349469510372,105.00918885295732,105.0660171508789,250346400
2007-12-12,107.30362969731011,107.80797432023292,104.56172526980676,106.10315704345705,322435600
2007-12-13,105.3572840239273,106.11733966291064,104.6327365958492,105.88292694091795,237551300
2007-12-14,105.08024272336704,105.91134730704256,104.49067201567456,104.54039001464844,159152900
2007-12-17,104.14259061576074,104.32727448026549,102.89949987966594,103.04867553710938,177269400
2007-12-18,103.78032145539834,104.0502423567221,102.26019951635668,103.6240463256836,245569300
2007-12-19,103.66666484489836,104.3414833565442,102.95632728760992,103.6240463256836,198917200
2007-12-20,104.3059661067155,104.3201758929954,103.12680313998146,104.27755737304688,214813800
2007-12-21,105.2380026108944,105.98781754991552,105.038053413344,105.78073120117188,146084400
2007-12-24,106.27350070883,106.74480345440288,106.03069583796324,106.56627655029295,45601400
2007-12-26,106.15210397393516,106.8876340244045,106.04499217878669,106.79480743408205,67093100
2007-12-27,106.4163278485911,106.42346500256804,105.2023469909944,105.45227813720705,122981700
2007-12-28,106.07354344059634,106.12353620538912,104.90240735359434,105.18805694580078,116398100
2007-12-31,105.0452232419772,105.40941416379854,104.30254530015576,104.40966796875,108126800
2008-01-02,104.63816651846412,104.96666074849377,102.7457860849469,103.49559020996094,204935600
2008-01-03,103.4813023356336,103.89548592074026,102.88145475571932,103.44559478759766,125133300
2008-01-04,102.360213892081,102.43162903375746,100.62493709283493,100.91057586669922,232330900
2008-01-07,101.26761819568902,101.56754214285692,100.04650004624972,100.82487487792967,234991000
2008-01-08,101.46041329815937,102.04597588816154,98.86106196286076,99.19669342041016,326365700
2008-01-09,99.32520116150054,100.5391816295703,98.3325922562864,100.2392578125,301824900
2008-01-10,99.7465795622695,101.97460347063854,99.52520787152098,100.89629364013672,335701200
2008-01-11,100.53207514895968,101.33187223848856,99.26096439035064,100.08218383789062,267076600
2008-01-14,100.80344020606614,101.3033133902966,100.26071140911463,100.88912963867188,170365500
2008-01-15,99.82512508087528,101.03911706425386,98.47546176779214,98.66827392578124,239940100
2008-01-16,98.08984589076378,99.34667167102748,97.31860817454968,97.8184814453125,378802600
2008-01-17,98.41118935762096,98.46118213145569,94.92633997734006,95.28339385986328,397892600
2008-01-18,96.21889899964349,96.41884833292858,93.61954677051568,94.30508422851562,348561500
2008-01-22,90.84162537841858,94.56926240154692,89.97755585298054,93.34814453125,435923700
2008-01-23,90.75594207613813,95.82611094259816,90.57741515684611,95.5904541015625,511913000
2008-01-24,96.03321321200649,96.73304669646636,95.19770839950168,96.3974151611328,259949300
2008-01-25,97.4827982403826,97.661325092194,94.6906465593273,95.00484466552734,269603900
2008-01-28,95.16196411236244,96.77585407990976,94.3050372683672,96.5759048461914,217934600
2008-01-29,97.1900874539056,97.44001867566593,96.3188749629684,97.05440521240234,168968300
2008-01-30,96.8187065058732,98.93245882980524,96.11888413207028,96.34025573730467,334939200
2008-01-31,95.261961211685,98.93247429180347,95.11914185338212,98.0969696044922,343680800
2008-02-01,98.50397419058812,99.696532213066,98.20405039718774,99.67510986328124,206843600
2008-02-04,99.41093658746357,99.47520366459644,98.28978228085856,98.41832733154295,124694300
2008-02-05,97.07578955218602,97.29716116627516,95.45476223808866,95.78325653076172,286882500
2008-02-06,96.1046000289512,96.58305080299304,94.5549878781664,95.01201629638672,250792900
2008-02-07,94.11939234949212,96.25456729239238,94.06939958270216,95.64043426513672,297368100
2008-02-08,95.0405804593124,95.84752555616024,94.33362088975036,95.02630615234376,221643500
2008-02-11,95.04775900066282,95.85469345995878,94.29079552820544,95.51192474365234,188576300
2008-02-12,96.34028522996748,97.34003178430991,95.67615931453842,96.3974151611328,256654400
2008-02-13,97.12577147321043,97.8755866380517,96.50450134345894,97.38285064697266,181967800
2008-02-14,97.7970508209924,97.8327583865487,96.2545755188814,96.52593994140624,215207200
2008-02-15,96.04747291124576,96.56163125876655,95.62615203926596,96.50450134277344,154110300
2008-02-19,97.63281366702748,97.75421067846828,96.12604585991475,96.77588653564452,145190000
2008-02-20,95.68327815611364,97.51139180963833,95.51902556799864,97.0615005493164,220085700
2008-02-21,97.58996652225572,97.83989769381056,95.74043008778838,96.25457763671876,201051200
2008-02-22,96.383131950702,97.0115503101172,94.8763640363191,96.84729766845705,205491000
2008-02-25,96.79015388231326,98.29692158102908,96.2474359473118,98.06841278076172,190107000
2008-02-26,97.65424863146772,99.2252837244996,97.47572166870452,98.80396270751952,212420700
2008-02-27,98.2326125854398,99.36090358943004,98.12550083358585,98.70392608642578,168395800
2008-02-28,98.00411823955028,98.51827651659816,97.51138231601136,97.7398910522461,170831100
2008-02-29,96.83298491461484,96.89010392786662,94.81919646038187,95.56187438964844,252715200
2008-03-03,95.0762872173484,95.55473801078212,94.4335947238207,95.33336639404295,189483500
2008-03-04,94.42647123319946,95.26197605065748,93.54098453593814,94.96920013427734,282513100
2008-03-05,95.2762516079666,96.2403013977738,94.5050139554047,95.56903839111328,270681400
2008-03-06,94.96201995640756,95.1334096929375,93.22674382176054,93.59093475341795,247911700
2008-03-07,92.669744430946,94.0765372462403,91.81995466068612,92.62689971923828,326434600
2008-03-10,92.71972466738409,92.78399173381696,91.11298262806122,91.40576934814452,235683600
2008-03-11,93.3481179441339,94.77633270962382,92.08414482567945,94.69064331054688,341440600
2008-03-12,94.79064776670772,95.52617773090904,93.66235643899664,93.80517578125,229161100
2008-03-13,92.5555082724884,94.7192539384262,91.83426334931576,94.01228332519533,351504200
2008-03-14,94.8120947153382,94.84065423262962,91.24869290601806,92.55551147460938,484687800
2008-03-17,90.38458673570032,92.30553222034187,90.02753298301947,91.6199951171875,405311100
2008-03-18,93.2767300442058,95.46904557873002,92.81970162184876,95.42620086669922,334416600
2008-03-19,95.790400847324,96.154591830342,92.86255508976284,93.06251525878906,345971600
2008-03-20,93.3294635258287,95.38192270602129,92.7625194893181,94.7862777709961,245320700
2008-03-24,95.66898320435268,97.46309064108682,95.61875389031276,96.6808624267578,208977300
2008-03-25,96.78132715034248,97.27650253009958,95.99909897525252,96.77415466308594,192947200
2008-03-26,96.49428697287978,96.94639463712984,95.52546449881144,95.59004974365234,196934300
2008-03-27,96.307694695769,96.47993296914144,94.98723411767192,95.28864288330078,225153200
2008-03-28,95.4393087401373,95.7048330409346,94.0542526041118,94.37718963623048,180896100
2008-03-31,94.21933354909834,95.2527410993804,94.075807156084,94.70733642578124,166692100
2008-04-01,95.88427960348464,98.20226337747334,95.81251092488466,98.0372085571289,254547300
2008-04-02,98.35296315145868,98.79789825220288,97.58507998044604,98.1017837524414,210910800
2008-04-03,97.57072714437156,98.63283550106246,97.3913164310621,98.34577178955078,175884800
2008-04-04,98.40321401929135,99.0060425189286,97.68557095100512,98.2381591796875,204446800
2008-04-07,98.94145328792128,99.4438122313889,98.1305240099002,98.28840637207033,154245500
2008-04-08,97.7358162152528,98.25969261576446,97.5635779279334,98.18793487548828,148937300
2008-04-09,98.03721583261932,98.17356976186056,96.80286893156482,97.47745513916016,195610600
2008-04-10,97.183187098566,98.08024060259612,96.8100097747886,97.61377716064452,192967800
2008-04-11,96.51581485155836,96.9679225132964,95.45369528504546,95.71923065185548,222973300
2008-04-14,95.5828802132082,95.83404871214968,95.12358909618756,95.3962860107422,160522000
2008-04-15,95.86276280088002,95.9417039767562,94.9657089615437,95.61876678466795,172389200
2008-04-16,96.55168522561732,98.25250659637564,96.5373402497564,98.2094497680664,189268900
2008-04-17,97.61382525072224,98.49652326745388,97.35547327626838,98.35299682617188,179665700
2008-04-18,99.70930909909676,100.1542442055694,99.22130621910182,99.37918853759766,218530600
2008-04-21,99.19975427620716,99.73798633876036,98.92705747742455,99.42940521240234,118587400
2008-04-22,99.17104886293176,99.25716248489915,98.24528362534672,98.99163818359376,162166000
2008-04-23,99.09931039291618,99.59448577075798,98.40319586904612,98.8337860107422,193309000
2008-04-24,99.09213553666378,100.28342540989512,98.3457807689489,99.26437377929688,229381300
2008-04-25,100.03946125183718,100.3911103744546,98.97017985410584,100.18299865722656,190788100
2008-04-28,100.38387083057152,100.6493951425188,100.0250494575144,100.20446014404295,105610200
2008-04-29,100.03227443971925,100.27627047336082,99.47251368001682,99.80980682373048,125514100
2008-04-30,99.96050023497558,100.89343843315442,99.22132873535156,99.22132873535156,208395900
2008-05-01,99.30744593008224,101.2737808227539,99.22850475881972,101.2737808227539,187279500
2008-05-02,102.14930253897182,102.17083095305806,100.87189886815976,101.55365753173828,181585500
2008-05-05,101.22354853662584,101.62542686931828,100.76425744921112,101.06566619873048,118504500
2008-05-06,100.48438570066588,102.04884233667322,100.2475621735854,101.94120025634766,179339800
2008-05-07,101.82635187649944,101.93399393265877,99.84566139063575,100.12554168701172,199267300
2008-05-08,100.28345999745626,100.69969434793988,99.73804418285292,99.86722564697266,178321200
2008-05-09,99.46531128614768,100.0322443644946,99.3576582798852,99.68059539794922,152588200
2008-05-12,99.93180266191226,100.87191338013832,99.5586251801247,100.80015563964844,147865900
2008-05-13,101.04414230112694,101.10872754669016,100.27625899155156,100.81449127197266,159132200
2008-05-14,101.23790098120946,102.04883010665964,100.80013832307534,101.0226058959961,181910800
2008-05-15,101.21635263811396,102.35741320340858,101.06565375708767,102.28564453125,166927000
2008-05-16,102.52246315473772,102.52963564146918,101.62540954703852,102.37893676757812,204236800
2008-05-19,102.4866285639172,103.55592092542324,102.1206344564648,102.65886688232422,165664400
2008-05-20,102.09907044802829,102.1492997627433,101.187660791816,101.82636260986328,178552100
2008-05-21,101.76893736068337,101.99140490645324,99.75236257436733,100.10401153564452,252724800
2008-05-22,100.06095730264306,100.59201705983168,99.75237607168908,100.11837005615234,170820400
2008-05-23,99.78824629300594,100.22600889501024,98.69025354460128,98.7763671875,181376400
2008-05-27,98.89120368157349,99.75237305746464,98.69743701313008,99.50837707519533,168322900
2008-05-28,99.87434667013716,100.4699915052472,99.03470591231508,99.96764373779295,181288100
2008-05-29,99.8456933414364,101.13744223015716,99.80980899444631,100.47003936767578,173927200
2008-05-30,100.8073050552736,101.00107171593898,100.426955171603,100.72119140625,117362000
2008-06-02,100.34800899561915,100.36953740679932,99.03472116182115,99.68059539794922,181069900
2008-06-03,99.96770309304802,100.19734323007744,98.48217636616742,99.09934997558594,271965700
2008-06-04,98.81944412551351,99.86720777897318,98.64721680465598,99.0490951538086,246637700
2008-06-05,99.45098018628936,101.10873396313052,99.26439692603364,101.02979278564452,237867100
2008-06-06,100.14706363309536,100.3264743486866,97.7573115873769,97.80754089355467,384276300
2008-06-09,98.21660315931044,98.67589415591264,97.17602319282942,98.04436492919922,228263900
2008-06-10,97.36259934075792,98.3888342598024,97.13295933427796,97.55636596679688,260234900
2008-06-11,97.57790799085788,97.7860196179682,96.1139103126212,96.12109375,283890100
2008-06-12,96.59472879982503,97.50612730496364,95.81967323338016,96.48707580566406,252791800
2008-06-13,97.00380519531238,97.97262764742364,96.46557293310912,97.70709228515624,244726900
2008-06-16,97.276526674533,98.26686672949144,97.21194142210712,97.76451873779295,185832500
2008-06-17,98.367350637277,98.4032240340509,97.14734853673616,97.29088592529295,191707700
2008-06-18,96.6593392017979,97.2549842168088,95.95605211495032,96.34357452392578,265893000
2008-06-19,96.2718247130138,97.05406407302208,95.80536104313724,96.46559143066406,304204900
2008-06-20,95.80852932481687,95.98883746236216,94.64013611516692,94.8997802734375,289275700
2008-06-23,95.26758039960755,95.36855249044712,94.71223940255616,94.80599212646484,165096400
2008-06-24,94.5175123968147,95.52002503690042,93.89725206520625,94.61848449707033,267300600
2008-06-25,95.00075028249223,96.2124156574484,94.65456174752406,95.06565856933594,287853900
2008-06-26,94.17132726327246,94.78436824909988,92.37545448215326,92.48363494873048,297775000
2008-06-27,92.51971471959229,92.93803093768288,91.62538785881456,91.97879028320312,303423400
2008-06-30,92.23843093533598,92.97409122220868,91.81290636950328,92.3033447265625,258842600
2008-07-01,91.25034410241462,92.65675094269164,90.8248195191065,92.5918426513672,388622000
2008-07-02,92.88751555857188,93.15437902892704,90.83921819251786,91.0051040649414,288064600
2008-07-03,91.675857486816,91.675857486816,90.1468427064362,91.09886932373048,239352500
2008-07-07,91.4450876700096,91.84176232300231,89.37514799906333,90.1685028076172,372427300
2008-07-08,90.14688713169808,91.87784697142156,89.57711255306657,91.76966094970705,375973700
2008-07-09,91.95716436457124,92.13025866265592,89.71413034653189,90.00262451171875,336729400
2008-07-10,89.74294061486565,90.72381704106208,89.1298942241344,90.37041473388672,436475700
2008-07-11,89.4111923338622,90.80317125449858,88.34376583149437,89.31742858886719,481124600
2008-07-14,90.34159013830543,90.51468440840736,88.27886461915145,88.50965881347656,322720800
2008-07-15,87.84614989271485,89.06502948100851,86.56235099394593,87.26194763183594,502502500
2008-07-16,87.5936589728579,89.84390568710816,87.34122877315811,89.4039535522461,371642900
2008-07-17,90.25505238725918,91.06283492729168,89.49775591206819,90.29832458496094,375490600
2008-07-18,90.99786258644464,91.17817063096209,90.262208185942,90.86083221435548,267030100
2008-07-21,91.24312033725852,91.45227841161284,90.29109370721945,90.9113540649414,222863000
2008-07-22,90.2622530053036,92.17352032673357,90.0458810434181,91.9427261352539,296904200
2008-07-23,92.23841681904848,93.14716573660183,91.99320042933095,92.44036102294922,311698400
2008-07-24,92.5629724384096,92.61346399370844,90.26945846925123,90.52188873291016,248634500
2008-07-25,90.7959771811296,91.22871566734084,90.27668879664871,90.50027465820312,219131000
2008-07-28,90.5218707985408,90.9185452763957,89.01449237550743,89.17316436767578,205201300
2008-07-29,89.41843848948614,91.14939268207551,89.17321649390882,91.0772705078125,261505600
2008-07-30,91.67584074385196,92.75048086377066,91.077216596928,92.69998931884766,354710000
2008-07-31,91.88501738613944,92.72886355438696,91.3296653051734,91.47391510009766,277402100
2008-08-01,91.68305928290005,91.79845359878648,90.4858109280018,90.9906768798828,248690900
2008-08-04,90.90413154138616,90.9762536802263,89.98095495807274,90.14683532714844,188239600
2008-08-05,90.88972834849864,92.7216597829288,90.13243743239056,92.5774154663086,251577600
2008-08-06,92.3321968558801,93.2553736666994,91.94273060708424,92.98851013183594,209555400
2008-08-07,92.2889285772239,92.63512266789148,91.26477954212528,91.603759765625,246312500
2008-08-08,91.29360582368696,93.70972795409756,91.14935603059506,93.30583953857422,260811700
2008-08-11,93.3779836122161,94.84929324259772,93.20488383005645,94.2723159790039,249425800
2008-08-12,93.9621762343086,94.26509258630658,92.84426357482424,93.29143524169922,213200800
2008-08-13,92.8875428852167,93.50780336925808,92.07976588465536,92.7288818359375,256393200
2008-08-14,92.20234345248149,93.9621521944405,92.1374351804746,93.42843627929688,239555300
2008-08-15,93.70975085296382,94.12085873680856,93.25538177703766,93.88285064697266,181000800
2008-08-18,94.07033882884257,94.10640265070468,92.07253295825564,92.59902954101562,172275100
2008-08-19,91.89943221890948,92.09416805074444,91.25753581521136,91.58930206298828,194673700
2008-08-20,91.8778032432409,92.28169166267482,91.1205069542353,92.01483917236328,225498200
2008-08-21,91.41621143021771,92.63509601010868,91.30802546410648,92.17350769042967,180609800
2008-08-22,92.80099998376596,93.50780487060548,92.17353112540796,93.50780487060548,167715300
2008-08-25,92.89472961173831,93.50777051098116,91.41620108158172,91.61093139648438,171936900
2008-08-26,91.61094200436982,92.223993979732,91.29360347287307,91.87779998779295,159117200
2008-08-27,91.99324590474612,92.91642300897442,91.81293770462123,92.77217864990234,171032800
2008-08-28,93.24093834556464,94.00544304807484,93.11833013904268,93.8972625732422,167537100
2008-08-29,93.56548008158572,93.8611880191782,92.6855756363952,92.88751983642578,189195800
2008-09-02,93.78188510010688,94.27232904831668,91.97158952100344,92.3105697631836,252364900
2008-09-03,92.2312240600586,92.67839025857312,91.54605528252053,92.2312240600586,251947000
2008-09-04,91.5749009342958,91.76242294452736,89.40398934268136,89.45447540283203,340042500
2008-09-05,88.92074240891715,90.11798532017316,87.99035196147554,89.73573303222656,289503400
2008-09-08,92.34659279077262,92.49084807665524,89.73573499226863,91.58930206298828,364075300
2008-09-09,91.66863416291692,91.85615612195566,88.56733823839262,88.87025451660156,377326800
2008-09-10,89.35348129488129,90.08192755714674,88.3870325233679,89.23087310791016,298916600
2008-09-11,88.0769111029894,90.68776911935728,87.7018671376387,90.52188873291016,375369400
2008-09-12,89.64200068354307,91.02676595754104,89.31023434722489,90.94021606445312,297851200
2008-09-15,87.72351466435785,90.62287264930674,86.46857154534823,86.6128158569336,483607000
2008-09-16,84.52844448734412,88.22115676728244,84.38420019231573,88.06248474121094,581744300
2008-09-17,86.28826190942303,87.88218518586415,83.66297586557087,84.1029281616211,624095600
2008-09-18,85.14150890001937,87.83891722845945,82.07627041233859,86.59839630126953,776114700
2008-09-19,91.90910620864256,92.85213794844896,89.46448705624651,90.03755950927734,501087800
2008-09-22,90.2769314959688,90.4945558882248,87.3100184524267,87.99915313720703,249966500
2008-09-23,87.6654499740579,88.51417498228685,85.80115388365951,85.99701690673828,327470400
2008-09-24,86.57735189865072,87.04886770560634,85.44571838949159,86.2726821899414,311818400
2008-09-25,86.61361745691778,88.4343910085529,85.91722723582147,87.62193298339844,328253000
2008-09-26,86.20013107405451,88.13696679385691,85.96800101251735,87.66545104980469,285917400
2008-09-29,86.4250222937059,86.57010153492675,80.4984461856991,80.79586029052734,459562300
2008-09-30,82.34099220933494,84.72758312340272,80.1792758092016,84.13999938964844,328154400
2008-10-01,83.61765509023012,84.64773714566192,82.66011815594184,84.19072723388672,332783000
2008-10-02,83.38554059839201,83.50160838627303,80.56370753493137,81.13677978515625,365337800
2008-10-03,81.86945685148652,83.74825883876026,79.56266173927364,80.04142761230469,461798000
2008-10-06,77.7273695486422,78.06831176095828,73.00496791915621,75.96463012695312,610637500
2008-10-07,77.50246549039592,77.85791883301816,72.28679398258589,72.56244659423828,540012100
2008-10-08,70.74168612016294,74.12208529706538,70.2266478294706,70.73443603515625,725414800
2008-10-09,72.29406210018793,72.99045213509395,65.46797977915972,65.7944107055664,534485200
2008-10-10,62.93631774691883,68.14474063192489,60.62952308677595,64.19852447509766,871026300
2008-10-13,68.09396964044468,73.52001190185547,65.25036946986474,73.52001190185547,455584000
2008-10-14,75.9501554591148,76.55224495230854,70.44431573992287,72.43193054199219,546268300
2008-10-15,70.69816176366861,70.94480300833537,65.07625781522373,65.30113220214844,484627500
2008-10-16,66.22242420562571,68.7468381720151,62.77673999243584,68.02143096923828,708811200
2008-10-17,66.73019113657249,71.51787642743874,66.48355540290527,67.61518859863281,476649000
2008-10-20,69.16757439408843,71.88785135401129,68.2535597859174,71.67748260498047,321294200
2008-10-21,70.34271592563292,71.55414425723706,69.07325370721257,69.53751373291016,356502000
2008-10-22,67.6079093270066,69.53749400818708,63.49485423427702,65.75086975097656,516168000
2008-10-23,65.49700979261009,67.06388630022117,62.247183446783296,66.51258087158203,634666400
2008-10-24,60.97771921561523,65.22860527556635,60.93419656051401,63.139434814453125,545812600
2008-10-27,62.36326355143831,64.93120593753426,60.7165859581352,60.8979377746582,397288600
2008-10-28,63.3570573413917,68.36236774511043,61.31866503644768,68.01417541503906,639939500
2008-10-29,68.02140100949441,70.48778551951031,66.8099728426859,67.5208740234375,531270100
2008-10-30,69.47949751548941,70.03080851161573,67.39032686855136,69.8567123413086,414582100
2008-10-31,68.9717402959736,71.50341069624483,68.53649694155516,70.24120330810547,411394000
2008-11-03,70.2048968652086,70.86501996968437,69.60280765584612,70.44428253173828,205419400
2008-11-04,71.85884573683886,73.16458109732679,70.15413967994854,72.83815002441406,346793400
2008-11-05,71.96035659857706,73.05572248094147,68.91365007230435,69.77688598632812,387844100
2008-11-06,68.52194855967191,69.23284989635368,65.33015646628927,65.91048431396484,477721900
2008-11-07,66.48357400694276,68.18827989749657,65.64935458216425,68.08672332763672,380391000
2008-11-10,69.0660488726575,69.29817905619376,65.95404996766142,67.19449615478516,301773000
2008-11-11,65.837961522383,66.83902150401622,64.3073518294919,65.11980438232422,418498200
2008-11-12,64.00268593066201,64.5249745166682,61.74666887597314,62.25445175170898,454330600
2008-11-13,62.47932286517659,66.5416077896618,59.54867698538904,66.1353759765625,753141900
2008-11-14,64.8586450308205,66.78096922751169,62.76221362821088,62.83475875854492,540352300
2008-11-17,62.6606862143346,64.24207449186628,61.77569387769196,62.00056838989258,415254900
2008-11-18,61.76843963716528,63.270032695385495,60.14352865235953,63.16847610473633,523811800
2008-11-19,62.31973391975722,63.01612415322584,58.69994808183312,59.12068557739258,558327600
2008-11-20,58.126873651102926,59.85334623133691,54.44180948999515,54.73196792602539,814180400
2008-11-21,56.19002018334506,58.68542179576414,53.92674856735457,57.684356689453125,718536500
2008-11-24,59.425367777240304,63.10318275807168,58.293734101421045,61.6813850402832,523305300
2008-11-25,63.32804929548367,63.48038413979755,60.803629863268064,62.13838195800781,454112400
2008-11-26,61.15185336880185,64.69909553753243,61.108325156175646,64.53950500488281,370134200
2008-11-28,64.2928274104796,65.38093802882896,64.1840207761781,65.35192108154297,118308100
2008-12-01,63.48040296115435,63.50941992121039,59.38185005476106,59.56320190429688,369927100
2008-12-02,60.54971672164102,62.0150362703126,59.5123846008314,61.855445861816406,469508400
2008-12-03,60.49897569947964,63.71253056648229,60.31036823384621,63.34257125854492,519863500
2008-12-04,62.42854473993814,63.87210911929025,60.74560017970426,61.87723922729492,444173800
2008-12-05,60.68028602003957,64.14047436834883,59.65745967281433,63.78502655029297,471905300
2008-12-08,65.53331333656725,67.01314535586593,63.89389631023201,66.0120849609375,412859300
2008-12-09,65.5550411009222,66.83175360204459,64.5467256826502,64.92393493652344,370790000
2008-12-10,65.51875936489698,66.27318330149951,64.56122235582765,65.36642456054688,396187400
2008-12-11,64.95297083401394,66.01206483649116,63.37883830848114,63.79232025146485,365061000
2008-12-12,62.05858857497449,64.61201950033856,61.80469162579888,64.55398559570312,415060400
2008-12-15,64.57572144354917,64.67002788497112,62.595363655506354,63.65445709228516,256694200
2008-12-16,66.6504135131836,66.75197008143125,63.966409007636166,66.6504135131836,377699500
2008-12-17,65.89600193704699,67.04940251754032,65.33018508165813,66.00481414794922,281819800
2008-12-18,66.30220819696532,66.49806567335719,63.98815784151692,64.77159881591797,374673300
2008-12-19,65.15847267652552,66.27004572424127,64.4198621521278,64.49299621582031,301451300
2008-12-22,64.77820286741076,64.84401683120274,62.51849526167297,63.666629791259766,243759500
2008-12-23,64.01033674297527,64.30285625315798,62.745197812002544,63.00846481323242,221625200
2008-12-24,63.22054552900868,63.52769413090267,62.89146451618583,63.374122619628906,62061600
2008-12-26,63.79824933701212,63.842130882616566,63.25709196221087,63.73974990844727,74767700
2008-12-29,63.798234807319375,63.86405432106369,62.59891031503734,63.55691146850586,127795900
2008-12-30,63.995723880729706,65.12192055494229,63.53500376257435,65.06341552734375,168256300
2008-12-31,65.14383383324684,66.52598250470403,64.99026237856765,65.99213409423828,193987200
2009-01-02,66.13842879233181,68.33231734851074,65.70696114168945,67.98129272460938,227566300
2009-01-05,67.7399395043402,68.49317899351944,67.19878208221537,67.90082550048828,240349700
2009-01-06,68.47855175954074,69.07089968887439,67.77650832272242,68.35423278808594,328260900
2009-01-07,67.27920420709746,67.46934265076845,65.96286971913429,66.30657958984375,280899200
2009-01-08,65.93363302034788,66.61373276863951,65.57529405570772,66.5771713256836,263834400
2009-01-09,66.66496495844079,66.78196945038837,62.42344472290577,65.15117645263672,330953600
2009-01-12,64.96829938101851,65.0194954299401,63.19125640306304,63.58615112304688,277858500
2009-01-13,63.42529180479893,64.2662775725278,63.03770031594216,63.70318222045898,356432300
2009-01-14,62.55505490676511,62.70862638348896,60.81457259121622,61.699440002441406,435491600
2009-01-15,61.51663536653709,62.342998023860304,59.761523455861074,61.72139739990234,532647300
2009-01-16,62.78907190075101,62.884138367484496,60.734132027780575,62.20403289794922,399237200
2009-01-20,61.59704299647422,62.20401422393383,58.54022656216746,58.92049789428711,419855200
2009-01-21,59.92237760780792,61.60435454323253,58.84737192552349,61.46541213989258,364360700
2009-01-22,60.2734109871821,61.45811243724708,59.35929104775258,60.514739990234375,427940300
2009-01-23,59.16180697729228,61.421507390824985,58.92047812361154,60.77796936035156,386800600
2009-01-26,61.12898565171409,62.42338175788656,60.55857607787876,61.19480514526367,317978800
2009-01-27,61.52389073774453,62.2698153004411,60.91691969004458,61.81641006469727,273789700
2009-01-28,63.18395108366269,64.31745609774731,62.9426221579377,63.90793228149414,330007000
2009-01-29,62.9718975234279,63.9810839710982,61.772572558018354,61.8310775756836,294392500
2009-01-30,62.145521698615,62.45266460624634,60.119829137784656,60.57323455810547,383383600
2009-02-02,59.65183493395854,60.82922234368729,59.46169634659894,60.39044570922852,288233300
2009-02-03,60.77069855994077,61.69213311363199,60.12716006652319,61.23872756958008,278385800
2009-02-04,61.64823874570966,62.43072503582118,60.72680446691434,60.93888092041016,322989300
2009-02-05,60.47816266115707,62.37222175434599,56.84362708761667,61.84568786621094,417679400
2009-02-06,62.05775947976343,63.87136986467412,61.92612601800831,63.60810852050781,366101700
2009-02-09,63.59348466132505,64.16389451561776,63.1254557768108,63.69586563110352,240075200
2009-02-10,63.08886023563395,63.644646377017565,60.29531165299008,60.77796936035156,536212800
2009-02-11,61.02664558518265,61.46542762433485,60.25878817535709,61.1363410949707,324442500
2009-02-12,60.09057159326031,61.29721071981791,59.271523908300125,61.180206298828125,469302200
2009-02-13,61.099773368345296,61.60436373458542,60.50741990807541,60.52204895019531,293998400
2009-02-17,58.62070109993243,60.668326938716206,57.89671390618566,57.93328094482422,478910100
2009-02-18,58.35009024226359,58.45978572379113,57.24583206574924,57.79430389404297,362964800
2009-02-19,58.38666253777953,58.613368062907945,57.05570421019087,57.17271423339844,316867500
2009-02-20,56.11232259306409,57.2897035596696,55.4102737977651,56.61691284179688,477176600
2009-02-23,57.23851151178633,57.23851151178633,54.54734313481872,54.59122467041016,379641400
2009-02-24,55.05927988378451,57.00452446173748,54.62781231608261,56.66082000732422,426260900
2009-02-25,56.41215381887295,57.34821148800685,55.307895671999134,56.21470642089844,461985800
2009-02-26,56.90943512093846,58.26233114445042,55.23476718158918,55.30058670043945,363353900
2009-02-27,54.12321754239789,55.35179502333018,53.97695499743833,54.06471252441406,470510900
2009-03-02,53.03357278210483,54.05738809173854,51.46129116229884,51.629486083984375,426452600
2009-03-03,52.36809380870895,52.43390775403679,50.927440159082536,51.24189758300781,443761000
2009-03-04,52.09019322805592,53.28951768509128,51.24188756952969,52.455841064453125,462753100
2009-03-05,51.26382960073765,52.455845212431534,49.852428617463325,50.31314849853516,485549400
2009-03-06,50.7519377334435,51.51979509835019,49.06995489334205,50.40091323852539,490470000
2009-03-09,49.691545601126805,51.19070416924957,49.53066521752953,49.808555603027344,379905300
2009-03-10,50.83237073876391,52.92387709569877,50.72998977690086,52.77761459350586,406227900
2009-03-11,53.38460104799145,53.93307297656671,52.52898617845685,53.12133407592773,356648300
2009-03-12,53.106729174140746,55.39568414751268,52.63138555403528,55.21286010742188,409702700
2009-03-13,55.58581055782385,56.295168570973566,54.64975256991954,55.644309997558594,337474700
2009-03-16,56.28051746150442,57.01912769461895,55.43952627481088,55.47609329223633,360644900
2009-03-17,55.62967942325481,57.30434771983446,55.17627395234296,57.17271423339844,356814300
2009-03-18,56.90213103126699,59.16183821736721,56.36097363853782,58.45248031616211,473273200
2009-03-19,59.18376591832813,59.23495639821456,57.54566498261848,57.72848892211914,428520400
2009-03-20,58.00912246444318,58.11960312275388,56.36665757973271,56.49923324584961,371078200
2009-03-23,57.99439026494979,60.60907489805843,57.67768203293336,60.55751800537109,419933300
2009-03-24,59.83570530374396,60.660621060096446,59.29804146358402,59.36432647705078,330271000
2009-03-25,59.82834361396379,60.91103816101046,58.23006899643248,59.99037551879883,441775100
2009-03-26,60.5795775288216,61.35293608541079,59.89460457332951,61.21299362182617,422025200
2009-03-27,60.43230184452514,60.785833174346365,59.88726548052541,60.10822677612305,322332300
2009-03-30,58.77511274998625,58.82666963969075,57.41989424745732,58.03121566772461,324108500
2009-03-31,58.59832097262936,59.71784964244658,58.222694744337424,58.5688591003418,364238300
2009-04-01,57.83972332125992,59.96829542993469,57.69241950957981,59.70314407348633,377018300
2009-04-02,61.19091936605968,62.31780947042568,59.75468236264385,61.44870376586914,476230700
2009-04-03,61.49289674984652,62.07475620575492,60.88894228992417,62.06002807617188,284646300
2009-04-06,61.38244079982236,62.07478117355327,60.60908725188135,61.57394027709961,264866600
2009-04-07,60.57960849059557,60.87422169221728,60.03457772012706,60.137691497802734,258947800
2009-04-08,60.43967655901351,61.0878268401485,60.05668326320862,60.78584671020508,230402800
2009-04-09,62.36198599267743,63.20899651115316,62.11156852108625,63.20162963867188,269653500
2009-04-13,62.54614729433976,63.73932831871252,62.29572970734292,63.21639251708984,224847500
2009-04-14,62.627176016854165,63.16484565561589,61.92747441804004,62.12633514404297,276598800
2009-04-15,61.750678290420446,62.91439714811843,61.58127952133895,62.789188385009766,250726100
2009-04-16,63.29003598017119,64.18860366177171,62.43565830937755,63.70985794067383,335202900
2009-04-17,63.95292949143752,64.55688413338407,63.444721768834526,64.1370620727539,262649000
2009-04-20,63.00278265807853,64.11494463357477,61.38241313775901,61.44870376586914,293690100
2009-04-21,60.999438996775794,62.70082218534572,60.94788210073671,62.64926528930664,114090900
2009-04-22,62.08211429588691,63.591997422412746,61.920076797007134,62.2662467956543,340395200
2009-04-23,62.39147372646353,62.91440950386232,61.59601974706274,62.877586364746094,324903700
2009-04-24,63.36369915417833,64.30645701445857,63.11328155597642,63.82771682739258,287703000
2009-04-27,63.10593200105863,64.0855188919652,63.00281818299285,63.22377395629883,289581600
2009-04-28,62.58295873832087,63.776133813273375,62.42828810339289,63.02487564086914,247926300
2009-04-29,63.72456576699175,65.07978373248142,63.56253390590077,64.36534881591797,311505700
2009-04-30,65.21974139519858,65.56590581559539,64.01919375808778,64.38745880126953,301419800
2009-05-01,64.40219103597445,64.96931671666107,63.871888487173294,64.73362731933594,236110300
2009-05-04,65.21976352606565,66.98007058025291,65.0945490982434,66.93587493896484,287120000
2009-05-05,66.70753479003906,66.9726860909155,66.16986531346208,66.70753479003906,243036300
2009-05-06,67.52510356936732,67.90809688374233,66.73701630964119,67.86390686035156,291941000
2009-05-07,68.5046447753518,68.6077585075995,66.49391575796794,66.92110443115234,317728000
2009-05-08,67.78285991124116,68.65933247290353,67.3483098770149,68.4825668334961,299081700
2009-05-11,67.53980719636539,67.84178723137346,67.05370025761503,67.20100402832031,247923600
2009-05-12,67.48825848687106,67.63556789469276,66.17723566329434,67.00215148925781,282431300
2009-05-13,66.09618768342048,66.29505389127347,65.18289223566295,65.31546783447266,269619100
2009-05-14,65.34493408046673,66.37607707147654,65.18289660225811,65.87523651123047,260098700
2009-05-15,65.82369801955939,66.28770996638372,64.92513038537491,65.33758544921875,271502700
2009-05-18,65.95627090357908,67.27465480165138,65.2344689527855,67.19364166259766,241447400
2009-05-19,67.15683039899217,67.7386899879541,66.88431217551987,67.11264038085938,206102200
2009-05-20,67.72396043155986,68.35001569672185,66.58970868782535,66.66336059570312,285722200
2009-05-21,65.88998886723265,66.14041204908492,65.00615490379016,65.70585632324219,258988400
2009-05-22,65.88999306498894,66.28772005966046,65.31550039022329,65.56591796875,166811900
2009-05-26,65.07977864391438,67.43667193968474,65.05031677530765,67.24517822265625,236318500
2009-05-27,67.34833187197238,67.57665446491032,65.94155631337752,66.04467010498047,246015800
2009-05-28,66.62652877513308,67.27467340171151,65.62484713996999,66.96533203125,289095000
2009-05-29,67.33355918505022,69.01284638503377,66.78852865611873,68.15110778808594,258641500
2009-06-01,68.990812425308,70.09560820475609,68.81404667399524,69.80099487304688,276246800
2009-06-02,69.52844224427396,70.24287733707472,69.40323347647637,69.85987854003906,230874500
2009-06-03,69.2632746629338,69.32955965877908,68.32051726017392,68.97602844238281,235310500
2009-06-04,69.23383122000259,69.72730505134801,68.71826238416092,69.62419128417969,210102300
2009-06-05,70.33127353279583,70.46384920545806,69.08654120426262,69.6389389038086,284257900
2009-06-08,69.11598951778205,70.04401911964302,68.52676874429393,69.3516845703125,238565100
2009-06-09,69.74205184406364,70.07348821205187,69.24857230114615,69.7052230834961,225125500
2009-06-10,70.32391938740851,70.33128064493192,68.63726423325426,69.5284652709961,296100400
2009-06-11,69.66101816298534,70.78790831619477,69.64628441419849,69.83778381347656,275414200
2009-06-12,69.5284485100019,70.07347925721545,69.23383532095052,70.02928924560547,184361800
2009-06-15,69.20438053293584,69.2485705490749,68.05539515908207,68.42366027832031,224190500
2009-06-16,68.66672984267856,68.71091986733623,67.45145359106499,67.49564361572266,227319000
2009-06-17,67.46614441615306,68.00381376903053,66.89901880931423,67.4293212890625,223445200
2009-06-18,67.53244573759068,68.25424207885912,67.20837069988235,67.92280578613281,211725100
2009-06-19,68.57312262656376,68.66200186314558,67.78798691363345,68.17314910888672,215655600
2009-06-22,67.50652217273101,67.54355895290216,66.10661777775424,66.12883758544922,251913600
2009-06-23,66.2695794738212,66.57325963815833,65.81034933267867,66.18069458007812,188309800
2009-06-24,66.78064300085505,67.46207674959388,66.36585257252027,66.75101470947266,211577700
2009-06-25,66.41772231352026,68.26944874570955,66.34365438643681,68.20278930664062,279411000
2009-06-26,67.97316104909794,68.32128646957042,67.60281581898164,68.02500915527344,167579000
2009-06-29,68.224997909773,68.7508874519846,67.84724419738845,68.66200256347656,168481300
2009-06-30,68.6768259541339,68.92865801857464,67.6028213089655,68.10649108886719,228888200
2009-07-01,68.39537280856528,69.05459269467984,68.2990850571658,68.38796997070312,173041100
2009-07-02,67.49915796510844,68.41021023537678,66.48441507458347,66.52144622802734,212309900
2009-07-06,65.87705108316962,66.61033349888284,65.66965853335361,66.51404571533203,174499600
2009-07-07,66.44736048352772,66.52883691072684,65.18078009391624,65.2252197265625,197088900
2009-07-08,65.6177909637124,65.77334099442866,64.44009538130327,65.1807861328125,248050500
2009-07-09,65.63259206149542,65.84739300557804,65.11411092131016,65.30668640136719,163777600
2009-07-10,64.95856479252458,65.54371105755493,64.69932420701011,65.1511459350586,173520300
2009-07-13,65.41039942924374,66.78808469960069,64.87710117607047,66.73623657226562,217413500
2009-07-14,66.94360659091538,67.17322449284606,66.46216227784754,67.11396789550781,181487400
2009-07-15,68.0028154040317,69.26199305955072,67.1658368976092,69.07682037353516,220877900
2009-07-16,68.88421420842185,70.00265840850007,68.75088969681637,68.96569061279297,231174500
2009-07-17,69.66935092348392,69.86193204766066,69.28419432615082,69.72119903564453,138561700
2009-07-20,70.12857508830388,70.58039673457621,69.76563833427228,70.46188354492188,164179400
2009-07-21,71.01002075380622,71.03224057105282,69.9360158283733,70.78781127929688,217718300
2009-07-22,70.33595423698826,71.20256058136167,70.28410613906041,70.77296447753906,196068100
2009-07-23,70.81743544208052,72.64694230195252,70.75817883220921,72.33585357666016,258795500
2009-07-24,71.99513898375984,72.69139010041526,71.61739076818985,72.63213348388672,154003100
2009-07-27,72.49878313483431,72.88394535424801,72.09880959206778,72.84690856933594,159259400
2009-07-28,72.33585463505251,72.86174434055701,71.89143570553644,72.50621032714844,186685200
2009-07-29,72.1728706192289,72.6543148332976,71.83215373112566,72.32841491699219,194399300
2009-07-30,73.20242887931482,73.94311923166806,73.03206761182525,73.08391571044922,225575400
2009-07-31,73.06915262121419,73.67651888501238,72.86916292949935,73.18766021728516,207358000
2009-08-03,73.95797848402948,74.46164847609622,73.55800475641567,74.39498901367188,175776900
2009-08-04,74.06164245985408,74.69122826270154,73.9060981309873,74.58753204345703,176714600
2009-08-05,74.63940041486299,74.70606551734302,73.75798231201279,74.37275695800781,184726400
2009-08-06,74.7134662828367,74.82456535711522,73.63946147296878,73.98758697509766,193203800
2009-08-07,74.76532547635304,75.57267567448417,74.35794330691502,74.95790100097656,220640900
2009-08-10,74.61720306007813,74.9727371946159,74.26907741716204,74.80237579345703,130898700
2009-08-11,74.46901412239565,74.52086222479231,73.6690671274021,73.86905670166016,157301000
2009-08-12,73.7431756739394,75.2245573027515,73.70614452383256,74.66163635253906,219052400
2009-08-13,75.0023365601042,75.26157715656633,74.261645912486,75.23194885253906,176449500
2009-08-14,75.1949139736115,75.25417058317424,73.84685718667649,74.65421295166016,199616100
2009-08-17,73.21726486288833,73.29133279286938,72.6691553998035,72.81729125976562,237667500
2009-08-18,72.9802346561927,73.65426572918092,72.84691013906426,73.39501953125,173461500
2009-08-19,72.81729564349665,74.2912740986537,72.74322770905657,74.03943634033203,192812800
2009-08-20,74.1357528230883,74.9727371946159,73.97280556457447,74.80237579345703,174131300
2009-08-21,75.41714056707232,76.38744375225303,75.2690046605336,76.26893615722656,224605000
2009-08-24,76.5800329628288,76.9948180653472,75.98747797263977,76.26153564453125,191279000
2009-08-25,76.56519707351605,77.22441132187781,76.24669985737329,76.40965270996094,215310600
2009-08-26,76.17264676618552,76.7652017257676,75.91340609050197,76.41707611083984,194620700
2009-08-27,76.37259380277658,76.82441543557704,75.50598732059329,76.58739471435547,196230100
2009-08-28,77.20218523207635,77.29106448915869,76.04670403081762,76.57259368896484,147024400
2009-08-31,75.82452248343164,75.9800668799822,75.39492044475527,75.89118194580078,176051600
2009-09-01,75.51339435147065,76.46888577632502,74.06164164696155,74.2171859741211,321276800
2009-09-02,73.90613218589326,74.39499085989387,73.75058778535382,73.93576049804688,171805000
2009-09-03,74.36534156075676,74.63939348154652,73.76537829825416,74.5505142211914,143572300
2009-09-04,74.6986291445141,75.61708370046017,74.47642540490853,75.59486389160156,142687900
2009-09-08,76.29112083466494,76.32815761974996,75.83929918152367,76.2466812133789,132909100
2009-09-09,76.38000361570307,77.09106579171261,76.14298289036657,76.83182525634766,154612500
2009-09-10,76.88366148661268,77.66879145843862,76.45405972236044,77.616943359375,162902400
2009-09-11,77.76511044136204,77.99472838756473,77.23922075338506,77.60215759277344,152360100
2009-09-14,76.94295880556105,78.11325163395782,76.40225768236742,77.97992706298828,149593800
2009-09-15,78.10582700973588,78.59468555265086,77.59475430244073,78.30581665039062,196795900
2009-09-16,78.58725488752368,79.5057094547385,78.31320304021244,79.49089813232422,206406300
2009-09-17,79.37982410320578,80.0390384002041,78.93541079582808,79.37242126464844,229170900
2009-09-18,79.74303367261004,79.75047744932367,79.15510022686878,79.42301940917969,153799100
2009-09-21,78.80530818183851,79.63139129341643,78.63414108113312,79.2220687866211,151892000
2009-09-22,79.69093071445442,79.90675479431277,79.33370328070397,79.68348693847656,143126700
2009-09-23,79.8695499080567,80.3979444987501,78.87973768363166,79.0211410522461,225947400
2009-09-24,79.19228998747401,79.36345705564732,77.80804318132256,78.15038299560547,228636800
2009-09-25,77.97922080999554,78.41086894304506,77.46570818005948,77.73362731933594,204059000
2009-09-28,78.03134076813704,79.29651614663459,78.0164588902921,79.1253433227539,118285800
2009-09-29,79.26673727923782,79.64628473747102,78.7234551165635,78.8871841430664,133733900
2009-09-30,79.15511343344045,79.22953417917948,77.8601742881767,78.58206176757812,254383000
2009-10-01,76.65451253822847,78.68623172806801,76.61729933863703,76.63218688964844,281840600
2009-10-02,75.92518731984127,76.72894485784127,75.90286166788648,76.27497100830078,224748800
2009-10-05,76.58009120968026,77.6368802056266,76.35682336977631,77.41361236572266,149875000
2009-10-06,77.97178085727732,78.96903674190806,77.92712955785444,78.52250671386719,202491100
2009-10-07,78.34388641455361,78.8201915233533,78.19504497163545,78.73832702636719,159200300
2009-10-08,79.29648945062894,79.75790132168838,78.77553305441938,79.34114074707031,183305800
2009-10-09,79.36346496663398,79.82488250732422,79.1550846830761,79.82488250732422,135008300
2009-10-12,80.19701292189676,80.44260079058697,79.83978542880621,80.1374740600586,118031000
2009-10-13,79.92162166964627,80.15977135480782,79.45276607390407,79.97371673583984,157692700
2009-10-14,80.91143869934447,81.43238939407865,79.94395234862473,81.35052490234375,191421600
2009-10-15,80.95610790000708,81.64823150634766,80.91890037240304,81.64823150634766,173873600
2009-10-16,80.97099454088678,81.3207725505252,80.54679012100304,81.03797149658203,192069400
2009-10-19,81.17194051113182,81.96081058547729,80.91890885631858,81.70777893066406,159530400
2009-10-20,81.82685097276337,81.8566204047277,80.88169563913455,81.27613067626953,180921100
2009-10-21,81.14959871032812,82.09475385599015,80.48724459517769,80.54678344726562,225379300
2009-10-22,80.51703896573405,81.62592345920622,80.00352614377762,81.36544799804688,238444000
2009-10-23,81.6333580699872,81.68545315636872,80.10026355458768,80.43516540527344,240033200
2009-10-26,80.52445971772818,81.35054291510261,79.34115472999278,79.56442260742188,242028200
2009-10-27,79.6537343426453,79.92165355508278,79.00626764420359,79.19976043701172,253266300
2009-10-28,78.998842579808,79.24443619570806,77.65924620029855,77.70390319824219,248821400
2009-10-29,78.28436727702272,79.52721114978044,78.09831260105523,79.37092590332031,198110600
2009-10-30,79.1104759434285,79.34862577816529,76.98200931136977,77.0713119506836,325608100
2009-11-02,77.49547562573896,78.4480801399226,76.7140495544133,77.63687896728516,254222900
2009-11-03,77.20522003624862,77.99409545039379,77.05637861814975,77.88246154785156,228362600
2009-11-04,78.522511758107,79.13277082715092,77.88248326155633,78.08341979980469,247996700
2009-11-05,78.63415136029846,79.54209341398548,78.47042233617745,79.51976776123047,180015300
2009-11-06,79.08071303141571,79.92912224256176,78.92442772177726,79.72817993164062,170954100
2009-11-09,80.33841564710204,81.58870343422613,80.27888245947803,81.54405212402344,159495700
2009-11-10,81.35054910347424,81.81196676889019,81.09751745588183,81.55892944335938,171899800
2009-11-11,82.09476479112244,82.47431792631829,81.58125773779204,81.97569274902344,169466200
2009-11-12,81.8640669018766,82.28827138506877,80.93379341435526,81.14217376708984,157144500
2009-11-13,81.35054900974099,81.93103872102029,80.93378833045091,81.58126068115234,150963000
2009-11-16,82.14684645891487,83.12177667920642,82.10219516016193,82.7645492553711,210922200
2009-11-17,82.54872715281242,82.89851080922952,82.23615669820296,82.86129760742188,147134100
2009-11-18,82.80178888953762,82.92830472835077,82.28827607819838,82.8092269897461,156486800
2009-11-19,82.24356154993656,82.83893275151969,81.21653671666499,81.73004913330078,208734600
2009-11-20,81.30589026486332,81.6854433790345,81.12727937263956,81.43984985351562,134196000
2009-11-23,82.39989872057154,83.15899932712283,82.31059042888504,82.47431945800781,148010200
2009-11-24,82.60828911494553,82.75713060794101,81.87151407212164,82.60084533691406,138420100
2009-11-25,82.7347822766889,82.9803757829668,82.47430689636573,82.89106750488281,109564800
2009-11-27,80.67331750743845,82.10221621331208,80.59145298677436,81.54405212402344,126001800
2009-11-30,81.47705708850366,82.01288972591371,80.46491931016666,81.81939697265625,160874800
2009-12-01,82.54871342092274,83.09943919078857,82.40731576903738,82.8315200805664,159613700
2009-12-02,82.81665243378768,83.35993455950528,82.5487332591787,82.79432678222656,132315100
2009-12-03,83.01759070092629,83.48644639519905,82.0798736344432,82.1468505859375,167324900
2009-12-04,83.23341988578885,83.63529868060753,81.8938295809982,82.61572265625,274907800
2009-12-07,82.541320439043,83.0027325204484,82.22874418764694,82.48921966552734,127973800
2009-12-08,81.89380569098502,82.43708202476319,81.3207542574563,81.57379150390625,169863700
2009-12-09,81.5514844090069,81.99801448192252,81.13471808673945,81.87893676757812,155063400
2009-12-10,82.38498332303351,82.6975593993272,82.19892870335373,82.34033203125,138014600
2009-12-11,82.69010925292969,82.8761638582728,82.31800004224345,82.69010925292969,124854000
2009-12-14,83.25575256347656,83.35249895570662,82.70502660726072,83.25575256347656,107141500
2009-12-15,82.9505854897995,83.29292528609592,82.60824569350306,82.86872100830078,120408800
2009-12-16,83.20362519381145,83.44921296770758,82.80918464483702,82.9952392578125,155358200
2009-12-17,82.39990280240607,82.55618806214562,81.92360324569356,81.9980239868164,183390100
2009-12-18,82.45442258201373,82.52924967591947,81.76605670272498,82.46190643310547,174591200
2009-12-21,82.87342337046505,83.57675116497045,82.87342337046505,83.29991149902344,118039600
2009-12-22,83.47950909911151,83.77880040600945,83.37475799797326,83.59922790527344,91707500
2009-12-23,83.80126091167008,83.88356617817468,83.42714813974298,83.76384735107422,111783100
2009-12-24,83.94339910755643,84.25016851532672,83.80123447235461,84.16038513183594,39677500
2009-12-28,84.47462369243662,84.54196121833795,84.04065171938898,84.3399429321289,87508500
2009-12-29,84.55695020109641,84.57191219667196,84.21276721779361,84.22024536132812,80572500
2009-12-30,83.97333491502052,84.28758819711632,83.9284375115022,84.19031524658203,73138400
2009-12-31,84.37735257631888,84.39980412727279,83.34480386414191,83.38221740722656,90637900
2010-01-04,84.07806831897445,84.84125551613299,83.43459418616192,84.7963638305664,118944600
2010-01-05,84.74403420113663,85.05828758734711,84.43725896090136,85.0208740234375,111579900
2010-01-06,84.93854670898989,85.29021356785614,84.87120916163605,85.0807113647461,116074400
2010-01-07,84.92356498033823,85.5445933013371,84.68413313120084,85.4398422241211,131091100
2010-01-08,85.2153658864423,85.761572783385,85.04327729060778,85.72415924072266,126402800
2010-01-11,86.10578798865735,86.14319583684923,85.47727562885682,85.84391021728516,106375700
2010-01-12,85.27521424709322,85.45478666994647,84.7140454307354,85.04326629638672,163333500
2010-01-13,85.26026615785628,86.00101327593866,84.82629984519355,85.76158142089844,161822000
2010-01-14,85.66429412844744,86.15064160801579,85.61191859732499,85.99351501464844,115718800
2010-01-15,85.84388113306966,85.92618065461131,84.69909176291749,85.02831268310547,212283100
2010-01-19,85.01334938733325,86.14316533064837,84.99089783616024,86.09078979492188,139172700
2010-01-20,85.50716990294892,85.63436680941084,84.53448062538122,85.21536254882812,216490200
2010-01-21,85.23782033052545,85.49969803007428,83.47200825855937,83.5767593383789,344859600
2010-01-22,83.20265859458345,83.60670097811244,81.6239026122505,81.71369171142578,345942400
2010-01-25,82.46190373548971,82.61155220989988,81.86332696336589,82.13268280029297,186937500
2010-01-26,81.81093613681712,82.65643421984595,81.58647201424247,81.78849029541016,211168800
2010-01-27,81.68377312539916,82.36466104264535,81.05526647117863,82.17760467529297,271863600
2010-01-28,82.44695998634104,82.49185168434502,80.74100696010753,81.23483276367188,316104000
2010-01-29,81.5864863225913,82.15513914148427,80.22471652286497,80.35191345214844,310677600
2010-02-01,80.92057358135591,81.60893954043578,80.43422595712318,81.60145568847656,187865000
2010-02-02,81.75110259717724,82.74623796517771,81.46677331331452,82.589111328125,216327900
2010-02-03,82.21501252365906,82.66395237211063,81.9381727534222,82.17760467529297,172730700
2010-02-04,81.54162991374139,81.57903776933097,79.62616846039104,79.6411361694336,356715700
2010-02-05,79.7309132342139,79.97034518323376,78.2494298335623,79.80574035644531,493585800
2010-02-08,79.86556647053058,80.30702236344926,79.16971671713799,79.22957611083984,224166900
2010-02-09,80.15738056525967,80.9205736273526,79.51390630055641,80.22472381591797,337820500
2010-02-10,80.09751850237116,80.5090389812418,79.39418491249347,80.06758880615234,240511500
2010-02-11,79.96283417133532,80.99538295673794,79.49893246331092,80.90559387207031,223591600
2010-02-12,80.05264070440705,80.88317142518798,79.69349567885746,80.8382797241211,304622100
2010-02-16,81.45177068550858,82.19251180737875,80.67361603173948,82.1102066040039,159317500
2010-02-17,82.50680675664975,82.611563557379,82.11024823487658,82.49932861328125,168845100
2010-02-18,82.36464361879425,83.15776062186588,82.33471392132847,82.98567199707031,193708600
2010-02-19,82.768693563781,83.4795053911475,82.57415336666233,83.15776824951172,222684900
2010-02-22,83.46449097397038,83.48693680790454,82.92576812553854,83.17268371582031,132346900
2010-02-23,82.94824400896994,83.20263783038648,81.9456192981689,82.16260528564453,207497000
2010-02-24,82.40954148292472,83.05301575536754,82.20003929347943,82.9183349609375,176350700
2010-02-25,81.73615904094544,82.86598124135428,81.51169479677345,82.80612182617188,259634700
2010-02-26,82.8808976844905,83.14278105483943,82.38707205194245,82.85845184326172,173589300
2010-03-01,83.20266337483011,83.80124598670935,83.18021752587335,83.71894073486328,147709700
2010-03-02,84.07809988783858,84.35493966411819,83.80125440305153,83.95089721679688,160992400
2010-03-03,84.16784707071392,84.52699766105123,83.8161803303954,84.02568817138672,150785000
2010-03-04,84.13793332664773,84.39981675039803,83.82368006835462,84.28009796142578,135770400
2010-03-05,84.8263049967163,85.55207874839493,84.62428096733188,85.4847412109375,176118800
2010-03-08,85.49222431074335,85.68675877846967,85.35005967713059,85.49970245361328,114631200
2010-03-09,85.24531768307665,86.03843475832961,85.20042598704546,85.64187622070312,154556700
2010-03-10,85.6792774482724,86.25540839565495,85.60445606281446,86.0234603881836,186088800
2010-03-11,85.82146786428527,86.40508858545803,85.55959006482128,86.38263702392578,160791100
2010-03-12,86.75675804345401,86.77172575256489,86.15069712015726,86.39012908935547,162074800
2010-03-15,86.24047084480016,86.47241891801177,85.74663928550234,86.41255950927734,146816800
2010-03-16,86.65195905344602,87.18319826329561,86.41252721649262,87.10089874267578,168673000
2010-03-17,87.3627936206281,87.90151678695261,87.10839403274979,87.6171875,177468100
2010-03-18,87.62464115320287,87.74435419973611,87.22059891770738,87.572265625,196509100
2010-03-19,87.12902069091797,88.12074509819351,86.79092930742907,87.12902069091797,226641100
2010-03-22,86.63314675592416,87.75259751725838,86.5805555325873,87.59481811523438,184477800
2010-03-23,87.72254897920718,88.28602885699651,87.43704883930513,88.21089935302734,182941600
2010-03-24,87.88031968987355,88.22591998207352,86.83600414352632,87.78264617919922,196072600
2010-03-25,88.3761773326104,88.78188351117642,87.53471776107797,87.63990020751953,223396300
2010-03-26,87.80517506125351,88.21839011394938,87.24169529956704,87.58729553222656,205808500
2010-03-29,88.03058290574796,88.30105370945982,87.669958988808,88.14328002929688,134513500
2010-03-30,88.24845332195432,88.52643876691637,87.8352382211879,88.20337677001953,145772500
2010-03-31,87.86528730401311,88.2935317525452,87.60984586159654,87.9028549194336,161078700
2010-04-01,88.50390625,88.84199187553699,87.97798827114808,88.50390625,161215200
2010-04-05,88.84200597695853,89.2852741222208,88.59407342180447,89.22517395019531,105847600
2010-04-06,88.96972708542522,89.59331294534043,88.8720592899744,89.43553924560547,110384200
2010-04-07,89.25522118926105,89.67595102658231,88.51142357140708,88.92464447021484,184576300
2010-04-08,88.61662525262993,89.38296131627914,88.35366904726612,89.23269653320312,158704000
2010-04-09,89.42052818764523,89.8562874847846,89.25524551508975,89.8187255859375,133006500
2010-04-12,89.93139571826319,90.1943576080006,89.82621325517397,89.9614486694336,110279000
2010-04-13,89.87128668469558,90.1868340428435,89.405474585515,90.02906036376953,125043600
2010-04-14,90.35963590543388,91.05084228515624,90.21689155924211,91.05084228515624,161609000
2010-04-15,90.9005746832253,91.3363338425862,90.87052173444036,91.12596893310548,144615300
2010-04-16,90.80290118170444,91.12596319578518,89.21764405819356,89.67594146728516,366786700
2010-04-19,89.41299627069193,90.10419693763072,89.0072900360937,90.0140380859375,217947800
2010-04-20,90.57752187554476,90.89307500392378,90.05912421923567,90.81793975830078,157708000
2010-04-21,90.87050748048304,91.08087808897892,90.14925401882186,90.6526336669922,192910100
2010-04-22,90.01403077621713,91.03580808437532,89.49563318411737,90.92311096191406,115360300
2010-04-23,90.86302947067946,91.554230223535,90.6301205078581,91.51666259765624,177335500
2010-04-26,91.54670430998804,91.7495602935986,91.08089790557636,91.17105102539062,143457300
2010-04-27,90.6451192967304,91.16351682062523,88.84198277062794,89.01478576660156,355853300
2010-04-28,89.44304457625567,89.91636562603242,88.85702066870466,89.69097137451172,300674100
2010-04-29,90.23191526962252,90.99073648807678,90.20937699030448,90.80290985107422,193775000
2010-04-30,90.81793009760044,90.9156036137146,89.2401875515945,89.26272583007812,270000900
2010-05-03,89.69100079773503,90.6677018987139,89.55576534886127,90.41976928710938,182747900
2010-05-04,89.41299181224103,89.428015420767,87.84275818262975,88.29354095458984,360353400
2010-05-05,87.57227499665865,88.50389908999429,87.12900695761458,87.76761627197266,328973200
2010-05-06,87.34689941917688,87.90286465046375,78.88718622477516,84.8525619506836,647356600
2010-05-07,84.62717890029951,85.47615333424858,82.20046167939397,83.59037780761719,637558800
2010-05-10,87.00881240576767,87.63991290788655,86.33264107551679,87.27177429199219,396159600
2010-05-11,86.45283967726711,88.17333226904545,86.33263361659118,87.02383422851562,317849800
2010-05-12,87.3694540334272,88.36869328811699,87.21918925902928,88.240966796875,235607100
2010-05-13,88.00054736471071,88.41376832212465,87.06892870764969,87.14405822753906,234452500
2010-05-14,86.4904089837724,86.64818266574703,84.79996930716923,85.56629943847656,345601400
2010-05-17,85.79918523524022,86.03960304456719,83.97351052528414,85.61135864257812,325739800
2010-05-18,86.31009058949715,86.56553778586533,84.16886816294455,84.44685363769531,360556800
2010-05-19,83.97354287509692,84.7248495351773,82.91420346503136,83.96603393554688,394742700
2010-05-20,82.17791843767354,82.56108643005413,80.74292573211451,80.79551696777344,530418300
2010-05-21,79.57088080160376,82.17790975910654,79.15765989934071,81.97505950927734,500909400
2010-05-24,81.53177416919634,82.18541285013191,80.84808827416079,80.9232177734375,269823000
2010-05-25,78.96982706709002,81.04343462238722,78.42137079727088,81.00586700439453,396505200
2010-05-26,81.50173251313183,82.24552435111723,80.27709923655485,80.51751708984375,349719300
2010-05-27,82.03516301071143,83.24476699976171,81.72712457766734,83.21471405029297,300870500
2010-05-28,83.12455164116164,83.18465753752443,81.7797123031166,82.17039489746094,297933500
2010-06-01,81.40405016643788,82.60613930245837,80.66777307838109,80.78797912597656,277909400
2010-06-02,81.20121519138053,82.8991639068865,80.77297067718453,82.89165496826172,240243700
2010-06-03,83.13207797842412,83.44011070949031,82.32818013079316,83.17715454101562,226618300
2010-06-04,81.59938622444774,82.14032773406991,79.98407636432954,80.25454711914062,398475600
2010-06-07,80.54005106016133,80.84808946334418,79.19521752689091,79.25531768798828,264609100
2010-06-08,79.31544243981385,80.2620904193452,78.62424170073406,80.10431671142578,357774300
2010-06-09,80.57012216748035,81.35148175800155,79.33797974104704,79.67607116699219,268023300
2010-06-10,81.03591047126925,82.10276420608162,79.6685330237175,82.00509643554688,317890600
2010-06-11,81.28384481479435,82.45588101594764,81.23125359376857,82.40328979492188,214128200
2010-06-14,83.03439684337339,83.48518535605008,82.19293718134016,82.27558135986328,207196100
2010-06-15,82.85407611959921,84.22145365788154,82.71132605687308,84.14632415771484,238268700
2010-06-16,83.71059616005452,84.46190290512487,83.54530775901655,84.11630249023438,216374000
2010-06-17,84.35668543284734,84.3942530473261,83.4325817296071,84.25150299072266,263185800
2010-06-18,84.41835958205215,84.64482046932184,84.07111494747642,84.3428726196289,174006600
2010-06-21,85.3921335512056,85.45251964902765,83.63325958814792,84.10128784179688,213140700
2010-06-22,84.10131809589197,84.47120827498371,82.59155568082268,82.71233367919922,239355400
2010-06-23,82.76517916249503,83.05958238702263,81.88951991395537,82.45568084716797,254639900
2010-06-24,82.04800399769603,82.15368685926134,80.87793633985763,81.08930206298828,268523600
2010-06-25,81.33087789665197,81.8441972106162,80.59864240004131,81.42901611328125,238726500
2010-06-28,81.54978849927646,81.76870466694362,80.8779449112876,81.17234802246094,169218600
2010-06-29,80.03251684926863,81.15729418857214,78.16796478387373,78.66618347167969,373649500
2010-06-30,78.44726071917921,79.17194605209626,77.66218350203066,77.9188461303711,284101700
2010-07-01,77.86598213078797,78.12263892554412,76.34111917143942,77.57157897949219,382924800
2010-07-02,77.83575559613902,78.06976678868362,76.71098487674587,77.14881134033203,233385200
2010-07-06,78.23585013662618,78.78691568630425,76.90725823985682,77.65459442138672,256935300
2010-07-07,77.85087032501677,80.19855054100918,77.76783295974748,80.10041809082031,253769400
2010-07-08,80.77229027638114,80.98365609580544,79.94947251372419,80.89307403564453,210842100
2010-07-09,80.87042594233642,81.50452918483825,80.7194519966053,81.49697875976562,144999900
2010-07-12,81.225205582632,81.7083290281166,80.88551138978013,81.5498046875,131283600
2010-07-13,82.39527482698217,83.1048591585342,82.2292000602511,82.78026580810547,213025900
2010-07-14,82.51607295918741,83.09733478467793,82.17637867831745,82.77273559570312,184426800
2010-07-15,82.74250768094772,83.08220183055998,81.65547718733247,82.79534912109375,232337900
2010-07-16,82.34996503128777,82.44055282408665,80.35707966399164,80.51560974121094,282693400
2010-07-19,80.81003343568304,81.24786014743006,80.18348066775104,80.99120330810547,186709000
2010-07-20,79.91927081193508,81.94989722438982,79.88152445006503,81.88951110839844,258162400
2010-07-21,82.31221239537633,82.33485790044193,80.4929466979846,80.8250961303711,264527000
2010-07-22,81.78380367893152,82.99161787016432,81.77625901571787,82.6292724609375,274781300
2010-07-23,82.46319752557788,83.46719062195653,82.22918626224335,83.3464126586914,222020800
2010-07-26,83.48983823967346,84.29756068695973,83.2558269704261,84.21452331542969,184445700
2010-07-27,84.67503873723683,84.7656265716068,83.87486635780863,84.20701599121094,204855600
2010-07-28,84.03338815832767,84.29005080148768,83.38418976357208,83.66349792480469,163056200
2010-07-29,84.18432929206949,84.41079590306337,82.59153562941037,83.25582885742188,220149100
2010-07-30,82.410354734838,83.68610542674054,82.26693126576883,83.24072265625,220070600
2010-08-02,84.53914534586887,85.25628595306638,84.19945110407667,85.12040710449219,188263200
2010-08-03,84.90903927782622,85.12794975602402,84.43346043942418,84.7127685546875,146657300
2010-08-04,84.94675069212094,85.3845830166392,84.6674484321194,85.27890014648438,158171700
2010-08-05,84.7353813260679,85.23360548629452,84.60705295484014,85.18830871582031,140473800
2010-08-06,84.35041346882385,84.97696617123843,83.73141119009588,84.8410873413086,239728300
2010-08-09,85.2411801550278,85.43745087141548,84.78825260583695,85.29402160644531,120800400
2010-08-10,84.56932701288657,85.2864674990538,84.07110849172219,84.83353424072266,242916300
2010-08-11,83.52758738739662,83.55778331980702,82.37262032930361,82.50849914550781,273406900
2010-08-12,81.26292839322066,82.29711151936122,81.22518204527043,82.0027084350586,239542600
2010-08-13,81.74606671781618,82.25183562128255,81.66302934449661,81.76116180419922,158698500
2010-08-16,81.20255703395581,81.98763404332702,80.9081538753523,81.72342681884766,147895300
2010-08-17,82.4254767611361,83.33133186104645,82.19145968221835,82.72742462158203,172270300
2010-08-18,82.68969003320682,83.32378749740867,82.21411693505543,82.87841033935547,182922100
2010-08-19,82.44810513641502,82.65192047577796,81.0968674324394,81.43656158447266,265847600
2010-08-20,81.19499352958432,81.48185197790627,80.58354180011426,81.17234802246094,209714200
2010-08-23,81.55735852473669,81.95744460484127,80.82512290222711,80.86286926269531,163490300
2010-08-24,79.97968461927245,80.31183428901309,79.23990404848962,79.66263580322266,280677800
2010-08-25,79.2247553690342,80.27403945488618,78.72653692447194,79.97209167480469,272234800
2010-08-26,80.3495397052633,80.45522259007403,79.17192136706679,79.4361343383789,224439500
2010-08-27,79.93432206387726,80.74959465515788,78.7416090980352,80.66655731201172,272649000
2010-08-30,80.45520770551923,80.70431978475143,79.4889610749892,79.49650573730469,167238600
2010-08-31,79.20210264704271,80.0022803173688,78.87750362966612,79.49650573730469,273933100
2010-09-01,80.56846380562294,81.98763822614764,80.51562235803121,81.87440490722656,256828100
2010-09-02,82.0706648007668,82.65192064772485,81.89703963338268,82.63682556152344,156112200
2010-09-03,83.4445558944522,83.78425007926248,82.99917305911372,83.7087631225586,212197300
2010-09-07,83.31621763894974,83.42190051769398,82.6972154523256,82.76515197753906,141973700
2010-09-08,82.93122581153185,83.67855637713417,82.89347945841375,83.3464126586914,149924400
2010-09-09,84.2824728824462,84.30511839313175,83.50494629938638,83.73140716552734,147017900
2010-09-10,83.8823790361853,84.25226911465634,83.69365878563895,84.15413665771484,127819000
2010-09-13,84.98451181362502,85.26381412217171,84.64481187826932,85.09019470214844,178503500
2010-09-14,84.92411258426112,85.52046926596702,84.60706394617495,85.03734588623047,209823600
2010-09-15,84.78823492499822,85.46007856404422,84.53157814571551,85.36194610595703,168608400
2010-09-16,85.0977403656908,85.39214350429444,84.8108818906415,85.33930206298828,199962900
2010-09-17,85.78857963544668,85.87206155374695,85.13590597789062,85.37117004394531,195836900
2010-09-20,85.66716072200148,86.86625953574566,85.39394818747449,86.67652893066406,214555200
2010-09-21,86.7448385956582,87.1546516245093,86.14528916365329,86.50198364257812,268389100
2010-09-22,86.3653365450141,86.85104622158109,85.83408760556416,86.07694244384766,191322400
2010-09-23,85.37115518961257,86.26668360182705,85.13589116449313,85.37874603271484,202354300
2010-09-24,86.32741863667995,87.2001805105909,86.25152755853946,87.13946533203125,209671800
2010-09-27,87.1698207207581,87.26847854083836,86.63857739706748,86.72205352783203,128761800
2010-09-28,86.83589654295007,87.30643049872803,85.89483442151233,87.02562713623047,209207500
2010-09-29,86.80552668784574,87.20776035246507,86.53231420891662,86.87383270263672,179665800
2010-09-30,87.3140195490002,87.87562047233372,86.20598781171357,86.61580657958984,287106700
2010-10-01,87.26846036712824,87.36712395677972,86.46400470446284,86.98007202148438,174638700
2010-10-04,86.79794172670917,87.16222117225854,85.89482237650081,86.32740783691406,166153200
2010-10-05,87.12429126654203,88.27785073286869,87.02562765177608,88.06535339355469,229634100
2010-10-06,88.05016367228465,88.28543352516701,87.70106010523729,88.05775451660156,148626600
2010-10-07,88.41443530959384,88.43720204892011,87.42024909156798,87.95149230957031,164860000
2010-10-08,88.07294623711749,88.68767152409923,87.73901853055044,88.44481658935547,177760100
2010-10-11,88.5814141257225,88.77114470574156,88.2247197088678,88.52828979492188,103098300
2010-10-12,88.23989175188466,89.05952921138041,87.76936363967296,88.80149841308594,182210000
2010-10-13,89.29481842572723,89.97025894437527,89.08231527560035,89.49213409423828,194347200
2010-10-14,89.40864995272587,89.56043791335264,88.58142728025493,89.14302825927734,217764300
2010-10-15,89.76534884665023,89.81847318795818,88.61178923962666,89.3251724243164,243705000
2010-10-18,89.3555011280068,90.06129902868565,89.02916433973341,89.76531982421875,141204800
2010-10-19,88.93810042777542,89.4389861024632,88.0501569938135,88.58899688720703,280604700
2010-10-20,88.74837985214218,89.88676335649447,88.69525552021045,89.45417785644531,200051800
2010-10-21,89.8563785808792,90.38003089716246,88.95325942117378,89.6514663696289,221585500
2010-10-22,89.78811622208418,89.95508009311047,89.55285210752115,89.81847381591797,108212400
2010-10-25,90.41801125482095,90.88854521155814,90.01578332266547,90.0840835571289,151145700
2010-10-26,89.6287396808549,90.19034066945036,89.45419076080708,90.09927368164062,158982900
2010-10-27,89.46936194225528,89.93989591821872,88.99124291112032,89.84123229980469,190024000
2010-10-28,90.35729290436996,90.395241337819,89.42382165875135,89.85640716552734,168576000
2010-10-29,89.7653325104512,90.09926018939836,89.60595951553131,89.9247055053711,144305500
2010-11-01,90.36489694761116,90.88096445125646,89.43901062135471,89.955078125,174074800
2010-11-02,90.63050859646796,90.88095436974572,90.38765366817024,90.66845703125,158345900
2010-11-03,90.8278464601523,91.08587733495344,89.89436922281807,91.03275299072266,226702800
2010-11-04,92.04206621387463,92.83134584854594,91.0478801713144,92.78581237792967,215039400
2010-11-05,92.84656975258538,93.2867461632084,92.72514517144866,93.1349639892578,180654100
2010-11-08,92.84655630395535,93.1121837550715,92.54299200002482,92.96039581298828,156107100
2010-11-09,93.2108367934622,93.30949460816704,91.92067119758438,92.29254150390624,186621600
2010-11-10,92.26976120241356,92.7099374620154,91.57155417760038,92.66439819335938,221387400
2010-11-11,91.86755383421772,92.45192150274907,91.58675047706376,92.31531524658205,158017600
2010-11-12,91.69299179485267,92.09521968629532,90.80505409599428,91.2224578857422,239068800
2010-11-15,91.51086207915836,91.86755652460263,91.055509808639,91.09345245361328,163940800
2010-11-16,90.53187393645722,90.68365613418526,89.24170209529015,89.6742935180664,299566200
2010-11-17,89.71219675406925,90.09165787177878,89.44657512969603,89.71978759765625,172308900
2010-11-18,90.58499188713658,91.36668115145682,90.57740104075036,91.04034423828124,197723700
2010-11-19,90.99476180820824,91.32868359808587,90.50146128052178,91.29074096679688,156852900
2010-11-22,90.83541311267862,91.25281690899745,90.13720018717407,91.21487426757812,181361000
2010-11-23,90.13721070980768,90.3269413094066,89.54525216547795,89.89435577392578,222309000
2010-11-24,90.46353558789036,91.24523041837656,90.44835968958508,91.2224578857422,140046100
2010-11-26,90.43317798804031,90.9264728178944,90.15996551513672,90.15996551513672,76007800
2010-11-29,89.9322978652294,90.67604431083848,89.35551526190713,90.43318939208984,223642300
2010-11-30,89.53765928490188,90.44077292278128,89.40863808796091,89.9247055053711,233930700
2010-12-01,91.22246530158372,92.0117452503275,91.21488024687328,91.83719635009766,221037200
2010-12-02,91.9813919956712,93.08183294294346,91.92826765960416,93.0135269165039,191213600
2010-12-03,92.6947852277241,93.37022572787576,92.6720184812208,93.26397705078124,151288900
2010-12-06,93.06665010485364,93.37781106235076,92.96799227912248,93.16531372070312,103050500
2010-12-07,94.06082610197606,94.11395042820128,93.16529760980994,93.21842193603516,206581000
2010-12-08,93.3322709273264,93.63583522800056,92.899685429736,93.55994415283205,138019200
2010-12-09,94.08358255597618,94.12152519049276,93.461266606761,93.92420959472656,123705100
2010-12-10,94.21262834548892,94.56173196235504,93.901473165505,94.47066497802734,117571700
2010-12-13,94.90323289551348,95.01706660477834,94.50099922568032,94.53135681152344,133812700
2010-12-14,94.67556808605924,95.03985338065564,94.32646448171842,94.61485290527344,147249600
2010-12-15,94.44030285550996,94.81217320061654,94.0228932303059,94.18226623535156,160823100
2010-12-16,94.24301919317467,94.79703530051484,93.9166822072336,94.72872924804688,185035200
2010-12-17,94.66235820584927,94.95226339274046,94.46399896188628,94.8302001953125,141075300
2010-12-20,95.08953823458124,95.28789737446594,94.58601835095772,95.05902099609376,119085500
2010-12-21,95.3565765365793,95.722777653673,95.26503062273284,95.6617431640625,94965500
2010-12-22,95.73040369809584,95.98979153529216,95.67699997746313,95.9592742919922,78878100
2010-12-23,95.85244716867427,95.9592545880082,95.5854286203395,95.82192993164062,70053700
2010-12-27,95.46335864768466,95.95162279384758,95.39469923052164,95.86007690429688,58126000
2010-12-28,96.05082498470448,96.08896717299083,95.74565837556896,95.99742126464844,55309100
2010-12-29,96.11184932654906,96.27968541431888,96.05081484705003,96.06607055664062,58033100
2010-12-30,95.97454004348258,96.22629712578026,95.76855009729351,95.91350555419922,76616900
2010-12-31,95.76853656747136,96.02793019999488,95.6159561863882,95.9363784790039,91218900
2011-01-03,96.66876800675908,97.34776054993418,95.89822374901264,96.92816162109376,138725200
2011-01-04,97.14178206260436,97.1722993025524,96.2720610960747,96.87476348876952,137409700
2011-01-05,96.56957904383816,97.43929984946364,96.47802734093172,97.37826538085938,133975300
2011-01-06,97.41645273338972,97.52326018631187,96.8976711818094,97.18757629394533,122519000
2011-01-07,97.31725611356777,97.47746726971688,96.24155097354692,96.99683380126952,156034600
2011-01-10,96.56959690985757,97.0120881582515,96.27968604063544,96.87476348876952,122401700
2011-01-11,97.22572463889638,97.45459525855156,96.85189273182448,97.21809387207033,110287000
2011-01-12,97.81317699269404,98.2022588143164,97.24098585972295,98.09545135498048,107929200
2011-01-13,98.13356851517072,98.17934146318832,97.6910772824402,97.9352035522461,129048400
2011-01-14,97.79788749896365,98.66760845952516,97.72922807497798,98.64472198486328,117677900
2011-01-18,98.553199641427,98.90414511347028,98.43876722725028,98.8125991821289,114401300
2011-01-19,98.72862552307896,98.82779634874096,97.5842554273073,97.84364318847656,151958400
2011-01-20,97.6224451395623,97.95812323978603,96.98922531463576,97.71399688720705,175745700
2011-01-21,98.3242968926682,98.5455366884653,97.82839612649296,97.9352035522461,151462900
2011-01-24,97.8741644020932,98.60656645881936,97.85127792917696,98.49213409423828,113715500
2011-01-25,98.2327577232899,98.62947608218218,97.73686850552842,98.5455551147461,167552200
2011-01-26,98.78970595367302,99.21693579228148,98.59134092779053,98.9270248413086,141281500
2011-01-27,98.94989872852469,99.33899214291613,98.7744318473877,99.17115020751952,123302700
2011-01-28,99.2855573451174,99.44577429402096,97.27909703816812,97.4393081665039,295637300
2011-01-31,97.70633348370173,98.24799552721846,97.46219558607366,98.17169952392578,149249200
2011-02-01,98.76680339669292,99.91879878408984,98.70576890952022,99.74333190917967,167194300
2011-02-02,99.48394122483496,99.81962511339704,99.43054331954872,99.5526123046875,118323600
2011-02-03,99.37713111677748,99.92642989408012,98.85073045957304,99.77384948730467,145886700
2011-02-04,99.81197267608944,100.09424694047948,99.3542199284672,100.05609893798828,134634800
2011-02-07,100.27735081305872,101.00974124314352,100.26971422784504,100.68169403076172,112439100
2011-02-08,100.77322039983127,101.19282506552898,100.49857113147768,101.1394271850586,99072800
2011-02-09,100.86478003968224,101.18520225264996,100.40702736908032,100.91055297851562,146436700
2011-02-10,100.3994469357533,101.06317812535312,100.17057049898604,100.94874572753906,162708500
2011-02-11,100.55200724093612,101.68111602444368,100.52912076594951,101.55142211914062,137710300
2011-02-14,101.49037151446578,101.87945316855937,101.37593915771323,101.7955322265625,101690700
2011-02-15,101.4827494997996,101.63532986025136,100.9487124176508,101.47511291503906,119575400
2011-02-16,101.81844624050495,102.23803937488402,101.61245632504504,102.11598205566406,130183500
2011-02-17,101.81847634260478,102.5584919858495,101.72691877470032,102.42117309570312,109810500
2011-02-18,102.51271189582944,102.7568498717487,102.27621050736975,102.63478088378906,130002400
2011-02-22,101.55905885763032,102.65765634911284,100.3002560226372,100.5749053955078,233116400
2011-02-23,100.5138480028072,100.75798589689684,99.33896640062352,99.95692443847656,227584000
2011-02-24,99.85012352525284,100.27735322660784,98.94987953356654,99.88825988769533,260431400
2011-02-25,100.30787863540318,101.0173943492929,100.24684414939152,100.95635986328124,141686900
2011-02-28,101.3301960676368,101.7116528907052,100.99451220075446,101.58194732666016,141585500
2011-03-01,101.9023627217454,101.9939086174254,99.85774846951408,99.88825988769533,258565500
2011-03-02,99.75096041925444,100.5672836180801,99.44579961362416,100.1019058227539,200277400
2011-03-03,101.00976474113848,101.94052034512642,101.00213979528696,101.82608795166016,176480100
2011-03-04,101.74978132887126,101.94814631173318,100.39943266208626,101.06316375732422,277202300
2011-03-07,101.36070983625848,101.58958626362202,99.74333659419644,100.26973724365234,216790400
2011-03-08,100.4299767474513,101.46754002842522,99.99512191500868,101.1471176147461,174615000
2011-03-09,100.9487459544764,101.31494126944376,100.39944716145575,101.00214385986328,153806000
2011-03-10,99.94165908854984,100.07897791787325,99.03379024646154,99.13297271728516,301291800
2011-03-11,98.81257827004384,100.17818856848685,98.78969179205204,99.81961822509766,225621800
2011-03-14,99.17116886816385,99.54498917913774,98.46165298209168,99.2169418334961,234974100
2011-03-15,96.5772139428924,98.66760105382716,96.50855452406012,98.08015441894533,359585400
2011-03-16,97.7673619145474,98.08779583381428,95.57780386008736,96.2644271850586,468670300
2011-03-17,97.65290557005484,97.95044130106824,96.96628241365202,97.53846740722656,254303700
2011-03-18,98.72080173441084,98.75145739835976,97.70172305060156,97.89328002929688,230435400
2011-03-21,99.11161765081911,99.6173193531562,98.99667641123632,99.4104461669922,153992600
2011-03-22,99.39508925728184,99.5253466040047,98.97366155217232,99.06560516357422,129538600
2011-03-23,98.78972832712324,99.60959754974404,98.32234067035108,99.34908294677734,148603100
2011-03-24,99.91610331311723,100.44480238097594,99.35676027673009,100.2992172241211,159129800
2011-03-25,100.55976397083478,101.04247964627088,100.29157950203944,100.6057357788086,155642800
2011-03-28,100.82023013340184,101.08074471429278,100.32984493161077,100.36048889160156,109762400
2011-03-29,100.27624308547615,101.06545689936856,99.9467706953916,101.0348129272461,129798800
2011-03-30,101.56349225038258,102.03089165314212,101.41790710484484,101.73206329345705,135835000
2011-03-31,101.60181648962666,101.87765898031658,101.48687529834226,101.59414672851562,132537100
2011-04-01,102.22245822604914,102.49830071418984,101.77804467894975,102.02323150634766,153850100
2011-04-04,102.23777075201622,102.42166963484804,101.81635481121964,102.10751342773438,100768900
2011-04-05,101.90830995862696,102.54428051400554,101.862338155635,102.09220886230467,120791500
2011-04-06,102.58257250121989,102.67451608771329,102.0002319422088,102.41400146484376,120411600
2011-04-07,102.23009628322636,102.65918191595826,101.64776745190544,102.15348052978516,170731500
2011-04-08,102.6055822937235,102.66688192956433,101.3796129603272,101.80104064941406,147945400
2011-04-11,101.90832585426924,102.25312612220075,101.24936929461076,101.49456787109376,121385400
2011-04-12,100.92753413686906,101.1267491704319,100.36819107561658,100.73597717285156,161187400
2011-04-13,101.20338244684513,101.27999822182817,100.34521094009187,100.72832489013672,162059000
2011-04-14,100.14596765835056,100.95816722758924,99.81649532776458,100.80492401123048,161220400
2011-04-15,100.98879658077108,101.42554021821796,100.68996829461116,101.17268371582033,170006700
2011-04-18,100.06169744923778,101.16506748261568,99.23416992420437,100.03871154785156,210759300
2011-04-19,100.19191477519308,100.6439979359018,99.9467280277541,100.61334228515624,124258800
2011-04-20,101.8163608827465,102.2071328788946,101.74739149025396,101.98493194580078,156133800
2011-04-21,102.51359373654972,102.5519074579842,101.98490647089622,102.50593566894533,135935400
2011-04-25,102.42931797627128,102.56724504822344,102.06153193724454,102.39867401123048,65757100
2011-04-26,102.7128298931869,103.48671569409689,102.6055584782914,103.2798309326172,146600000
2011-04-27,103.47910492763548,104.1074058758843,103.0576771437238,103.95416259765624,143031000
2011-04-28,103.77027195365636,104.42922862531576,103.75495580880664,104.29131317138672,124791100
2011-04-29,104.32958777318866,104.64374400044258,104.1916606792953,104.53646087646484,115094100
2011-05-02,105.02682457626705,105.11109838970012,104.16864169893596,104.37552642822266,126278700
2011-05-03,104.17632471487008,104.35255381469328,103.47138493216322,104.00008392333984,138375000
2011-05-04,103.95412967839977,104.00010147813896,102.85075971782273,103.3105010986328,182678500
2011-05-05,102.7358069548011,103.40242128348837,101.9236074987669,102.37567901611328,226900000
2011-05-06,103.39478685989052,103.92348594149148,102.42933229637258,102.82777404785156,222787200
2011-05-09,102.82012694245408,103.52505522918754,102.65921393413944,103.22622680664062,114104500
2011-05-10,103.57103411256588,104.29129028067725,103.44077675965164,104.10739135742188,114806900
2011-05-11,103.95412994583825,103.9694577763604,102.5366154528268,103.0116729736328,193564200
2011-05-12,102.735816936583,103.71658750992016,102.20711792451532,103.50204467773438,171550700
2011-05-13,103.5556907002012,103.70127586441232,102.33739120765986,102.7051773071289,157444900
2011-05-16,102.33744052307316,103.14198250287644,101.88536867340709,102.05393981933594,141675400
2011-05-17,101.67077287436764,102.17648604937646,101.23401739821212,102.03855895996094,192686200
2011-05-18,102.09217667057962,103.057619304117,101.86996410390675,102.95034790039062,135217900
2011-05-19,103.28748138412963,103.46371045600507,102.62852518961144,103.19552612304688,119489500
2011-05-20,102.92736387147734,103.19553653980026,102.18412209943706,102.37567901611328,182594900
2011-05-23,101.12677255892184,101.69378551256705,100.8279440936102,101.18807220458984,168700000
2011-05-24,101.47923092655417,101.70143188629548,100.91221803812616,101.10377502441406,147199600
2011-05-25,100.69766834742217,101.8623380190666,100.66702437603854,101.44091033935548,151050100
2011-05-26,101.1650906650094,102.0922317696478,100.9735336484216,101.90833282470705,164850000
2011-05-27,102.1918008382559,102.57491474910393,101.87765631705912,102.299072265625,120921900
2011-05-31,103.26452644667872,103.37945594285236,102.55192849527626,103.36412811279295,164731200
2011-06-01,103.0652674031114,103.3794235163912,100.9581415616621,101.04242706298828,233094300
2011-06-02,101.11143675426749,101.3259796265298,100.34520886998502,100.93519592285156,200466800
2011-06-03,99.72455745210549,100.69767016799376,99.67092757828706,99.9314422607422,234690200
2011-06-06,99.67859567697896,99.88548050643033,98.7437966007454,98.87405395507812,179951200
2011-06-07,99.37971454818938,99.66322670246564,98.72842812178176,98.81271362304688,161660500
2011-06-08,98.65944795268612,98.98893185490644,98.21503460300734,98.39893341064452,198696400
2011-06-09,98.66715626651188,99.55597162148833,98.4296275211428,99.14987182617188,160964400
2011-06-10,98.728458644438,98.78974658093756,97.51015337868202,97.77066802978516,238629400
2011-06-13,97.99288283593002,98.26106726987602,97.3492542245111,97.84729766845705,207599800
2011-06-14,98.74379584440445,99.43340804005634,98.70549379884967,99.08860778808594,160570400
2011-06-15,98.26103741838436,99.07323685153182,97.06571831682706,97.32623291015624,300958000
2011-06-16,97.35688027454256,98.0541502201092,96.78987346822493,97.54077911376952,308032800
2011-06-17,98.50948456840294,98.51718647790264,97.50075179286088,97.83186340332033,233284900
2011-06-20,97.5007731725188,98.54030793916986,97.46997140260152,98.3323974609375,159479000
2011-06-21,98.84060554552347,99.87243827251098,98.3708888937348,99.679931640625,193157300
2011-06-22,99.37191373179088,99.95712959218604,99.01769640203132,99.0792999267578,176703000
2011-06-23,97.9165657676574,99.05620161869514,97.16963917449635,98.79439544677734,334286500
2011-06-24,98.77129269912156,98.84828829172125,97.50074792451932,97.64704895019533,226129300
2011-06-27,97.70866644451284,98.89450213720193,97.5161598109828,98.51719665527344,168904700
2011-06-28,98.90992026301124,99.81855781451776,98.77132110666696,99.80315399169922,165556300
2011-06-29,100.25745795118368,100.81957406234903,99.81854891223,100.65787506103516,244295500
2011-06-30,100.98128364318224,101.78210610393234,100.65017785883234,101.6204071044922,223322700
2011-07-01,101.71280585181526,103.26056676270431,101.47409949731492,103.12195587158205,202385700
2011-07-05,103.01417735922458,103.24518773345152,102.71386739763224,103.03727722167967,165936000
2011-07-06,102.7908519588547,103.2913645338662,102.49823809979826,103.16046142578124,143331600
2011-07-07,104.07680146827438,104.49261067597124,103.86119495322065,104.23080444335938,170464200
2011-07-08,103.05265287331724,104.23079253514376,102.71383931703492,103.49156188964844,194100500
2011-07-11,102.221026887473,102.5521326718229,101.38170074839378,101.6204071044922,195918600
2011-07-12,101.40480232540216,102.24412847871734,101.15069214372753,101.18148803710938,214675700
2011-07-13,101.7128084644764,102.5829422626137,101.27389942227296,101.52030181884766,204062600
2011-07-14,101.77439421527808,102.24411081851298,100.6270505779545,100.8195571899414,226111800
2011-07-15,101.381692930363,101.54339191733376,100.69636980777588,101.40479278564452,220012800
2011-07-18,100.935056333306,101.08905925484495,99.81852046506135,100.5731430053711,196872100
2011-07-19,101.13528338670992,102.32882687887285,101.11218353038254,102.20561981201172,166554900
2011-07-20,102.46746454118843,102.52905634104032,101.96694010740563,102.14404296875,137145400
2011-07-21,102.72149923191704,103.81494686984962,102.1593833473849,103.5608367919922,245246300
2011-07-22,103.58398826921962,103.73799124931644,102.9987604953077,103.63018798828124,126019400
2011-07-25,102.64451453900746,103.5608477730806,102.53671132027354,103.05262756347656,136653800
2011-07-26,102.98333908379118,103.15274583853872,102.4366151480748,102.6676254272461,131278200
2011-07-27,102.09778984679444,102.12859748028362,100.43453012846432,100.56544494628906,249020100
2011-07-28,100.56549446809169,101.466424321751,100.11116977292303,100.27288055419922,207939900
2011-07-29,99.2641375216498,100.5269807481242,98.54031059616922,99.5875473022461,307038400
2011-08-01,100.75024625925552,100.84265741235644,98.2014608841425,99.16399383544922,325790900
2011-08-02,98.41708409072716,98.94840425030664,96.63062286376952,96.63062286376952,346653800
2011-08-03,96.76152658000991,97.26203907291604,95.12136648071524,97.15423583984376,370830800
2011-08-04,95.80668512679756,95.96069393467054,92.44936948802544,92.60337829589844,520721800
2011-08-05,93.75842745843316,93.99713379138134,89.98529646672775,92.46478271484376,655619200
2011-08-08,90.02379271308706,92.49557684735976,86.2583580671335,86.44316864013672,702263900
2011-08-09,87.83692198304578,90.58591633311768,84.91081895433041,90.46271514892578,717828700
2011-08-10,88.75326559693166,89.53869012662283,86.20447361244494,86.4662857055664,662607400
2011-08-11,87.21323547688743,91.57158403320892,86.4894084176878,90.34724426269533,487979700
2011-08-12,91.17114237721692,91.7948619869131,90.30871054820057,90.95553588867188,313731600
2011-08-15,91.7794618286316,92.97299939711417,91.63315491143052,92.88059997558594,258810600
2011-08-16,91.9950639617474,92.93449720176768,91.10183043030652,92.08746337890624,294095200
2011-08-17,92.59570285678656,93.32722581008626,91.41756304523548,92.14908599853516,238201100
2011-08-18,89.70811759967566,92.17990279593938,87.31333390449556,88.17576599121094,512956300
2011-08-19,86.98220233959779,89.23067855791398,86.62799081546605,86.73579406738281,428281300
2011-08-22,88.68395256475209,88.7301581506668,86.55868360743075,86.80509185791016,275090600
2011-08-23,87.12853728525033,89.76202764282922,86.68962222565385,89.66192626953125,331136600
2011-08-24,89.4693863200148,91.0479372154774,89.26147586254629,90.92473602294922,246869700
2011-08-25,91.42524949176864,91.94116583997852,89.222973218248,89.53868103027344,312365400
2011-08-26,89.08437486297944,91.25584953344152,87.66752293358289,90.84003448486328,314495900
2011-08-29,92.0643890628996,93.50434108636505,90.90934902932422,93.450439453125,190977200
2011-08-30,93.04230935760404,94.27435066146018,91.83336791025206,93.69683074951172,241315700
2011-08-31,94.2974527414809,95.10598298720828,93.4042249781867,94.1126480102539,301828400
2011-09-01,94.16654884245936,95.02127879509082,93.0038070904842,93.12701416015624,254585900
2011-09-02,91.1865574870558,93.07312636660852,90.42423272339646,90.74764251708984,255517200
2011-09-06,88.08335798902525,90.2163353407533,88.07565607669947,90.0854263305664,285130500
2011-09-07,91.44836319998588,92.66500079688949,91.14035137646673,92.62650299072266,209803200
2011-09-08,92.07208412211372,93.12702272253831,91.45606046678722,91.66397094726562,250568200
2011-09-09,90.61669972148351,91.67933395334244,88.7686353346915,89.2614517211914,380195100
2011-09-12,88.14494081377853,89.90830233216863,87.82153107018813,89.83899688720703,305793500
2011-09-13,90.13159621821806,91.00172397146322,89.49247286967852,90.66291046142578,272514700
2011-09-14,91.1249659348413,93.0192369753826,89.8775263164825,91.91809844970705,319389500
2011-09-15,92.9036909262016,93.53511237041258,91.94115787863387,93.50431060791016,326777200
2011-09-16,93.87970494652656,94.40603215842847,93.1289140510693,94.05772399902344,284528300
2011-09-19,92.51745816170909,93.60107385584112,91.89051165452594,93.12118530273438,241517000
2011-09-20,93.51593293519495,94.42152365343496,92.88898642337196,93.01282501220705,218932200
2011-09-21,93.05925346932298,93.3456334779016,90.12575396005356,90.27281188964844,316251300
2011-09-22,87.65668385590112,88.39973318260817,86.14736583371977,87.35482025146484,513911300
2011-09-23,86.774299019346,88.3610225661781,86.70463501856455,87.88113403320312,307242500
2011-09-26,88.70932776445787,90.09480701643034,87.44769300450166,89.97096252441406,260673700
2011-09-27,91.74344140757152,92.5406710847121,90.4353620896049,90.9771728515625,311753900
2011-09-28,91.16295510431074,91.7125018468198,88.98798750427427,89.11956787109375,286696800
2011-09-29,90.59790862093024,91.04683011014576,88.18299434188575,89.82389831542969,298108900
2011-09-30,88.58547157096784,89.35948182813743,87.51733954195647,87.57926177978516,288392300
2011-10-03,87.0684479089362,88.19850263955722,84.99409933218789,85.08698272705078,365136800
2011-10-04,83.86400941059688,87.13807536655963,83.1519213978168,86.95230865478516,459177500
2011-10-05,87.16903337279452,88.79445365879282,86.36406203286892,88.56224822998047,284108000
2011-10-06,88.51579692679645,90.29602254741418,87.85788951229982,90.16443634033205,257800800
2011-10-07,90.69079974698056,90.7527219980086,89.05763728380903,89.56074523925781,312657900
2011-10-10,91.08552409640969,92.59484168271518,91.07778234064595,92.55614471435548,230666300
2011-10-11,92.00664640003252,92.91223742662928,91.91376299785624,92.6490707397461,209088000
2011-10-12,93.3456434866801,94.53762008907472,93.13666329841182,93.46174621582033,281544900
2011-10-13,92.91223031952872,93.55466051533364,92.20014200634434,93.27601623535156,212538800
2011-10-14,94.3596015079407,94.89366461636638,93.83327425099544,94.87044525146484,211397600
2011-10-17,94.42155003829907,94.85499998341992,92.82709011565242,93.05929565429688,202311600
2011-10-18,92.98961691886636,95.59029255721391,92.26204519110507,94.87820434570312,318857900
2011-10-19,94.72335677040574,95.265167399892,93.43076128165634,93.75584411621094,226601300
2011-10-20,93.98805172929028,94.50663710689962,92.74189492891462,94.16607666015624,262075600
2011-10-21,95.2729153820985,96.07015087107274,94.98653537933346,95.95404815673828,278999400
2011-10-24,96.1088759029417,97.37051671242506,96.02373428125028,97.1305694580078,203215600
2011-10-25,96.66615779922768,96.71259653327311,95.0329953926818,95.24198150634766,268596800
2011-10-26,96.24820778640752,96.57329079027238,94.5918257321646,96.20951080322266,289053800
2011-10-27,98.78693500774251,100.1724141890583,97.99744707970753,99.56095123291016,393220200
2011-10-28,99.07330886706464,99.73122228294348,98.9185091840516,99.5377197265625,225906500
2011-10-31,98.42314257778308,99.55319088705596,96.9989606998318,97.1382827758789,228146700
2011-11-01,94.45247961896791,95.59801750559528,94.05773269722896,94.42926025390624,416565800
2011-11-02,95.84572010850944,96.28690585028627,95.04074849267904,95.96955871582033,244717600
2011-11-03,96.96027826010663,97.91231363126548,95.6676823353524,97.71881103515624,291174800
2011-11-04,96.9293077980908,97.2930876611739,95.98501433274186,97.12281036376952,249401600
2011-11-07,97.05314096547173,97.82715118508963,96.13206691445302,97.72653198242188,196617200
2011-11-08,98.23738902906972,99.08880511073066,97.30083724447285,98.98043823242188,224426300
2011-11-09,96.66614478725978,97.37049698670172,95.09490484109531,95.32711029052734,337982000
2011-11-10,96.58872313852576,96.70482583703672,95.2187219255082,96.22493743896484,231866500
2011-11-11,97.39373325964632,98.29158228252216,97.36277213399806,98.03616333007812,189924400
2011-11-14,97.67236810633015,98.6476168970636,96.68937165338995,97.10733795166016,159258300
2011-11-15,96.88286703656648,98.105804717759,96.53456476652438,97.58721923828124,184709400
2011-11-16,96.6042393920152,97.78847439911306,95.89989297498316,96.03921508789062,235782500
2011-11-17,95.8611806522104,96.10112787623136,93.83327731485912,94.514404296875,331219600
2011-11-18,94.8162782991392,95.00978090791294,94.01904849582829,94.4137954711914,215580400
2011-11-21,93.03605585389676,93.15215860509608,91.83634317212052,92.61809539794922,229611600
2011-11-22,92.41683681371674,92.95864169570224,91.73570392752887,92.2542953491211,216494900
2011-11-23,91.38740045336868,92.25429415858864,90.21864318847656,90.21864318847656,224329100
2011-11-25,90.0793238550589,91.10101729727248,89.94000175361022,90.0483627319336,99557000
2011-11-28,92.5252189443021,93.02058520829674,91.9679304210002,92.65679931640624,210686000
2011-11-29,92.9199447631836,93.65525223267028,92.57937831993657,92.9199447631836,199241500
2011-11-30,95.58251500909354,96.921555212271,92.88122114751737,96.7435302734375,324439500
2011-12-01,96.63516688724307,97.24663561969072,96.31008403866956,96.7280502319336,176954800
2011-12-02,97.61818373431268,97.9123055301806,96.58100683426149,96.64292907714844,221109700
2011-12-05,98.17544679444114,98.4386133220653,97.09183728430916,97.69556427001952,225263900
2011-12-06,97.68782910934924,98.38443948805124,97.33952687261292,97.72653198242188,178842100
2011-12-07,97.40144225091802,98.5005412400152,96.72805714577396,98.09031677246094,237802500
2011-12-08,97.44793039282004,97.66465240413302,95.70640663804252,95.93860626220705,240862800
2011-12-09,96.3720037832786,97.8116631100978,96.2868621958151,97.56398010253906,209111400
2011-12-12,96.7126052631376,96.72808877937084,95.32713172705468,96.13983917236328,215826100
2011-12-13,96.64293843220494,97.1924851042552,94.77757054497047,95.24198150634766,245159800
2011-12-14,94.86271565508238,95.22650149912,94.01904712761716,94.22802734375,238618800
2011-12-15,95.22650357981613,95.35808393748702,94.4215320128153,94.56859588623048,199109200
2011-12-16,95.20730745311798,95.76812435019208,94.48291227554604,94.70879364013672,220481400
2011-12-19,95.074889712293,95.27741039819756,93.4936844532556,93.69620513916016,183903000
2011-12-20,95.16835492519851,96.6950359536668,93.75851297365374,96.53146362304688,225418100
2011-12-21,96.53145248256308,96.86638796165894,95.61232762895224,96.71839141845705,194230900
2011-12-22,97.07670273314824,97.6764738757966,96.76513979132189,97.57521057128906,119465400
2011-12-23,97.88679369200597,98.47877406439892,97.68427893890244,98.44761657714844,92187200
2011-12-27,98.27622828602952,98.7825269249342,98.19054670362956,98.52548217773438,86075700
2011-12-28,98.5410751056275,98.55665087570888,97.15459980377952,97.23249053955078,119107100
2011-12-29,97.55185189716788,98.33856205757968,97.25586470123164,98.2373046875,123507200
2011-12-30,98.15939174017328,98.40086072525362,97.75435638427734,97.75435638427734,95599000
2012-01-03,99.51470782874088,99.99763981956332,99.25766309446372,99.31218719482422,193697900
2012-01-04,99.07852743079896,99.553668654506,98.69685865759703,99.46798706054688,127186500
2012-01-05,98.93051594082245,99.88079224507128,98.47874143938344,99.73279571533205,173895000
2012-01-06,99.8574684167904,99.87305013327264,99.14865482662384,99.47579956054688,148050000
2012-01-09,99.70169580898218,99.84189561373675,99.24213615735106,99.71727752685548,99530200
2012-01-10,100.7843781635104,100.98689292370048,100.44165173444524,100.58186340332033,115282000
2012-01-11,100.27025198341508,100.76875972985442,100.10668562892212,100.63634490966795,111540700
2012-01-12,100.92459854412571,101.02584999027746,100.12230057845132,100.87785339355467,118983700
2012-01-13,100.20017555255812,100.51953530936372,99.48357124228345,100.35595703125,179836200
2012-01-17,101.32182694091244,101.508771857125,100.40269595957436,100.74542236328124,132209200
2012-01-18,100.72207109175568,101.91381688657567,100.54292294809034,101.85929870605467,163395200
2012-01-19,102.20979123476737,102.48241774321446,101.88264655584996,102.39673614501952,126328900
2012-01-20,102.2253553968317,102.77838134765624,101.97609555929265,102.77838134765624,138230200
2012-01-23,102.4356760063356,103.0120805847475,102.02284971550198,102.5135726928711,129295800
2012-01-24,101.88264655584996,102.42788768737891,101.72686507332244,102.39673614501952,103083300
2012-01-25,102.2409501311458,103.49501076654752,101.84370553932268,103.25354766845705,198613200
2012-01-26,103.7131035697149,103.90783340134064,102.31884320483564,102.72388458251952,184880500
2012-01-27,102.22537229542236,102.85629502111476,102.15526052617253,102.6771469116211,135259100
2012-01-30,101.65673579417042,102.3811367969315,101.30622454751456,102.32660675048828,147311800
2012-01-31,102.83288432701448,102.95750232761952,101.78912388875668,102.2876434326172,157212000
2012-02-01,103.0432447450398,103.7053310055621,102.91862667083636,103.18345642089844,166234500
2012-02-02,103.38594846154412,103.6118416992735,102.98091901003714,103.34700012207033,113090400
2012-02-03,104.3751880554547,104.85811422672268,104.19603994117232,104.7957992553711,160598500
2012-02-06,104.35961494927848,104.77244126883956,104.24278179671082,104.7257080078125,107694500
2012-02-07,104.50756776555924,105.16965371380856,104.09474161888755,104.99049377441406,135528100
2012-02-08,105.04504873151753,105.32546013213005,104.6166407742811,105.30209350585938,139361400
2012-02-09,105.47347288101808,105.61367266016562,104.81138667406717,105.4345245361328,148602900
2012-02-10,104.49978192257508,104.74124492485082,104.25052212321856,104.6555633544922,167907500
2012-02-13,105.4033729914443,105.55915448561916,104.95159833858084,105.4345245361328,115841900
2012-02-14,105.15409694923548,105.36440847103596,104.56990752173974,105.30209350585938,165329500
2012-02-15,105.64482782999072,105.80060931198526,104.60106694136044,104.8113784790039,195195100
2012-02-16,104.8191724068774,106.06543611405516,104.63222750238656,105.9719696044922,186567800
2012-02-17,106.33805433057915,106.42373591945912,105.90186147277726,106.25237274169922,129869400
2012-02-21,106.50164042560972,106.75090032499142,105.97198096747287,106.29912567138672,134042300
2012-02-22,106.13555377477452,106.3614470578772,105.7694607038428,105.95640563964844,124455300
2012-02-23,105.90186971436452,106.50162899783516,105.54356161879184,106.42374420166016,137704300
2012-02-24,106.65739440917967,106.86770590936516,106.42372817048818,106.65739440917967,105539100
2012-02-27,105.94857297666206,107.12473646862468,105.7772098340766,106.83654022216795,145728900
2012-02-28,106.86772091305748,107.2727622592604,106.65740938334532,107.14813232421876,129355900
2012-02-29,107.30390112702524,107.63884255222018,106.35361878395588,106.72750854492188,185934700
2012-03-01,106.95342624581691,107.48309764462094,106.65743305573916,107.28057098388672,145023500
2012-03-02,107.21047502628842,107.35068671082315,106.71196704252635,106.95343017578124,120638300
2012-03-05,106.78983076824424,106.86771555972018,106.1511112971749,106.51720428466795,140765000
2012-03-06,105.42671447173488,105.48901754624949,104.65558021427918,104.95935821533205,202129900
2012-03-07,105.20082070100612,105.86290674652018,105.09955740606875,105.69154357910156,143692200
2012-03-08,106.33806592033991,106.96120373598572,106.1199694676687,106.74309539794922,116968900
2012-03-09,106.94561803485018,107.43632909238258,106.81320318533416,107.15592956542967,122836800
2012-03-12,107.1403678044376,107.3039342256204,106.78205964433022,107.16373443603516,104003500
2012-03-13,107.74016178345762,109.1500043186265,107.5610017229692,109.09547424316406,184090500
2012-03-14,109.12661139302304,109.39922604855252,108.64367328873168,108.9786148071289,145163600
2012-03-15,109.14217883892118,109.65626847804826,108.86176738897608,109.60953521728516,165118500
2012-03-16,109.80826009137796,109.90213623116507,109.52661973456232,109.76132202148438,152893500
2012-03-19,109.69090439161717,110.5279944117921,109.61266632433215,110.19159698486328,125291100
2012-03-20,109.5657326053902,110.00383714967842,109.2449732292315,109.87084197998048,121729700
2012-03-21,109.93340106360388,110.03509620335186,109.4639966399426,109.69087982177734,122388400
2012-03-22,108.88508394774784,109.1745552293249,108.54086750978028,108.9007339477539,135216700
2012-03-23,108.99458732008432,109.37792266733484,108.39218785482824,109.25274658203124,120521000
2012-03-26,110.0351487983014,110.78619384765624,109.99604169217906,110.78619384765624,120164000
2012-03-27,110.88786815561866,110.9582752507488,110.37152558309252,110.44193267822266,119868500
2012-03-28,110.38719123766484,110.55930545291484,109.24497980350166,109.89431762695312,148562100
2012-03-29,109.2449466151003,109.90993423904008,108.81466120769518,109.7065200805664,164963700
2012-03-30,110.24636594618396,110.34807305710908,109.56574004988032,110.16030883789062,135486800
2012-04-02,110.02726005987738,111.25552801285949,109.80820787955994,110.96605682373048,151741100
2012-04-03,110.80964234087352,110.99740655276253,109.86301418659892,110.5123519897461,155806700
2012-04-04,109.69870877362534,109.7925848918682,109.01025207330716,109.41706848144533,146896000
2012-04-05,109.0415877170778,109.68309463053382,108.94769963069116,109.36233520507812,137439400
2012-04-09,107.98537283344722,109.40139299515782,107.83672772255848,108.13401794433594,127555900
2012-04-10,107.92279227669434,108.22790154851882,106.20948177435328,106.31900787353516,235360300
2012-04-11,107.40649014838756,107.60207339443764,106.98403558939911,107.17961883544922,154133000
2012-04-12,107.281307851179,108.66602840472387,107.20306979097164,108.57997131347656,154321500
2012-04-13,108.32961222193278,108.60343344772106,107.18740120322585,107.2891082763672,169246700
2012-04-16,107.83675718145705,107.9932213639702,106.8510220879174,107.21871948242188,147825300
2012-04-17,107.836726970739,109.02587591210956,107.72720087991858,108.80682373046876,147877600
2012-04-18,108.32177232174035,108.80681469259162,108.25918428397767,108.43911743164062,123884200
2012-04-19,108.45479217852088,108.86159661065352,107.23435500722232,107.74286651611328,198666700
2012-04-20,108.22004251287102,108.61120871355192,107.86016435576876,107.9227523803711,143199600
2012-04-23,106.8196985079177,107.10916971598924,106.35030606399914,107.0152816772461,171844900
2012-04-24,107.10921360463855,107.695963353048,107.02315649737368,107.4221420288086,137484200
2012-04-25,108.47039418605569,108.9397984516698,108.3765181079114,108.89286041259766,150252200
2012-04-26,108.6581979555585,109.77694002421272,108.59560990145997,109.65176391601562,136291600
2012-04-27,109.98031013195988,110.14459328072742,109.37009170450024,109.8316650390625,130725000
2012-04-30,109.61265278666228,109.69089084428452,109.1276102542688,109.42488861083984,115092200
2012-05-01,109.36230402648864,110.82527457582998,109.237139842749,110.10552978515624,138832200
2012-05-02,109.46404476927192,109.88651132380792,109.10417823202856,109.77698516845705,121081000
2012-05-03,109.79255135329792,109.87860841454965,108.73640953333332,108.93981170654295,143759700
2012-05-04,108.36876831392088,108.97898708660084,107.11703076421873,107.17961883544922,193927300
2012-05-07,106.7962043682868,107.61765587378252,106.75709729357705,107.2577896118164,127765900
2012-05-08,106.6163119696282,106.99965933530154,105.55233889470212,106.82754516601562,213377700
2012-05-09,105.69315519320276,106.87447330231971,105.21593175674757,106.19384765625,220752500
2012-05-10,106.92924870174086,107.06225579181267,106.17039681619283,106.41291809082033,150600000
2012-05-11,105.74789668310598,107.07785972283035,105.70095863684308,106.09212493896484,153032400
2012-05-14,105.07511957265552,106.0921546302928,104.76219121836012,104.9186553955078,163910000
2012-05-15,104.84825384685976,105.46629155735988,104.15197807492572,104.3162612915039,207629300
2012-05-16,104.78564134146846,105.26286475500646,103.89378256144904,103.91725158691406,207265500
2012-05-17,103.94071818395484,104.06589427514336,102.32128384000691,102.37605285644533,247992900
2012-05-18,102.77508020449608,102.95502538563656,101.35124038225032,101.49988555908205,319615900
2012-05-21,101.8284405948616,103.28358008724568,101.6641454536056,103.24446105957033,177861100
2012-05-22,103.51046505628668,104.23020989851818,102.75160118119906,103.42440795898438,197531200
2012-05-23,102.6811888853909,103.6278169077847,101.69545376957392,103.47917175292967,204958400
2012-05-24,103.76080183577756,103.92508503682863,102.81417390668666,103.68256378173828,167357600
2012-05-25,103.6434392157416,103.93291045025605,103.09580867908645,103.34616088867188,135465600
2012-05-29,104.1754307039817,104.77781831986178,102.61858425120072,104.59788513183594,152883500
2012-05-30,103.70605368244767,104.59009373372017,102.86896363551858,103.08018493652344,162370400
2012-05-31,103.04108147237618,103.62000023437004,101.9692771782979,102.8533172607422,196186000
2012-06-01,101.24169472722971,102.87676748230226,100.26377868652344,100.26377868652344,253240900
2012-06-04,100.44368333825214,100.71750452678012,99.46576757557835,100.21681213378906,202545800
2012-06-05,100.02126255181372,101.12434886443292,99.96649948620464,100.97571563720705,164149400
2012-06-06,101.679795452166,103.29139911780024,101.6484954550452,103.24446105957033,184202800
2012-06-07,104.41797151009834,104.46490957338312,103.09582701946518,103.30706024169922,184772700
2012-06-08,103.04108241173586,104.1519938147599,102.71249205401736,104.12852478027344,143915400
2012-06-11,104.96559261463914,105.02818067248748,102.70465125121734,102.80635833740234,169756100
2012-06-12,103.103631043741,104.05807798311666,102.6107695135361,103.9876708984375,181931800
2012-06-13,103.68255159810998,104.33188917048984,102.97062597734354,103.32268524169922,172223900
2012-06-14,103.53390609559212,104.83258123558808,103.25226584761047,104.4179458618164,230615500
2012-06-15,104.88822860808892,105.58024052500564,104.668041361892,105.48587799072266,169444500
2012-06-18,105.04549987782065,105.94983946500996,104.80958155093944,105.6903305053711,131360900
2012-06-19,106.22511347395186,107.14518444356862,105.6667736551374,106.7126693725586,137382600
2012-06-20,106.72046637659264,107.02715648558085,105.58806843592843,106.53958892822266,206451800
2012-06-21,106.66545924230957,106.77555286703448,104.06252197257324,104.1490249633789,205272200
2012-06-22,104.69164760892524,105.14775325815704,104.29058277979884,104.95115661621094,130029200
2012-06-25,103.84229277859686,103.88161448568096,102.89863180507952,103.26823425292967,146375700
2012-06-26,103.56708998217856,104.10183899189886,102.96156907389818,103.78727722167967,141634000
2012-06-27,104.13327847791508,104.92752436747722,103.77940702214198,104.72306823730467,108088000
2012-06-28,104.03105453053348,104.58153462560914,103.23680856372836,104.42424774169922,169242100
2012-06-29,106.31947411494588,107.16091360146918,106.04424598331644,107.02722930908205,212250900
2012-07-02,107.32602636929305,107.4597106346368,106.57110204743346,107.34961700439452,129524500
2012-07-03,107.32598946531124,108.13596632343472,107.2158958729246,108.05733489990234,80450000
2012-07-05,107.656289052288,108.36404398354888,107.17659288751142,107.56978607177734,126177500
2012-07-06,106.53171612423348,106.76763433238496,106.04416062687268,106.54744720458984,151192100
2012-07-09,106.46099199290458,106.61040732503352,105.92624301472226,106.41381072998048,103780500
2012-07-10,106.95641681338878,107.1294227924442,105.12413494379634,105.48587799072266,167884800
2012-07-11,105.54090862818738,105.84759879947758,104.8882065714821,105.5015869140625,141733400
2012-07-12,104.8882106776942,105.55663184677516,104.27483031110091,104.9904327392578,143583200
2012-07-13,105.26565322567733,106.86201619128072,105.24992214246872,106.75192260742188,129642600
2012-07-16,106.508161459477,106.81485163382,106.08350614158508,106.5002899169922,97525200
2012-07-17,106.92493065604732,107.45180796068068,105.80826371199296,107.23162078857422,138860300
2012-07-18,106.97998371913845,108.23820656059806,106.91708337643756,108.02587890625,113349700
2012-07-19,108.24609337944882,108.66287725085174,107.9000934101996,108.30900573730467,129847300
2012-07-20,107.69561549499652,107.86076191932654,107.20020022061496,107.31815338134766,142904500
2012-07-23,105.7453697349195,107.24737049056247,105.24994251202187,106.23292541503906,145210900
2012-07-24,106.31158672916132,106.3587679965538,104.612989107202,105.32073211669922,173301200
2012-07-25,105.54093408211526,105.81616214876291,104.78599778647332,105.3443374633789,129122300
2012-07-26,106.86208807479272,107.31033425300691,106.3666606145157,107.082275390625,156526500
2012-07-27,107.64841181422462,109.36274005547853,107.05862213476924,109.05603790283205,236768900
2012-07-30,108.93022522401756,109.57505570058518,108.73362866419907,109.05603790283205,106782000
2012-07-31,108.90665434368856,109.20547300926911,108.29327392578124,108.29327392578124,120575900
2012-08-01,109.07179536145874,109.09538599439712,108.04949060334462,108.19890594482422,138293800
2012-08-02,107.38107136156984,108.1831888945055,106.6182755507074,107.45184326171876,199556600
2012-08-03,108.96173274866923,109.8110317740513,107.48332200085883,109.5829849243164,157825000
2012-08-06,109.8739162722414,110.22778777654968,109.74809155981468,109.79527282714844,86326200
2012-08-07,110.23570425680298,110.81763485285826,110.11775102754709,110.34580993652344,109545100
2012-08-08,109.97617470805412,110.60527441090804,109.9447125233268,110.47946166992188,89754700
2012-08-09,110.32212687372562,110.79396344543358,110.21203327356744,110.5737762451172,90291700
2012-08-10,110.12552726007644,110.79396038498156,109.94466177894884,110.754638671875,99792700
2012-08-13,110.56590075140988,110.754625753425,110.12551441500617,110.6995849609375,79426900
2012-08-14,111.10855584319748,111.17933975565734,110.38508162147473,110.71536254882812,102379400
2012-08-15,110.5974238277176,111.0299389079635,110.526651905307,110.84120178222656,71085900
2012-08-16,110.99840020876036,111.79265789935452,110.72317225599932,111.65897369384766,112014200
2012-08-17,111.84773999578478,111.90279280624831,111.55678085277692,111.80841827392578,90813700
2012-08-20,111.65115299218164,111.83989007376071,111.3444627341818,111.81629943847656,78255700
2012-08-21,112.0915452860886,112.52406033370644,111.23438673673272,111.47816467285156,105581100
2012-08-22,111.19505954928356,111.70621803477206,110.93556253275328,111.52535247802734,133243500
2012-08-23,111.2501228311933,111.25798237811873,110.44014552346717,110.61315155029295,111466400
2012-08-24,110.3378937257758,111.53320462874608,110.26712181686932,111.28155517578124,99481200
2012-08-27,111.58036240680026,111.7297777381237,111.1478475001545,111.30512237548828,68785900
2012-08-28,111.02200139491632,111.54101918282365,110.8568670074104,111.19500732421876,75689600
2012-08-29,111.28942672075289,111.5803859013504,110.97486490454682,111.28155517578124,65421300
2012-08-30,110.80187106787682,110.83333325260412,110.2435432816978,110.47946166992188,96589900
2012-08-31,111.10856976606654,111.52536574968872,110.37723590656444,111.00634765625,151970400
2012-09-04,110.91192753705744,111.2422203694384,110.19632506504182,110.90406799316406,120226200
2012-09-05,110.95125143027946,111.25008209433796,110.58952041523337,110.80970764160156,100660300
2012-09-06,111.47811745572152,113.0666211399228,111.47025791247842,113.05876159667967,158272500
2012-09-07,113.24745043645804,113.54628097443072,113.14522840975592,113.49909973144533,107272100
2012-09-10,113.38905041351502,113.5856470022064,112.81499173434123,112.85430145263672,86458500
2012-09-11,112.92508354295953,113.53059238697293,112.89362136966074,113.16886138916016,88760000
2012-09-12,113.5463409423828,113.67216565632906,113.16100725566189,113.5463409423828,87640900
2012-09-13,113.53057357825612,115.63022332422447,113.23175497724316,115.27635192871094,225470200
2012-09-14,115.5044065971774,116.47165824412426,115.41003209553072,115.78750610351562,169777000
2012-09-17,115.55157719066804,115.74817371862294,115.10333134726692,115.39430236816406,119427800
2012-09-18,115.19773521431247,115.44937259462353,115.00899817960206,115.29995727539062,98326600
2012-09-19,115.4336335166788,115.73246413445548,115.13481489820418,115.36286163330078,128318300
2012-09-20,114.83597867018186,115.43362787723534,114.52142898211191,115.3707275390625,154009800
2012-09-21,115.93126295821344,115.95497951839872,115.27507664525449,115.322509765625,108737500
2012-09-24,114.75331317307165,115.40949962886415,114.66634841234348,115.14860534667967,95682000
2012-09-25,115.3936511565857,115.61501372150934,113.89153425076952,113.92316436767578,133165200
2012-09-26,113.89945783810133,113.93107589443584,113.01399543710558,113.28279113769533,146502200
2012-09-27,113.75715191926392,114.61098424179856,113.45672608447671,114.35009002685548,111830300
2012-09-28,113.9152244784502,114.28679985441173,113.41716485416212,113.8203582763672,150696100
2012-10-01,114.25520930214506,115.1801911850957,113.85200371956174,114.12081146240234,135911200
2012-10-02,114.5714542978962,114.75328527581088,113.70972046413004,114.23941040039062,113422200
2012-10-03,114.5477495180441,114.97465969777998,113.94690984124892,114.70586395263672,121283100
2012-10-04,115.14067795663982,115.69408446258568,114.98256353542058,115.52806854248048,124311600
2012-10-05,116.1447104577031,116.34235647833222,115.1880984099816,115.53595733642578,124842100
2012-10-08,115.10908322863578,115.52017839445725,114.8798070175435,115.14070129394533,78415400
2012-10-09,115.05372921054176,115.14859546379046,113.96271904474683,114.00225067138672,148872900
2012-10-10,113.98641561564236,114.09710897616266,113.1246817974855,113.27489471435548,124247500
2012-10-11,114.06548603201855,114.2315140198888,113.31443346376938,113.33815002441406,123601500
2012-10-12,113.41722972569951,113.8046083146766,112.72151167688646,112.96659088134766,124181900
2012-10-15,113.2353549655126,114.02593904945628,112.87169304237774,113.90735626220705,107689100
2012-10-16,114.44496789015685,115.14068586734908,114.36591670579456,115.0616226196289,108815500
2012-10-17,115.140694531317,115.67829811687976,114.96676502393132,115.58341979980467,128834100
2012-10-18,115.28296661376952,115.83637301042758,114.89557610443156,115.28296661376952,148108500
2012-10-19,115.06952686286176,115.07742836165066,113.09306646351118,113.3618621826172,185645200
2012-10-22,113.17211831417772,113.58322545742622,112.48431395138957,113.37767791748048,125578600
2012-10-23,112.15228711600976,112.31040156028637,111.33798626779438,111.80442810058594,192056300
2012-10-24,112.20765823858774,112.34206822646654,111.31430590935024,111.4882354736328,120179400
2012-10-25,112.27877073767492,112.48431828554068,111.132426067739,111.81231689453124,134457400
2012-10-26,111.70958335571392,112.13649364379567,110.99014862286982,111.74911499023438,146023500
2012-10-31,112.14440720871649,112.28670661695666,111.21941280171052,111.74911499023438,103438500
2012-11-01,111.98624047365657,113.06143540452574,111.88347273682484,112.91913604736328,100995600
2012-11-02,113.5911580124102,113.62278814311549,111.79654015409582,111.91512298583984,137702200
2012-11-05,111.74907133924566,112.39734405138272,111.41701538966927,112.14436340332033,98378500
2012-11-06,112.4843233302931,113.46465211874612,112.36574052108256,113.0219268798828,107068100
2012-11-07,111.99416162177624,112.00996462029352,109.9386378589132,110.4604263305664,264304500
2012-11-08,110.4445821097386,111.00590205620377,109.04524505551645,109.13220977783205,181517300
2012-11-09,108.80020480829867,110.2390739890379,108.74487018161727,109.22712707519533,201055300
2012-11-12,109.56708289357212,109.74101241678748,109.06902295287354,109.31410217285156,97677500
2012-11-13,108.73696999445404,110.08887458811844,108.59467059688951,108.9346160888672,123018300
2012-11-14,109.26669330351238,109.44061080198487,107.21907020070164,107.46414947509766,191505000
2012-11-15,107.50368081816694,107.90688664829328,106.8712107826328,107.28231811523438,178128400
2012-11-16,107.44039039487488,108.02542705897112,106.49169174599926,107.8119659423828,239483900
2012-11-19,109.02156830826522,110.00979866661918,107.84360544165698,109.9939956665039,151495800
2012-11-20,109.82001929519627,110.22321276654198,109.16383316965856,110.0413818359375,119807400
2012-11-21,110.13628219629028,110.34184180739156,109.91491958691768,110.24696350097656,81710800
2012-11-23,110.78460101206916,111.78863456139364,110.71343924458787,111.74911499023438,65409200
2012-11-26,111.1956837663072,111.75700396149496,110.83202172156004,111.51192474365234,100124400
2012-11-27,111.40125893938016,111.78073610170853,110.87156879980309,110.94271850585938,128646200
2012-11-28,110.49206415713378,111.89930333180384,109.89122439533573,111.83606719970705,177086500
2012-11-29,112.25505848671044,112.66615359822514,111.7648880639692,112.35782623291016,151085900
2012-11-30,112.37362926312107,112.59499185742207,111.99415225337034,112.38153076171876,136568300
2012-12-03,112.8954184220702,112.99028465928296,111.7411602614361,111.828125,124656300
2012-12-04,111.82023398904212,112.16017941317594,111.36959519330247,111.6700210571289,127512200
2012-12-05,111.76492645396677,112.38949496193062,110.97434195715526,111.86770629882812,147300500
2012-12-06,111.76489733589258,112.29458736315286,111.598881390297,112.24715423583984,103220600
2012-12-07,112.68198631777392,112.8084827088426,112.00208329497964,112.58712005615234,108726400
2012-12-10,112.42904249350693,112.9033860206344,112.38159728376677,112.63459014892578,98840700
2012-12-11,113.1009946813135,113.93111065781898,113.045660050005,113.40142059326172,152570400
2012-12-12,113.84412430272988,114.27894802350208,113.29861927697544,113.45673370361328,145880100
2012-12-13,113.38564203721567,113.7097846188598,112.47647457133576,112.7610855102539,135715000
2012-12-14,112.51598582019233,112.7215334364023,112.16812672863584,112.34205627441406,137701700
2012-12-17,112.6345230594272,113.7255330296909,112.60289293844058,113.66228485107422,143238200
2012-12-18,113.84412669382328,115.0300030135506,113.67809870118404,114.9272232055664,177762800
2012-12-19,115.0537158816442,115.09324750370436,114.0338675872933,114.0733871459961,150895400
2012-12-20,114.14455910945811,114.74539880314568,113.8283181680238,114.72958374023438,168487000
2012-12-21,113.19454417343434,114.72323039659464,113.01142353000796,113.68817901611328,245883800
2012-12-24,113.44134146407228,113.5050382306821,113.21045131541317,113.3378448486328,53874600
2012-12-26,113.56870945689649,113.6244486709884,112.54162817996824,112.86009979248048,106947700
2012-12-27,112.89193708995192,113.12283932536428,111.40306353663964,112.70881652832033,167920600
2012-12-28,111.97636942815254,112.5973978115648,111.3632985859417,111.49069213867188,148806700
2012-12-31,111.19610873272364,113.50505924240488,111.10055749066274,113.38563537597656,243935200
2013-01-02,115.53532294619244,116.36335657357743,115.23276635690014,116.2917022705078,192059000
2013-01-03,116.23594813439912,116.53849250434004,115.71841660747016,116.0289306640625,144761800
2013-01-04,116.22002631566065,116.729588179639,115.98116653434602,116.53849792480467,116817700
2013-01-07,116.12452317335402,116.33152856842123,115.7901120867515,116.22006225585938,110002500
2013-01-08,116.01302125009644,116.17225705503289,115.43179294615436,115.88562774658205,121265100
2013-01-09,116.1404171935484,116.49871298580376,115.95729660231466,116.18022918701172,90745600
2013-01-10,116.82520225789357,117.1118317497623,116.22010095235775,117.10387420654295,130735400
2013-01-11,117.07201219269214,117.1595937581457,116.72965562250464,117.09590911865234,113917300
2013-01-14,116.95255384070995,117.09587460963272,116.58630045249984,117.01625061035156,89567200
2013-01-15,116.4748684688506,117.20737546114596,116.40321413773044,117.09590911865234,93172600
2013-01-16,116.85700057428056,117.26305376391984,116.72960705046287,117.0799331665039,104849500
2013-01-17,117.59742868090886,118.1706872723188,117.15952112512171,117.83628845214844,133833500
2013-01-18,117.8124383080598,118.22646122327122,117.38248816370896,118.09906768798828,169906000
2013-01-22,118.0990750116156,118.73603057861328,117.82040315451756,118.73603057861328,111797300
2013-01-23,118.73603821589508,119.03062517315156,118.521063116561,118.92711639404295,104596100
2013-01-24,118.75195156102204,119.54018548110491,118.64048524242703,118.95896911621094,146426400
2013-01-25,119.3332053430738,119.62779235839844,118.92713983663158,119.62779235839844,147211600
2013-01-28,119.65958694681154,119.69144140268726,119.03855869530324,119.48443603515624,113357700
2013-01-29,119.24559087569568,120.10547905635345,119.16596687513012,119.9542007446289,105694400
2013-01-30,119.93825876560526,120.17711858901198,119.37295758850654,119.48443603515624,137447700
2013-01-31,119.34111288480986,119.73125099350284,119.11022275446668,119.18983459472656,108975800
2013-02-01,119.94623817326352,120.55930899703328,119.73923276799204,120.41600036621094,131173000
2013-02-04,119.68347167261572,120.43985091226531,118.97484981408468,119.06243133544922,159073600
2013-02-05,119.70740831679204,120.6070965364492,119.65962661713758,120.26473999023438,113912400
2013-02-06,119.84274810609188,120.4319220413958,119.75516655504424,120.35231018066406,138762800
2013-02-07,120.39212496720803,120.5035912939425,119.31726155668984,120.19307708740234,162490000
2013-02-08,120.40011529421696,120.93356229948576,120.40011529421696,120.86190795898438,103133700
2013-02-11,120.81409740567148,120.9414788070343,120.53542553304776,120.83798217773438,73775000
2013-02-12,120.84593513349012,121.2599580817333,120.71058404729692,121.03702545166016,65392700
2013-02-13,121.28383132131202,121.5067639301889,120.79815410577685,121.14051055908205,82322600
2013-02-14,120.77426089056814,121.39528913599597,120.6389098267098,121.25196838378906,80834300
2013-02-15,121.36345566909336,121.49084921554984,120.66281546141724,121.10868072509766,215226500
2013-02-19,121.31568219977602,122.04021930426426,121.14848880576604,122.0163345336914,95105400
2013-02-20,121.9287215606853,121.96853355101612,120.43187819642532,120.49557495117188,160574800
2013-02-21,120.19305745334512,120.5592986889662,119.38093883470376,119.76310729980467,183257000
2013-02-22,120.3443086395851,120.9334945678711,119.8188316212921,120.9334945678711,106356600
2013-02-25,121.52272479549276,121.70584545727436,118.6325454711914,118.6325454711914,245824800
2013-02-26,119.20581932641984,119.58798793120182,118.4175851894436,119.4446792602539,186596200
2013-02-27,119.34108478496812,121.2837930338248,119.23757605319574,120.94939422607422,150781900
2013-02-28,120.94147672345414,121.7137834039622,120.55135068720315,120.71058654785156,126866000
2013-03-01,120.29656205258416,121.29180135505555,119.75515770352,121.10868072509766,170634800
2013-03-04,120.83000088793833,121.7535858154297,120.63892272977904,121.75358581542967,99010200
2013-03-05,122.34276805291124,123.17080172692908,122.32684082391587,122.8443603515625,121431900
2013-03-06,123.28226831106282,123.34596507827236,122.74086401315591,123.01156616210938,94469900
2013-03-07,123.17079267853188,123.39372527242556,123.0274840748496,123.23448944091795,86101400
2013-03-08,123.77589121520036,123.92715734045656,123.13893581554922,123.7599639892578,123477800
2013-03-11,123.66442448461734,124.23767097842703,123.51314621099398,124.2297134399414,83746800
2013-03-12,124.14216300459675,124.28548377562022,123.57687390773135,123.9510726928711,105755800
2013-03-13,124.01473153775213,124.30136084322643,123.59275119204176,124.1261978149414,92550900
2013-03-14,124.45270274305425,124.84284098715696,124.13423097364904,124.78710174560548,126329900
2013-03-15,124.63833541075353,124.79027436014988,124.20647295640148,124.6223373413086,138601100
2013-03-18,123.43069684386296,124.47035141419433,123.31873479493176,123.93453216552734,126704300
2013-03-19,124.1984236627115,124.36636060534408,122.83087611511633,123.6466064453125,167567300
2013-03-20,124.37443813500629,124.71831735300556,124.16649981439916,124.51039123535156,113759300
2013-03-21,123.76664269168838,124.47041145470152,123.23882832238252,123.4467544555664,128605000
2013-03-22,123.83857802706522,124.43837738037112,123.74260183253092,124.4383773803711,111163600
2013-03-25,124.76630917205446,124.97424750900696,123.4387620042888,123.91859436035156,151322300
2013-03-26,124.43038811890897,124.94221647757077,124.29443504583712,124.91023254394533,86856600
2013-03-27,124.16647490543404,124.95022161319012,123.95854882949196,124.91023254394533,99950600
2013-03-28,124.83021354848668,125.43801791499158,124.55830749133796,125.29405975341795,102932800
2013-04-01,125.2301596807951,125.48608004127884,124.49440694883606,124.79830932617188,99194100
2013-04-02,125.24609805932204,125.7259424050486,125.05415788044172,125.41404724121094,101504300
2013-04-03,125.48604366946972,125.58200767535897,123.8146054844937,124.14248657226562,154167400
2013-04-04,124.30244800912328,124.89425460164088,124.03054181916352,124.6463394165039,131885000
2013-04-05,123.11886576560455,124.23849904053525,122.97491971475954,124.0865478515625,159666000
2013-04-08,124.17447322496731,124.93421668711278,123.7586088929598,124.9262237548828,86571200
2013-04-09,125.15815248139546,125.81393907385828,124.74228811063736,125.35808563232422,101922200
2013-04-10,125.69398616301504,127.05352930342936,125.6620022245258,126.89358520507812,135711100
2013-04-11,126.91754440932668,127.725282038486,126.78958428152626,127.30941772460938,110142500
2013-04-12,126.90157474554918,127.18947899606373,126.29378230688614,126.99755096435548,116359900
2013-04-15,126.35776126644018,126.46173041799648,124.03854141551548,124.05452728271484,217259000
2013-04-16,124.99018608434592,125.94987483924736,124.68629603471328,125.88589477539062,147507800
2013-04-17,124.99022572053973,125.0142289296785,123.3827672913457,124.04654693603516,226834800
2013-04-18,124.25441939073532,124.28641552046544,122.79891276466417,123.270751953125,167583200
2013-04-19,123.55871827149753,124.39844015665192,123.2548159009006,124.34245300292967,149687600
2013-04-22,124.58235371083651,125.19014614382446,123.75863004124083,124.89424896240234,106553500
2013-04-23,125.5180213610128,126.30175584368064,124.8942309478557,126.18180084228516,166141300
2013-04-24,126.22176020887278,126.59763539539765,125.98983099015024,126.26174926757812,96781200
2013-04-25,126.62964714429872,127.37340475020852,126.43771914505756,126.77360534667967,131060600
2013-04-26,126.62166325143558,126.8375944689472,126.14181881317664,126.54969024658205,95918800
2013-04-29,126.89357968045722,127.67731427032328,126.69364651548462,127.3974151611328,88572800
2013-04-30,127.37339763847658,127.73327481991056,126.8455712641337,127.70127868652344,116010700
2013-05-01,127.42141736392014,127.4853974466889,126.43774952262572,126.58169555664062,138874200
2013-05-02,126.90158904565962,127.86927105872476,126.78163401232464,127.75730895996094,96407600
2013-05-03,128.86886040074043,129.4606666869236,127.78122400093804,129.05279541015625,144202300
2013-05-06,129.14882022311764,129.56467238337746,129.09283308445714,129.3807373046875,66882100
2013-05-07,129.66068466087287,130.0765369368138,129.29280219820518,130.03656005859375,90359200
2013-05-08,129.89260419767083,130.66834601550408,129.82063117200494,130.62835693359375,97419200
2013-05-09,130.57233220699737,130.91621133383927,129.93254374918357,130.26043701171875,106738600
2013-05-10,130.34837901691375,130.79622717665376,129.96449870603908,130.68426513671875,103203000
2013-05-13,130.5163628772649,131.00420027006368,130.21247277563478,130.78826904296875,81843200
2013-05-14,130.89225047457765,132.23580776565836,130.89225047457765,132.13983154296875,119000900
2013-05-15,131.9238820497672,133.1154756963166,131.88389298312228,132.8515625,120718500
2013-05-16,132.57972869198494,133.0435752715983,132.02791099894566,132.22784423828125,109913600
2013-05-17,132.7156151135067,133.58732067008916,132.53967297510192,133.50735473632812,129801000
2013-05-20,133.37935838494442,134.01914669607555,133.24340535180798,133.4993133544922,85071200
2013-05-21,133.61931118144707,134.19511957327023,133.15546485453677,133.6912841796875,95804200
2013-05-22,133.82727207380174,135.21081848245896,132.09185351451893,132.69964599609375,244031800
2013-05-23,131.28413076462326,132.6836630728156,131.10818858392852,132.31578063964844,211064400
2013-05-24,131.53206946384128,132.2598293228341,131.14019595447084,132.20384216308594,151573900
2013-05-28,133.58727748818384,134.17908378087657,132.60361017994478,132.9954833984375,143679800
2013-05-29,132.29179531207168,132.59569767412634,131.42808244330095,132.13185119628906,160363400
2013-05-30,132.2357303315554,133.22739049601842,132.13176123575374,132.61959838867188,107793800
2013-05-31,132.25179392771892,133.00354462520377,130.4604004728982,130.71630859375,176850100
2013-06-03,131.0201860692345,131.52402148428712,130.08450044338707,131.43605041503906,168390700
2013-06-04,131.50804417778522,132.03587067660268,130.140495922295,130.8042755126953,157631500
2013-06-05,130.42836131628033,130.6922744870591,128.86089256025608,128.9728546142578,211737800
2013-06-06,128.91689772128058,130.14849280710018,128.15715416215764,130.14048767089844,200225500
2013-06-07,131.0361854600568,131.91588395846816,130.46836997045952,131.79592895507812,188337800
2013-06-10,132.2037881695547,132.27576117158873,131.45203760710922,131.79592895507812,105667100
2013-06-11,130.5963149031562,131.58797535691596,130.14846667204546,130.43637084960938,159505400
2013-06-12,131.3320600401547,131.4680130882894,129.23676498792202,129.35671997070312,177361500
2013-06-13,129.28479111440512,131.55602905200467,128.99688685450147,131.32411193847656,163587800
2013-06-14,131.1801284971852,131.69195683832396,130.2844319509299,130.50035095214844,141197500
2013-06-17,131.3880589154483,132.13181655311735,130.53235140874162,131.50802612304688,136295600
2013-06-18,131.58004735584285,132.747662708519,131.57205442025344,132.5477294921875,114695600
2013-06-19,132.43574123656066,132.6676583524249,130.6603336497632,130.71630859375,206149500
2013-06-20,129.44474976437866,130.7323200432714,127.1415154262465,127.47740173339844,321255900
2013-06-21,128.34483460080975,128.44130637183966,126.60023389207656,127.88658142089844,271956800
2013-06-24,126.55201464594568,127.37204934255868,125.20134833634174,126.27062225341795,222329000
2013-06-25,127.41226828372766,128.71469888828932,126.56006802529356,127.48463439941406,162262200
2013-06-26,128.52979810270392,129.0362996531184,128.03134404834333,128.7468719482422,134848000
2013-06-27,129.5186767179127,130.09753209846951,129.3980746909078,129.50259399414062,129483700
2013-06-28,129.14083808638688,129.75988199798635,128.52178190726113,128.9720001220703,160402900
2013-07-01,129.64724455812706,130.62808172797455,129.50253691053567,129.72764587402344,131954800
2013-07-02,129.5347353238375,130.4834196592201,129.03628134021778,129.6071014404297,154863700
2013-07-03,129.02018670580443,130.05730751680247,128.81116040528406,129.66336059570312,75216400
2013-07-05,130.6200882743652,131.11050701611987,129.67945146165982,131.06227111816406,122416900
2013-07-08,131.7375521842123,132.1636521572693,131.1104611949013,131.80990600585938,108092500
2013-07-09,132.63801921718303,132.91941161314907,132.06721146653786,132.7586212158203,119298000
2013-07-10,132.6300116114728,133.2571028789129,132.3566666523371,132.806884765625,121410100
2013-07-11,134.35048923032716,134.7524714239111,132.79883158398115,134.6157989501953,135592200
2013-07-12,134.57560156105106,135.00973694300475,134.36657523159533,134.6720733642578,104212700
2013-07-15,135.04192252263869,135.37958615172826,134.80876594009638,135.18663024902344,69450600
2013-07-16,135.27500987651055,135.35541120233037,134.3183027973663,134.68008422851562,88702100
2013-07-17,135.19459468050908,135.45185679185914,134.8488837673454,135.0257568359375,92873900
2013-07-18,135.31519345126532,136.0870043721004,135.22675691103962,135.76541137695312,103620100
2013-07-19,135.4840504911824,136.05485820367562,135.31521261138346,136.00662231445312,103831700
2013-07-22,136.19957304875308,136.46488269708178,135.87798002008816,136.2719268798828,79428600
2013-07-23,136.513102142906,136.53722008371116,135.91012908774078,135.98248291015625,80829700
2013-07-24,136.50511104562656,136.56139444243655,135.21072786175304,135.4840850830078,112914000
2013-07-25,135.24291276278103,135.9343227418424,135.0178036782052,135.813720703125,111088600
2013-07-26,135.24289197647863,135.99862047319849,134.6801193515351,135.9584197998047,107814600
2013-07-29,135.61271335113096,135.9182237583073,135.15446000789,135.5403594970703,79695000
2013-07-30,135.95038920512775,136.09509691324902,135.21877863400732,135.5403594970703,85209600
2013-07-31,135.821749199449,136.55335975573786,135.45996766895644,135.6368408203125,142388700
2013-08-01,136.66591988104537,137.3251643442242,136.59355375796358,137.20457458496094,110438400
2013-08-02,136.89905893971655,137.4537963461753,136.71415056007143,137.43771362304688,91116700
2013-08-05,137.1321873258738,137.44573289110664,136.95531421035565,137.2366943359375,54072700
2013-08-06,136.97133882269384,137.26881383606658,136.15130439884487,136.45680236816406,87495000
2013-08-07,136.02277222863796,136.2157158808422,135.508235376883,136.0147247314453,84854700
2013-08-08,136.65783022506585,136.8186206103193,135.81366536808514,136.51312255859375,102181300
2013-08-09,136.3362754688042,136.7543403642499,135.64486563951877,136.11920166015625,91757700
2013-08-12,135.43584784825492,136.11921022585668,135.3715292243295,135.9584197998047,68593300
2013-08-13,136.19957643671677,136.5935110387909,135.3956122463354,136.36036682128906,80806000
2013-08-14,136.2960454894497,136.51311925141906,135.62875375266967,135.66091918945312,79829200
2013-08-15,134.5916318396068,134.60770228886378,133.5303933477577,133.7635498046875,152931800
2013-08-16,133.5062736606308,133.96453907635117,133.0560557369522,133.3213653564453,130868200
2013-08-19,133.16860679593808,133.62687219988274,132.4611144954697,132.4691619873047,96437600
2013-08-20,132.6862595229911,133.61886103304695,132.54155184083828,133.1204071044922,89294400
2013-08-21,132.75054139622526,133.48215163356707,132.00286071032852,132.30032348632812,159530500
2013-08-22,132.5737913154685,133.69934940195017,132.56575608373646,133.5063934326172,101471400
2013-08-23,133.9002870928436,134.1253961666744,133.27319577752573,133.95655822753906,90888900
2013-08-26,134.09317989197294,134.5032094740912,133.3696170385593,133.4580535888672,89702100
2013-08-27,132.13959053722095,133.45809167511754,131.2150363753966,131.31150817871094,158619400
2013-08-28,131.25520211960384,132.24408700293066,131.08637649295275,131.7777862548828,108113000
2013-08-29,131.48834726942405,132.68624607535403,131.36774527899823,131.98680114746094,119200500
2013-08-30,132.2601505706641,132.27623329011027,131.18284145066298,131.56874084472656,134928900
2013-09-03,132.8390233849752,133.1204158086999,131.608958936162,132.1636962890625,142375100
2013-09-04,132.19587160933474,133.4822196653829,131.95469208290945,133.25711059570312,97389400
2013-09-05,133.3374820167572,133.77965256095746,133.24099796032243,133.42591857910156,63090500
2013-09-06,133.86809859835057,134.2459628217011,132.23605196027148,133.490234375,159756500
2013-09-09,133.819885479099,134.84895903391654,133.819885479099,134.76856994628906,87559300
2013-09-10,135.58050307194245,135.78952931814936,135.27499279343212,135.76541137695312,105847200
2013-09-11,135.58053514505832,136.19154357910156,135.34739090250224,136.19154357910156,94545900
2013-09-12,136.1433491395106,136.32022231565938,135.64489506174135,135.82980346679688,83209000
2013-09-13,135.97449400784495,136.2398037146023,135.66094840304493,136.13528442382812,72727800
2013-09-16,137.60654662908618,137.6708652517778,136.70609817892648,136.9231719970703,106299200
2013-09-17,137.04371535710212,137.5662870749549,137.04371535710212,137.5341339111328,82523300
2013-09-18,137.48592832333924,139.50388653521327,137.1402295682898,139.1260223388672,203460600
2013-09-19,139.5038427834157,139.5681613783157,138.75614985178171,138.892822265625,146616900
2013-09-20,139.22252174731543,139.22252174731543,137.80872606189172,137.9218292236328,132867100
2013-09-23,137.73596360896497,137.8652155075372,136.84728746513352,137.28353881835938,104616500
2013-09-24,137.25936208268928,137.7683324854576,136.70193298361016,136.96044921875,106333100
2013-09-25,137.0493406880822,137.32401808794026,136.44342813275398,136.56460571289062,117306500
2013-09-26,136.7907935723945,137.47748691724405,136.57266164999774,137.08970642089844,77146900
2013-09-27,136.40296070635748,136.64532806816916,136.1040479456022,136.4595184326172,99141800
2013-09-30,135.30422964954428,136.1605835828776,135.03762680339642,135.73240661621094,143937000
2013-10-01,135.83748837188358,136.93621007858627,135.70014969946075,136.80694580078125,127160000
2013-10-02,136.00717150229192,136.80696815634994,135.58706869443677,136.67770385742188,113350000
2013-10-03,136.36262622195414,136.48381612173537,134.78725614337174,135.4174041748047,176698000
2013-10-04,135.52237324810554,136.58069800572014,135.3446380019227,136.443359375,96878000
2013-10-07,135.2557958455715,136.08791450605065,135.1184571889925,135.2638702392578,96295000
2013-10-08,135.23959502101454,135.41733024847468,133.5915192986654,133.68846130371094,178015000
2013-10-09,133.94702032137894,134.27016863015243,132.92100533368043,133.7854461669922,168973000
2013-10-10,135.15074687929834,136.742277437111,135.10227586979204,136.66957092285156,195955000
2013-10-11,136.45952098209366,137.59863897476947,136.34641785477726,137.55015563964844,105040000
2013-10-14,136.70188372611767,138.21262094575766,136.59685499454793,138.09951782226562,112106000
2013-10-15,137.75214641665318,138.269191120598,136.91195339548716,137.09776306152344,155485000
2013-10-16,137.92181919315595,139.08517295921283,137.8571870586729,139.01246643066406,161676000
2013-10-17,138.44692437964733,140.02230630331272,138.42268887257413,139.94151306152344,129389000
2013-10-18,140.4585569498687,140.98367603652412,140.17579293255093,140.88673400878906,138316000
2013-10-21,140.93520252815037,141.17756992051605,140.579731996323,140.89480590820312,104104000
2013-10-22,141.30679769518238,142.13082935825796,140.91900503657857,141.7107391357422,126663000
2013-10-23,141.22608015080027,141.29071229520008,140.53938673027915,141.03219604492188,105484000
2013-10-24,141.3149227442571,141.6784677056204,140.9836876857026,141.500732421875,70350000
2013-10-25,141.79153270199023,142.187399786958,141.5168554564121,142.14700317382812,93625000
2013-10-28,142.09850700716137,142.56708051640172,141.94500730083791,142.37318420410156,84979000
2013-10-29,142.69636278698823,143.1891718567313,142.4943920588528,143.1326141357422,87401000
2013-10-30,143.30230910651267,143.40732552758422,141.91274917975758,142.4217071533203,140002000
2013-10-31,142.30861492244262,142.90645290379993,141.80773130369278,142.0177764892578,133795000
2013-11-01,142.2035864205861,142.68023449004755,141.55727747645452,142.35708618164062,142805000
2013-11-04,142.7448680495971,142.9145165986519,142.17126562000345,142.85797119140625,85677000
2013-11-05,142.30050410735382,142.79331320613665,141.84001723027367,142.40553283691406,85825000
2013-11-06,143.01951102107896,143.39921697615875,142.62364395610012,143.1326141357422,87348000
2013-11-07,143.39927920907255,143.5123823728207,141.18567463020705,141.32301330566406,157000000
2013-11-08,141.274493143919,143.2457295927368,141.25834435994352,143.2295684814453,136713000
2013-11-11,143.0922739655368,143.42350904888588,142.92262539028374,143.2538604736328,62614000
2013-11-12,142.94683632302858,143.28614574251432,142.486337043308,142.96299743652344,83990000
2013-11-13,142.26019992567672,144.15064432215968,142.26019992567672,144.11026000976562,103844000
2013-11-14,144.23944482889874,144.95038590942278,144.00516415135402,144.82920837402344,103435000
2013-11-15,145.06346822282072,145.51588072644316,144.87765858611496,145.45933532714844,102818000
2013-11-18,145.70165472904057,145.82283220715212,144.62716922297358,144.9503173828125,104796000
2013-11-19,144.87763649139322,145.31388781697925,144.3848274478217,144.63526916503906,93891000
2013-11-20,144.92614278750847,145.36239421934215,143.78702470533534,144.18289184570312,124909000
2013-11-21,144.58685552907409,145.4593708537249,144.49798788506374,145.3462677001953,92841000
2013-11-22,145.40277413409223,146.08947959256545,145.23312561293642,146.0733184814453,81296000
2013-11-25,146.33182839847206,146.36413828930029,145.7178295269071,145.92788696289062,79486000
2013-11-26,146.0006602456225,146.4046018659729,145.75021841337647,145.9683380126953,86994000
2013-11-27,146.12180547961665,146.4207305951332,145.94407021979072,146.3237762451172,58800000
2013-11-29,146.48531980304696,146.83270350082145,146.06521728223586,146.22679138183594,55870900
2013-12-02,146.2995653283495,146.57424265703983,145.62094640076666,145.84715270996094,99726000
2013-12-03,145.37046445926367,145.73400933246396,144.7483911170133,145.2169647216797,116563000
2013-12-04,144.6918021493986,145.8066719363489,144.08589010074502,145.2007598876953,123033000
2013-12-05,144.94229756352445,145.20890044305685,144.42525291672982,144.56259155273438,106934000
2013-12-06,145.9602128757562,146.3156833504581,145.54011028498888,146.1783447265625,127728000
2013-12-09,146.60648446774618,146.76805855320842,146.35604278618283,146.5499267578125,70124000
2013-12-10,146.21069676763818,146.51769632561567,145.93601944066845,146.02488708496094,80976000
2013-12-11,146.08143192231702,146.10566742977252,144.2071371636377,144.38487243652344,130591000
2013-12-12,144.32023432075914,144.49796958627195,143.60929325870788,143.90821838378906,115565000
2013-12-13,144.20707207304068,144.33633627266957,143.61732111228866,143.89199829101562,107808000
2013-12-16,144.57068645838558,145.2654664567843,144.53028983563664,144.788818359375,96195000
2013-12-17,144.91808695392396,144.9423224628342,144.00517502724205,144.3283233642578,89886000
2013-12-18,144.54639926624475,146.81654812159033,143.2537940916918,146.7923126220703,234906000
2013-12-19,146.37224182797294,146.79234445628265,145.99254814404537,146.62269592285156,136531200
2013-12-20,146.76890055247063,147.82485282455733,146.67143223002162,147.47557067871094,197087000
2013-12-23,148.1985515057317,148.35288467684677,147.88989755774912,148.26353454589844,85598000
2013-12-24,148.27162490896274,148.65339245178066,148.26350667831065,148.58840942382812,45368800
2013-12-26,148.92141237806717,149.42502764327816,148.90517592007916,149.3437957763672,63365000
2013-12-27,149.53874537437284,149.603715995051,149.18134498942905,149.33567810058594,61814000
2013-12-30,149.35197440524271,149.473822254886,149.11642172672876,149.31137084960938,56857000
2013-12-31,149.51441762457034,150.0180206298828,149.4006880228587,150.0180206298828,86119900
2014-01-02,149.4412337928573,149.51434741594596,148.22283040175572,148.58023071289062,119636900
2014-01-03,148.8320155980519,149.13256349595542,148.3446617321826,148.55584716796875,81390600
2014-01-06,149.04326479723431,149.10011719043962,147.89796236720812,148.12539672851562,108028200
2014-01-07,148.71832606402768,149.28691187687778,148.60460890145765,149.0351104736328,86144200
2014-01-08,149.0107926734923,149.319458957219,148.5559238727868,149.06765747070312,96582300
2014-01-09,149.54686757405145,149.56311642677383,148.48279701423454,149.16510009765625,90683400
2014-01-10,149.41687967588436,149.63619577569173,148.6533448348256,149.5712127685547,102026400
2014-01-13,149.18945070209918,149.60370344394303,147.29686238187614,147.58116149902344,149892000
2014-01-14,148.06856331580215,149.27073078800797,147.79239473201665,149.1894989013672,105016100
2014-01-15,149.53872266746006,150.22102562916058,149.22193826422478,149.99359130859375,98525800
2014-01-16,149.68489736276717,149.99356348094562,149.319378872115,149.79861450195312,72290600
2014-01-17,149.53874934481183,149.823036099116,148.9051804253141,149.16510009765625,107848700
2014-01-21,150.02606677971963,150.08293155325427,148.68582802178688,149.6036834716797,88621200
2014-01-22,149.85548968602882,149.92047268354366,149.38437224972566,149.70115661621094,61270900
2014-01-23,148.94578799791353,148.97015508053516,147.68678074831777,148.47467041015625,132496900
2014-01-24,147.50809400952303,147.55682817921434,145.2581048195665,145.3068389892578,208677100
2014-01-27,145.4449108362672,145.81856009570387,143.86910671496904,144.59202575683594,180843100
2014-01-28,144.69764709958417,145.63988242634528,144.6813982438137,145.45306396484375,110463200
2014-01-29,144.24277243340592,145.03067458395955,143.67418644698702,144.0559539794922,216597300
2014-01-30,145.25810508446915,146.05412544411598,144.79510568306833,145.5830078125,118938100
2014-01-31,143.77973401913408,145.63170638354538,143.70663278233295,144.73008728027344,194677900
2014-02-03,144.5595564742827,144.88445920997742,141.1967623434381,141.47293090820312,254837100
2014-02-04,142.1064972659389,142.82941637447243,141.42419409717027,142.46389770507812,165012400
2014-02-05,141.96834139279898,142.6019100720448,141.09922021249545,142.28512573242188,164230500
2014-02-06,142.6182230680074,144.16152954101562,142.3258056695776,144.16152954101562,132877600
2014-02-07,144.83568177680675,146.1028194194666,144.3645642748002,145.948486328125,170787200
2014-02-10,145.96478176749554,146.26532981812616,145.56677776725422,146.21658325195312,92218800
2014-02-11,146.3384940113181,148.19046770652136,146.24101323129392,147.8168182373047,117814100
2014-02-12,148.03601874852288,148.50713623514122,147.59739896125248,147.8898162841797,94717700
2014-02-13,146.89072852096265,148.8076839289728,146.88261029258356,148.65335083007812,100542200
2014-02-14,148.51528611441896,149.74993867371182,148.37720184836382,149.47377014160156,96498400
2014-02-18,149.60374977001266,149.85556365752257,149.17324804393257,149.65249633789062,80460900
2014-02-19,149.26258556530053,150.2291879082643,148.53966646418178,148.66151428222656,126524300
2014-02-20,148.86460281405385,149.87993947133316,148.32038385306168,149.53878784179688,104998100
2014-02-21,149.82301746943162,150.18041781942404,149.29504756691475,149.36814880371094,118116400
2014-02-24,149.6849979002155,151.20393764974773,149.6200148635715,150.1967315673828,114063900
2014-02-25,150.31854703020937,150.74904874577578,149.64436205818672,150.1398468017578,117085000
2014-02-26,150.359165284908,150.7571816897172,149.72559624492297,150.14797973632812,98677200
2014-02-27,149.92863389191095,150.97645559090873,149.7580519252521,150.93585205078125,93880800
2014-02-28,150.91147712686637,152.01616364615327,150.31040589932724,151.31761169433594,150842000
2014-03-03,149.98550497070266,150.63532281885958,149.254467637929,150.25355529785156,167748500
2014-03-04,151.72374843149225,152.69035069897134,151.6912631190972,152.36544799804688,167545900
2014-03-05,152.49540655113404,152.76345684364955,152.25984156941908,152.50352478027344,88376900
2014-03-06,152.87720846088817,153.20211121905496,152.5279262213254,152.8528289794922,82516500
2014-03-07,153.4863839646564,153.4863839646564,152.24360076304183,152.91778564453125,114513500
2014-03-10,152.68227572207405,152.89346129807635,151.9593564726177,152.83660888671875,74939200
2014-03-11,153.06398198683578,153.2832981010413,151.7318612386755,152.0811309814453,99009100
2014-03-12,151.3420088755226,152.1786451908426,151.00084489200364,152.1217803955078,104824400
2014-03-13,152.57663935335296,152.69848716654545,149.99362931769363,150.41600036621094,155014300
2014-03-14,150.14792439631572,150.91957744068466,149.81489114325683,149.99359130859375,153919600
2014-03-17,150.74905967567688,151.70754391543326,150.68407664296066,151.3501434326172,98359500
2014-03-18,151.65875158612027,152.6334719146159,151.4962878695031,152.43040466308594,101804600
2014-03-19,152.44666968010833,152.65786759358178,150.65156178104652,151.6181640625,176267300
2014-03-20,151.2851211202446,152.61724195943975,151.01707082772913,152.50352478027344,117241000
2014-03-21,153.1439807568224,154.2127476511232,151.77333937596447,151.9120330810547,163128000
2014-03-24,152.43412457287204,152.62177991450278,150.62292809855504,151.2837677001953,121411000
2014-03-25,152.05071927197395,152.5157620680703,151.15328726298517,152.00177001953125,103852000
2014-03-26,152.59738124635106,152.84214002365772,150.86777413156165,150.9085693359375,119843000
2014-03-27,150.7289951709711,151.21034594317575,150.03551443553349,150.59030151367188,142383000
2014-03-28,151.0226894841296,152.0914559141666,150.93294507288542,151.3327178955078,101642000
2014-03-31,152.29548856082428,152.80948064506268,151.35726129332014,152.5728759765625,99745000
2014-04-01,153.07060245775767,153.67433921081494,152.56477670048972,153.5845947265625,89193000
2014-04-02,153.7803434007411,154.30248952545946,153.49478948688682,154.09852600097656,78774000
2014-04-03,154.33507159348397,154.3758667758471,153.42131926347068,153.89451599121094,77435000
2014-04-04,154.73493415374358,154.76756284918207,151.83049475070595,152.0752410888672,169381000
2014-04-07,151.70810293293272,151.96101577132976,150.08456086104917,150.3945770263672,140803000
2014-04-08,150.3292605492759,151.25933365457013,149.78263983772916,151.01458740234375,112660000
2014-04-09,151.4224929231843,152.68705654330043,150.98192483383693,152.6381072998047,100254000
2014-04-10,152.63003230303127,152.70345620630772,149.24422930309717,149.431884765625,172959000
2014-04-11,148.59968549597642,149.64397789015746,147.92252500696185,148.085693359375,167251000
2014-04-14,149.24415282934734,149.60313054891083,148.0285384459399,149.2523193359375,132382000
2014-04-15,149.5623912738414,150.38639949760645,148.08568478034175,150.28033447265625,157093000
2014-04-16,151.31648317822837,151.86310401175075,150.6474767423384,151.85494995117188,105197000
2014-04-17,151.65095078747436,152.4912794408375,151.3898715228847,152.06703186035156,105255000
2014-04-21,152.10781564565764,152.64628225178816,151.92017271889466,152.59732055664062,68329000
2014-04-22,152.75242662487344,153.70697484647962,152.67084864847652,153.2908935546875,85790000
2014-04-23,153.23378989720155,153.31536787342867,152.8095420943869,152.93191528320312,73869000
2014-04-24,153.68239216774094,153.69871273112716,152.50756058277952,153.24183654785156,88170000
2014-04-25,152.74420917826038,152.83395362932183,151.64280113786498,151.98545837402344,100380000
2014-04-28,152.6055516494133,153.12769791147758,150.90041912396342,152.46685791015625,135121000
2014-04-29,152.95629066116263,153.41316686819164,152.62995407012565,153.17657470703125,84098000
2014-04-30,152.92367961366725,153.78848288367536,152.71154960098602,153.6334686279297,101508000
2014-05-01,153.5600510883004,154.06587661827783,153.16027812009398,153.64979553222656,93019000
2014-05-02,153.63348317778744,154.31064357289176,153.20108150183276,153.4295196533203,98122000
2014-05-05,152.67894377717394,153.8293011062053,152.2546961372365,153.72323608398438,75883000
2014-05-06,153.38055099930446,153.48661600227456,152.3525794476311,152.3852081298828,85454000
2014-05-07,152.89923187315063,153.35610821318957,151.75702857410678,153.28268432617188,106500000
2014-05-08,153.1439481307302,154.2371894195556,152.62995616629215,153.1194610595703,93618000
2014-05-09,153.1439978750946,153.41321880692746,152.42604219301452,153.34796142578125,83679000
2014-05-12,154.03333069639334,154.91445504229682,153.38064461250724,154.8410186767578,86940000
2014-05-13,155.04487161555835,155.3549000850934,154.82460002304498,154.9796142578125,66454000
2014-05-14,154.84091596819042,154.91435228501788,154.02506201674026,154.24534606933594,72367000
2014-05-15,153.9352523124996,153.9678934281254,152.14037687016096,152.89096069335938,154956000
2014-05-16,152.9807880438859,153.48662601887887,152.33626882356472,153.42135620117188,97458000
2014-05-19,153.12761911136053,154.10664129280352,152.98892544347584,153.98426818847656,63839000
2014-05-20,153.91084436097526,153.9271649258568,152.6218060610332,153.01341247558594,111644000
2014-05-21,153.45402534698314,154.37594464787895,153.42955071500788,154.30252075195312,89093000
2014-05-22,154.34329219906834,154.99597805147354,154.08222532747456,154.67779541015625,61549000
2014-05-23,154.81648812449995,155.4039041429516,154.67779440471932,155.2978515625,61092800
2014-05-27,155.87714289694776,156.30139067943065,155.7873984131331,156.25244140625,72010000
2014-05-28,156.25238741589942,156.49714614618082,155.87708903627515,156.13816833496094,66723000
2014-05-29,156.49710633909555,156.97029066194716,156.0973334330252,156.94581604003906,64377000
2014-05-30,156.7989700072918,157.29664140638604,156.66843038973914,157.19873046875,76316000
2014-06-02,157.4190453166551,157.4516864519011,156.61951178836495,157.3782501220703,64656000
2014-06-03,156.9948021464237,157.37825457827606,156.84795438049514,157.2966766357422,65047000
2014-06-04,157.02742176537112,157.70458208523624,156.86425345371617,157.61483764648438,55529000
2014-06-05,157.7943091514889,158.8059600417377,157.21504739260223,158.64279174804688,92103000
2014-06-06,158.9854720260356,159.4423482944058,158.9120481505357,159.4015655517578,78696000
2014-06-09,159.37708484776758,159.94818016144808,159.2302246534245,159.56472778320312,65119000
2014-06-10,159.36887895494442,159.61363758573196,159.0262218514183,159.5810089111328,57129000
2014-06-11,159.00995506747583,159.18944396082782,158.6672978480616,159.02627563476562,68772000
2014-06-12,158.838645620727,158.9283900747133,157.54959457662665,157.90040588378906,106350000
2014-06-13,158.2104095635726,158.53675863990588,157.70458405643643,158.38174438476562,82017000
2014-06-16,158.18597712834807,158.84681706687545,157.99833414000085,158.51231384277344,87424000
2014-06-17,158.2920105353074,159.06706941391917,158.12067570265137,158.95285034179688,84834000
2014-06-18,158.95284155297722,160.20925127685325,158.6020178479631,160.1195068359375,105267000
2014-06-19,160.2582312902932,160.39693745656223,159.74425161996928,160.2990264892578,85929000
2014-06-20,160.6982569228396,160.75564637875877,160.42773343479152,160.62448120117188,100587000
2014-06-23,160.66546135534182,160.71464516656425,160.28017148930078,160.57528686523438,70611000
2014-06-24,160.2883611598971,161.08353278041707,159.42760695629727,159.6079559326172,96237000
2014-06-25,159.2718134744594,160.49326535146704,159.2390284447137,160.32931518554688,82782000
2014-06-26,160.35395792001597,160.37035669438544,159.14071129727125,160.214599609375,84312000
2014-06-27,159.8374513048674,160.57524581036617,159.76367560689627,160.52606201171875,71445100
2014-06-30,160.42773879834562,160.8130287025136,160.2883804832253,160.4441375732422,70201200
2014-07-01,160.8376001483516,162.00986848661293,160.7802232064136,161.51800537109375,90470000
2014-07-02,161.53437913533935,161.8868713902967,161.46060343201293,161.6819305419922,52475000
2014-07-03,162.14097534843924,162.5508569927393,162.01801585858726,162.47708129882812,52938800
2014-07-07,162.16562095590217,162.29677360886745,161.67375785433796,161.91148376464844,61696000
2014-07-08,161.6163517858241,161.67374122883092,160.47688114268797,160.87037658691406,108143000
2014-07-09,161.27208957125347,161.7393608275137,160.92779036018797,161.591796875,72992000
2014-07-10,160.0341854310647,161.37859668395225,159.9030203067355,160.9523162841797,99040000
2014-07-11,160.85401401097675,161.28848771671753,160.4933160269052,161.17372131347656,64243000
2014-07-14,161.99345314103326,162.19839400009997,161.85409485789958,161.98526000976562,58658000
2014-07-15,162.08361910776387,162.39513319993767,160.9687403926434,161.6819305419922,111307000
2014-07-16,162.4032939536868,162.52625343471735,161.83765532375787,162.28033447265625,79986400
2014-07-17,161.78034005356528,162.39516271020372,160.20638304500383,160.43592834472656,145398000
2014-07-18,160.9605757991324,162.23940491790572,160.87040130954716,162.07545471191406,124330000
2014-07-21,161.56721484912654,161.9033209478419,161.02616783781895,161.77215576171875,67592000
2014-07-22,162.32132427261888,162.77219658306797,162.20655791255865,162.47708129882812,67678000
2014-07-23,162.72303269816243,163.00995488771875,162.39513234603805,162.83779907226562,65612000
2014-07-24,162.99354168461008,163.18208374495657,162.68202762165856,162.84597778320312,56888000
2014-07-25,162.38694190237925,162.52630019050272,161.7639261716041,162.08363342285156,76837000
2014-07-28,162.11638764345852,162.38691103672485,161.18185797062742,162.14918518066406,69259000
2014-07-29,162.45252023954717,162.68205300324027,161.42781593427532,161.45240783691406,80466000
2014-07-30,162.02624502938608,162.23939153733514,160.80480546317656,161.4770050048828,104222000
2014-07-31,160.35393924281232,160.49329753722154,158.18976409630736,158.2881317138672,183479000
2014-08-01,157.85365768561695,158.83737138468868,157.042099825467,157.80447387695312,189261000
2014-08-04,158.10779214300518,159.2800605258841,157.43559253538297,158.94395446777344,91340000
2014-08-05,158.29630729197072,158.70618896542626,156.82892389618613,157.4027557373047,152690000
2014-08-06,156.66498694880465,158.12416482875244,156.64039504700978,157.45196533203125,94818000
2014-08-07,158.16514679253137,158.32090383438734,156.20591283630395,156.59939575195312,135733000
2014-08-08,156.9519242743437,158.5176630434372,156.53383688634324,158.41110229492188,117014000
2014-08-11,159.0095059805407,159.5751447218043,158.79637200193852,158.87014770507812,74544000
2014-08-12,158.7144320767418,159.15709891969223,158.16519196238104,158.6488494873047,73632000
2014-08-13,159.27184485858558,159.90306625578452,159.00133391124152,159.72271728515625,69047000
2014-08-14,159.9850323866912,160.4768829345703,159.83746846630947,160.4768829345703,57371000
2014-08-15,161.05896029156128,161.20651173982978,159.28826786073822,160.4441375732422,139951000
2014-08-18,161.32943244260846,161.86227362545847,161.23925797227733,161.7884979248047,75424000
2014-08-19,162.18203156006626,162.75586359228018,161.85413111554408,162.63290405273438,59135000
2014-08-20,162.411554197156,163.26411531325724,162.37876915819797,163.06736755371094,72763000
2014-08-21,163.20669490190684,163.7559348876182,163.0755297537557,163.5428009033203,67791000
2014-08-22,163.41168635323186,163.6986086400792,162.91983565826607,163.28872680664062,76107000
2014-08-25,164.06742387013776,164.43631484781676,163.25585371236792,164.11660766601562,63855000
2014-08-26,164.22315979003906,164.624848252408,164.18216912921065,164.22315979003906,47298000
2014-08-27,164.30525106360457,164.42003000290893,163.90357481045055,164.15769958496094,47874000
2014-08-28,163.61657148288407,164.17401709076512,163.45262130712962,164.06744384765625,58330000
2014-08-29,164.32159773854667,164.5511305271692,163.80515521844544,164.5347442626953,65907000
2014-09-02,164.74782829547493,164.77242019332363,163.83789054928738,164.4527130126953,72426000
2014-09-03,165.08395989214134,165.1085517938107,164.13303133226847,164.36256408691406,57462000
2014-09-04,164.6413051915498,165.24793470989772,163.67399022541008,164.12486267089844,85236000
2014-09-05,164.09203030335004,164.92819243312604,163.4690146527187,164.86260986328125,102177000
2014-09-08,164.70690961155648,164.94464807278652,163.95272856120698,164.43638610839844,64146000
2014-09-09,164.2887721831073,164.4035385491142,163.05912718649253,163.39523315429688,88591000
2014-09-10,163.4854862620666,164.11670788133324,162.9444516684407,164.01014709472656,67251000
2014-09-11,163.35428347383422,164.2232308214307,163.2313114381599,164.19863891601562,66774400
2014-09-12,164.03464284455978,164.05102910452214,162.7722003461165,163.23947143554688,117409300
2014-09-15,163.2640953007919,163.3952604577449,162.6246807963933,163.1165313720703,76401000
2014-09-16,162.8132375853824,164.64130678172924,162.7230630954138,164.34619140625,116201000
2014-09-17,164.58390365345207,165.32987885149302,163.74774147119203,164.5675048828125,151266000
2014-09-18,165.06755970205413,165.46924827352822,164.85442571988656,165.4446563720703,94990000
2014-09-19,165.970947517806,166.28390522229688,164.95791613367513,165.29559326171875,121649000
2014-09-22,165.00735229680302,165.03205915476718,163.67311913139386,164.01902770996094,125553000
2014-09-23,163.42603246825817,164.10961817201962,163.03071018710688,163.0801239013672,111393000
2014-09-24,163.10485126144548,164.46379140977228,162.67659063930944,164.35671997070312,107276000
2014-09-25,163.92840143081136,163.93664542665618,161.6470515196939,161.70469665527344,150300000
2014-09-26,162.0012052903277,163.3930834636835,161.77059959419316,162.98951721191406,103547000
2014-09-29,161.58937859258418,162.9812565160014,161.4658443372193,162.6929931640625,95112000
2014-09-30,162.81659323279968,163.31898698069193,161.92710860208533,162.26478576660156,131302000
2014-10-01,162.00119151917943,162.05884922184575,159.70336618264446,160.0657501220703,177798000
2014-10-02,159.92577072163286,160.6505387947143,158.4186019914925,160.0904998779297,157285000
2014-10-03,161.1611518374929,162.19889014879317,160.66700210707924,161.8529815673828,121569000
2014-10-06,162.5283367686725,162.74247964662354,161.07881317879534,161.66355895996094,104778000
2014-10-07,160.83168046096915,161.19406438405736,159.13507624566202,159.1680145263672,147913000
2014-10-08,159.2586070228945,162.18237262886325,158.4267803573253,161.95176696777344,186461000
2014-10-09,161.69652761135188,161.91890194482096,158.60804407400462,158.7398223876953,210705000
2014-10-10,158.69860946399393,159.4892540593955,156.88670198520697,156.92787170410156,221909000
2014-10-13,156.86200542496846,157.43027576712726,154.25944061285335,154.35003662109375,230939000
2014-10-14,155.1818569311962,156.334898129303,154.0452911612669,154.5888671875,215847000
2014-10-15,152.4969049817077,154.58060003366035,149.82845175174938,153.54286193847656,380715000
2014-10-16,150.76740080122084,154.49005624128347,150.62739106444235,153.41114807128906,270391000
2014-10-17,155.18185543321502,156.2772389056614,154.52297655023838,155.22303771972656,214625000
2014-10-20,154.94302390014417,156.8537589063221,154.89361018136532,156.730224609375,130011000
2014-10-21,157.86673923449354,159.9422028851172,157.70202268982396,159.83514404296875,154949000
2014-10-22,160.11514738503328,160.52694498898612,158.63267349739,158.6985626220703,151822000
2014-10-23,160.28812921478553,161.58941142632395,159.9916343745987,160.54344177246094,154944000
2014-10-24,160.80695706580693,161.82821960153342,160.18102926027035,161.77879333496094,117927000
2014-10-27,161.20228977931822,161.79527934634817,160.62577563555735,161.5564422607422,82954000
2014-10-28,162.10009293830632,163.41783836549442,162.0259597829139,163.40960693359375,106736000
2014-10-29,163.52484425864415,163.99428703021516,162.08355252832857,163.16246032714844,142557000
2014-10-30,162.72605173026483,164.67796965953835,162.57779795862152,164.20852661132812,113330000
2014-10-31,166.18511590074576,166.21806676165906,165.35328888521866,166.08628845214844,146903000
2014-11-03,166.3003836498852,166.7368882117429,165.79798994719084,166.17684936523438,93600000
2014-11-04,165.73206170402406,166.03680047937794,164.76845680989194,165.6002960205078,93343000
2014-11-05,166.81101784703924,166.85220013318357,165.91330181761182,166.64630126953125,91709000
2014-11-06,166.6874570877971,167.40398099806993,166.06976059492266,167.31338500976562,107089000
2014-11-07,167.3298541998153,167.68400671074153,166.86864284638588,167.46986389160156,89540000
2014-11-10,167.5028290818128,168.0463924708541,167.2969302408988,167.99697875976562,66319000
2014-11-11,168.0628852141242,168.26878407625404,167.72520806413468,168.16171264648438,54499400
2014-11-12,167.4781512822715,168.21115078041163,167.44520042445052,167.9805450439453,90120300
2014-11-13,168.14529130475458,168.69709888346824,167.36287794887917,168.1699981689453,85357900
2014-11-14,168.09580250958976,168.41700416770215,167.78283228017423,168.2111053466797,80417500
2014-11-17,167.88993095931818,168.49115209558295,167.7252018220895,168.3181915283203,80441000
2014-11-18,168.37583247820055,169.59475005652524,168.37583247820055,169.29002380371094,76068100
2014-11-19,169.09237008184962,169.29003750260048,168.2605432494432,169.01824951171875,82373000
2014-11-20,168.22756076529555,169.42178392807256,168.16167163743387,169.31471252441406,72840300
2014-11-21,171.0113602937156,171.17607687180276,169.64418881816016,170.220703125,142327300
2014-11-24,170.6242284417473,170.80542040424424,170.41009819837203,170.69834899902344,65880800
2014-11-25,170.92896906086025,171.13486789312196,170.31951656028878,170.5748291015625,79108300
2014-11-26,170.72307388211118,171.1101647004124,170.50894361612086,171.01133728027344,62167800
2014-11-28,170.8878059910944,171.20076368269216,170.41011917362974,170.64895629882812,57890100
2014-12-01,169.9900368035851,170.1053396238495,169.14997878468662,169.4629364013672,103968400
2014-12-02,169.5041637831734,170.76426371393677,169.47945692704613,170.55836486816406,74507200
2014-12-03,170.73132113218233,171.4313696499539,170.56660457312242,171.2172393798828,68952000
2014-12-04,170.92899203287493,171.53022575217048,170.237174879595,171.02783203125,91316600
2014-12-05,171.20075939482868,171.6949216259169,170.93721542076452,171.30783081054688,91025500
2014-12-08,170.91253029108205,171.40668001791545,169.60300398236103,170.16305541992188,108588200
2014-12-09,168.31815916163137,170.15478563859406,167.9393123798206,170.04771423339844,125180100
2014-12-10,169.58651183886957,169.64415697519863,167.1321887879012,167.32162475585938,159856400
2014-12-11,167.9146855275928,169.81718947271352,167.7746757748212,168.1699981689453,159012800
2014-12-12,166.8933948137371,167.86524405722682,165.41916437001277,165.4521026611328,202330200
2014-12-15,166.3498029765809,166.80278298069896,163.71430008953348,164.31552124023438,189965800
2014-12-16,163.54957963889098,166.69570760124464,162.956589932477,162.99777221679688,259543800
2014-12-17,163.43424648211325,166.64626299045295,163.31069965205933,166.1932830810547,253910100
2014-12-18,168.622925732917,175.40111231645395,167.9475714766781,170.3030548095703,257633900
2014-12-19,170.95313715116183,171.69847161813732,170.2740681156635,171.02767944335938,245084600
2014-12-22,171.21809922427073,171.81436157226562,170.97794396797346,171.81436157226562,148318900
2014-12-23,172.3941128745285,172.44379931339762,171.75644075737372,172.04629516601562,122167900
2014-12-24,172.2698709151854,172.5348694281806,172.02142612170877,172.06283569335938,42963400
2014-12-26,172.5100439287653,172.95724713023515,172.46035749225274,172.61770629882812,57326700
2014-12-29,172.43552360762217,173.0566293705053,172.36927080987647,172.84959411621094,79643900
2014-12-30,172.42728578092087,172.55977876997716,171.84757682851793,171.922119140625,73540800
2014-12-31,172.2450505225838,172.4106761947052,170.09187887571926,170.21609497070312,130333800
2015-01-02,170.91175939051038,171.325829928709,169.08983891329257,170.12501525878906,121465900
2015-01-05,169.0815244457335,169.24715009688967,166.7461737006491,167.05258178710938,169632600
2015-01-06,167.35904307763232,167.88077604924092,164.6841506836419,165.4791717529297,209151400
2015-01-07,166.80413857607297,167.88072427345165,166.35694805006224,167.5411834716797,125346700
2015-01-08,168.9489899025866,170.7295000974074,168.93243618580826,170.51417541503906,147217800
2015-01-09,170.92829469871802,170.94486105666158,168.53496775123423,169.14779663085938,158567300
2015-01-12,169.28030541730055,169.43765422966325,167.21822977118725,167.82276916503906,144396100
2015-01-13,169.04018688148494,170.1664594801139,166.05059648165292,167.3507843017578,214553300
2015-01-14,165.33832178191363,166.5391361681046,164.44394075078782,166.3403778076172,192991100
2015-01-15,166.97808377546713,167.29276878135636,164.7006958904179,164.81663513183594,176613900
2015-01-16,164.60958936534854,167.1354219312357,164.42739733525644,166.9780731201172,211879600
2015-01-20,167.61574767057863,167.88075887871344,165.76899662094755,167.3341827392578,130991100
2015-01-21,166.87038418441705,168.65917148434727,166.4066273221596,168.17884826660156,122942700
2015-01-22,168.93244722648654,170.81231775411237,167.55773045853948,170.67982482910156,174356000
2015-01-23,170.42308743081597,170.67982169003744,169.61151299568783,169.7440185546875,117516800
2015-01-26,169.52870916229736,170.23262126224506,168.81650756701595,170.1415252685547,92009700
2015-01-27,168.08779251462758,169.04014968220312,167.0691825456615,167.89732360839844,134044600
2015-01-28,169.08154787208375,169.18092074926022,165.55367173160218,165.744140625,168514300
2015-01-29,165.94287673441366,167.53290573788595,164.53502710249373,167.27618408203125,173585400
2015-01-30,166.10022536974702,167.4252432198437,164.90770045916094,165.17269897460938,197729700
2015-02-02,165.66962667380608,167.30934248481887,163.85599567481714,167.21824645996094,163107000
2015-02-03,168.11262191798005,169.6446878126908,167.73996099766435,169.6363983154297,124212900
2015-02-04,168.87449351685763,170.0835848102543,168.53495270967596,168.9904327392578,134306700
2015-02-05,169.65298840028913,170.84551362122258,169.57845873308844,170.69644165039062,97953200
2015-02-06,171.06079833152506,171.62394076730268,169.70264763355704,170.22438049316406,125672000
2015-02-09,169.57841785976186,170.2988964085735,169.05668504224863,169.4624786376953,87219000
2015-02-10,170.49768765305734,171.52457449325172,169.50390825922682,171.26785278320312,96164200
2015-02-11,171.10221945776905,171.79785489325087,170.45627046247458,171.36721801757812,91087800
2015-02-12,172.16222880934126,173.07318894711187,171.40034061976428,173.0152130126953,97545900
2015-02-13,173.13941354760124,173.77707290377327,172.88267926954353,173.72738647460938,93670400
2015-02-17,173.41273145538702,174.1746323442568,173.1642992486139,174.00071716308594,76968200
2015-02-18,173.62804566701706,174.09180260672233,173.3630344806547,174.01727294921875,80652900
2015-02-19,173.4210021106608,174.25741993425422,173.2802196633091,173.89303588867188,91462500
2015-02-20,173.4789870731372,175.01105310074223,172.8578812732589,174.9365234375,140896400
2015-02-23,174.68806526102213,174.9116668701172,174.30711483946868,174.9116668701172,74411100
2015-02-24,174.83714993892866,175.60732775468037,174.53901862902975,175.4085693359375,72472300
2015-02-25,175.28436470879203,175.764688108241,174.91998056876656,175.259521484375,73061700
2015-02-26,175.1683836897917,175.32573249787598,174.44789244416535,175.0524444580078,72697900
2015-02-27,174.95303844711958,175.21804959524584,174.40647506785652,174.45616149902344,108076000
2015-03-02,174.5555154906968,175.61553469575227,174.50582906490132,175.5575714111328,87491400
2015-03-03,175.1269973805194,175.60732072927564,173.97588177043423,174.83714294433594,110325800
2015-03-04,174.2408495827965,174.3153918714502,173.1311437504533,174.10006713867188,114497200
2015-03-05,174.42303554530858,174.57210748101213,173.7853761387244,174.29054260253906,76873000
2015-03-06,173.42930857899026,173.85994549150837,171.5080277875941,171.8392791748047,188128000
2015-03-09,172.03799406671536,172.90753189727454,171.88064527484585,172.5514373779297,89818900
2015-03-10,171.18504297637017,171.26784949998202,169.71094027349486,169.75234985351562,157121300
2015-03-11,170.00906900299512,170.1829841818961,169.27202398085188,169.35484313964844,110145700
2015-03-12,169.98422177872797,171.57425102601945,169.93453533919217,171.5080108642578,93993500
2015-03-13,171.2347075656587,172.1953414628287,169.42107686549133,170.4562530517578,162410900
2015-03-16,171.18502302994446,172.82473858898433,170.48109816090155,172.733642578125,136099200
2015-03-17,171.99662846553838,172.60116793520493,171.4086427197753,172.22023010253906,94510400
2015-03-18,171.74814392695924,174.96133472213626,171.11047188394753,174.29054260253906,228808500
2015-03-19,173.8764184029886,174.29876559015878,173.10624101882698,173.49546813964844,117917300
2015-03-20,174.4446784661776,175.5343837524502,174.26167316848532,175.02696228027344,177715100
2015-03-23,175.0352833889691,175.60925341996233,174.6859130859375,174.6859130859375,71784500
2015-03-24,174.56112214072957,175.0186226578226,173.63778191445252,173.70433044433594,77805300
2015-03-25,173.91225171531622,174.14516517243177,171.11727753709803,171.1588592529297,159521700
2015-03-26,170.4934293880964,171.66631068398317,169.79467620136552,170.7512969970703,153067200
2015-03-27,170.63488193095372,171.31698228652505,170.44355010937383,171.14230346679688,118939000
2015-03-30,172.17374153535073,173.52964087435808,172.15711392232274,173.2301788330078,96180400
2015-03-31,172.40661308107454,173.1053661360332,171.65796450634252,171.7161865234375,126768700
2015-04-01,171.6829635109933,171.70791762382157,170.11910474530265,171.10899353027344,137303600
2015-04-02,171.0424658427631,172.1737656359064,170.85946053116376,171.72457885742188,86900900
2015-04-06,170.83447239619846,173.39653355555777,170.7013880356757,172.88079833984375,114368200
2015-04-07,172.9057307881502,173.65437940702623,172.3899956370504,172.4232635498047,81236300
2015-04-08,172.64791585986887,173.4464729378044,172.2569511284169,173.00559997558594,89351900
2015-04-09,172.83921994922966,174.00378754198945,172.34843879891193,173.7708740234375,85548900
2015-04-10,174.02037586401346,174.76071061814676,173.8207430179386,174.7191162109375,72722900
2015-04-13,174.5777722030921,175.2099769718649,173.87903158871407,173.92893981933594,74436600
2015-04-14,173.72926696373247,174.44464772149354,173.1053888386908,174.2616424560547,75099900
2015-04-15,174.72755037138893,175.55106175453952,174.64436150571123,175.04364013671875,99529300
2015-04-16,174.7108915740687,175.50113494303832,174.5112459332694,174.99371337890625,68934900
2015-04-17,173.8041451072998,174.04537241941927,172.19869198583558,172.98062133789062,191113200
2015-04-20,173.90393748951843,174.89382609852734,173.82076135915432,174.56109619140625,92189500
2015-04-21,175.2432242976131,175.4012754712299,174.05370263148143,174.35316467285156,72559800
2015-04-22,174.6941673433691,175.3929204040762,173.77082732409357,175.2099151611328,78264600
2015-04-23,174.81060827544982,176.29960419095855,174.6941515579936,175.65077209472656,102585900
2015-04-24,176.06678292189486,176.32465059604635,175.60926961638245,176.05845642089844,61327400
2015-04-27,176.6240960236707,176.7488665984701,175.13509946927405,175.32643127441406,79358100
2015-04-28,175.30144429936885,175.93363624790825,174.12855034476948,175.88372802734375,86863500
2015-04-29,174.9936870085861,175.7589761437368,174.35318113994506,175.16006469726562,125684900
2015-04-30,174.58606924936552,174.9770339137259,172.7061082608666,173.4048614501953,161304900
2015-05-01,174.18680399234466,175.32643023772877,174.08698753309534,175.2848358154297,103399700
2015-05-04,175.7090300084097,176.366188735552,175.60089976549773,175.78390502929688,70927200
2015-05-05,175.5426922186258,175.90038899608157,173.62946315094771,173.7708740234375,113326200
2015-05-06,174.3199083468614,174.62768423762452,171.99076022202962,173.05551147460938,135060200
2015-05-07,172.95571305311998,174.17020182035276,172.6229830117935,173.74595642089844,88244900
2015-05-08,175.41795646224531,176.2331539389438,175.33476760646826,176.03350830078125,155877300
2015-05-11,175.99189859029525,176.25808003936282,175.11846651482492,175.19332885742188,75708100
2015-05-12,174.36156603857495,175.2100443640101,173.53804183804905,174.66934204101562,119727600
2015-05-13,175.07688485791567,175.70076314404608,174.46964688007623,174.7025604248047,94667900
2015-05-14,175.7174387488639,176.61582518449177,175.4429307246855,176.52432250976562,95934000
2015-05-15,176.7156219482422,176.8570328492495,176.23315450742103,176.7156219482422,76510100
2015-05-18,176.54922179714424,177.51414379393768,176.482673264118,177.2646026611328,74549700
2015-05-19,177.3811124364476,177.65562045741285,176.92359906817222,177.2064208984375,72114600
2015-05-20,177.30619103184608,177.830252816043,176.7655016333957,177.08160400390625,76857500
2015-05-21,176.940220070535,177.80532577836263,176.77384235998136,177.5973663330078,64764600
2015-05-22,177.21470795376445,177.63062682707135,177.1065776778336,177.17312622070312,57433500
2015-05-26,176.68235607385677,177.10660150512177,174.85231532366652,175.2682342529297,124308600
2015-05-27,175.7257377359185,177.164813596282,175.31813263873076,176.93190002441406,93214000
2015-05-28,176.6240805601602,176.8403537684896,176.04179677401598,176.7322235107422,74974600
2015-05-29,176.66569965442963,176.7072813863063,175.36803483753582,175.63421630859375,124919600
2015-06-01,176.29968873706432,176.6324187485515,175.20165685205126,175.99191284179688,93338800
2015-06-02,175.53442366550598,176.50767241025693,174.91054528865243,175.81724548339844,91531000
2015-06-03,176.34958381422064,176.90691352294607,175.79225410549518,176.2830352783203,87820900
2015-06-04,175.57595090371493,176.23309695766497,174.47791928810233,174.7940216064453,151882800
2015-06-05,174.644277266899,175.16833894364447,173.8373938918091,174.4945526123047,121704700
2015-06-08,174.38645884786473,174.53619623751186,173.34666169944614,173.42152404785156,89063300
2015-06-09,173.39654541015625,173.93724746657017,172.76435340274276,173.39654541015625,105034700
2015-06-10,174.16180006317958,175.8587555420628,174.10357804288222,175.47610473632812,134551300
2015-06-11,175.91702581659672,176.42444729989205,175.6841122858548,176.04180908203125,73876400
2015-06-12,175.21830623820307,175.91704691422837,174.41973639929063,174.69424438476562,135382400
2015-06-15,173.55460718758775,174.2283936547843,172.8475401063269,173.94557189941406,124384200
2015-06-16,173.795828110699,174.977048702538,173.6211493182285,174.89385986328125,85308200
2015-06-17,175.1766815185547,175.78393212058168,174.15352479896114,175.1766815185547,126708600
2015-06-18,175.7755955789997,177.46422483733193,175.2099521217295,176.99839782714844,165867900
2015-06-19,176.75597855978083,176.83120503412866,175.83650135806235,176.212646484375,130478700
2015-06-22,177.13216924817195,177.70056420665657,176.90647701250222,177.11544799804688,70696000
2015-06-23,177.3243924337279,177.57516012975066,176.84794529040192,177.2407989501953,68476800
2015-06-24,176.97336226846414,177.34950751918117,175.92850726392928,175.95358276367188,92307300
2015-06-25,176.45507963075502,176.58045710201526,175.34335261880636,175.4185791015625,97107400
2015-06-26,175.77801604409242,176.02042951258704,174.83347592995116,175.38516235351562,104174800
2015-06-29,173.9056696624012,175.39354216983332,171.63206415011842,171.70729064941406,202621300
2015-06-30,173.24532879564853,173.2954925539955,171.59028189840387,172.06674194335938,182925100
2015-07-01,173.63815731665525,173.88892503517445,172.66017469354873,173.44590759277344,135979900
2015-07-02,173.92232811672662,174.08950230632675,172.86910648855684,173.28704833984375,104373700
2015-07-06,171.9998580458966,173.57131132745278,171.79924128982267,172.7939453125,117975400
2015-07-07,172.9945193989469,174.005931669229,170.61224543215388,173.88055419921875,173820200
2015-07-08,172.5431993908417,172.82739693197723,170.7293323718349,170.96337890625,164020100
2015-07-09,173.06138922156467,173.32052393269564,171.1639420376246,171.27259826660156,144113100
2015-07-10,173.2703944715604,173.84715649134478,171.31442890804837,173.42921447753906,129456900
2015-07-13,174.6913649093545,175.45200949545605,174.64956816725388,175.34335327148438,106069400
2015-07-14,175.3016233075277,176.413350747108,175.24310529538042,176.10406494140625,81709600
2015-07-15,176.14580369154305,176.60554236922965,175.56904178267948,176.04550170898438,97914100
2015-07-16,177.09878459063353,177.45822143554688,176.8563837802443,177.45822143554688,106683300
2015-07-17,177.44974633930389,177.66708426579632,177.04017148628014,177.6085662841797,89030000
2015-07-20,177.834306013265,178.1937299807778,177.38293430331788,177.7005615234375,70446800
2015-07-21,177.5667926991554,177.82592739564956,176.69747914356392,176.99839782714844,77965000
2015-07-22,176.3129951546989,177.01514736499615,176.27956540876897,176.6807861328125,88667900
2015-07-23,176.81449864335698,176.91480061758097,175.32662650435347,175.68605041503906,90509100
2015-07-24,175.78635043164496,175.8448556601876,173.52946691847038,173.8638153076172,117755000
2015-07-27,172.97785303292287,173.48774283036434,172.4094452278605,172.8524627685547,132361100
2015-07-28,173.6883175328786,175.11768467613908,172.86080059877006,174.9755859375,123544800
2015-07-29,175.10094767161476,176.40492445434515,174.95884894576088,176.1792449951172,105791300
2015-07-30,175.66935241801707,176.38821303691228,175.05079377933856,176.22103881835938,91304400
2015-07-31,176.72259451646022,176.74767001620285,175.66938526353704,175.95358276367188,103266900
2015-08-03,175.92016095360543,175.97866620411892,174.40720012492417,175.360107421875,113965700
2015-08-04,175.28482541932374,175.74456404741375,174.53253512213954,175.01734924316406,81820800
2015-08-05,175.91172809583946,176.6305886124667,175.30989079100854,175.59410095214844,85786800
2015-08-06,175.77796031566635,175.88662926740656,173.571228075604,174.15635681152344,116030800
2015-08-07,173.997608504689,174.14806149557737,172.91931105168084,173.8220672607422,117858000
2015-08-10,174.933742054592,176.095619902944,174.933742054592,176.0120391845703,80270700
2015-08-11,174.67471800006362,175.0926600897887,173.66329253091357,174.4239501953125,126081400
2015-08-12,173.119910497788,174.8167537499092,171.65711371116103,174.6328582763672,172123700
2015-08-13,174.47401731701092,175.15944813679866,173.872179976808,174.41551208496094,89383300
2015-08-14,174.22325170871736,175.12600772977814,174.0811529953894,175.05078125,72786500
2015-08-17,174.457340223446,176.02879333496094,173.99760151213454,176.02879333496094,79072600
2015-08-18,175.75293684266592,176.1040065353757,175.28484391905283,175.51889038085938,71692700
2015-08-19,174.77495378843668,175.543965411561,173.32052403028706,174.13133239746094,172946000
2015-08-20,172.6183787412695,174.10625105552447,170.43672126290616,170.4952392578125,194327900
2015-08-21,168.6228416186139,170.47015049672353,165.10377783345345,165.36289978027344,346588500
2015-08-24,156.71991719461926,165.07039133423086,152.4652573590027,158.40003967285156,507244300
2015-08-25,163.356830869499,163.3735521235313,156.24346145101953,156.53602600097656,369833100
2015-08-26,160.55655206820418,162.82178988585238,157.45541774682738,162.54595947265625,339257000
2015-08-27,164.68583548232655,166.6919515691399,163.17288779329004,166.5665740966797,274143900
2015-08-28,165.922962716579,167.04304413931038,165.438148498999,166.574951171875,160414400
2015-08-31,165.5969474230745,166.44955250791443,164.67747010073978,165.22915649414062,163298800
2015-09-01,161.4258750501832,162.8050909701567,159.42811328238028,160.2974395751953,256000400
2015-09-02,162.6797628130302,163.3819151649803,160.84082030604924,163.34011840820312,160269300
2015-09-03,164.05054737231268,165.54678649294164,162.96390865335349,163.4570770263672,152087800
2015-09-04,161.2002176188391,162.0444557787715,160.16371697574704,160.98287963867188,207081000
2015-09-08,163.7831206566259,165.1790454713278,163.13948637525806,165.02857971191406,116025700
2015-09-09,166.60840462453442,166.73378212241914,162.45406013358513,162.82183837890625,149347700
2015-09-10,162.62960340291133,164.85305810093504,162.37048138069403,163.70790100097656,158611100
2015-09-11,163.31504036975608,164.51871552060825,162.60453377931222,164.45184326171875,119691200
2015-09-14,164.6273620807501,164.67751308331736,163.3568147458726,163.8416290283203,79452000
2015-09-15,164.34313603207536,166.33254381905883,163.7998165924826,165.8895263671875,113806200
2015-09-16,166.1904500829999,167.51950247858431,165.84773460854305,167.32723999023438,99581600
2015-09-17,167.1934937850058,169.59247638943998,166.57493513497366,166.95108032226562,276046600
2015-09-18,164.44132249149104,166.93679233260318,163.81115036110563,164.2228546142578,223657500
2015-09-21,165.05469450473444,166.09657093916724,164.02121575026516,165.07150268554688,105726200
2015-09-22,162.90368818539991,163.39102279987037,161.79457916883604,162.92889404296875,153890900
2015-09-23,163.09695421628368,163.5674807006895,162.08868134671624,162.66844177246094,92790600
2015-09-24,161.45007392230164,162.54237470540022,160.11411225463215,162.0802459716797,159378800
2015-09-25,163.5423204529536,163.8448036802758,161.16446868667677,162.03831481933594,155054800
2015-09-28,161.1392578310373,161.24849179946028,157.66070723496276,157.97158813476562,178515900
2015-09-29,158.19005277048768,159.42519148296776,157.06413520326302,158.0640106201172,159045600
2015-09-30,159.9544862157138,161.18122692999685,159.17307893276782,161.01318359375,163452000
2015-10-01,161.39130504711446,161.73580226426947,159.49239074380048,161.43331909179688,131079000
2015-10-02,159.4503305630042,163.869932417839,158.90417378193294,163.8447265625,211003300
2015-10-05,165.07147372012807,166.98719572825553,164.96223979534292,166.7603302001953,126320800
2015-10-06,166.6258724160111,167.18882451520955,165.52517407124392,166.18894958496094,110274500
2015-10-07,167.12159998052957,167.9030198839453,165.92847593203376,167.5501251220703,124307300
2015-10-08,167.1637400220837,169.34834294246969,166.86125673804395,169.0626678466797,153055200
2015-10-09,169.20542041114757,169.64233051907377,168.53323424856578,169.1634063720703,107069200
2015-10-12,169.23904625159292,169.5247212415479,168.81053376666046,169.3230743408203,56395600
2015-10-13,168.59208345430648,169.86083850123862,168.0879533289991,168.25599670410156,88038700
2015-10-14,168.19711395062006,168.77687428386866,167.15523770734023,167.44931030273438,99106200
2015-10-15,168.11312219642502,170.02884445694005,167.74341916003004,170.02044677734375,134142200
2015-10-16,170.4237387677061,170.81023713021614,169.65912690067984,170.79344177246094,114580100
2015-10-19,170.14647635033947,170.87747192382812,169.8355955332714,170.87747192382812,76523900
2015-10-20,170.4406025072031,171.2724217181772,170.18853102898234,170.6590576171875,78448500
2015-10-21,171.07914120680377,171.23037637356308,169.43228562818382,169.600341796875,102038000
2015-10-22,170.54977767333122,172.67555724966974,169.60032707126769,172.4654998779297,174911700
2015-10-23,174.137593492348,174.72575167820509,173.3393778957643,174.35604858398438,144442300
2015-10-26,174.17956162497833,174.23837101761845,173.55778723760793,173.927490234375,69033000
2015-10-27,173.2553463797978,173.9275326450187,172.9108491560002,173.59144592285156,77905800
2015-10-28,173.92753378604118,175.5911848671898,173.26375801809618,175.56597900390625,135906700
2015-10-29,175.06187275501858,175.83488258304197,174.94424110338215,175.46517944335938,90525500
2015-10-30,175.65838682947495,175.9776781596275,174.54929049565288,174.70892333984375,131076900
2015-11-02,175.03661055814953,176.96912809584242,174.91056844424497,176.77587890625,86270800
2015-11-03,176.42304702274836,177.84303739497005,176.19618139346903,177.28848266601562,95246100
2015-11-04,177.58250317548837,177.7085324673243,176.21292504007857,176.75067138671875,96224500
2015-11-05,176.80952781429752,177.2716567087634,175.68362310478983,176.5742645263672,78408700
2015-11-06,176.22978338559173,176.71711815422435,175.15429038615696,176.48184204101562,110471500
2015-11-09,175.86845501142494,176.0197030058444,173.88551264837628,174.83497619628906,131008700
2015-11-10,174.35606798020393,175.27192813673068,174.08720113142502,175.23831176757812,75874600
2015-11-11,175.50716237548625,175.55757409997923,174.48208124117488,174.54930114746094,67846000
2015-11-12,173.50736316291074,173.97788955404522,172.0957839895073,172.11257934570312,121315200
2015-11-13,171.7008950599256,171.9697618199223,170.09605371636437,170.18006896972656,153577100
2015-11-16,169.99521292019335,172.8267818048675,169.87756849991152,172.76795959472656,117645200
2015-11-17,173.07889073209276,173.96112150855294,172.1462354127648,172.6419677734375,121123700
2015-11-18,173.1208991254109,175.5239562662432,173.07889790260933,175.38111877441406,121342500
2015-11-19,175.2634619360227,175.64997313311568,174.9357729558091,175.2298583984375,88220500
2015-11-20,175.98608560962322,176.54903789817084,175.4903532269914,175.8684539794922,94011500
2015-11-23,175.92726292595165,176.43139295093874,175.2046650180068,175.6667938232422,64931200
2015-11-24,174.65848977069672,176.30534511598827,174.27199140759205,175.90203857421875,98874400
2015-11-25,176.0280814705005,176.22974116741722,175.61636439712734,175.87684631347656,51980100
2015-11-27,175.9692725230474,176.28016618185288,175.49034833546534,176.07850646972656,37317800
2015-11-30,176.23816025391488,176.35579188618337,175.23828496918972,175.34751892089844,112822700
2015-12-01,175.97770046268377,177.1372214857632,175.70042313886535,177.0195770263672,97858400
2015-12-02,176.9691504800534,177.2884418239364,174.96100229166035,175.21307373046875,108441300
2015-12-03,175.46515344475668,175.73402025684985,172.0370150495846,172.75961303710938,166224200
2015-12-04,172.75960548838586,176.42300699189977,172.75960548838586,176.12892150878906,192913900
2015-12-07,175.80122188532042,176.22133665250286,174.0955569562305,175.06182861328125,102027100
2015-12-08,173.4990148690273,175.0114178936216,172.90244621132328,173.88551330566406,103372400
2015-12-09,173.2469150156054,175.3390781729682,171.55804558972366,172.53271484375,162401500
2015-12-10,172.5998962164132,174.28875244447198,172.36463304496863,172.97799682617188,116128900
2015-12-11,170.8606570674319,171.5244326656426,169.3146251963517,169.62551879882812,211173300
2015-12-14,169.78522559557413,170.60864713094304,168.0039298717975,170.48260498046875,182385200
2015-12-15,171.9949700506764,173.17969668111772,170.45734858112394,172.27224731445312,154069600
2015-12-16,173.39816935138043,175.09543664417558,172.07901561545526,174.79295349121094,197017000
2015-12-17,175.10384751848963,175.17106742653414,172.11263212538444,172.1294403076172,173092500
2015-12-18,171.3873100077972,171.5225370211609,168.90233146446238,169.06292724609375,251393500
2015-12-21,170.2378253474932,170.6350845911671,169.12211524257333,170.45758056640625,99094300
2015-12-22,171.34505501864547,172.30016920397958,170.35613730247303,172.00433349609375,111026200
2015-12-23,173.01013512652764,174.17655668304212,172.9171593082955,174.13429260253906,110987200
2015-12-24,173.8807555169008,174.39634644809036,173.62718388075706,173.84693908691406,48539600
2015-12-28,173.15381035082763,173.49189717640118,172.37620033426,173.44964599609375,65899900
2015-12-29,174.54843554380895,175.6303288679447,174.5146320199485,175.30068969726562,92640700
2015-12-30,175.05557506677826,175.1401032204624,173.91450947796972,174.05819702148438,63317700
2015-12-31,173.3820759484194,174.02444626074836,172.31707763671875,172.31707763671875,114877900
2016-01-04,169.4601559928339,169.9165744875018,167.85421136208558,169.9081268310547,222353500
2016-01-05,170.22934491264832,170.6519599823393,169.08829196279575,170.19554138183594,110845800
2016-01-06,167.64292530886155,169.09672202912697,167.0174633249898,168.04864501953125,152112600
2016-01-07,165.09880025596934,166.8822363182375,163.6280952098052,164.01690673828125,213436100
2016-01-08,164.9804896992164,165.5383447431025,161.92920807074745,162.21658325195312,209817200
2016-01-11,163.13782274326326,163.4759224506666,160.44155012338786,162.3771209716797,187941300
2016-01-12,163.8224804923623,164.43949476496124,161.55725744525915,163.68724060058594,172330500
2016-01-13,164.35492342840678,164.70147072359285,159.2243855174688,159.604736328125,221168900
2016-01-14,160.21341245423557,163.34920977222254,158.61592763821417,162.2250518798828,240795600
2016-01-15,157.86359655845175,159.5455958534582,156.80705915317225,158.7426300048828,324846400
2016-01-19,160.55992451092123,160.68670387418427,157.3818509017829,158.9539794921875,195244400
2016-01-20,156.39292313915038,158.4806425014782,153.00355510783967,156.91696166992188,286547800
2016-01-21,157.39029842299223,159.63860062752195,156.0632810105243,157.79600524902344,195772900
2016-01-22,160.4077435595524,161.23606532350894,159.64704174123105,161.03321838378906,168319600
2016-01-25,160.52609201772958,160.72049132100767,158.40456920258129,158.59896850585938,130371700
2016-01-26,159.2582327424634,161.041668532484,158.92014590624152,160.7627410888672,141036800
2016-01-27,160.23871884423306,161.9122707781583,158.10873544829985,159.0131378173828,185681700
2016-01-28,160.5599272369545,160.7627742216194,158.19328020408372,159.8414764404297,143798800
2016-01-29,160.61067218436244,163.87326179977833,160.49234045311695,163.73802185058594,210529300
2016-02-01,162.73213374182845,164.464857851863,162.14892296798,163.6787872314453,136061600
2016-02-02,162.25032867224957,162.25877632781496,160.2048610732281,160.72891235351562,182564900
2016-02-03,161.78541963034698,162.0981504915878,158.14248169459637,161.69244384765625,205054900
2016-02-04,161.1938364326577,162.91810014463994,160.5599138640015,161.9460906982422,139531800
2016-02-05,161.43051462671764,162.00526495100985,158.22708506365447,158.8610076904297,180788300
2016-02-08,157.018430968407,157.3142538247798,154.50809603314428,156.72259521484375,191526700
2016-02-09,154.9813833014251,158.0073084440495,154.8461433973868,156.7310028076172,184513100
2016-02-10,157.55931048204576,159.190598016285,156.468956676666,156.5957489013672,148214100
2016-02-11,154.11928402232945,155.60689754869907,153.06274618698302,154.55880737304688,219058900
2016-02-12,156.33375242808964,157.76218034884897,155.48852239590252,157.7452850341797,127632400
2016-02-16,159.55409807548358,160.43313175148,158.5905362261157,160.40777587890625,120250700
2016-02-17,161.57418782603054,163.3998879239624,161.44739557364798,163.02798461914062,136009500
2016-02-18,163.29845066594467,163.35762296284307,162.04751374504974,162.36024475097656,102343000
2016-02-19,161.5825915762507,162.43626909602608,160.97402504230922,162.2841339111328,114793000
2016-02-22,163.86476386535287,164.77761396839716,163.79714390618048,164.63392639160156,103640300
2016-02-23,163.97463734194952,164.24511716120486,162.43631238860692,162.55465698242188,111455300
2016-02-24,161.1262271415721,163.57738941039415,160.01897771192097,163.2984619140625,150812200
2016-02-25,163.7464566851493,165.28478196803928,162.9857546006108,165.2763214111328,110728300
2016-02-26,166.14690025152532,166.23986318866883,164.7353545219734,164.8959503173828,129833700
2016-02-29,164.91286205285977,165.8595157337722,163.40835335404287,163.60275268554688,125918100
2016-03-01,164.82828365069315,167.5330297386058,164.354956954464,167.44850158691406,141799700
2016-03-02,167.13580511906184,168.25150214787573,166.72163772583008,168.20079040527344,102415000
2016-03-03,168.02330960307438,168.8770003786833,167.4485592446589,168.86009216308594,95172200
2016-03-04,169.05445926898167,170.18707734864023,168.22613742329827,169.40945434570312,129293600
2016-03-07,168.48818575583124,169.95044329460436,168.4121181328031,169.5447235107422,100219000
2016-03-08,168.47128767517106,168.97841805089885,167.53308164830707,167.69366455078125,123974900
2016-03-09,168.50507970117934,168.86852246743945,167.71900897155595,168.52198791503906,94801200
2016-03-10,169.01217342845922,169.95037911641404,166.83147877815384,168.65716552734375,156838700
2016-03-11,170.1109698116354,171.42107877289033,168.64027799850288,171.37881469726562,137964500
2016-03-14,170.87168254169785,171.61547609607194,170.54204339106326,171.1590576171875,73612000
2016-03-15,170.19555358982376,171.1844713761723,169.93353429137107,170.88018798828125,93169100
2016-03-16,170.3984177765304,172.27482989963093,170.35615368602657,171.86911010742188,129303200
2016-03-17,171.78452733214831,173.466526557538,171.3872682524307,172.9593963623047,134278500
2016-03-18,173.4606796292937,173.97892972183823,173.14633567541978,173.63909912109375,138372400
2016-03-21,173.37575207632625,174.11489086366146,173.14635925953976,173.885498046875,72926700
2016-03-22,173.11236372451606,174.36126141225773,172.9509525979609,173.7920379638672,97471900
2016-03-23,173.4097518771107,173.5966626457193,172.47519803406752,172.64512634277344,81052500
2016-03-24,171.617052313188,172.60257909122618,171.39616374447115,172.56858825683594,84360900
2016-03-28,172.98487611595067,173.1972734387705,172.2202509392807,172.6705322265625,62408200
2016-03-29,172.26279020292168,174.3782730668679,171.95693741492593,174.267822265625,92922900
2016-03-30,175.27029365995045,175.7545528708756,174.66707948932915,175.03240966796875,86365300
2016-03-31,174.93900545586632,175.36380027482747,174.44624191022632,174.607666015625,94584100
2016-04-01,173.61368010469425,175.9840299329567,173.29932306465736,175.797119140625,114423500
2016-04-04,175.7205771282654,175.92448325116527,174.92196101820605,175.22781372070312,63497000
2016-04-05,173.88549100305198,175.23633527129175,173.2228121935869,173.47769165039062,99662200
2016-04-06,173.47765747274903,175.43171563832263,173.29923799902537,175.3722381591797,91839800
2016-04-07,174.28472536528892,174.64155126831295,172.54306493857234,173.27371215820312,113859000
2016-04-08,174.4546797983895,174.88797867801816,173.20578237541002,173.74102783203125,95040600
2016-04-11,174.37825875022577,175.07492841823893,173.23981184092958,173.33326721191406,83757500
2016-04-12,173.50316446745788,175.22783007301945,173.0613743084662,174.9474639892578,115350600
2016-04-13,175.8650101881761,176.79956373697718,175.72907276949485,176.714599609375,96336400
2016-04-14,176.7740697487607,177.2243510861963,176.37476170028685,176.72308349609375,65212900
2016-04-15,176.72305081857155,176.8589882064704,176.2048008704472,176.52764892578125,75761600
2016-04-18,176.52770580484832,177.80209005868852,175.86502702994795,177.7681121826172,82531000
2016-04-19,178.1929024397327,178.58370634137805,177.5132282620851,178.32882690429688,88316100
2016-04-20,178.3713330792558,179.19543602443457,177.89556497971105,178.498779296875,81100300
2016-04-21,178.5157649326934,178.62621573052118,177.26686716730248,177.5387420654297,85695000
2016-04-22,177.18191598441922,177.8106039998482,176.63817915187346,177.5387420654297,99251700
2016-04-25,176.9355181054966,177.2753617096552,176.32381258171915,177.23287963867188,66166500
2016-04-26,177.59817766743848,178.0059899481992,177.0204630485873,177.49623107910156,75864200
2016-04-27,177.11392933514873,178.25237618749588,176.75710329025068,177.861572265625,77329400
2016-04-28,177.10542335757836,178.20987927726677,175.8310391760552,176.24732971191406,97216200
2016-04-29,175.6271462783889,175.97548109221796,174.191337918119,175.29580688476562,142424100
2016-05-02,175.79709146933402,176.86756977751688,175.36380540824536,176.6891632080078,62188000
2016-05-03,175.45721991339903,175.69510392646424,174.40372431003428,175.1513671875,106422100
2016-05-04,174.1573034376929,174.8879507045841,173.67303134702755,174.17428588867188,92243800
2016-05-05,174.6416356106753,174.9984616860268,173.71558606056962,174.140380859375,67619200
2016-05-06,173.3672053849607,174.82000891686093,173.2142855203949,174.77752685546875,89315000
2016-05-09,174.65011991237895,175.35526779002257,174.47170041316932,174.92198181152344,74374900
2016-05-10,175.62713766324902,177.1139192474971,175.55916894946716,177.096923828125,77472200
2016-05-11,176.63817098959558,177.17340360452437,175.44024658203125,175.44024658203125,81727000
2016-05-12,176.1113770380545,176.28130528517482,174.4801669825997,175.49118041992188,89586300
2016-05-13,175.19390584942934,175.7461339945038,173.63915507082652,173.9619903564453,96474600
2016-05-16,174.13191506868455,176.1539297910658,174.07243756558287,175.67816162109375,77486800
2016-05-17,175.406307438477,175.69516484539673,173.51171294104893,174.03846740722656,114924900
2016-05-18,173.69010833541265,175.27034558672304,173.0019428001775,174.08941650390625,120062100
2016-05-19,173.36720302747358,173.77500229114204,172.27972968188774,173.48614501953125,115430500
2016-05-20,174.0978810763577,175.10040344068355,174.04690777987977,174.5821533203125,104990400
2016-05-23,174.59911999939837,174.87948606839956,174.1573428273716,174.34425354003906,58682600
2016-05-24,175.15988727621598,176.91854398083495,175.13440062516716,176.60418701171875,93537800
2016-05-25,177.2838890236419,178.21844292066692,176.6042146406883,177.80213928222656,76621400
2016-05-26,177.93800672836414,178.16739949712752,177.53869867165608,177.85304260253906,55280700
2016-05-27,178.01441599610732,178.6261212295663,177.9634427206027,178.6176300048828,64211200
2016-05-31,178.88953742072263,178.99998818828732,177.71709993028256,178.27783203125,109879400
2016-06-01,177.66615276960985,178.82159501256743,177.47075081370213,178.6431884765625,69936200
2016-06-02,178.2438905040564,179.20391788196574,177.76812242939198,179.1869354248047,63044700
2016-06-03,178.62623148616456,179.00005302220788,177.4453023411421,178.65171813964844,101757100
2016-06-06,179.00848907654503,179.9175559829688,178.84706501176282,179.56072998046875,64887000
2016-06-07,179.7136617341384,180.40182713900128,179.68817508682545,179.84109497070312,60974800
2016-06-08,179.9770257580498,180.55475332447512,179.8495925261871,180.42730712890625,66170900
2016-06-09,179.69665127608295,180.2998654606559,179.42478940626114,180.1809234619141,73786900
2016-06-10,178.80457540285207,179.14440594805325,177.92948646973554,178.47323608398438,113829200
2016-06-13,177.8700533632236,178.72813406776956,177.01197265867765,177.096923828125,117751200
2016-06-14,176.71460305913646,177.34330391003104,175.7970449106847,176.7485809326172,125059300
2016-06-15,176.74861832704423,177.87008284476488,176.31533228903874,176.5022430419922,109124500
2016-06-16,176.50223504979886,177.19890472720832,174.66711844773843,177.0289764404297,149533100
2016-06-17,176.92480509140793,176.95042428447155,175.71211550560253,176.3697052001953,117055700
2016-06-20,178.3338816172478,179.00854191906885,177.4200871876243,177.5054931640625,82789600
2016-06-21,177.88979308996412,178.419273654042,177.44570547076717,178.0093536376953,72461700
2016-06-22,178.1886573169678,178.91456889486042,177.57377088257223,177.71896362304688,95560500
2016-06-23,179.17934803869173,180.08459408836288,178.7181896283184,180.03335571289062,102731400
2016-06-24,173.90154383458778,180.06747875901337,173.12439391590553,173.5684814453125,333444400
2016-06-27,172.15941269714784,172.16796111424463,169.64862792193355,170.45994567871094,230775800
2016-06-28,172.06542311116286,173.55993619846572,171.7579798976729,173.53431701660156,159382400
2016-06-29,174.93492708863886,176.71979998221832,174.83245033872933,176.48922729492188,137328600
2016-06-30,176.95896414285914,178.94879087388307,176.40385124737338,178.89755249023438,165021900
2016-07-01,178.89753468670352,179.76009082936653,178.73527113388084,179.27330017089844,106055300
2016-07-05,178.4448772212045,178.55590237406622,177.38591618574034,177.9837188720703,109803700
2016-07-06,177.4883732691686,179.1707690201204,176.8307838714622,179.05120849609375,96021500
2016-07-07,179.23060609567406,179.8967311122073,178.17164480330044,178.94024658203125,85593800
2016-07-08,180.2383317956827,181.85240586419408,180.00774606271716,181.604736328125,133971000
2016-07-11,182.065889693198,182.8174205815549,181.8609231697036,182.24522399902344,73633900
2016-07-12,183.21028802265488,183.8678776620478,182.2708742520936,183.5689697265625,101275600
2016-07-13,183.9874073219136,183.99594270707595,183.05654212544937,183.54331970214844,87324100
2016-07-14,184.8072210373012,185.0378067150696,184.17526381610543,184.568099975586,91230900
2016-07-15,185.1317697158225,185.3281878185356,183.87637747942776,184.32046508789065,107155400
2016-07-18,184.4400609086109,184.9780899788608,184.1838559689145,184.8158264160156,58725900
2016-07-19,184.39734395611424,184.6620842623495,184.1496874528655,184.6279296875,54345700
2016-07-20,184.6279132312971,185.6356359885821,184.6279132312971,185.39651489257807,58159500
2016-07-21,185.28549535864155,185.50753264431123,184.25214042488253,184.6962280273437,67777300
2016-07-22,184.8157845675873,185.57585079687013,184.5510443012593,185.5246124267578,62787500
2016-07-25,185.3196904096201,185.37092879203456,184.44006342850685,185.02078247070312,55873100
2016-07-26,184.91825742949973,185.46482175110376,184.2606679542332,185.10614013671875,70080500
2016-07-27,185.4819278375684,185.55025001486823,184.14112954141405,184.9097442626953,84083900
2016-07-28,184.71332740254232,185.4136200006864,184.25216895900456,185.12326049804688,65035700
2016-07-29,184.8584992613584,185.78081604403943,184.5766751767694,185.4221343994141,79519400
2016-08-01,185.4819192659229,185.8747554783394,184.8157943569364,185.26841735839844,73311400
2016-08-02,185.02076050196183,185.1744886620766,183.24443597726173,184.08135986328125,92295500
2016-08-03,184.0215667516337,184.6791562979176,183.72267188959395,184.619369506836,53993600
2016-08-04,184.730420425742,185.131805124004,182.97116648755107,184.8158264160156,46585500
2016-08-05,184.81585374589264,186.37014135594376,184.81585374589264,186.3274383544922,71892200
2016-08-08,186.5153103358741,186.6178001396486,185.9516750551804,186.21641540527344,39906500
2016-08-09,186.28474838416707,186.82276450285232,186.0029242119384,186.3274383544922,51251700
2016-08-10,186.43842506927075,186.51528263734355,185.51609515902592,185.86624145507807,57941100
2016-08-11,186.39572778023904,186.97645982940347,186.1309874613605,186.72879028320312,72504300
2016-08-12,186.42133554357792,186.7800302458213,186.16514365786608,186.5665283203125,61313500
2016-08-15,186.9337085457592,187.454653662604,186.9251731616249,187.10450744628903,49813500
2016-08-16,186.6861213880053,186.7544305486753,186.1395568847656,186.1395568847656,53213600
2016-08-17,186.17367586661427,186.62629889847904,185.3367519816165,186.4896545410156,75134300
2016-08-18,186.46405439829024,186.94229666713656,186.35304224874525,186.9081420898437,52989300
2016-08-19,186.43840854877823,186.81417400089103,185.951630962994,186.63482666015625,75443000
2016-08-22,186.3957112750905,186.85688271905013,186.0284942281625,186.6262969970703,61368800
2016-08-23,187.2412268757607,187.5401348449113,186.9423189066101,187.00210571289065,53399200
2016-08-24,186.8568673660783,186.95080872426823,185.6270943247268,186.04556274414065,71728900
2016-08-25,185.6612298298905,186.33590306882425,185.5075147310675,185.9174346923828,69224800
2016-08-26,186.10536608503304,187.13017277202832,184.6791747157033,185.5673370361328,122506300
2016-08-29,185.6955001230912,186.7459263059928,185.66133250593225,186.481185913086,70502200
2016-08-30,186.3956975672648,186.6775216442648,185.618560540398,186.1736602783203,58114500
2016-08-31,185.840644226212,185.9602048010504,184.86707582220697,185.64422607421875,85269500
2016-09-01,185.63564141776308,185.9430846974916,184.4912742775436,185.65272521972656,97844200
2016-09-02,186.50673834347933,186.9166583847464,185.9174709541512,186.4896545410156,79293900
2016-09-06,186.77149009111085,187.1301717780979,186.0541267171368,187.0533142089844,56702100
2016-09-07,186.89107511177937,187.21560226533907,186.4299166056228,187.0362548828125,76554900
2016-09-08,186.70316378265807,186.97645250829927,186.30177911132483,186.6092224121093,74102900
2016-09-09,185.2940362059573,185.3452745786899,182.1171267853134,182.1427459716797,221589100
2016-09-12,181.38274427074265,185.15745776883043,181.31442207240428,184.75607299804688,168110900
2016-09-13,183.4750047502392,183.7397450430388,181.47662992931063,182.1000518798828,182828800
2016-09-14,182.1512988394755,183.35545283875425,181.4766384818725,182.03173828125,134185500
2016-09-15,181.8694327536854,184.23502401386656,181.6900854550313,183.8507232666016,134427900
2016-09-16,183.23449158351423,183.4147448822528,182.45342888084247,183.1400756835937,155236400
2016-09-19,183.79238522201967,184.4361263408412,182.84822634230284,183.1743927001953,80250500
2016-09-20,184.0327111171964,184.18720269659795,183.148641043208,183.18296813964844,69665300
2016-09-21,183.88683120645484,185.4232211655108,183.2001712812714,185.24298095703125,110284400
2016-09-22,186.2557714731034,186.7106808349363,186.00686399277765,186.41026306152344,76678700
2016-09-23,186.01547190385105,186.1528065132363,185.29448485000225,185.388900756836,73630900
2016-09-26,184.5563153663645,184.7365555693111,183.6894021623652,183.88682556152344,89827300
2016-09-27,183.7237895396845,185.12284521063228,183.35470434395904,185.0284423828125,78494800
2016-09-28,185.2515389939477,186.10128203089897,184.29022306305555,185.94677734375,87411000
2016-09-29,185.74079483696008,186.14420704939064,183.7151552734392,184.2644805908203,128070600
2016-09-30,185.0970361399101,186.35876986017536,184.8481286542488,185.6549530029297,117202900
2016-10-03,185.24295835945435,185.431777046321,184.57345551878453,185.2086181640625,83512100
2016-10-04,185.3202256217932,185.5433845299032,183.6722496696497,184.2644805908203,119948100
2016-10-05,184.8911394315741,185.5091323001724,184.82247210206825,185.07997131347656,72816000
2016-10-06,184.85670319450523,185.431777046321,184.3159695380813,185.2086181640625,62927400
2016-10-07,185.4832876326093,185.6549493189985,183.8438903691559,184.57345581054688,89788300
2016-10-10,185.5347442626953,185.9982320243019,185.3888312063202,185.5347442626953,51855000
2016-10-11,185.1056098715761,185.17427716025625,182.46197819364937,183.1915435791016,130367400
2016-10-12,183.3289230352828,183.95550728652148,182.83109489319347,183.4319305419922,73866100
2016-10-13,182.1015044817873,183.3288980204508,181.2861016228981,182.83106994628903,101357000
2016-10-14,183.80956151455825,184.2730625030485,182.8482455339088,182.9254913330078,93346200
2016-10-17,182.89979116484,183.15729032697007,182.11013667207192,182.29039001464844,58275700
2016-10-18,183.88683998103164,183.9469156877419,183.0542669102728,183.4319305419922,76869700
2016-10-19,183.69798368773056,184.2301388631813,183.3374902046561,183.921142578125,66519200
2016-10-20,183.5692434846294,184.1357389057572,182.9169237583588,183.5778350830078,73639800
2016-10-21,183.5777957083823,183.749457378798,182.6164667795516,183.6636199951172,89089100
2016-10-24,184.53911803503087,184.81378719491968,184.09278719868496,184.4447021484375,60146600
2016-10-25,184.2644451633073,184.5219442212793,183.6636227593367,183.8267059326172,66542300
2016-10-26,183.0028083603796,184.04137047003007,182.76246619192383,183.4577178955078,75705500
2016-10-27,184.1786816280308,184.2130087351753,182.89119901043085,182.96844482421875,77220200
2016-10-28,182.9426715562345,183.62073988076529,181.71527791279635,182.4276733398437,140623200
2016-10-31,182.76238677756908,182.9855587448149,182.273150343504,182.4362335205078,61272500
2016-11-01,182.7624168621641,182.81392716097056,179.90421738346265,181.11444091796875,122781800
2016-11-02,180.80543095021665,181.1916861288668,179.58661590951533,180.0243682861328,103330800
2016-11-03,180.23895329238715,180.4535336873792,178.92572232279193,179.20037841796875,88939300
2016-11-04,179.31194119894985,180.1530925712696,178.85703186821956,179.00294494628906,109122100
2016-11-07,179.0029616433653,182.985573106403,179.0029616433653,182.95123291015625,109794900
2016-11-08,182.55640778089457,184.341718129742,182.29033020287903,183.7752227783203,106772100
2016-11-09,182.28172484735904,186.3415947958377,182.25597625123305,185.72360229492188,258429000
2016-11-10,186.51331549793616,187.3802157347475,184.72800471881305,186.1871490478516,172113300
2016-11-11,185.4661693473868,185.99832465294227,184.8138495180944,185.75799560546875,100552700
2016-11-14,186.28151793340604,186.48751981254912,185.1571188407624,185.9038543701172,94580000
2016-11-15,186.2901076912078,187.3544311523437,186.08411889656367,187.3544311523437,91652600
2016-11-16,186.73645534404272,187.2342834707186,186.61629083739328,187.0025329589844,65617700
2016-11-17,187.15699714248817,188.02389710297544,187.045411161564,187.9638214111328,69797200
2016-11-18,188.03249293841097,188.2041546150475,187.3629901347196,187.54324340820312,86265800
2016-11-21,188.1183668274581,188.9852670360542,187.9724537089983,188.9595184326172,72402600
2016-11-22,189.26850921823743,189.5088382412324,188.599019354616,189.3285980224609,67429000
2016-11-23,188.813586973485,189.48307679171555,188.61617666732693,189.4315795898437,56620200
2016-11-25,189.7749586795679,190.16977938047523,189.697699762476,190.1354522705078,37872300
2016-11-28,189.8263716849695,190.1010277337246,189.1397119176632,189.24270629882807,76572500
2016-11-29,189.2770562943905,190.0667104837631,188.976638537838,189.6118011474609,69886700
2016-11-30,190.2298540943395,190.39293732273808,189.09686309511824,189.15695190429688,113291800
2016-12-01,189.45732831036057,189.45732831036057,188.10117857343675,188.4616851806641,79040500
2016-12-02,188.5475128071081,189.0453409292025,188.19559779196308,188.5560913085937,74840300
2016-12-05,189.38866909419724,190.0324103393807,189.1912587794868,189.6890869140625,67837800
2016-12-06,189.87791102034856,190.324241932706,189.39725300563228,190.28990173339844,59877400
2016-12-07,190.1353752648461,192.83908265035777,190.0152107832,192.7790069580078,110738100
2016-12-08,192.7532988608624,193.72319341759456,192.4872081484307,193.2511138916016,99714400
2016-12-09,193.4742805845847,194.43559661331304,193.43994038530235,194.41842651367188,88005800
2016-12-12,194.32400972798507,194.80468083711352,193.7746844145012,194.1952667236328,102016100
2016-12-13,194.85613774538257,195.98911524024464,194.83896764936995,195.4912872314453,110477500
2016-12-14,195.19091653592832,195.8947334315176,193.43993315255847,193.877685546875,142501800
2016-12-15,194.1180452120749,195.53427082496407,193.88629467829205,194.6759490966797,124972600
2016-12-16,195.1326615829621,195.1931045537914,193.9757346404409,194.2951812744141,156420200
2016-12-19,194.47648568022888,195.1412924498936,194.32971255495227,194.71823120117188,90341100
2016-12-20,195.2534847201332,195.6161161046466,195.02038148255485,195.4693298339844,89838800
2016-12-21,195.33986456397216,195.5125380525151,194.92544555664065,194.92544555664065,67909000
2016-12-22,194.7787051975684,194.89957797729545,194.19159942879057,194.58876037597656,56219100
2016-12-23,194.63189851824896,194.88228629058872,194.441966890667,194.8736572265625,36697800
2016-12-27,195.14127156618028,195.7542643664904,195.1240002667776,195.35711669921875,42672500
2016-12-28,195.6161469643405,195.63340509079023,193.6303689688124,193.7425994873047,64095000
2016-12-29,193.8116628865424,194.1656520751356,193.25909985948013,193.69943237304688,48696100
2016-12-30,194.0275551350218,194.11389848095968,192.3007936094241,192.9915008544922,108998300
2017-01-03,194.2951630733348,194.9772411201012,193.29365159666256,194.4678497314453,91366500
2017-01-04,194.7958895861212,195.7715136936822,194.78726052445904,195.624740600586,78744400
2017-01-05,195.3570993331971,195.62474516651017,194.6750213959088,195.4693298339844,78379000
2017-01-06,195.58162597173967,196.6349514638088,195.03769192320487,196.16873168945312,71559900
2017-01-09,195.9096366833695,196.0477806999662,195.4865755728441,195.5211181640625,46939700
2017-01-10,195.5383762855332,196.3758562717102,195.13258647061696,195.5211181640625,63771900
2017-01-11,195.43490015692512,196.0738067626953,194.7700931782052,196.0738067626953,74650000
2017-01-12,195.5557341536737,195.7715793348588,194.2261336341972,195.5816345214844,72113200
2017-01-13,195.7542752452608,196.3327386530541,195.7197458186779,196.0305633544922,62717900
2017-01-17,195.39169026213537,195.79748025784545,194.9513708339613,195.3398895263672,61240800
2017-01-18,195.59022969275696,195.81471707374104,195.03766665164105,195.77154541015625,54793300
2017-01-19,195.84924804240805,195.9873920973104,194.61462013384144,195.0463104248047,66608800
2017-01-20,195.72841210461988,196.25507488562653,195.09814785002,195.7629547119141,129168600
2017-01-23,195.76295996302,195.8233897661888,194.4937891808804,195.2535552978516,75061600
2017-01-24,195.4693345007942,196.9198205510573,195.35710399732747,196.50540161132807,95555300
2017-01-25,197.4550879129253,198.20623779296875,197.29104353482225,198.20623779296875,84437700
2017-01-26,198.05949900367568,198.3271580487028,197.7227811057652,197.9990692138672,59970700
2017-01-27,198.07681216378148,198.22358531192515,197.50697770100385,197.68829345703125,59711100
2017-01-30,196.99757208995024,197.0234724569335,195.4780268056416,196.4622802734375,79737300
2017-01-31,195.9701453099324,196.5054502961024,195.40032406693263,196.44500732421875,75880800
2017-02-01,196.4450192319056,197.36020071083536,195.9356277557684,196.5227203369141,79117700
2017-02-02,196.52267617538791,196.93710832392665,195.8319822761067,196.6521911621093,69657600
2017-02-03,197.55878770560432,198.1890519584961,197.2479701115224,198.0077362060547,80563200
2017-02-06,197.60190105740523,197.9990619046049,197.3169838967462,197.65370178222656,57790100
2017-02-07,198.042273657652,198.2840192051841,197.47243922097869,197.66238403320312,57931200
2017-02-08,197.6624003642452,198.05091908529693,197.11846625028537,197.92141723632807,51566200
2017-02-09,197.9213373497425,199.39771052866297,197.9213373497425,199.0955352783203,65955200
2017-02-10,199.44092147507035,200.10572823541384,199.1128326266152,199.88124084472656,66015900
2017-02-13,200.37339667221764,201.2281483174449,200.3474963048602,200.96913146972656,55182100
2017-02-14,200.7877651982782,201.78066066899103,200.4424182709856,201.7720184326172,71109000
2017-02-15,201.5561623330004,203.0152773935106,201.5043616141416,202.8253326416016,86785800
2017-02-16,202.85128382436127,203.0325995599349,201.90157300101112,202.6527099609375,84722400
2017-02-17,201.9878689318468,202.9721221923828,201.97059763278023,202.9721221923828,77204100
2017-02-21,203.3434126669464,204.35356643805537,203.33477042906745,204.180892944336,88946100
2017-02-22,203.7751290183893,204.22407752457949,203.6110845674508,203.9996032714844,62115200
2017-02-23,204.517630716404,204.53488884555065,203.37796183379365,204.1377410888672,74615900
2017-02-24,203.29166310384977,204.43994805446656,203.248491426018,204.39678955078125,82381600
2017-02-27,204.3104422494864,204.88890583365065,204.0600676015317,204.7162322998047,56515400
2017-02-28,204.3363087591375,204.57805430129,203.7751165736,204.16363525390625,96961900
2017-03-01,205.82133986328705,207.48767158885056,205.8040685592414,207.0214385986328,149158200
2017-03-02,206.831498333724,206.84014057300965,205.66594218078856,205.71774291992188,70246000
2017-03-03,205.63133809624927,206.0112276351819,205.25144855731665,205.84718322753903,81974300
2017-03-06,205.05293716756805,205.5882290404474,204.62987583871947,205.2342529296875,55391500
2017-03-07,204.9320486659343,205.28603792368853,204.41401496316493,204.6212310791016,65103700
2017-03-08,204.9147688890781,205.1737857297519,204.103188936234,204.2413330078125,78168800
2017-03-09,204.36222212830583,204.8284551136516,203.53338398080533,204.5003662109375,90683900
2017-03-10,205.45867971496864,205.50185137922537,204.2672102870221,205.2169342041016,81991700
2017-03-13,205.1565274507689,205.3637435712909,204.82845172762308,205.3205718994141,57256800
2017-03-14,204.7766118558968,204.8284257600669,203.9218734621619,204.5348663330078,59880800
2017-03-15,205.1047261295561,206.72788613365728,204.8716096414013,206.3048248291016,96081800
2017-03-16,206.4429360696499,206.52063716195983,205.5709264051725,205.8990020751953,78344000
2017-03-17,206.1617387391192,206.35250986082207,205.5373992919922,205.5373992919922,89002100
2017-03-20,205.53740145185947,205.823558137421,204.9217418329027,205.3119506835937,52537000
2017-03-21,205.918953570994,206.04035217995005,202.5457923312981,202.6758575439453,131809300
2017-03-22,202.7105360729405,203.43892767511824,202.08619663351524,203.1527709960937,97569200
2017-03-23,203.152773542638,204.07193627568725,202.5631269710424,202.9359893798828,100410300
2017-03-24,203.2395042669833,203.8118044338847,202.00817173901973,202.78858947753903,112504900
2017-03-27,201.1150419869056,202.84064907072647,200.8375650770333,202.5805053710937,87454500
2017-03-28,202.2769783542873,204.4794997138661,202.1642463510937,204.0546112060547,93483900
2017-03-29,203.7684619775269,204.47950720541104,203.54299796287933,204.2453765869141,61950400
2017-03-30,204.1847066460207,205.0952029469896,204.0112819295165,204.895751953125,56737900
2017-03-31,204.55753979783736,205.0864937077872,204.36676866759603,204.41880798339844,73733100
2017-04-03,204.4707723427103,204.67021001631844,202.8318850232566,204.063217163086,85546500
2017-04-04,203.77712220969664,204.28006307781868,203.395579948952,204.1933441162109,56466200
2017-04-05,204.8697080740373,205.8495767604278,203.37823191994707,203.5863494873047,108800600
2017-04-06,203.72509255115145,204.67893495482303,203.28284437874893,204.15866088867188,69135800
2017-04-07,203.90720203952503,204.6442735716667,203.4649670591141,203.9505615234375,74412300
2017-04-10,204.0892916290153,204.869709356444,203.5429912809418,204.0719451904297,67615300
2017-04-11,203.6904632871374,203.93326057345809,202.3377317686479,203.82920837402344,88045300
2017-04-12,203.55166222394791,203.7424333456889,202.7105386139413,202.9359893798828,81864400
2017-04-13,202.5978038168488,203.33487525261768,201.6179351806641,201.6179351806641,92880400
2017-04-17,202.13821059926505,203.4042358398437,201.93877288879145,203.4042358398437,68405400
2017-04-18,202.6671607588707,203.33485962442265,202.11219388179552,202.79722595214844,83225800
2017-04-19,203.36088659151088,203.73374899208096,202.1989134490105,202.42437744140625,68699900
2017-04-20,203.0400504136045,204.51419336990097,202.7192140727769,204.0719451904297,92572200
2017-04-21,203.99394435703184,204.04597045109915,203.0227553172202,203.421630859375,110389800
2017-04-24,205.6674495615396,205.8669005033984,203.39555593536755,205.6587829589844,119209900
2017-04-25,206.30048655645427,207.20230286363807,206.2137675976197,206.8554534912109,76698300
2017-04-26,206.82077314115497,207.7052562953048,206.68204132265512,206.7253875732422,84702500
2017-04-27,207.04624588851576,207.2023241527077,206.36120044512217,206.8988342285156,57410300
2017-04-28,207.15895170561487,207.18496474801915,206.31782805066376,206.44790649414065,63532800
2017-05-01,206.9681396484375,207.39304130944703,206.551917820817,206.9681396484375,66882500
2017-05-02,207.1069573461924,207.2283559731601,206.6387092797332,207.0462646484375,57375700
2017-05-03,207.04621580057147,207.14160135864623,206.1183732600756,206.79473876953125,73137700
2017-05-04,207.09828832596585,207.1763274642226,206.18779201859687,207.0375823974609,61462700
2017-05-05,207.4104109596444,207.8699923112897,206.9681628138105,207.85264587402344,62001300
2017-05-08,207.8960017656544,208.04341340123813,207.3930609452455,207.8179626464844,48385700
2017-05-09,208.0781426028892,208.2775803527388,207.2803651405766,207.62722778320312,51363200
2017-05-10,207.583808697389,208.00003051757807,207.3756911715679,208.00003051757807,54293800
2017-05-11,207.54916701215808,207.7399381378494,206.49125921749004,207.5751800537109,62358300
2017-05-12,207.323702823502,207.61852611513945,206.9595070106342,207.2283172607422,53912700
2017-05-15,207.6532302608285,208.4943539331432,207.63588382171568,208.3729553222656,61918900
2017-05-16,208.66776910395944,208.6937821457131,207.7919658248568,208.1821746826172,51241800
2017-05-17,208.18218739791664,208.18218739791664,204.42748377516224,204.4881896972656,172174100
2017-05-18,204.4101211476201,206.16174090554728,204.1499775033409,205.3119506835937,107047700
2017-05-19,205.79760941480217,207.31509904399903,205.7455833159775,206.6473999023437,115011400
2017-05-22,207.15896046579584,207.8613523347789,207.08960117075563,207.69659423828125,61010600
2017-05-23,208.0694699933112,208.3209470718812,207.6879276888997,208.1561889648437,48341700
2017-05-24,208.39029033859103,208.7458063164518,208.05209433598128,208.64175415039065,46927700
2017-05-25,209.1533673617428,209.9164518843952,208.9452630238964,209.6389617919922,64071700
2017-05-26,209.4482019418656,209.76037169690403,209.37016281097016,209.5956268310547,46629900
2017-05-30,209.2747986333148,209.6650075591372,209.118720355569,209.41354370117188,35201900
2017-05-31,209.70834537401865,209.74303825312643,208.6677839355453,209.3614959716797,91796000
2017-06-01,209.8210326500909,211.0436983645666,209.53487600001444,211.0263519287109,68962000
2017-06-02,211.0784224730804,211.88486651709152,210.78359915869203,211.7287750244141,88666100
2017-06-05,211.55530065928872,211.84145730247263,211.373196165825,211.57264709472656,44698800
2017-06-06,211.0090200317252,211.56398693426056,210.8182489185297,210.89630126953125,50375400
2017-06-07,211.234533966594,211.5120108677453,210.5668349125289,211.2865600585937,54144300
2017-06-08,211.3818973619757,211.86749175168293,210.8616100978866,211.3905639648437,65950700
2017-06-09,211.6594404356368,212.4572047871558,209.80376801914588,211.06979370117188,132256400
2017-06-12,210.826914226459,211.07837800482417,210.17656181213624,211.0263519287109,86108100
2017-06-13,211.56401429026783,212.11031466064384,211.21716489312985,212.05828857421875,60067000
2017-06-14,212.3270797150871,212.33574631822515,210.965668829472,211.7894592285156,78602300
2017-06-15,210.4367080035868,211.5032955698595,210.1592311663172,211.38189697265625,66464900
2017-06-16,211.5413670759341,211.5936468689184,210.5480111212944,211.42808532714844,84553100
2017-06-19,212.25588038302143,213.24923634067045,212.16002966360008,213.1882476806641,65123800
2017-06-20,212.83100143520903,212.8397103027576,211.73308580494188,211.75050354003903,56906400
2017-06-21,212.142631804016,212.25590026777624,211.22769545036687,211.6982269287109,55977600
2017-06-22,211.7069593717487,212.20363077322853,211.4281160406863,211.6023864746093,44148100
2017-06-23,211.66337057155704,212.18618182919283,211.2799676717024,211.8550720214844,66986800
2017-06-26,212.52604032325613,212.9443053367406,211.78538762517763,211.9945068359375,56700500
2017-06-27,211.77661780144203,212.0728921099807,210.26915954720383,210.28659057617188,82247700
2017-06-28,211.30612088678072,212.3691877957453,211.07084849322783,212.1687774658203,70042600
2017-06-29,212.31689859685977,212.3691783940056,209.09284924505067,210.3040466308593,106949700
2017-06-30,211.11441868238063,211.48911273716445,210.50446553085283,210.6961669921875,86820700
2017-07-03,211.6372648495118,212.07294761588776,211.053451538086,211.053451538086,39153800
2017-07-05,211.41937596181293,211.7504857485922,210.60899928452872,211.54136657714844,54427600
2017-07-06,210.7745599493883,210.89655056421648,209.4239410235178,209.60693359375,65400800
2017-07-07,210.1820393304508,211.1143933295376,209.6156438823511,210.9662628173828,57972300
2017-07-10,210.96627510253825,211.56751934898887,210.6612918976492,211.1928253173828,36663300
2017-07-11,211.1928043383681,211.34965700689543,209.868338650255,211.0359649658203,50354600
2017-07-12,212.00320994404407,212.78743350586683,212.00320994404407,212.6218719482422,59610400
2017-07-13,212.630646075948,213.09246879903725,212.40408250131105,212.97918701171875,39471600
2017-07-14,212.9791171777145,214.3297361289428,212.8832664574085,213.97247314453125,60262700
2017-07-17,213.89411606509503,214.27751905854865,213.77212541226743,213.94639587402344,33531900
2017-07-18,213.536776336471,214.111880620243,213.1969444044201,214.05960083007807,42742500
2017-07-19,214.3732957100116,215.2272299846473,214.36457354754896,215.2185211181641,51034300
2017-07-20,215.47118566746192,215.59317626366536,214.76538198257225,215.31434631347656,47135200
2017-07-21,214.739277784842,215.14882056073847,214.5127142856772,215.1226806640625,82340800
2017-07-24,215.04425085969152,215.20981240507533,214.5998593136456,215.0704040527344,46622300
2017-07-25,215.81978142442844,215.9243543163771,215.3666809779153,215.59323120117188,54915600
2017-07-26,215.88083312756405,215.91568190225573,215.34059069594565,215.6019897460937,47575400
2017-07-27,216.06373536374747,216.0985841238594,214.07701034192127,215.4014892578125,70766600
2017-07-28,214.92227071495785,215.2795337201983,214.469170279804,215.1488342285156,50088400
2017-07-31,215.5496514644196,215.6455021888008,214.8177077305891,215.0268402099609,65838700
2017-08-01,215.6280788759852,215.662927640322,214.98326371992184,215.506088256836,55050400
2017-08-02,215.636811897246,215.7500936619952,214.67830457086475,215.6106719970703,47211200
2017-08-03,215.4973679738327,215.5235078713084,214.91355477024075,215.19239807128903,40856000
2017-08-04,215.68039969032657,215.9156588102992,215.20114598967032,215.5845489501953,60191800
2017-08-07,215.6542264947249,215.9853363037109,215.54965360600968,215.9853363037109,31995000
2017-08-08,215.6716224547865,216.89154186277244,215.07910042780605,215.4537811279297,61719400
2017-08-09,214.76540449556973,215.49734814951708,214.40814153496007,215.445068359375,62632600
2017-08-10,214.60859100217328,214.7393037973669,212.3517576759011,212.404037475586,120479500
2017-08-11,212.63061434697283,213.31027837749468,212.3953419376437,212.71774291992188,74869900
2017-08-14,213.99860635966488,215.04424208745883,213.96375759699623,214.826400756836,73291900
2017-08-15,215.2098205073352,215.22725153802665,214.49530780075457,214.8002777099609,55242700
2017-08-16,215.32308778635704,215.72392168942733,214.74798347603087,215.17495727539065,56715500
2017-08-17,214.5650300521557,214.8787221414008,211.8202209472656,211.8202209472656,128490400
2017-08-18,211.65465348444368,212.7787223128841,211.04470035458272,211.4891052246093,136748000
2017-08-21,211.4280976123929,211.91606010323903,210.72229377413484,211.65464782714844,65469700
2017-08-22,212.2384860666946,214.0247745773968,212.22105503506384,213.8679351806641,63140100
2017-08-23,212.9006791872093,213.52806324874308,212.75254868601093,213.10108947753903,50203800
2017-08-24,213.48449002506484,213.64132939076856,212.39528344330432,212.6044158935547,50741700
2017-08-25,213.39735047993585,214.016025675274,212.95295897634068,213.10108947753903,64445900
2017-08-28,213.63262870656368,213.6587686018488,212.69155258836287,213.1098175048828,40565600
2017-08-29,211.79406930882632,213.61521978067924,211.6807875535501,213.35382080078125,51135700
2017-08-30,213.3363887339727,214.63472794374303,213.15339615295224,214.3645935058593,62030800
2017-08-31,214.98325031080395,215.8981865453463,214.39943714871944,215.6542053222656,103803900
2017-09-01,216.02893935313992,216.3862024094104,215.81109797189936,215.959228515625,62007000
2017-09-05,215.45374711692105,215.6803105705142,213.4408957018645,214.4081115722656,91398800
2017-09-06,215.0878264059237,215.4712292990506,214.55629299426707,215.14010620117188,57916900
2017-09-07,215.44509099583703,215.46252202637555,214.70442510172603,215.1139678955078,58034700
2017-09-08,214.8264507994417,215.32313553103205,214.6173315827576,214.8613128662109,63832800
2017-09-11,216.13347536577143,217.2314043167902,216.1160576302813,217.15298461914065,71364800
2017-09-12,217.5189463449708,217.91976697822463,217.3359537630205,217.88491821289065,56896000
2017-09-13,217.5973444497462,218.0243182346136,217.484062705684,217.9894561767578,59228000
2017-09-14,217.6670944129095,218.1202081746632,217.4928239802294,217.91978454589844,95446300
2017-09-15,217.7752898829497,218.3006957249808,217.67021138693656,218.213134765625,95432400
2017-09-18,218.5809349385506,219.02753193324287,218.2919556965852,218.67726135253903,46235200
2017-09-19,218.9224030422596,218.9837077288537,218.57213254217723,218.8961334228516,47108100
2017-09-20,218.9837868132484,219.0888653288288,217.9767353783868,218.9750213623047,59574100
2017-09-21,218.8173832406044,218.90494420812297,218.2131551082697,218.38829040527344,48211400
2017-09-22,218.09054938041223,218.59845107254785,218.06427975512648,218.4320678710937,51214000
2017-09-25,218.178095929246,218.52837984652385,217.2411148447036,217.9854431152344,57064400
2017-09-26,218.41452206082755,218.6597141064001,217.88035081255217,218.1167907714844,54082000
2017-09-27,218.8173513921312,219.35152265552344,217.9328962237479,218.9662170410156,81001400
2017-09-28,218.68602133962423,219.3077670090929,218.59846037226853,219.2289581298828,44778800
2017-09-29,219.2201484481118,220.0783339440229,219.0362611003908,219.99951171875,85578000
2017-10-02,220.22724686046223,220.95407104492188,220.0520981995578,220.95407104492188,59023000
2017-10-03,220.9540133629302,221.4531495026969,220.8751911413137,221.4268798828125,66810200
2017-10-04,221.2780761799279,221.93484358477767,221.1642322205911,221.6896514892578,55953600
2017-10-05,222.0223769472458,223.02066274400573,221.7246456342744,223.003158569336,63522800
2017-10-06,222.5565537211313,223.0381857757249,222.29385747495817,222.74920654296875,80646000
2017-10-09,222.97688466789108,223.0381760019904,222.1186990947796,222.38140869140625,35803100
2017-10-10,222.95063547249964,223.34469322256305,222.4076986932,222.9681396484375,43057400
2017-10-11,222.8718252810262,223.3184356689453,222.7054554288248,223.3184356689453,47674300
2017-10-12,223.0031590161625,223.3534295777759,222.7492015013221,222.9856414794922,47065100
2017-10-13,223.4235396051744,223.5373835777126,222.98569461783475,223.2571563720703,54800400
2017-10-16,223.48482717140053,223.7475234540753,223.14330864195568,223.55487060546875,38221700
2017-10-17,223.502293026835,223.7562505391668,223.28337058749773,223.71246337890625,31561000
2017-10-18,224.0889836954036,224.1327708517824,223.7387131683015,223.93136596679688,40888300
2017-10-19,223.15203630356604,224.0277261152057,222.73170893532952,223.99269104003903,61903800
2017-10-20,224.7895807894424,225.17488643668275,223.97518233287232,225.14859008789065,89176400
2017-10-23,225.4726055845872,225.4988752080291,224.1940793132681,224.2728881835937,63915300
2017-10-24,224.70196622052663,224.90335773374272,224.3078951942681,224.6669311523437,66935900
2017-10-25,224.33423408866176,224.44807805246592,222.42523650406423,223.55487060546875,103715300
2017-10-26,224.16782533084225,224.43927365517973,223.72121500385936,223.84381103515625,69798000
2017-10-27,224.58813405767745,225.8316251660089,223.85255793086253,225.67398071289065,85562500
2017-10-30,224.5881666867543,225.57770044809087,224.5356274360579,224.83335876464844,54285700
2017-10-31,225.2098938923341,225.43758178950736,224.88589294569937,225.18362426757807,60304800
2017-11-01,225.96298388357675,226.30448897952348,225.11356378226472,225.48133850097656,54202700
2017-11-02,225.41135195020647,225.7090833246354,224.3430091483449,225.5689697265625,56449500
2017-11-03,225.7265473762284,226.36581054305816,225.31497210628373,226.3220367431641,59589700
2017-11-06,226.19065683836945,226.8036503667709,226.1206134153186,226.6723022460937,49652600
2017-11-07,226.7773904664856,227.11015686909025,226.0067791602289,226.5146942138672,57502200
2017-11-08,226.3395510438941,226.9963184152764,226.05932388502703,226.8999786376953,50469600
2017-11-09,225.6915071533323,226.2694655395448,224.4917898632673,226.07681274414065,95085500
2017-11-10,225.69153940514065,226.18192355007767,225.37627718400591,226.0067749023437,59984700
2017-11-13,225.32375542754016,226.44463737783505,225.2887203504871,226.21694946289065,50228600
2017-11-14,225.4113011872742,225.79660681421927,224.63192448424843,225.6915283203125,61315200
2017-11-15,224.7194921258247,225.24491130367505,223.85256785292583,224.56187438964844,80811500
2017-11-16,225.50763732326016,226.83870297952345,225.46386352096016,226.4709014892578,67777000
2017-11-17,226.12062111100445,226.4446220610121,225.7265500116303,225.80535888671875,75756800
2017-11-20,226.0505717221622,226.3833113891138,225.80535292978027,226.190658569336,48075500
2017-11-21,226.9612409945109,227.85446155625675,226.15562146799127,227.6705474853516,69176800
2017-11-22,227.6793189608422,227.81066706930315,227.3027788086113,227.4691619873047,45033400
2017-11-24,227.95962054850887,228.0997341512848,227.8195069457331,227.99462890625,27856500
2017-11-27,228.0383397655632,228.3360710329056,227.67930381037564,227.88072204589844,52274900
2017-11-28,228.34484305529307,230.2188050210911,228.248503296773,230.19253540039065,98971700
2017-11-29,230.32389086310647,230.8580754663208,229.6058456330416,230.05242919921875,77512100
2017-11-30,230.97193141811024,232.97724165581693,230.89312254939043,232.0665435791016,127894400
2017-12-01,231.84760758117807,232.32922621426223,228.34484887095724,231.5848846435547,164390900
2017-12-04,233.20494992982623,233.63402938279867,231.2521520432385,231.30471801757807,94040600
2017-12-05,230.47276306152344,232.18910730727188,230.3414149577032,230.47276306152344,77994500
2017-12-06,230.56915608104308,230.94572307452924,230.0525022108374,230.51661682128903,75898600
2017-12-07,231.2434234619141,231.55865897818853,230.2538896626083,231.2434234619141,77218600
2017-12-08,232.19788253468707,232.513117997132,231.2083489043539,232.5043792724609,76563900
2017-12-11,233.2049255371093,233.2662302308165,232.47811483320623,233.2049255371093,83077500
2017-12-12,233.9931174347204,234.0894572311753,233.24003686215457,233.6165771484375,85195800
2017-12-13,233.86170216271307,234.29954703708705,233.5026661588548,233.5902404785156,102905400
2017-12-14,233.8879721162332,234.0018160595599,232.58320294041545,232.6357421875,100666700
2017-12-15,233.6400244393908,235.0394848506172,233.5872166397617,234.572998046875,144610300
2017-12-18,235.9724486318288,236.41253151743064,235.8668330369688,236.0604705810547,83653600
2017-12-19,236.3069611549893,236.35095870776016,235.0835176057788,235.1539459228516,82382900
2017-12-20,236.1220364925196,236.17484428429617,234.7313865415287,235.0306396484375,76751500
2017-12-21,235.6556002695777,236.22772957066448,235.2683251398561,235.5147705078125,67032300
2017-12-22,235.5323519502944,235.56756610002768,234.9162252023293,235.45314025878903,78720900
2017-12-26,235.04827268058256,235.39155024518007,234.9074697859332,235.1715087890625,45244400
2017-12-27,235.33874224882416,235.6468056592384,235.01308519172568,235.2859344482422,57751000
2017-12-28,235.78757899909127,235.81398289306483,235.40030398046463,235.7699584960937,45116100
2017-12-29,236.35091589331208,236.3685095391268,234.68741653613384,234.8810272216797,96007400
2018-01-02,235.74370775390065,236.5974700277243,235.3564324836792,236.562255859375,86655700
2018-01-03,236.7293974037698,238.2080964327097,236.7293974037698,238.05845642089844,90070400
2018-01-04,238.7009842596132,239.54593593694952,238.12007158752897,239.06182861328125,80636400
2018-01-05,239.8539836665425,240.7781469850254,239.361092981948,240.65493774414065,83524000
2018-01-08,240.5580709495109,241.25340933192524,240.26762810449048,241.0949859619141,57319200
2018-01-09,241.517510954642,242.26565732120056,241.2358514278501,241.6407470703125,57254000
2018-01-10,240.8837515396786,241.53509244774,240.21484384726023,241.27102661132807,69574300
2018-01-11,241.8256099757955,243.03143310546872,241.6583762859321,243.03143310546875,62361500
2018-01-12,243.2954282558476,244.7828836605757,242.99614826380247,244.6156768798828,90816100
2018-01-16,245.8742631251526,246.5255770668797,243.084126384106,243.7794647216797,106555100
2018-01-17,244.7124689067845,246.4903939539756,243.7794954120626,246.1031188964844,113258800
2018-01-18,245.9888284425745,246.4112909749268,245.1966574733392,245.6895751953125,100728000
2018-01-19,246.27041209526817,246.8073272705078,245.6895262290551,246.8073272705078,140920100
2018-01-22,246.59601814517936,248.81402587890625,246.5431834953188,248.81402587890625,91322400
2018-01-23,248.85814718162203,249.63269762447223,248.5324900319093,249.34225463867188,97084700
2018-01-24,249.98474333804995,250.5832766456746,248.0659878609213,249.2454071044922,134816100
2018-01-25,250.1079852044272,250.2047905757912,248.5588843783165,249.3510284423828,84587300
2018-01-26,250.1870647733443,252.28186314019425,249.93180923556704,252.2378387451172,107743100
2018-01-29,251.66580480190444,252.1058877089944,250.40717413415427,250.5655975341797,90118300
2018-01-30,248.7348805420454,250.61842153870128,247.5202473422568,247.9955444335937,131796400
2018-01-31,248.84935779742213,249.35103203354984,247.04500127271908,248.11880493164065,108364800
2018-02-01,247.38823083343112,249.139752342768,247.04495324648897,247.83709716796875,90102500
2018-02-02,246.51691910029376,246.64896550888272,242.4065582946112,242.4417724609375,173174800
2018-02-05,240.68131857966463,242.79371086272545,231.75642559353705,232.3021240234375,294681800
2018-02-06,228.7902876542572,237.3807139865376,227.6988907174772,236.87901306152344,355026800
2018-02-07,236.32447402585632,239.7219004986888,235.5147098195023,235.5939483642578,167376100
2018-02-08,235.89323554460609,236.0340652904315,226.7218964441149,226.75711059570312,246449500
2018-02-09,229.54729465283384,232.02055909971835,222.6115953247998,230.1634216308593,283565300
2018-02-12,232.21415380783523,235.0131017383919,230.30420887774528,233.543212890625,143736000
2018-02-13,232.3373642552844,234.6697982226085,231.75645161163467,234.1240997314453,81223600
2018-02-14,232.63663047934952,237.64477624611936,232.6278202256005,237.28390502929688,120735700
2018-02-15,239.0266414316785,240.3204862790797,236.56216098587512,240.31167602539065,111200300
2018-02-16,239.68682926153448,242.3273274564706,239.6428048419636,240.38214111328125,160420100
2018-02-20,239.43153825575493,240.8750232824043,238.08488544944555,238.8770294189453,86369700
2018-02-21,239.31709396501657,241.79916815751923,237.5919763859256,237.68878173828125,98883700
2018-02-22,238.61296827236853,240.32927557049345,237.32793364711856,237.9968414306641,110511300
2018-02-23,239.22025999611984,241.7903289794922,238.74496296365007,241.7903289794922,92766400
2018-02-26,242.864186004418,244.6949462363937,242.27448985528216,244.59811401367188,86491400
2018-02-27,244.78285691699728,245.4958158077673,241.4822357175162,241.5438537597656,99099200
2018-02-28,242.64417511222567,243.09306840215268,238.7802600422596,239.0971069335937,121907800
2018-03-01,238.88581486369563,240.434915343989,234.1241144259789,235.6204071044922,176855100
2018-03-02,233.9480940480836,237.3983563211416,233.0855486252185,236.8350372314453,139083200
2018-03-05,235.6467797795604,240.18843815453016,235.54113732946925,239.5723114013672,97307400
2018-03-06,240.5493115906557,240.6285501529497,238.68336432101543,240.17965698242188,79213200
2018-03-07,238.0144808594248,240.44372054320368,237.8208432818271,240.09165954589844,87063500
2018-03-08,240.7693107290197,241.37662719632823,239.7747460746617,241.25341796875,66901200
2018-03-09,242.6617175082208,245.4518280029297,242.3448438583557,245.4518280029297,113625300
2018-03-12,245.7423473551295,246.3672576672523,244.75653891475903,245.1438140869141,71924800
2018-03-13,246.30557629916845,246.80727721513367,242.95214699439256,243.55946350097656,91968900
2018-03-14,244.5188560768814,244.70368337191348,241.75514946256,242.30963134765625,105895100
2018-03-15,242.82015876545825,243.4626626446098,241.54390753995625,242.0456085205078,83433000
2018-03-16,242.57318673061928,243.3596846887556,242.25507090582929,242.3080902099609,100343700
2018-03-19,241.5569264131246,242.48479112275547,237.3770585139264,239.0295562744141,109208400
2018-03-20,239.42718961837912,240.07229361657843,238.7555759746704,239.43603515625,59757300
2018-03-21,239.3918677986891,241.4862109901256,238.76445478878995,238.97653198242188,78709600
2018-03-22,236.7496796713889,237.598015554224,232.7288690902376,233.0028381347656,148785900
2018-03-23,233.44469609683088,233.7716574978181,227.8420706386408,228.03648376464844,183534800
2018-03-26,231.6418870783982,234.55805609934143,229.2382468850488,234.2752685546875,141956100
2018-03-27,235.2120519554788,235.74224499591256,228.73458164104392,230.2898864746093,129941400
2018-03-28,230.42248961400423,232.0926789934861,228.50486776735275,229.60948181152344,146452300
2018-03-29,230.7493520488969,234.40784513814185,229.61822883172016,232.54324340820312,111601600
2018-04-02,232.0130642531419,232.52562014188928,225.0495882525477,227.52392578125,186286300
2018-04-03,228.7610864758668,230.9172946885921,226.96719481188143,230.44009399414065,119956900
2018-04-04,226.8876752856015,233.6125511780007,226.7551270227763,232.9056091308593,123715300
2018-04-05,234.6641727027273,235.6274197824514,233.5772498542701,234.7437286376953,82652600
2018-04-06,232.781858749318,234.27527149553967,227.9922424109968,229.5121917724609,179521200
2018-04-09,230.97028712505096,234.03669563881604,229.7066156054344,230.6433258056641,105442900
2018-04-10,233.53303173968084,235.09718220910804,232.3930896648069,234.3106842041016,103529000
2018-04-11,232.8260432540944,234.74366437925767,232.7553598478326,233.0823211669922,91140200
2018-04-12,234.40783544147104,235.945448837812,234.23108649030613,234.99989318847656,68890500
2018-04-13,236.3078346724448,236.42271882761293,233.3032903974558,234.3106842041016,85079200
2018-04-16,235.9454391954948,237.0058789229403,235.1236132391809,236.237045288086,63405300
2018-04-17,238.004477074446,239.36536871926083,237.4919481778344,238.76446533203125,64682000
2018-04-18,239.20630438235705,239.7453429148429,238.4816713341332,238.9412078857422,57303900
2018-04-19,238.28724837406065,238.49050699178184,236.5817313909208,237.6156616210937,77655900
2018-04-20,237.5449763305249,237.7658990812484,234.71715433402,235.6008453369141,99953100
2018-04-23,236.1752396037897,236.7319691881383,234.4873867411846,235.56549072265625,65558000
2018-04-24,236.5905675426217,236.81149026125064,230.89075061475296,232.39303588867188,112885500
2018-04-25,232.33117921342284,233.40928319691392,230.5107781054454,232.96743774414065,103840900
2018-04-26,233.9925537468531,236.16642611436544,233.550708234946,235.33575439453125,67731900
2018-04-27,235.94549734058813,236.2459490448488,234.6199608386747,235.55667114257807,57053600
2018-04-30,236.17525204240047,236.73198165607025,233.6743915505361,233.7451019287109,82182300
2018-05-01,233.17958073796163,234.26653056705345,231.6242756754785,234.1604919433593,74203400
2018-05-02,233.96604976962223,234.7790304291084,232.1986676791265,232.5874938964844,86368900
2018-05-03,231.7567438949684,232.7287821420068,228.92007718059224,232.07485961914065,136311500
2018-05-04,231.1028433123168,235.75991179330265,230.7758819816889,235.07945251464844,91222100
2018-05-07,235.8483072428837,236.84685543367848,235.15900236383027,235.87481689453125,55304900
2018-05-08,235.50365480335705,236.2371064776769,234.31066654300145,235.87481689453125,67499200
2018-05-09,236.5463545640796,238.4816396364628,236.02498021129696,238.15467834472656,59666100
2018-05-10,238.8970430330408,240.708625925648,238.7910044184709,240.3816375732422,72063900
2018-05-11,240.5053937532322,241.3802393878825,239.99283776888683,241.1151428222656,59871500
2018-05-14,241.5480657283191,242.2019883600813,240.68203894368625,241.22994995117188,54790600
2018-05-15,240.00166456350468,240.01932867712787,238.62310859374907,239.56866455078125,87036100
2018-05-16,239.60404159023653,241.0356169994872,239.57750496521388,240.5760803222656,53942600
2018-05-17,240.31093789069183,241.4509068563977,239.59515032267203,240.372802734375,56536400
2018-05-18,240.02817433458355,240.39049092487784,239.4184253128825,239.7718963623047,64368000
2018-05-21,241.25649964856024,242.1136810367539,240.8676734332078,241.5746154785156,58025900
2018-05-22,242.09597283331613,242.35225076806103,240.5760232721084,240.90298461914065,52966400
2018-05-23,239.6305371220134,241.592332521896,239.4714522218291,241.5657958984375,64694200
2018-05-24,241.1680971017814,241.4420391350856,239.2858310891313,241.0708770751953,76043800
2018-05-25,240.49647521972656,241.1238882133398,239.99276492981863,240.49647521972656,56374800
2018-05-29,238.87051399428245,239.6305022838769,236.61711271320863,237.7305450439453,115908600
2018-05-30,239.038409599856,241.34483010823465,238.96772618756867,240.90298461914065,69678400
2018-05-31,240.49644336457965,240.7968949973317,238.82628179308952,239.4271850585937,93519900
2018-06-01,240.726268103314,242.0783142521023,240.65555772130296,241.77786254882807,71258400
2018-06-04,242.59972012171204,243.18295949234184,242.3611332297732,242.9266815185547,45385200
2018-06-05,243.05919282490183,243.4833742030585,242.290385988581,243.1033935546875,51135000
2018-06-06,243.71318028298785,245.2419486531365,243.0945857149228,245.1359100341797,62732200
2018-06-07,245.6218544425505,245.9134605237212,244.19909831341712,245.1092987060547,72969400
2018-06-08,244.64990249456807,245.887064722189,244.48199901709305,245.83404541015625,72139700
2018-06-11,246.0549263597859,246.87675252466192,245.94004221387883,246.1609649658203,58892500
2018-06-12,246.57625799068668,246.84135445972845,245.83396090926507,246.47906494140625,72329000
2018-06-13,246.7176965073776,246.9739744526654,245.48935305247187,245.692611694336,79070600
2018-06-14,246.5585895827217,246.8413501554007,245.7190724985542,246.3111572265625,77097600
2018-06-15,245.52656619377487,246.334339402203,244.41699207602392,245.9970245361328,120041600
2018-06-18,244.54121078049525,245.61529785717133,244.06189434330213,245.4910125732422,52917600
2018-06-19,243.21853000758568,244.7719330277071,242.8013292557565,244.55001831054688,97531500
2018-06-20,245.2336026037604,245.6330600878684,244.63000083644087,244.96731567382807,53785500
2018-06-21,244.9583386991884,244.9761092140036,242.9344775218204,243.4315643310547,71061400
2018-06-22,244.69214669243587,244.8075467266566,243.6535734736593,243.87548828125,54898500
2018-06-25,242.7214624884288,242.8812345960676,238.86902594322004,240.5555725097656,137854200
2018-06-26,241.12363344145547,241.94026431333936,240.369118093662,241.088119506836,68547400
2018-06-27,241.67403316486272,243.10315106426856,238.9400284428324,239.0909423828125,105110700
2018-06-28,239.03768703472497,241.2213204740955,238.32754361881487,240.4579467773437,76650500
2018-06-29,241.54979912275832,242.9168017736036,240.6887686795204,240.80416870117188,97592500
2018-07-02,239.23299268750813,241.47876893898496,238.99330741347623,241.3189697265625,63554800
2018-07-03,242.2155475162648,242.3132041089873,240.0407988559701,240.46685791015625,42187100
2018-07-05,241.594168530159,242.49068572392176,240.5200816066753,242.4285430908203,56925900
2018-07-06,242.45518827943604,244.8518512865387,242.0734743279132,244.4790496826172,66493700
2018-07-09,245.4821052756339,246.7337078165824,245.4377331577612,246.68045043945312,50550400
2018-07-10,247.13315571604667,247.66575655603185,246.84021306391304,247.568099975586,51966800
2018-07-11,246.01470715904813,246.804736738426,245.45547760766024,245.7572784423828,77054700
2018-07-12,247.0177910656898,248.03859368641244,246.41418933560087,247.9853363037109,60124700
2018-07-13,247.80775566993395,248.48235803679225,247.35504094661,248.18055725097656,48216000
2018-07-16,248.2250237217725,248.36702535070967,247.5148801310457,247.95870971679688,48201000
2018-07-17,247.186397734719,249.35228781735347,247.1331403629495,248.9617156982422,52315500
2018-07-18,249.04161360323985,249.5919578638405,248.5977840912453,249.4854431152344,44593500
2018-07-19,248.81974310209367,249.2014300488867,248.0652273796649,248.5445709228516,61412100
2018-07-20,248.3403535901727,248.9706109968656,248.1006954075452,248.26046752929688,82337700
2018-07-23,248.0563016932374,248.9261901176102,247.71010170371684,248.7220458984375,47047600
2018-07-24,250.1334320169862,250.8169196807244,249.1037443475973,249.9736328125,68026900
2018-07-25,249.7250424361244,252.4235328179585,249.6806703310654,252.1039886474609,78882900
2018-07-26,251.38503443149696,252.19278026627643,251.28737785713315,251.50929260253903,57919500
2018-07-27,251.837666010446,251.93532256306293,248.88177417912755,249.8049468994141,76768700
2018-07-30,249.88489848695707,250.04467060857164,247.9764099294817,248.50015258789065,63742500
2018-07-31,249.2635704143807,250.33763042964327,248.8818834710769,249.7251434326172,68570500
2018-08-01,249.92924867985008,250.43522077645216,248.659902898579,249.3078765869141,53853300
2018-08-02,248.0030841528965,250.8346917050347,247.7989128117331,250.6660614013672,63426400
2018-08-03,250.79028021618376,251.7933391565817,250.61273759180847,251.7400817871093,53935400
2018-08-06,251.7755948438292,252.97391274194152,251.3850227429389,252.6632537841797,39400900
2018-08-07,253.32905035260487,253.8793946751064,253.1958798126652,253.4976806640625,43196600
2018-08-08,253.32902825337567,253.7906012053874,252.9295708468165,253.39114379882807,42114600
2018-08-09,253.45328322255867,253.8438553651605,252.9118242139356,253.0449676513672,35717000
2018-08-10,251.6069770580175,252.14843609399105,250.6394048223309,251.3495483398437,77076000
2018-08-13,251.62476496774096,252.23725200833908,250.11573342932613,250.4086761474609,65732900
2018-08-14,251.13648971338367,252.24606343472783,250.7459175963345,252.00637817382807,43842000
2018-08-15,250.6571277422336,250.79915641876548,248.6865238753039,250.12452697753903,102925400
2018-08-16,251.5625335832297,253.0183072210557,251.5270196413021,252.1483917236328,69967900
2018-08-17,251.9442262648517,253.479885990746,251.53591073541207,253.0360565185547,65618500
2018-08-20,253.48880435971984,253.8438625660107,253.03608957040623,253.5775756835937,39807500
2018-08-21,254.09238567018824,255.0333020316473,253.6130422310215,254.1722717285156,67272000
2018-08-22,253.76394887902484,254.5450931013599,253.49763493639148,254.02137756347656,44993300
2018-08-23,253.8438541554065,254.7048844989658,253.36451069373325,253.68408203125,49204900
2018-08-24,254.26104432259783,255.352874636962,254.20778695011208,255.2108459472656,57487400
2018-08-27,256.40914143868787,257.3323142961806,256.24936933523725,257.2257995605469,57072400
2018-08-28,257.6873547486161,257.79389656613364,256.8884671970246,257.3500671386719,46943500
2018-08-29,257.5631772420402,258.9656667527116,257.32351902828185,258.7348937988281,61485500
2018-08-30,258.2554620659012,258.628263604404,257.09263116619366,257.6873474121094,61229500
2018-08-31,257.27908823769684,258.1401185744521,256.790886610231,257.6962890625,66140800
2018-09-04,257.27913113299496,257.6075606923249,256.24944324288515,257.25250244140625,57594400
2018-09-05,256.897403877992,257.10157520760544,255.54817190054013,256.5600891113281,72452400
2018-09-06,256.6666615444761,256.9684624326856,254.7581996132986,255.7878875732422,65909900
2018-09-07,254.7404423833425,256.26721726343226,254.50075706656256,255.2907867431641,73524800
2018-09-10,256.3027222309289,256.56903625847275,255.53934828156608,255.7346343994141,50210900
2018-09-11,255.0864985443372,257.02158817779235,254.74032570750984,256.5777587890625,50530500
2018-09-12,256.58672675418035,257.24358579269136,255.8499816506508,256.6399841308594,59810800
2018-09-13,257.7052406687176,258.34435641404013,257.4211832065274,258.1579284667969,51034200
2018-09-14,258.3621037093853,258.54850457020456,257.4211870548733,258.20233154296875,55079900
2018-09-17,258.14907260591986,258.1845594721034,256.5601549448557,256.8353271484375,68244000
2018-09-18,257.0482498229806,258.82356760557764,257.0216211398096,258.2288513183594,61930400
2018-09-19,258.2821135932705,258.9212290907196,258.1578283433109,258.5040283203125,49080600
2018-09-20,259.7644721245067,260.9184176750307,258.5217281910864,260.5988464355469,100360600
2018-09-21,261.34172092502115,261.45764333870767,260.2003749632241,260.3608703613281,105479700
2018-09-24,259.7812233520926,259.92389496466234,258.9162954090201,259.4958801269531,53409600
2018-09-25,259.95069522871887,260.05769215619654,259.0144449014566,259.25518798828125,44370000
2018-09-26,259.3979802262716,260.5838996729417,258.06046358730674,258.47955322265625,79739700
2018-09-27,258.9520221046623,260.2895381277292,258.67560430350846,259.2016906738281,59249500
2018-09-28,258.5775202921524,259.7277917564604,258.5418727887045,259.2284545898437,70091400
2018-10-01,260.4678733934338,261.19905539547744,259.4603007849608,260.1290588378906,62078900
2018-10-02,259.9774780273437,260.69080911051776,259.6029887328202,259.9774780273437,47258200
2018-10-03,261.02964891097304,261.4487384024007,259.7634821662078,260.1201477050781,64694600
2018-10-04,259.6385456639831,259.69204411596644,256.4998518963773,258.0870361328125,111545900
2018-10-05,258.30994896257005,258.8271097227561,255.2158282450241,256.6425170898437,105951700
2018-10-08,255.9559082868437,256.99918249809207,254.57381962544665,256.6425170898437,87742200
2018-10-09,256.2591376202274,257.5698770527391,255.70627486797824,256.2680358886719,74339000
2018-10-10,255.7598156984188,255.83116512877552,247.77931932579827,248.15380859375,214731000
2018-10-11,247.0659319900336,248.6887911916292,241.0738595018456,242.6878204345703,274840500
2018-10-12,246.78958079875065,247.0749241399052,242.8662050993109,246.0584259033203,183186500
2018-10-15,245.70170840659048,247.03032630002048,244.58711160341807,244.67628479003903,102263700
2018-10-16,246.63792829013929,250.4008073049233,246.1653404447393,250.0262908935547,118255800
2018-10-17,250.06198211206143,250.6950653704905,247.49394715549715,250.07090759277344,110626000
2018-10-18,249.13462656631208,249.73206231706183,245.1845027471213,246.4595947265625,134557500
2018-10-19,247.110562424564,249.0454871455705,245.63037467389387,246.3258819580078,139901600
2018-10-22,246.9945673475131,247.3155580556742,244.6851268243761,245.2201385498047,82415800
2018-10-23,241.59993397454068,245.0952931537513,239.5133855032016,243.9717712402344,146352700
2018-10-24,243.7221979993864,244.10564000364863,236.0270440671368,236.5798797607422,177806700
2018-10-25,238.41670611178432,242.36683043885208,237.3912825504053,240.82421875,138061500
2018-10-26,237.11488929847303,241.64459895888504,233.8780956670117,236.5887756347656,201574600
2018-10-29,239.68285758734305,240.9758006122715,231.7023617387541,235.2779693603516,160749100
2018-10-30,235.1085493894077,239.0764967726375,234.6181105812581,238.764404296875,157116000
2018-10-31,241.332475240434,243.6330180983539,240.8598873218433,241.3146514892578,128296300
2018-11-01,242.17961366233064,244.07889108510727,241.09176602736096,243.8827209472656,99495000
2018-11-02,244.98827848778555,245.4162932837665,240.3872214753348,242.43809509277344,122634100
2018-11-05,242.92856098023867,244.3285008443668,241.95663600789743,243.77566528320312,65622500
2018-11-06,243.71321400245424,245.47871740787724,243.65079006885315,245.31822204589844,60085900
2018-11-07,247.49399905196623,250.6505449489516,247.0659840655122,250.5702972412109,102752100
2018-11-08,249.7677875005585,250.75756373926632,248.9742086247596,250.1155548095703,65584900
2018-11-09,248.80467666575584,248.9919212498932,246.26339131943897,247.67225646972656,98812600
2018-11-12,247.16410157980715,247.40484472138107,242.5273674478588,243.0445556640625,99673600
2018-11-13,243.50819415087165,245.5055429523757,241.86751089080235,242.5897674560547,98176600
2018-11-14,244.46223232705265,244.86347075293764,239.3707629696289,240.9311981201172,125335900
2018-11-15,239.66505152031465,243.90944467046296,238.0867923117476,243.4457550048828,135101400
2018-11-16,242.349031440372,244.9883891785406,241.83184326007407,244.07888793945312,126668000
2018-11-19,243.47248759534176,243.76675635712672,239.03195184325045,239.95037841796875,103061700
2018-11-20,236.6154979101817,238.07786188380769,234.64489850791023,235.50982666015625,136021300
2018-11-21,237.0613378956643,238.21160934833,236.30343388346577,236.3123321533203,75563700
2018-11-23,234.67161536743865,236.1339791393277,234.5735439302617,234.73403930664065,42807900
2018-11-26,236.9899500891061,238.74655515011227,236.59760996905607,238.5236358642578,79981400
2018-11-27,237.48930374904148,239.3261566162109,236.88296977988105,239.3261566162109,75502400
2018-11-28,240.396180619808,244.8367156982422,239.2637331505456,244.8367156982422,127629600
2018-11-29,244.06095703708348,245.7016398078621,242.91961131776668,244.30172729492188,82346400
2018-11-30,244.1500586766454,246.3525017880844,243.82906804266423,245.79074096679688,98204200
2018-12-03,249.91934009675376,250.02633703065183,247.44940349982505,249.0454864501953,103176300
2018-12-04,248.2161837256308,248.64419858808955,240.6636765731652,240.97576904296875,177986000
2018-12-06,237.1148392029293,240.7261213773136,234.01179240772493,240.6101989746093,204185400
2018-12-07,240.2714214987865,241.84078267168243,234.18127589433428,235.0194549560547,161018900
2018-12-10,234.84100980401223,236.4371195433173,230.6055432844768,235.46519470214844,151445900
2018-12-11,238.666404071104,238.8536487276961,234.04752112957925,235.518783569336,121504400
2018-12-12,238.4969156038437,239.8611807104896,236.6243879328828,236.7046356201172,97976700
2018-12-13,237.6497977280608,238.51472570119017,235.50977788880272,236.62437438964844,96662700
2018-12-14,234.47544035827565,235.42954153976905,231.7023371923517,232.2551727294922,116961100
2018-12-17,231.30111650527016,232.41571327641336,226.0669744218753,227.69874572753903,165492300
2018-12-18,229.3393699043301,230.00812775528152,225.84398356348711,227.44900512695312,134515100
2018-12-19,227.52929289696613,231.30108403130995,222.3397381341981,224.04283142089844,214992800
2018-12-20,222.7944881092525,224.3638352407172,218.1488434441348,220.3958740234375,252053400
2018-12-21,221.2972708382368,223.9610187100672,215.2343232875037,215.8800811767578,255345600
2018-12-24,214.39124202550883,216.0056366906481,210.11311326960217,210.17588806152344,147311600
2018-12-26,211.637859856132,220.7950439453125,209.65573887138413,220.7950439453125,218485400
2018-12-27,217.5572631886237,222.68742954792995,214.31950984244187,222.49012756347656,186267300
2018-12-28,223.8444098328052,225.4767323217771,221.0371572860196,222.2031097412109,153100200
2018-12-31,223.82648932492867,224.39153092837867,221.9520040404745,224.1493682861328,144299400
2019-01-02,220.6156260112586,225.3063413858233,220.5887205734624,224.38253784179688,126925200
2019-01-03,222.633618017562,222.9385691243565,218.5438272102685,219.0281524658203,144140700
2019-01-04,222.05962162643488,227.01042771007872,221.68293179300352,226.3646697998047,142628800
2019-01-07,226.6337230013322,229.5575612415073,225.7368385943052,228.1494598388672,103139100
2019-01-08,230.33782938683663,230.77729392927083,227.8086091259888,230.29296875,102512600
2019-01-09,231.00153681805648,232.2123361952188,229.7728096069081,231.3692626953125,95006600
2019-01-10,229.83559218804427,232.43655132774697,229.1539513237093,232.1854248046875,96823900
2019-01-11,231.1091499036586,232.30202140213729,230.5261805574584,232.27511596679688,73858100
2019-01-14,230.3736917743686,231.66520737629008,229.9701102554789,230.85801696777344,70908200
2019-01-15,231.2347440222796,233.81777548974284,231.2257664195868,233.5038604736328,85208300
2019-01-16,233.9343693801608,234.95683083626523,233.7281034648272,234.0689239501953,77636700
2019-01-17,233.19896404103096,236.70578596770392,233.1541033904232,235.84475708007807,96118400
2019-01-18,237.65643902527583,239.45020783176548,235.8805980533848,238.9838104248047,127900300
2019-01-22,237.5129025266222,237.72814599602768,234.14060886201,235.75498962402344,115531200
2019-01-23,236.7864576438084,237.48602637637333,233.7818894494403,236.24832153320312,86030300
2019-01-24,236.0689791577615,236.956913490978,235.05549521798343,236.37391662597656,59204100
2019-01-25,238.22144949546475,239.1990775660173,236.4725413588362,238.3739318847656,96883400
2019-01-28,236.2303367988624,236.62494065613728,234.7953166398096,236.5621795654297,85613700
2019-01-29,236.70574133282847,237.2707555096875,235.4142256156717,236.24832153320312,66136300
2019-01-30,237.7640257746446,240.83135465460592,237.0016686699602,239.98828125,92473700
2019-01-31,239.9255633017009,242.5803335581487,239.7102924257928,242.09600830078125,104012100
2019-02-01,242.29327122850813,243.2350161000987,241.4232924235119,242.21255493164065,85782500
2019-02-04,242.25741499744487,243.97944496667355,241.5847517450605,243.91665649414065,60744800
2019-02-05,244.3472161516244,245.24410065449456,243.84496301967644,244.9391632080078,79552800
2019-02-06,244.66107157415604,245.1543469822188,243.8807866261451,244.6162109375,58347800
2019-02-07,243.0018899662257,243.5489763763008,240.62515150220383,242.28439331054688,95482000
2019-02-08,241.03768001867587,242.67896641065445,240.2125343360448,242.580322265625,75788900
2019-02-11,243.23503672054903,243.49511346448097,242.18567003084087,242.7148284912109,68021400
2019-02-12,244.3292697712488,246.2127051877354,244.2575036888499,245.8360290527344,72270200
2019-02-13,246.6701146070692,247.47730509020485,246.24857784565816,246.6342315673828,65277200
2019-02-14,245.54899161156067,247.2172107038442,244.73282358398347,246.08712768554688,83234400
2019-02-15,247.8629825182646,248.8047276476105,247.6567166045043,248.7688446044922,97088700
2019-02-19,247.9705983643805,249.8540336287884,247.9616207621204,249.19932556152344,59120800
2019-02-20,249.1634325335152,250.1589883686266,248.6611795003781,249.7015686035156,76610800
2019-02-21,249.0647861823057,249.4235344355389,247.8539868782485,248.81365966796875,64214700
2019-02-22,249.43253644408577,250.5536420748705,248.795756109608,250.3563537597656,78114600
2019-02-25,251.78236284814005,252.3025437474752,250.61639672707835,250.6971130371093,69030700
2019-02-26,250.34738149887136,251.3967210640644,250.1410882049369,250.51779174804688,56844100
2019-02-27,249.80020834065053,250.7598811219917,248.8674683645355,250.4101104736328,56921600
2019-02-28,250.194867384732,250.63435935779663,249.6208755950367,249.94374084472656,69268300
2019-03-01,251.5222308107317,251.91686208537595,250.06928264987644,251.5043029785156,78880500
2019-03-04,252.56260326501933,252.8047521523345,248.29342559486247,250.5894470214844,106494600
2019-03-05,250.7150393106737,250.91235494711543,249.70155569489256,250.24864196777344,59114600
2019-03-06,250.3652461465042,250.374223748114,248.4100449471377,248.73291015625,75039800
2019-03-07,248.2844539125946,248.4279586765212,245.80907200438315,246.6521453857422,94885100
2019-03-08,244.7956504825107,246.3293152689879,244.3292804095753,246.15890502929688,85795800
2019-03-11,246.8764295610073,249.8899482616617,246.8495241215637,249.728515625,65098900
2019-03-12,250.28460377553407,251.1904659421307,250.09626568125225,250.6702575683593,79667500
2019-03-13,251.5580994361273,253.2621740040763,251.3966394724862,252.32940673828125,80639200
2019-03-14,252.35636785176976,252.77790462897,251.7285651728112,252.16802978515625,67518400
2019-03-15,252.72020072387696,254.22457943424035,252.53100562346543,253.4138336181641,81309000
2019-03-18,253.6300981714098,254.6300393757013,253.4048894081636,254.332748413086,62199800
2019-03-19,255.3956469593378,256.16133443841346,253.50388864763195,254.3957061767578,90268100
2019-03-20,254.1796048177356,255.38672040889543,252.5220717302637,253.6300811767578,84609200
2019-03-21,252.8103693263995,256.9001407842022,252.765311077745,256.4947814941406,79550400
2019-03-22,255.1344979262612,255.65697014672995,251.49511671277395,251.5581817626953,122659300
2019-03-25,251.21580350295577,252.40491207106848,250.1077942615165,251.36895751953125,85575200
2019-03-26,253.12553235462067,254.1975278418372,251.837345337644,253.24264526367188,68125900
2019-03-27,253.23372955140647,253.8192943312084,250.36908066948524,251.91851806640625,72224700
2019-03-28,252.54911040671945,253.3238153497246,251.3960426485766,252.87339782714844,56238500
2019-03-29,254.38677789026696,254.79213709615857,253.26073427729185,254.4678497314453,82186800
2019-04-01,256.4678274686723,257.78303934275687,256.19756037697005,257.4857482910156,77617900
2019-04-02,257.67485093654506,257.8460117857423,256.8190466905588,257.6117858886719,40070400
2019-04-03,258.8278968117769,259.22426637741154,257.4135793840035,258.01715087890625,68243200
2019-04-04,258.34145373384234,258.9540149205968,257.6478206980734,258.7017822265625,48997500
2019-04-05,259.3684117534433,260.0079968724831,259.08013797058265,259.9539489746094,58621700
2019-04-08,259.5305822634568,260.26025645144784,258.87296278297543,260.15216064453125,53566300
2019-04-09,259.18825435041,259.51254176340643,258.2694125222834,258.81890869140625,66142300
2019-04-10,259.23317802499577,259.7917186021705,258.81880178245234,259.7016296386719,52601500
2019-04-11,260.1881519539477,260.1971691008526,259.0621082428974,259.629638671875,55093100
2019-04-12,261.24215460241066,261.66554815952185,259.67471047201315,261.38629150390625,69727800
2019-04-15,261.4583034082265,261.5574095392261,260.4133316619226,261.215087890625,49596700
2019-04-16,262.0979588640087,262.15200676565667,260.7917370944754,261.38629150390625,52153200
2019-04-17,262.5032851494761,262.5303090969052,260.3322697350052,260.7466735839844,58268300
2019-04-18,261.3323056021724,261.5304904523344,260.03510067225875,261.2602233886719,68708500
2019-04-22,260.4944855104914,261.6385361359312,260.4043965065369,261.4853820800781,40160100
2019-04-23,261.8546090752543,264.07068210469373,261.6204107606805,263.8364562988281,52246600
2019-04-24,263.7554418762262,264.08874637015623,263.1068396883929,263.2509765625,50392900
2019-04-25,263.1518406646715,263.7463948938671,261.8996946676692,263.0887756347656,57770900
2019-04-26,263.13390373424016,264.3860500637135,262.3591713542615,264.3139953613281,50916400
2019-04-29,264.4040756501018,265.2508627045785,264.3139866566105,264.7283630371094,57197700
2019-04-30,264.3860229636108,265.15173811806574,262.9717330802613,264.86346435546875,81111700
2019-05-01,265.4940832056484,265.70128514541994,262.86363299957645,262.8726501464844,71671900
2019-05-02,262.7555322221292,263.67440146767416,260.8097254266999,262.3051147460937,65030200
2019-05-03,263.7824949736138,265.1517541920076,262.4132082639191,264.8724975585937,56543700
2019-05-06,260.56654394116345,264.22393212526833,260.2512461684707,263.78253173828125,107198100
2019-05-07,261.37723490411906,261.97178922380755,257.467614824318,259.3773803710937,144729900
2019-05-08,259.01708984375,260.728670867913,258.4225354370044,259.01708984375,91568300
2019-05-09,256.9451804502703,258.8369119830217,255.20654798317443,258.2333679199219,103471100
2019-05-10,257.2965280885226,260.28730734891536,254.30574882813,259.5306091308594,112429300
2019-05-13,254.4137042571715,255.3775763267986,252.17060754637936,253.0083770751953,127290500
2019-05-14,254.02638949207804,256.82799993876176,253.9002869190085,255.29656982421875,77003200
2019-05-15,253.66618444998983,257.4316690442012,253.4589824540304,256.7920837402344,73956400
2019-05-16,257.49469006251053,260.5304998138744,257.4226353539373,259.1702575683594,76749600
2019-05-17,256.8641218949481,259.98100350123,256.846087599335,257.49468994140625,100353000
2019-05-20,255.8911013257319,257.6026817483969,255.04431451291887,255.79202270507807,62877600
2019-05-21,257.48561696577354,258.47654081399,257.2333843036183,258.09820556640625,46847100
2019-05-22,257.1432762736831,258.26030250517374,256.82797863022563,257.305419921875,49482500
2019-05-23,255.08040171698275,255.1254324633682,252.74724273347388,254.1615600585937,98733800
2019-05-24,255.60281541914003,256.017219152884,254.11644374126183,254.738021850586,55268100
2019-05-28,255.0172454070576,255.97212781557667,252.3507828790017,252.3687896728516,70029400
2019-05-29,251.25185573751625,251.65721493237672,249.2700080360927,250.67530822753903,104972900
2019-05-30,251.43205531752093,252.2698527997743,250.2609807597185,251.3600006103516,62523800
2019-05-31,248.81063679481224,249.6393895956801,247.94581540525127,247.97283935546875,86862800
2019-06-03,248.0088483932753,249.1258748462677,246.0089938617991,247.3422393798828,96428000
2019-06-04,249.639346792,252.84631662733304,249.18892937140487,252.7111968994141,77231900
2019-06-05,254.3326771964583,254.9272314639016,252.5220179410545,254.90020751953125,71169700
2019-06-06,255.19752776383675,257.2333959536874,254.54892553301983,256.5577697753906,69430400
2019-06-07,257.5757458007118,260.2061961055513,257.4045849508437,259.12518310546875,74272200
2019-06-10,260.67472073144364,261.9809429849706,260.2243030566155,260.3143920898437,60799100
2019-06-11,262.1339317774846,262.50327737561093,259.60258797515644,260.2511901855469,58641300
2019-06-12,260.016987279534,260.57550049432666,259.2782960961573,259.7917785644531,47096300
2019-06-13,260.7017173359757,261.22421717908406,259.99906693662774,260.8638610839844,48945200
2019-06-14,260.5755615234375,261.1791056260825,259.80984621456577,260.5755615234375,52324700
2019-06-17,260.8097413348233,261.4403368362566,260.5034607313937,260.67462158203125,39205700
2019-06-18,262.49435005792014,264.4581639561096,262.1339940288938,263.4041748046875,85434800
2019-06-19,263.5392835877693,264.5302076436877,262.56639382733385,263.99871826171875,78674400
2019-06-20,266.6831978027144,266.9264133528406,264.0617646861457,266.5210266113281,116570000
2019-06-21,266.2512579710432,267.5094941837973,265.9163323811376,266.1335754394531,83309500
2019-06-24,266.34181358325094,266.6586172021475,265.65384032505415,265.8077392578125,47582700
2019-06-25,265.8620215575545,265.8891769398379,263.0920620646163,263.20068359375,82028700
2019-06-26,264.09684710879384,264.60376601063865,262.8295498541817,262.93817138671875,51584900
2019-06-27,263.6985511311664,264.3774633381139,263.3183757652805,263.8705444335937,40355200
2019-06-28,264.8481295807128,265.7261903530985,264.3321773691084,265.22833251953125,59350900
2019-07-01,268.55957168945,268.7768423916626,266.43230780847284,267.6362609863281,78705600
2019-07-02,267.5909984158022,268.38759324301185,266.7491538200057,268.3332824707031,61504500
2019-07-03,269.0121612579468,270.496729182922,268.86732334148513,270.4786071777344,40898900
2019-07-05,269.247496348255,270.3337667882715,267.9530438718223,270.1708068847656,51677300
2019-07-08,268.85833365921906,269.9898541670269,268.143204963281,268.68634033203125,45841800
2019-07-09,267.52763883202334,269.31994946484144,267.47332806284766,269.021240234375,41101300
2019-07-10,270.08936704826425,271.2571037412516,269.55529277783,270.3066101074219,58448500
2019-07-11,270.9493075836309,271.1846450001776,269.9354699046471,270.94024658203125,50826100
2019-07-12,271.42912776574457,272.225722572846,271.12135752209366,272.1532897949219,40326000
2019-07-15,272.587791549062,272.587791549062,271.7368860086016,272.2438049316406,33900000
2019-07-16,272.15328696925974,272.3614966723665,271.0579829333727,271.3657531738281,36650100
2019-07-17,271.33859768577247,271.5015299968323,269.51910400390625,269.51910400390625,36036300
2019-07-18,269.02125784351875,270.8860013739702,268.57771065788086,270.5057983398437,51392600
2019-07-19,271.6011097032668,271.6282650875979,268.8311500014461,269.0031433105469,58678600
2019-07-22,269.40141995777003,270.2070757552025,268.88546764229045,269.6639404296875,43638100
2019-07-23,270.7863520324811,271.59197998046875,269.9535410820308,271.59197998046875,44564500
2019-07-24,270.8316412045889,272.8683776855469,270.7411140582117,272.8683776855469,47213200
2019-07-25,272.4157246465236,272.4700354003906,270.7591637785733,271.5648193359375,55394100
2019-07-26,272.25287897362153,273.5835481165805,272.126135424287,273.3843994140625,45084100
2019-07-29,273.2667081377991,273.38439067984694,272.33433642966406,272.8865051269531,38126500
2019-07-30,271.4833604302327,272.623941541799,271.103157518043,272.2165832519531,45849000
2019-07-31,272.46109378208786,272.6512091289259,267.2199103624136,269.238525390625,104245200
2019-08-01,269.3923878679063,272.35243534985585,266.0973871356964,266.8939819335937,142646600
2019-08-02,265.99785609649547,266.24225458999433,263.32745655172783,264.8844299316406,116749700
2019-08-05,260.7837200874932,260.89234160663744,255.01749757121053,256.91845703125,178745400
2019-08-06,258.8103654742626,260.73848038847234,257.334858657285,260.5212097167969,120711700
2019-08-07,257.4434814036897,261.4445491572325,255.30718443460785,260.67510986328125,140572300
2019-08-08,262.16880673520035,265.7896728515625,261.61663791246286,265.7896728515625,87713900
2019-08-09,264.848278825007,265.44572513695664,262.19600063523114,263.9792785644531,93730000
2019-08-12,262.4764384540791,263.9700394134628,259.81510105372206,260.7655944824219,65527600
2019-08-13,260.46686623080353,266.26930462331774,260.1228797001237,264.8209533691406,94299800
2019-08-14,260.7657009081452,261.37218043993045,256.8642203454216,256.9909362792969,135622100
2019-08-15,257.87800948700215,258.565982676383,255.6240298665411,257.6697998046875,99556600
2019-08-16,259.3263521875103,261.90619630989795,257.7241018009672,261.4717102050781,83018300
2019-08-19,264.4952627901269,265.30089126681617,263.8163502830764,264.6219787597656,53571800
2019-08-20,264.114903213662,264.64897742124305,262.46743083392226,262.5941467285156,51596400
2019-08-21,264.75771569107485,265.10167473504976,264.069742353098,264.7305603027344,49524700
2019-08-22,265.4366093079304,266.0702441995334,262.87483148005776,264.6490478515625,51666400
2019-08-23,263.345498828672,265.01109325696694,256.6016273506525,257.850830078125,149161500
2019-08-26,260.0414222841468,260.7022399902344,258.51160484642605,260.7022399902344,72423800
2019-08-27,262.0963526786402,262.46749470133955,258.9190344141973,259.6794128417969,66668900
2019-08-28,259.0185596667051,261.67083632800075,258.2129040417699,261.5079040527344,59696700
2019-08-29,264.0696718566362,265.37318539901827,263.0648675062555,264.84814453125,57899400
2019-08-30,266.3327834648498,266.35087784873895,263.7981884696932,264.7305603027344,62901200
2019-09-03,263.02868486425206,263.9429344655797,261.85188719792905,263.1825561523437,69101400
2019-09-04,265.3551715349108,266.1879552243926,264.60382638840616,266.1698608398437,46887300
2019-09-05,268.65915054275484,270.50577188502655,266.133589357725,269.5915222167969,83258100
2019-09-06,269.90836229817734,270.4424366119935,269.2294500581553,269.7997131347656,49584300
2019-09-09,270.7863912902952,270.8768908116145,268.9940532430665,269.9354858398437,51260300
2019-09-10,269.1751580163531,269.9355641661296,267.9169214798469,269.8721923828125,57947100
2019-09-11,270.1799451305277,271.87269541058845,269.5281882051822,271.7912292480469,68821100
2019-09-12,272.69644962340993,273.7917537690513,271.936071136972,272.732666015625,72908700
2019-09-13,273.17608440665566,273.529131907989,272.18034127789525,272.5514831542969,62104800
2019-09-16,271.4199799926493,272.5967774451182,271.0669600944099,271.70965576171875,58191200
2019-09-17,271.51064398271427,272.48826566485656,271.338650634696,272.39776611328125,41475500
2019-09-18,272.00841165390426,272.6692294359746,269.9716751697908,272.56060791015625,73375800
2019-09-19,272.9498082442572,273.9455514745746,272.2075244157476,272.5424499511719,76560500
2019-09-20,273.1463852597346,273.4283237750673,270.4636815896256,271.2548522949219,89565000
2019-09-23,270.5909570013887,271.90959322004414,270.336327054296,271.191162109375,43476800
2019-09-24,272.2823505185904,272.6733842684167,268.0991219726312,269.0630798339844,94869400
2019-09-25,269.1450611127477,271.10025862379086,267.66273993263906,270.6546630859375,71854000
2019-09-26,270.6636835101628,270.87282694256567,268.6812058097561,270.0907592773437,56179700
2019-09-27,270.84559996849686,270.95475088185464,267.08071215888543,268.6357727050781,84746600
2019-09-30,269.1541465618406,270.59098115887195,269.1086878271732,269.88165283203125,51662400
2019-10-01,270.76367044606576,271.4184369525393,266.45314046745057,266.67138671875,88242400
2019-10-02,265.0889879385326,265.0980907812051,260.66933580048186,261.9606628417969,122539500
2019-10-03,261.73345487523494,264.1342754190595,259.0143676971502,264.10699462890625,85278800
2019-10-04,264.7616923717053,267.9354770605933,264.70710305303584,267.68084716796875,65091200
2019-10-07,266.88061793215365,268.5084455962607,266.2440292191831,266.52593994140625,59610500
2019-10-08,264.6707470157687,265.4073559101464,262.35176944794006,262.3881530761719,95708100
2019-10-09,264.4070066694013,265.8165600063333,263.77952092519905,264.8798828125,62359400
2019-10-10,264.7980323882292,267.55350232118553,264.63434769975464,266.67138671875,55296300
2019-10-11,269.4269017924842,271.6731123470301,269.3087035549438,269.4360046386719,98720400
2019-10-14,269.1177195999643,269.79069193177,268.79035015685406,269.13592529296875,40394800
2019-10-15,270.1817208062417,272.54615738895194,270.06349481421915,271.8004455566406,46754500
2019-10-16,271.33673287656075,272.0551641566212,270.9275209468473,271.364013671875,48928200
2019-10-17,272.5279070629822,273.03716682784426,271.4730039064605,272.1641540527344,45736600
2019-10-18,271.6277282217836,272.2733921690983,270.11812622676183,270.97296142578125,64304000
2019-10-21,272.29154052140666,273.0099438491636,271.8550201651412,272.80987548828125,39048600
2019-10-22,273.34637146465167,273.6373849879232,271.82769494162426,271.91864013671875,48594700
2019-10-23,271.664068797207,272.76443096306724,271.45489757866204,272.7098693847656,34352200
2019-10-24,273.64650791287386,273.79201468518664,272.3278718686874,273.1554260253906,35453100
2019-10-25,272.58252524376513,274.8196608389771,272.527963668524,274.2740173339844,45205400
2019-10-28,275.49260735291523,276.3201615866077,275.4653265651048,275.8199768066406,42147000
2019-10-29,275.5471936478828,276.6657615536214,275.4198647916236,275.7381591796875,44284900
2019-10-30,275.93814036739496,276.9566598852974,274.6286073436417,276.5838317871094,49643900
2019-10-31,276.57482405388174,276.57482405388174,274.392277514594,275.8472900390625,69053800
2019-11-01,277.2932449130918,278.4481686934179,277.1295324204775,278.4027099609375,71141500
2019-11-04,279.9577300463906,280.09413397670744,279.1483538055443,279.5212097167969,60606900
2019-11-05,279.7212042873273,280.0213206074468,278.92093110377215,279.2119445800781,42933200
2019-11-06,279.21209240068293,279.5485647690466,278.3299764135138,279.2757568359375,46487100
2019-11-07,280.61255157596486,281.5946878190145,279.7849972333301,280.25787353515625,54272300
2019-11-08,279.9122492128996,281.0035361826021,279.2120238547651,280.948974609375,49032100
2019-11-11,279.5666824717528,280.585202104894,279.4302507955533,280.41241455078125,35797300
2019-11-12,280.7762213895236,281.9038643775972,280.230577837926,281.0035705566406,46484600
2019-11-13,280.0123286946821,281.4946496897508,279.78497952985765,281.0945129394531,53917700
2019-11-14,280.8125701165942,281.585562739211,280.17598142677315,281.5036926269531,51219900
2019-11-15,282.8405487883665,283.5862607354604,282.1494261750997,283.5408020019531,62023600
2019-11-18,283.3043130077444,283.9863604368472,282.8496147216759,283.7499084472656,49228000
2019-11-19,284.35010771793173,284.35921056429345,283.0223965204034,283.6680603027344,67804700
2019-11-20,283.07708257711744,283.59544550123786,281.05822023023137,282.61328125,79406200
2019-11-21,282.72229641818564,282.8314195597847,281.35820164303874,282.158447265625,54664700
2019-11-22,282.9041451712369,283.0405490915344,281.776502426674,282.7859191894531,44850200
2019-11-25,283.7135229082867,284.9775695800781,283.7135229082867,284.9775695800781,48647200
2019-11-26,285.0139498893716,285.80512037479554,284.69565557558855,285.62322998046875,37569000
2019-11-27,286.1052554908473,286.8964538574219,285.88700918425144,286.8964538574219,44444600
2019-11-29,286.3325849809778,286.5781398116173,285.60507884056364,285.8324279785156,36592700
2019-12-02,286.08709192303365,286.15075634985016,282.976970887455,283.4043884277344,75767800
2019-12-03,280.6852412775978,281.585562739211,279.30296850429954,281.5036926269531,73941700
2019-12-04,282.54950862310733,283.84083613438696,282.2039335066136,283.2406311035156,49080000
2019-12-05,283.9409017092727,283.9590796497863,282.44037516318184,283.7499084472656,40709000
2019-12-06,285.6596274218507,286.7418114894914,285.6505245759209,286.3416748046875,48927000
2019-12-09,285.9506966924689,286.6236413605208,285.3686694911169,285.4414367675781,34838500
2019-12-10,285.3868406884249,286.05068242852656,284.4683412640769,285.12310791015625,52649800
2019-12-11,285.5778171170683,286.1871250585876,285.04127644599606,285.9324951171875,53429100
2019-12-12,285.9415905269858,289.1790404773349,285.7051662626912,288.39697265625,96389600
2019-12-13,288.1604930993886,289.79742361331523,287.387500447194,288.5697326660156,81503900
2019-12-16,290.2975551457974,291.14328723980907,288.5060429102938,290.5521850585937,82749700
2019-12-17,290.9341696015044,291.2342582653961,290.53403288126106,290.6158752441406,61097700
2019-12-18,291.0068891101069,291.23423824222414,290.5794716316232,290.634033203125,48133000
2019-12-19,290.8249757300014,291.89808464078646,290.5703458322475,291.8253173828125,85310500
2019-12-20,292.85806572727074,294.2380150219777,291.8802483824502,293.1048278808594,147142100
2019-12-23,293.8906472661912,293.9454770853097,293.4062986046296,293.5525207519531,52990000
2019-12-24,293.7810258479753,293.82670807350945,293.2601146095581,293.56170654296875,20270000
2019-12-26,293.9455230924072,295.13356776697475,293.9364033804754,295.1244201660156,30911200
2019-12-27,295.8554774530982,295.91030727604016,294.52123861313635,295.05126953125,42528800
2019-12-30,295.1336082608336,295.27068284889134,292.9403032957844,293.4246520996094,49729100
2019-12-31,292.9219585916766,294.38415221906047,292.5746844676578,294.13739013671875,57077300
2020-01-02,295.67275187158805,296.906478796011,294.7497366062965,296.88818359375,59151200
2020-01-03,293.49768030977805,295.7640816777263,293.44285049264414,294.6400146484375,77709700
2020-01-06,292.88548476831755,295.8464354298381,292.76667749107014,295.7641906738281,55653900
2020-01-07,295.19755772617054,295.67278681667864,294.4847419794395,294.9325561523437,40496400
2020-01-08,295.12438459091834,297.71976504897265,294.8776503960096,296.5043334960937,68296000
2020-01-09,298.0670148932862,298.5879260402373,297.4821263305997,298.5148010253906,48473300
2020-01-10,299.09971858480566,299.2550604506268,297.18973874984056,297.6557922363281,53029300
2020-01-13,298.27721930830376,299.711970052035,297.8477004784038,299.7028503417969,47086800
2020-01-14,299.26430003143014,300.3152424603211,298.688558835081,299.2460327148437,62832800
2020-01-15,299.1546261328861,300.6807697217704,299.07238137860776,299.9222717285156,72056600
2020-01-16,301.3021337281493,302.41705322265625,301.07366684721774,302.41705322265625,54050300
2020-01-17,303.12990101469194,303.56853962375646,302.3531079591049,303.3583679199219,95846000
2020-01-21,302.39883225787577,303.5685818598415,302.3257351092037,302.7643737792969,77742400
2020-01-22,303.62347042760456,304.27233673435364,302.6456529436825,302.8009948730469,48914900
2020-01-23,302.15208091700214,303.5594449783584,301.03716121185505,303.148193359375,51963000
2020-01-24,303.80614634423307,303.88839108132504,299.1636833310754,300.4522399902344,87578400
2020-01-27,295.2066810180619,297.1166611579254,294.8685544324489,295.6361999511719,84062500
2020-01-28,297.06185926917453,299.6115581923156,295.7276201151106,298.7342529296875,63834000
2020-01-29,300.0958733171972,300.3243402372707,298.28640527016483,298.4874572753906,53888900
2020-01-30,296.42200830973457,299.66625422375535,295.672658258037,299.4560546875,75491800
2020-01-31,298.834687651797,298.9900574058448,293.10474817632047,294.01861572265625,113845600
2020-02-03,295.499090784858,298.067056481467,295.3802835359217,296.2027587890625,69083000
2020-02-04,299.8125346860519,301.5854399692841,299.492675464825,300.7172546386719,62573200
2020-02-05,303.65082382168174,304.4002020615823,302.1886577494263,304.19000244140625,65951100
2020-02-06,305.1495235533158,305.4054053572776,304.1351160486289,305.2135009765625,50359700
2020-02-07,304.15341594950706,305.22262540475447,303.038496381652,303.5868225097656,64139400
2020-02-10,302.700414075177,305.91721840038207,302.6638515575527,305.8532409667969,42070000
2020-02-11,307.2057455520756,307.99165832638704,305.8532114209266,306.3832702636719,54864500
2020-02-12,307.8180323066308,308.5674104828042,307.4524908196525,308.35723876953125,43992700
2020-02-13,306.93160682994335,308.9969568539677,306.6574576626084,308.0282592773437,54501900
2020-02-14,308.4394837726626,308.6405357740244,307.24231936560784,308.521728515625,64582200
2020-02-18,307.52566305583684,308.5857530531176,306.3376181795073,307.7267150878906,57226200
2020-02-19,308.69538196134926,309.87425122864335,308.4120852020123,309.197998046875,48814700
2020-02-20,308.6496086036421,309.4721116863874,304.9393086876562,307.9276733398437,74163400
2020-02-21,306.5750873839048,306.8857989426723,303.93399730085264,304.7565002441406,113788200
2020-02-24,295.3071862193686,304.82967088286625,293.5708154883239,294.6492004394531,161088400
2020-02-25,296.0382762665826,296.65055194836293,284.84339802698764,285.720703125,218913200
2020-02-26,287.1189586441504,290.7104521537765,283.93871677139504,284.6697998046875,194773800
2020-02-27,279.1500591654127,284.72465849868144,271.88482666015625,271.88482666015625,284353500
2020-02-28,263.833624362164,272.23207101783856,260.9457989935452,270.7424621582031,384975800
2020-03-02,272.5244617816566,282.5313236197292,269.0974581232793,282.46734619140625,238703600
2020-03-03,282.8419998690826,286.80818159326185,271.9395669552168,274.37957763671875,300139100
2020-03-04,279.7531390923097,286.1319448399597,277.20344073550206,285.91259765625,176613400
2020-03-05,278.71135042930734,281.9007394258582,274.1694273459628,276.40838623046875,186366800
2020-03-06,267.9003733681207,273.04545418535724,265.2318946775306,271.8391418457031,228667200
2020-03-09,251.58774146183129,259.71203788804456,249.8971086973447,250.60992431640625,309417300
2020-03-10,260.12327944250404,263.6690622000133,249.9427812895364,263.57769775390625,276444100
2020-03-11,256.52265940769087,257.65584636432993,247.54847242990883,250.7287139892578,255316300
2020-03-12,233.9501154264568,243.69194779831977,226.3467299817304,226.7397003173828,392220700
2020-03-13,240.42941305337604,248.09677526977265,227.11436995312613,246.1228179931641,329566100
2020-03-16,220.4065938164684,234.7725944345364,216.9156266338003,219.191162109375,297240000
2020-03-17,223.9341197847928,234.10548499816915,216.65060754197967,231.02574157714844,262070500
2020-03-18,215.9012281894684,226.977299433706,208.380101478062,219.32823181152344,327597100
2020-03-19,218.6428280834812,226.07257629627384,212.21833983048688,219.79429626464844,289322000
2020-03-20,222.943646215924,224.72697702090403,210.0466887261092,210.3224639892578,347158800
2020-03-23,209.76168442600684,211.13134505091108,200.6336105908969,204.94485473632807,326025200
2020-03-24,215.4885612758454,224.38682507267387,214.91863611227424,223.51353454589844,235494500
2020-03-25,225.0946770230059,235.6475802643827,220.38816470935487,226.859619140625,299430300
2020-03-26,229.36914775984687,241.57665998414785,228.9371031237742,240.1058959960937,257632800
2020-03-27,232.8162819931154,239.7473562360883,230.77556488684385,232.95416259765625,224341200
2020-03-30,235.0500173434148,241.23650788451303,233.0552652380832,240.51950073242188,171369500
2020-03-31,239.517575786038,242.0638647779216,235.52807082936067,236.9345092773437,194881100
2020-04-01,227.9534996121323,236.85176448420265,224.2029926686824,226.2712860107422,189554600
2020-04-02,225.3888064891213,232.2739157624669,224.8372560253544,231.49256896972656,177660400
2020-04-03,230.50898872250409,232.8622586960982,225.4163970895069,228.14654541015625,135561200
2020-04-06,237.01721102821944,245.43746603844804,228.1281479301581,243.47027587890625,188061200
2020-04-07,252.0651748581141,252.8189595341113,243.4978663841474,243.71847534179688,201427200
2020-04-08,246.31990229743064,253.71061054645543,243.82876611393948,251.8997039794922,153774500
2020-04-09,255.163048402882,258.49072626492733,253.2234622639874,255.7330017089844,189999200
2020-04-13,254.7585739128051,255.09868874078825,249.4913106154663,253.3980865478516,114839100
2020-04-14,258.2884851590157,261.89189610685975,253.26023306323893,260.8715515136719,134143400
2020-04-15,255.1538636035753,261.0094273258755,253.2142494987732,255.3285217285156,121775000
2020-04-16,256.6062535871755,257.4151905782351,253.49003955687044,256.560302734375,131798300
2020-04-17,262.3330800222529,264.098007563754,259.5937309187142,263.4913330078125,146684800
2020-04-20,259.78676762850023,263.629217542873,258.628542678586,258.8491516113281,100109300
2020-04-21,254.38168814110765,255.5858921565235,250.05204085668208,250.9896850585937,126385700
2020-04-22,255.87087162422512,258.30685593615,254.5471616484955,256.560302734375,92951600
2020-04-23,257.8379731481398,261.00936672997125,256.2385023258337,256.5418395996094,104709700
2020-04-24,258.05870563521063,260.78885432168994,256.00878675884167,260.1177978515625,85063200
2020-04-27,262.09409597915175,264.9897006956838,261.6344752923047,263.86822509765625,77896600
2020-04-28,267.5176749953601,267.8669912848749,262.35154179492,262.6549072265625,105270000
2020-04-29,267.98647324976343,271.06593788395355,266.9569272587203,269.5307922363281,118745600
2020-04-30,268.1519504463422,269.63194396115506,265.28392123731965,267.02130126953125,122901700
2020-05-01,262.2687486221893,267.1866954796315,258.78481603360234,259.9522705078125,125180000
2020-05-04,258.0678424422392,260.9726488665371,256.58787713450204,260.6693115234375,80873200
2020-05-05,263.49148986618434,265.89069756108904,260.79809000187146,263.07781982421875,79569900
2020-05-06,264.77830538088773,265.1643710660051,260.8623279708527,261.2943725585937,73632600
2020-05-07,264.5116497579534,266.3777082327352,263.9417247143769,264.4472961425781,75250400
2020-05-08,267.58198598128706,269.2917896381727,266.45130891700745,268.8229675292969,76452400
2020-05-11,266.89254797828886,270.2569749098558,266.4697047839562,268.87811279296875,79514200
2020-05-12,270.06403969438907,270.4776816471706,263.3811342647911,263.51904296875,95870800
2020-05-13,262.9581764567652,263.9969236633219,256.43155730782263,258.8583679199219,144721100
2020-05-14,256.4224143490226,262.08491700872327,250.94371509495167,261.95623779296875,121977900
2020-05-15,259.56613341114536,263.20632071188606,258.61931609633353,263.1603698730469,111146300
2020-05-18,269.383676574657,272.78488091937567,269.0619645324173,271.1762084960937,119703800
2020-05-19,270.5787601052246,272.2885359496412,268.3725859611599,268.3909606933594,95189300
2020-05-20,271.9299729869196,273.81440646458674,271.7001626577885,272.9503173828125,85861700
2020-05-21,272.8216417550637,273.63057861267043,269.9719880259564,271.0658874511719,78293900
2020-05-22,270.78095292638466,271.75534659131654,269.5399713937195,271.5806884765625,63958200
2020-05-26,277.54654029417327,277.7855520274972,271.59904750423533,274.9266967773437,88951400
2020-05-27,277.72120027669484,279.0541114942936,272.8951830483843,279.017333984375,104817400
2020-05-28,280.0469129571108,282.0600540546706,277.8315376106127,278.5025939941406,90405200
2020-05-29,278.03375713092686,280.3318607230198,275.28523421175083,279.7435607910156,119090800
2020-06-01,279.100077323199,281.48090925059915,278.58530436878937,280.87420654296875,55758300
2020-06-02,281.7934518574034,283.2458690404746,280.46056860288843,283.19989013671875,74267200
2020-06-03,285.1854499138464,287.92479945173847,284.9096887083299,286.9687805175781,92567600
2020-06-04,285.9851859818692,287.7225657388418,284.119127013096,286.2149963378906,75794400
2020-06-05,291.6109815909454,295.324696931107,291.5466279553278,293.5505676269531,150524700
2020-06-08,294.3595573009957,297.2919403590866,293.8172081030423,297.0989074707031,73641200
2020-06-09,294.433066953884,297.17241696231423,293.5689776241452,294.8835144042969,77479200
2020-06-10,295.4626446212481,296.35431008693706,292.52106030785467,293.2380676269531,95000800
2020-06-11,286.3069041815128,286.9411829598361,275.7816075129834,276.3331298828125,209243600
2020-06-12,283.347029194733,284.1191887925022,274.48555452726214,279.6424865722656,194678900
2020-06-15,273.9523329194972,283.38375938311225,272.7757049594633,282.2530822753906,135782700
2020-06-16,290.00223585408537,290.1493178185226,282.8229640297754,287.68572998046875,137627500
2020-06-17,288.70609736795177,289.0002612917581,285.75531284673434,286.49072265625,83398900
2020-06-18,284.97405743157583,287.0791002022098,284.5144366960276,286.6011047363281,80828700
2020-06-19,290.0690318089014,290.2629141511341,283.0151069995311,284.9632568359375,135549600
2020-06-22,284.3629511454277,287.18820509474386,283.2180850990667,286.79119873046875,74649400
2020-06-23,289.4410765653652,290.37360494908,287.7052934329513,288.1115417480469,68471200
2020-06-24,286.07110475847367,286.68971915216207,278.9248757908203,280.76220703125,132813500
2020-06-25,280.1898292059112,284.0399473243526,278.1678289833196,283.7721862792969,89468000
2020-06-26,282.67336854921115,282.8857345654477,276.45042720889734,277.0320739746094,127961000
2020-06-29,278.2878382488589,281.24233868339707,275.9980771665016,281.1038513183594,79773300
2020-06-30,280.6699229107989,286.4035537681701,280.5129799461542,284.7046813964844,113394800
2020-07-01,285.8218995785466,287.9639317029631,285.3602561815504,286.6990051269531,72396500
2020-07-02,290.1335270962249,291.4815456098737,287.61297310272624,288.2777404785156,69344200
2020-07-06,292.1002600749888,293.309763610307,291.35239997075325,292.72808837890625,61713800
2020-07-07,291.18609579662257,293.16191422037843,289.33028094753945,289.7088317871094,82910000
2020-07-08,290.4752073276655,292.0355640626978,288.71175457352604,291.9247741699219,54638600
2020-07-09,292.534094306912,292.77415781586666,286.84664602686377,290.2628173828125,83354200
2020-07-10,290.1982744487149,293.49441511654214,288.7671911665096,293.2266540527344,57550400
2020-07-13,295.5717862583092,297.9538536311134,290.0320658619064,290.6875915527344,102997500
2020-07-14,289.26569521963995,295.2301472460135,288.06543384919064,294.45458984375,93657000
2020-07-15,297.6768588380392,298.2585339487308,294.777725167758,297.1598205566406,87196500
2020-07-16,295.2578047865102,296.63349268794474,294.61149295046425,296.1810913085937,54622500
2020-07-17,297.18749364064047,297.8245636451662,295.2116468030746,297.0397644042969,62774900
2020-07-20,296.7720261466081,300.1881980797464,296.02416620162734,299.4403381347656,56308800
2020-07-21,301.4069275614781,301.8500871049481,299.0894691350206,300.077392578125,57292200
2020-07-22,299.7173083426101,302.09940368262994,299.6065184526506,301.78546142578125,57792900
2020-07-23,301.42537631818345,302.1270831480681,296.8181852176336,298.18463134765625,75738000
2020-07-24,296.3288274942448,297.28902521271,294.7592290992445,296.2641906738281,73766600
2020-07-27,296.95669073754914,298.60013985296814,296.1626495641368,298.4247131347656,48293000
2020-07-28,297.6953657023095,298.81256305317737,296.2365849092078,296.53204345703125,57495000
2020-07-29,297.40906485580297,300.7421440189425,297.37212550366144,300.1789245605469,48454200
2020-07-30,297.2060027179453,299.5234615044289,295.11939379817784,299.10797119140625,61861700
2020-07-31,300.8991548415424,301.57316433195354,296.67972751036586,301.4715881347656,84986800
2020-08-03,303.1334979689309,304.33375941571626,302.5887621937607,303.56744384765625,53077900
2020-08-04,302.7087180143602,304.7399597167969,302.7087180143602,304.7399597167969,41917900
2020-08-05,306.0418321331255,306.8912682630136,305.7740711107244,306.6327209472656,42697700
2020-08-06,306.0510592360944,308.8024353334043,305.7279032834886,308.6824035644531,43679400
2020-08-07,307.71291374534616,309.1901777333636,306.8080828607746,308.9039611816406,57308300
2020-08-10,309.35638535667545,310.0119109096436,307.41747799040013,309.8272705078125,44282100
2020-08-11,311.00910310173,311.64617312266336,306.5403992490115,307.269775390625,69601100
2020-08-12,309.7072598051472,312.32939037175544,309.67956233416606,311.5538330078125,53774400
2020-08-13,310.7875679079759,312.3017718416144,310.06740530395905,310.9906921386719,41816100
2020-08-14,310.6029019033432,311.5354305461862,309.87349747449144,310.9999084472656,47260400
2020-08-17,312.0154904409857,312.3847994629521,311.0091113811264,311.98779296875,35481000
2020-08-18,312.38480129876183,313.0865081681524,310.7875052531915,312.66180419921875,38733900
2020-08-19,313.04031505654325,313.5573533060185,310.7967353479484,311.3599548339844,68054200
2020-08-20,309.6333670693156,312.8094750881142,309.50412160274976,312.3293762207031,42207800
2020-08-21,311.99708331433936,313.6589882595692,311.65544353506925,313.4374084472656,55106600
2020-08-24,315.8747876973416,316.68728436371094,313.4096284054614,316.6134338378906,48588700
2020-08-25,317.17663880879144,317.8044669230327,316.0132886974553,317.72137451171875,38463400
2020-08-26,318.3123353958914,321.17450165786835,317.76759961775787,320.9067687988281,50790200
2020-08-27,321.7747030342196,323.0580570797185,319.9465849622059,321.6084899902344,58034100
2020-08-28,322.6332894034035,323.81509518897934,321.4422417348515,323.6858215332031,48588900
2020-08-31,323.4735012045628,324.35060666428654,322.28245347132435,322.5132751464844,66099200
2020-09-01,323.3441739119168,325.6523902806764,322.4485848337792,325.55084228515625,54908700
2020-09-02,327.46205589368293,331.2290526523332,326.31716140186785,330.2596130371094,69540000
2020-09-03,328.57000776099846,329.04089295769626,316.30876246960275,318.8939819335937,148011100
2020-09-04,319.57715026354145,321.14672035614166,309.1809355983136,316.2902526855469,139156300
2020-09-08,310.87991099506087,316.355023493456,307.3437347160238,307.6484069824219,114465300
2020-09-09,311.65539056693245,316.1887312996784,310.78749888094603,313.7235717773437,91462300
2020-09-10,315.59790272492,316.2534284676327,307.3160189497297,308.2762451171875,90569500
2020-09-11,310.0582215415748,311.11999586874697,305.6079718060914,308.4332275390625,84680200
2020-09-14,311.6000162516437,314.2683283126777,308.58087891635495,312.49560546875,65605700
2020-09-15,314.9515377853473,315.78249013570075,312.504833796234,314.0744323730469,52920900
2020-09-16,315.3116771386732,316.74276037655795,312.55103050748136,312.8280334472656,82096000
2020-09-17,307.97150659133644,311.79392701921023,307.4452264147787,310.0765991210937,91523300
2020-09-18,310.88216462887675,310.9933980198159,304.0224987247291,306.5068054199219,105877900
2020-09-21,301.9182318320632,303.2438101066205,298.2381099284634,303.0954895019531,99450800
2020-09-22,304.5786503731086,306.7385071760695,302.066507400489,306.18231201171875,63612100
2020-09-23,306.7384591067574,307.0165707899801,298.58102560551066,299.08160400390625,93112200
2020-09-24,297.7653565033435,302.9379070439711,296.44902874373327,299.8788757324219,76681300
2020-09-25,299.02605426843746,305.5149328939257,298.1547165934249,304.7270202636719,71069400
2020-09-28,308.8890949296322,310.50203534951567,307.8972169129009,309.78826904296875,64584600
2020-09-29,309.5844354072637,310.3260103041518,307.4060202499104,308.10125732421875,51304000
2020-09-30,308.76854858003315,313.58886813155385,308.5738902068861,310.4371337890625,104081100
2020-10-01,313.03273929794693,314.0060596588878,310.54843285554995,312.4302062988281,88698700
2020-10-02,307.4801391377748,312.4024144710618,307.0073689601297,309.4638671875,89431100
2020-10-05,311.52169201210114,315.1369175857961,311.4753542094507,314.9515380859375,45713100
2020-10-06,315.090688159139,317.18567808183934,309.96447503768013,310.47430419921875,90128900
2020-10-07,313.431413984012,316.685132604102,313.4036056320997,315.878662109375,56999600
2020-10-08,317.8160134938171,318.74299616214427,316.8982814154723,318.6781005859375,45242500
2020-10-09,320.32811028649445,321.9874170889095,319.7070477762188,321.52392578125,59528600
2020-10-12,324.06378442537806,328.17030980233085,323.5724848688719,326.6964111328125,80388500
2020-10-13,326.55739883670304,326.73352777746965,323.6003223544785,324.5643920898437,73255500
2020-10-14,325.1390911694356,326.2329236603553,321.7926981363864,322.5249938964844,57727900
2020-10-15,318.61310219082094,322.60839393885817,318.075464863968,322.1263732910156,60357700
2020-10-16,323.4798383039487,325.1391450693449,321.7556642567683,321.9317932128906,89501900
2020-10-19,323.19247265299344,323.8228140214689,316.1381487588856,317.0373229980469,68425600
2020-10-20,318.3814276529497,321.5517205103544,317.62132344041964,318.3072814941406,60051900
2020-10-21,318.26087876428136,320.43004263717467,317.39879185718223,317.7047119140625,63575000
2020-10-22,317.91787241035223,320.03139112703093,315.7765453535564,319.4473876953125,55399300
2020-10-23,320.6710546588657,320.7266713466308,318.0755149322923,320.5320129394531,49143900
2020-10-26,317.14850435705404,317.93644508302657,311.11383966511926,314.60858154296875,91473000
2020-10-27,314.95154762591665,315.285247709324,313.3107706813909,313.52398681640625,65994100
2020-10-28,307.85092353477626,313.55186080057024,302.31683634561693,302.8081359863281,127094300
2020-10-29,303.0398382217238,309.05594531130174,301.35272336162404,305.8856811523437,90597700
2020-10-30,304.3097480091592,305.6167964455672,299.0444953398276,302.6968078613281,120287300
2020-11-02,306.0896911621094,308.0919488492275,303.3458020708051,306.0896911621094,86068300
2020-11-03,309.324791356006,313.55182927466103,306.1730565274314,311.4939270019531,93294200
2020-11-04,315.97126216053266,322.5343145343358,314.7940044922087,318.4555969238281,126959700
2020-11-05,323.7393687910326,326.4739785623512,323.3871109043666,324.6663513183594,82039700
2020-11-06,324.3788859530939,325.8435337229844,322.26536759375745,324.59210205078125,74973000
2020-11-09,337.3938380999121,337.77390433814645,328.2074376824893,328.6709289550781,172304200
2020-11-10,327.67907691220296,329.245679801332,324.91668681292754,328.1889343261719,85552000
2020-11-11,330.3766191804443,331.4519224764257,329.13446579265536,330.6269226074219,58649000
2020-11-12,329.6164387197169,330.6732123928604,325.6118956516911,327.41949462890625,67546200
2020-11-13,329.3290469036784,332.69399774467473,328.8099389915463,331.9524230957031,62892200
2020-11-16,334.622140095063,336.2906972148393,333.33362089104185,336.0960388183594,74541100
2020-11-17,333.68591913167813,335.49354647121936,332.1749330059845,334.2884521484375,66111000
2020-11-18,334.55728418581134,335.1042005097741,330.22826311784223,330.2653503417969,70591300
2020-11-19,329.6349468775226,332.02654902065063,328.2908110827179,331.65576171875,59940900
2020-11-20,331.3963306246008,331.60026795963284,329.3106194528376,329.384765625,70417300
2020-11-23,331.1922808117231,332.61984167212626,328.9582497650771,331.359130859375,63230600
2020-11-24,333.9083515604822,337.2454941499389,333.05554351994675,336.6985778808594,62415900
2020-11-25,336.61518733680583,336.64299568251425,335.0856717443146,336.17950439453125,45330900
2020-11-27,337.2733243638305,337.5884950330975,336.1053173094643,337.1157531738281,28514100
2020-11-30,336.3370267938509,336.60585962287183,332.9442959525929,335.6232604980469,83872700
2020-12-01,338.8770642217867,340.8329840925718,338.2837817293062,339.294189453125,74231400
2020-12-02,338.1818081843012,340.16553629221875,337.6070834828416,340.0079650878906,45927000
2020-12-03,339.90591277346965,341.305665304106,338.81208028863574,339.9151916503906,62882000
2020-12-04,340.49927845197374,342.84454345703125,340.4065745278507,342.84454345703125,50749900
2020-12-07,342.07508856328803,342.6312837481267,340.8700225705228,342.1399841308594,48944300
2020-12-08,340.8699949146147,343.7065590089636,340.8236571068303,343.14111328125,42458900
2020-12-09,343.7992759610222,343.95684714487703,339.22925900105616,340.06353759765625,74098300
2020-12-10,338.69168133331823,340.999859317976,337.82031528905617,339.952392578125,57735400
2020-12-11,338.2558801692447,339.9615244312118,336.73564370740246,339.5536499023437,57698600
2020-12-14,341.7228170082681,342.79809173388674,337.8572878229824,338.0334167480469,69216200
2020-12-15,340.5733910132798,342.6034851074219,339.2014749129828,342.6034851074219,63865300
2020-12-16,342.81666375897925,344.058816873757,341.9360190969958,343.14111328125,58420500
2020-12-17,344.78188359842443,345.2639043286698,343.9568555699676,345.0599670410156,64119500
2020-12-18,345.3485390064458,345.5161002847388,341.67133885477017,343.6821594238281,136542300
2020-12-21,339.7629240860184,352.3212124729903,337.0259763287473,342.45330810546875,96386700
2020-12-22,342.77910549977,342.890813003337,340.74967675872097,341.8760986328125,47949000
2020-12-23,342.84430466406303,344.0917525684816,341.8575170917641,342.183349609375,46201400
2020-12-24,342.65811576810853,343.54251428118584,342.07165131242414,343.5145874023437,26457900
2020-12-28,346.06534457269254,346.8566440369137,345.4416347950201,346.4656677246094,39000400
2020-12-29,347.9923877771309,348.16926748527214,345.2181946161471,345.8046875,53680500
2020-12-30,346.6240198921074,347.3315389411196,345.90721082024635,346.2981872558594,49455300
2020-12-31,346.1026197103733,348.78371400805713,345.59061740637577,348.0575866699219,78520700
2021-01-04,349.38886325350404,349.51920765992713,339.6233739583343,343.3191833496094,110210800
2021-01-05,342.6767566253038,346.7728598923991,342.6301928867929,345.68365478515625,66426200
2021-01-06,344.17558324644114,350.9434912559952,343.62633562425066,347.7503662109375,107997700
2021-01-07,350.12425147477427,353.66178899148537,349.9473717579539,352.91705322265625,68766800
2021-01-08,354.3041791798379,355.14201412513074,351.0552285052697,354.92791748046875,71677200
2021-01-11,351.7533887862446,354.29482021588973,351.632362830576,352.5353698730469,51034700
2021-01-12,352.72150764451703,353.62448612257145,350.3662179470396,352.6097717285156,52547700
2021-01-13,352.5354759710145,354.55558728409113,351.7534946488696,353.5595092773437,45303600
2021-01-14,354.30409104661976,354.8068032526865,351.9860749789511,352.3211975097656,49989100
2021-01-15,350.70140387922305,351.50199335982205,347.88999385755534,349.7518615722656,107160000
2021-01-19,352.20952068020125,353.0380654699637,350.72933922047633,352.49810791015625,51233300
2021-01-20,354.7882578373456,358.21411669110563,354.3972814506253,357.37628173828125,61836100
2021-01-21,357.934790375537,358.36304045364824,356.7804413524632,357.7020568847656,47840100
2021-01-22,355.8494507545385,357.5996108721701,355.4677644812384,356.4359436035156,52860500
2021-01-25,357.1714012989788,358.19540580199936,352.3212155048195,357.8416748046875,70402000
2021-01-26,358.79125051568155,359.2008637189769,357.0504086066009,357.2831420898437,42665300
2021-01-27,353.95971902424606,354.05281810421934,346.3167590029396,348.5509948730469,123351100
2021-01-28,350.3663101277551,355.55161937828063,349.92879841681105,351.5486145019531,94198100
2021-01-29,349.6867328043069,350.65491209093165,342.83504399028214,344.5107421875,126765100
2021-02-01,347.9086469202224,351.27862337041176,344.7993308471236,350.24530029296875,75817600
2021-02-02,353.4290158638977,356.75245638940856,350.32901877184787,355.1977844238281,64450700
2021-02-03,356.0263594026921,357.19934519602856,354.20173693182824,355.47711181640625,52427100
2021-02-04,356.5104983071963,359.56396087599126,355.5888826824537,359.5174255371094,47142600
2021-02-05,361.3886110871411,361.6399530541466,359.47088920889945,360.9324340820313,48669800
2021-02-08,362.38468496710107,363.5855978382445,361.5282415564061,363.5390625,38365200
2021-02-09,362.7011552001997,363.892777905269,362.29157040764335,363.2969665527344,35551100
2021-02-10,365.0377235721169,365.1866763756131,360.7368143568437,363.13861083984375,59154400
2021-02-11,364.218521939403,364.63745350312536,361.2954046518024,363.7251281738281,42913300
2021-02-12,362.92462830443,365.7639656617887,362.8501376743546,365.5219421386719,50593300
2021-02-16,366.7507677394015,366.94628434358594,364.4886048325737,365.2054138183594,50972400
2021-02-17,363.45530428971625,365.5405875852445,362.44056111873977,365.2892456054688,52290600
2021-02-18,362.6825676397496,364.479263411607,360.9603340863235,363.7345275878906,59712800
2021-02-19,364.9912762762247,365.27986352452217,362.645304567679,363.0921630859375,83241000
2021-02-22,360.3273043244353,362.7104930424211,360.0293986322245,360.2993774414063,67414200
2021-02-23,358.0929983452324,362.0867122956101,353.94104155862044,360.7368469238281,107284100
2021-02-24,359.64766215783163,365.1401946066292,358.6608745485557,364.7119445800781,72433900
2021-02-25,363.4459121163381,364.81438610383606,354.4810139951626,355.9239501953125,146670500
2021-02-26,357.80453434439335,358.94956512853565,352.1072220812957,354.090087890625,152701600
2021-03-01,358.9588609981536,363.92075545040086,354.2855822417415,362.67327880859375,105348800
2021-03-02,362.8967243179224,363.1294578343528,359.3405493685015,359.84326171875,79595300
2021-03-03,359.1449892511198,360.1131400305049,354.9743952442966,355.0768127441406,119940200
2021-03-04,354.8906420427798,357.47863729094,346.19572234702065,350.6828308105469,183433000
2021-03-05,354.183233813377,358.1862681005342,346.9033496312616,357.1343078613281,152039600
2021-03-08,358.09299620806587,360.9044060352522,355.07677981003513,355.3560485839844,123149200
2021-03-09,359.2008783576128,362.9804680067196,358.69816605856334,360.4297180175781,113633600
2021-03-10,362.77569632837776,364.3675856171588,361.3606867838893,362.67327880859375,109899400
2021-03-11,365.14023058798864,368.3240087626398,364.6840536373491,366.3504333496094,86245000
2021-03-12,364.9912312984389,366.98341490924895,364.18132341690256,366.8437805175781,64653600
2021-03-15,367.0951358060423,369.2921544845288,364.9539992961072,369.031494140625,73427200
2021-03-16,369.645957368341,370.353447865086,367.7933794539433,368.5660705566406,73722500
2021-03-17,367.2812945185965,370.62334330164754,366.1362357683659,369.82275390625,97959300
2021-03-18,367.2348490775415,369.3201321153287,363.7624550817168,364.4420471191406,115349100
2021-03-19,364.141257136667,365.71969051583625,361.591473561956,363.7676696777344,113624500
2021-03-22,364.2813388885478,368.0546376770292,364.2253021963882,366.6723327636719,73778600
2021-03-23,366.0372486874983,367.4849108087404,363.00180420504506,363.7863464355469,90686600
2021-03-24,365.1873437728255,366.8218139815274,361.8903850062456,361.9370727539063,97588600
2021-03-25,360.4987270317707,364.76700718739,358.55602665416086,363.97314453125,116128600
2021-03-26,365.1219312266108,370.2401678212908,364.5241969872541,369.8385620117188,114409100
2021-03-29,368.3628933197625,370.5577590931056,366.877863754709,369.65179443359375,108107600
2021-03-30,368.3815491232856,369.3435503732095,367.07395025683695,368.6710815429688,76262200
2021-03-31,369.2408322683644,371.7252304449524,369.2128139187483,370.16546630859375,112734200
2021-04-01,372.0988388044274,374.218998554884,371.89336139475535,374.1629333496094,99682900
2021-04-05,376.8247801459603,380.0750513069228,376.7500740458587,379.5333251953125,91684800
2021-04-06,378.9730143644943,380.3552911930234,378.636765606944,379.3092346191406,62021000
2021-04-07,379.1409942505184,380.0936464810016,378.68335178237857,379.7480773925781,55836300
2021-04-08,380.9997041454603,381.606787435984,380.0657210822236,381.5507507324219,57863100
2021-04-09,381.4293215703808,384.4927845941178,381.3078992229351,384.32464599609375,61104600
2021-04-12,383.7269281507639,384.73561726762654,383.1198448904272,384.46478271484375,56704900
2021-04-13,384.362032648904,386.2299986965263,383.9790961887934,385.6042175292969,56551000
2021-04-14,385.5761956165632,386.6316009841835,383.7455968876172,384.2873229980469,61659900
2021-04-15,386.4261085208996,388.6863598708306,386.3794207731198,388.4154968261719,60229800
2021-04-16,389.7043961665137,390.3208283501207,388.28475230611167,389.7137451171875,82037300
2021-04-19,388.77980210912494,389.22809574117946,386.4728627845068,387.7991027832031,78498500
2021-04-20,386.5848990980943,387.68699217501296,383.4840687603821,384.9597778320313,81851800
2021-04-21,384.34333492736897,388.80777231208793,384.2032146818028,388.602294921875,66793000
2021-04-22,388.4342040276748,389.26543407718646,383.9884358212958,385.05316162109375,97582800
2021-04-23,385.6135180559668,390.6383506535276,385.5388119647193,389.22802734375,73209200
2021-04-26,389.88182724622914,390.61033277407387,389.29341345395136,390.0405883789063,52182400
2021-04-27,390.3395099382348,390.5356668911207,388.8171130815738,389.9565734863281,51303100
2021-04-28,390.2274494039852,391.3482404466595,389.3775214221555,389.8445129394531,51238900
2021-04-29,392.5717326349584,392.94532012603673,388.9478741154117,392.3288879394531,78544300
2021-04-30,390.05926790428015,390.909195730544,388.8544220293682,389.75103759765625,85527000
2021-05-03,391.74051678751226,392.1234532710356,390.0967259470749,390.59173583984375,68128300
2021-05-04,388.6023411344011,389.0973510192944,384.4928213443372,388.1820373535156,101591200
2021-05-05,389.82580250833166,390.05929824240366,387.7430102993665,388.3034057617188,60162200
2021-05-06,388.3781117451592,391.5349786293804,386.3700541332892,391.40423583984375,74321400
2021-05-07,392.17004425391184,394.9066069661422,391.4882265615958,394.2528076171875,67733800
2021-05-10,394.6078065167741,394.8319533096077,390.22742408846256,390.3488464355469,81852400
2021-05-11,385.8284352333097,387.8551626560607,382.98911854811655,386.8651428222656,116888000
2021-05-12,384.0817831997545,385.3519862126641,377.32907683593066,378.64599609375,134811000
2021-05-13,380.1964720686349,385.1279012387936,380.14975581622974,383.1945495605469,106394000
2021-05-14,385.9310649606573,389.9285106204482,385.9030466138578,389.0785827636719,82201600
2021-05-17,387.96716817788194,388.9011510722619,386.0711555395105,388.0885620117188,65129200
2021-05-18,388.3500945443385,388.5929392293489,384.5861444411635,384.7449340820313,59810200
2021-05-19,380.0563395991648,383.9136650884359,378.5712816845553,383.7362060546875,106467100
2021-05-20,384.61413970744456,389.1252929926565,384.4927458751218,387.8644104003906,78022200
2021-05-21,389.3494551944162,390.59166843930177,387.089232490251,387.546875,76578700
2021-05-24,389.78838459822936,392.5716636480173,389.5455399453994,391.4975891113281,51376700
2021-05-25,392.5810186375285,392.9359366989268,390.0499329669356,390.6289978027344,57451400
2021-05-26,391.2174278514802,391.90856610321015,390.1807204738854,391.40423583984375,43088600
2021-05-27,392.4315896505796,392.9452688208811,391.3294682168847,391.6096801757813,56707700
2021-05-28,393.178808495256,393.4403225843951,392.07671544123446,392.3102111816406,58520200
2021-06-01,394.6732363896402,394.8133281508588,391.5257179750236,391.9646911621094,54216600
2021-06-02,392.6183609466643,393.42160100863873,391.6096720231623,392.58099365234375,49097100
2021-06-03,390.26480554943856,392.2635143648258,388.7984453863478,391.1240539550781,58138800
2021-06-04,392.973358609629,395.0001143194918,391.18944760771376,394.70123291015625,55938800
2021-06-07,394.69182475887226,394.8692837876168,393.3842544177777,394.3182373046875,51555000
2021-06-08,395.1775676834587,395.2709716921303,392.5717754098022,394.4023742675781,47134300
2021-06-09,395.2428659487349,395.3176005403084,393.5897265220856,393.8138732910156,48436300
2021-06-10,395.0373870494079,396.5971509849046,393.7204677812437,395.64447021484375,51020100
2021-06-11,396.195645900819,396.4104437738481,394.9067446510346,396.2983703613281,45570800
2021-06-14,396.4103860815458,397.2883323557152,395.1682012696967,397.18560791015625,42358500
2021-06-15,397.3350997073947,397.372438509001,395.5792069332303,396.4571533203125,51508500
2021-06-16,396.5971241553066,396.8212709082069,392.1980731122802,394.2434692382813,80386100
2021-06-17,393.832609480347,395.0934636810587,391.6377438115296,394.11279296875,90949700
2021-06-18,390.8293780050055,391.5227773326563,388.5898708974102,388.7960205078125,118676300
2021-06-21,390.557625584646,394.5494186454853,389.7424066854368,394.3619995117188,72822000
2021-06-22,394.352679752593,397.3043454678535,393.6311417670724,396.4703674316406,57700300
2021-06-23,396.5453114225933,397.3511507786434,395.9081321276498,395.9924621582031,49445400
2021-06-24,398.13831292432985,398.756733186704,397.88529422084855,398.3350830078125,45110300
2021-06-25,399.0847106398985,400.1997887962621,398.7567414298832,399.75,58129500
2021-06-28,400.2747470575294,400.7245072342324,399.075338926079,400.5558471679688,53159600
2021-06-29,400.9400834258965,401.5772628150839,400.2373044711945,400.77142333984375,35970500
2021-06-30,400.3122760719077,401.78343362434913,400.2841660560844,401.1087646484375,64827900
2021-07-01,401.8677508401516,403.4888379572731,401.8021512732748,403.32952880859375,53441000
2021-07-02,404.4913752155224,406.768371644775,403.41375818791886,406.4122924804688,57697700
2021-07-06,406.4685771019908,406.68410626099694,402.9359520976346,405.6720886230469,68710400
2021-07-07,406.3561240379976,407.3868721191397,404.34149695894274,407.1057434082031,63549500
2021-07-08,401.7833895422592,404.5476647115918,400.6027118149156,403.7886657714844,97595200
2021-07-09,405.2972933549247,408.3988887478352,403.59187628680496,408.0990295410156,76238600
2021-07-12,408.01468314938586,409.8138097220538,407.583653429449,409.560791015625,52889600
2021-07-13,408.7736505814926,410.2729178438437,407.9022116726275,408.1645812988281,52911300
2021-07-14,409.8606497735151,410.3479281135863,407.5274329705168,408.773681640625,64130400
2021-07-15,407.43375298751454,408.10842192602513,405.4753457373174,407.3775329589844,55126400
2021-07-16,408.5582032401322,408.6050437309967,403.7886802665075,404.1822204589844,75874700
2021-07-19,399.35644496226297,404.247787129505,395.40214130525,398.2132568359375,147987000
2021-07-20,398.87858854389634,405.1942482191287,398.0821000063619,403.91986083984375,99608200
2021-07-21,405.119216425234,407.3306421266631,403.8729678186368,407.1900634765625,64724400
2021-07-22,407.368055832489,408.2863637387383,406.384176972762,408.042724609375,47878500
2021-07-23,409.973137588627,412.57810387739073,409.2891176794418,412.2407836914063,63766600
2021-07-26,411.6503578096364,413.2620650821098,411.6035173257502,413.252685546875,43719200
2021-07-27,412.2126221686252,412.24073218061153,408.539418557589,411.3692932128906,67397100
2021-07-28,411.9970804846023,412.5780397787504,409.7763038167769,411.2005920410156,52472400
2021-07-29,412.128337413364,413.9836556005954,412.1189578762892,412.9060668945313,47435300
2021-07-30,410.33855849930256,412.3531856804309,410.207359374989,410.9007873535156,68951200
2021-08-02,412.6155523054972,413.16840161930367,409.6826170641352,410.0386962890625,58783300
2021-08-03,410.83517582420905,413.4963618207431,408.6425090931806,413.3745422363281,58053900
2021-08-04,412.0908364864167,413.34646478534535,411.1069573898092,411.3412170410156,46732200
2021-08-05,412.50318041278376,414.0305580793688,412.18459068419423,413.94622802734375,38969700
2021-08-06,414.2647578157139,415.0518667835452,413.983629086822,414.6301879882813,46930000
2021-08-09,414.6021178906313,414.920707603796,413.5245291498375,414.29290771484375,41222600
2021-08-10,414.742597463298,415.5203554334606,414.0585776586694,414.8081970214844,43339300
2021-08-11,415.8764482884493,415.93266831269824,414.75199061117655,415.8389587402344,44034300
2021-08-12,415.6890876543333,417.22584478983765,414.7895385435861,417.0852661132813,38909400
2021-08-13,417.5349080642727,417.8628772005962,417.047658424913,417.8441467285156,39470300
2021-08-16,416.5417789840265,418.95932605512974,414.9862914344037,418.8281555175781,73740000
2021-08-17,416.2699711073765,416.9446399663895,413.0934254851267,416.0825805664063,92673900
2021-08-18,415.0706919850857,416.6355593375459,411.2850758848466,411.5286865234375,89351900
2021-08-19,408.8018064511608,413.3652083057249,408.66125638495504,412.165771484375,92812200
2021-08-20,412.51246706573465,415.7733427277286,412.0251887466631,415.44537353515625,72008700
2021-08-23,417.1321276721808,420.00884318252696,415.5204200549457,419.0999145507813,54973000
2021-08-24,419.7651977539063,420.2993166380276,419.2498379439889,419.7651977539063,38744700
2021-08-25,419.952627156467,421.1613864338086,419.57778881704434,420.6460266113281,40529700
2021-08-26,420.3649209181154,420.599180595031,418.06919324203466,418.1629028320313,57829600
2021-08-27,418.9686760621095,422.2764210326184,418.9124560362428,421.901611328125,77235100
2021-08-30,422.5762498396636,424.5440363918998,422.3326106810009,423.7569274902344,48357400
2021-08-31,423.6632692588089,424.0005894306205,422.5294605531325,423.129150390625,59300200
2021-09-01,424.0661623524176,424.5815221145776,423.11974426960506,423.35400390625,48721400
2021-09-02,424.7783747777005,425.462394702092,423.4571468275892,424.6565551757813,42501000
2021-09-03,423.52271669627993,425.068824666954,423.119768365232,424.5534362792969,47170500
2021-09-07,424.20672913760086,424.3004387151824,422.3607619842241,423.0354309082031,51671500
2021-09-08,422.5013500889307,423.23223905655976,420.5991342695839,422.5200805664063,56181900
2021-09-09,422.3232858185863,424.0755433312676,420.4679391954341,420.7115783691406,57970400
2021-09-10,422.6419538204089,423.06360408825856,417.2727116405704,417.39453125,89948200
2021-09-13,420.3930334459969,420.655403124016,416.1482209113753,418.4627075195313,83738600
2021-09-14,419.9056608987367,420.11181049925545,415.314178264794,416.2043762207031,78197100
2021-09-15,416.62609222178327,420.1774764755252,415.52039355154807,419.6808471679688,78792200
2021-09-16,419.15611403582216,420.1306135920383,416.0638694935535,419.01556396484375,77786700
2021-09-17,418.2428908298914,418.6658919018536,414.5767094129711,414.9339294433594,118425000
2021-09-20,408.8048589294982,410.3841202455259,403.145796182089,408.0152282714844,166445500
2021-09-21,410.3559031370975,411.6531636956014,407.1033708429469,407.6297912597656,92526100
2021-09-22,409.9046994331068,413.64607141513255,407.7426174898221,411.6061706542969,102350100
2021-09-23,413.476885511046,418.21469841814167,413.24187534861926,416.6072082519531,76396000
2021-09-24,414.97149473457984,418.0078359804858,414.7552750846295,417.29339599609375,62094800
2021-09-27,416.25933916263614,417.4249802239827,415.4038988493783,416.09954833984375,61371100
2021-09-28,413.32642918282806,413.655449110857,406.98115550934745,407.7143859863281,130436300
2021-09-29,409.0962250337873,410.8353056858977,407.8365742138815,408.4006042480469,82329200
2021-09-30,409.8764821735044,410.5815126064567,403.0705975741562,403.4090270996094,140506000
2021-10-01,405.138703737529,409.8858972411242,401.613551525623,408.2032165527344,129240100
2021-10-04,407.037558391636,407.9399892875987,400.79567536580527,402.9389953613281,128570000
2021-10-05,404.4430001166101,409.37821255340737,403.6439886722877,407.1315307617188,90682500
2021-10-06,403.53123602954014,409.03047952232674,401.9049840791868,408.82366943359375,113032200
2021-10-07,412.10432319982914,415.1970354491902,411.92571322947015,412.3581237792969,72437500
2021-10-08,413.1290605510576,413.51448064643256,410.976359506261,411.6061706542969,74557400
2021-10-11,410.9481219621356,413.8622533457,408.5604109808945,408.626220703125,65233300
2021-10-12,409.5474922480039,409.951702812476,406.8307612007708,407.6203918457031,71181200
2021-10-13,408.645002322282,409.90465316392994,405.6650899688843,409.0868225097656,72974000
2021-10-14,412.7530051375808,416.1183664782615,412.2829848477017,415.9679565429688,70236800
2021-10-15,418.0830234599393,419.50249383265776,417.4625932709582,419.1358642578125,66260200
2021-10-18,417.3497774593076,420.7151097906234,416.6917376412568,420.376708984375,62213200
2021-10-19,422.0030630096661,423.6857151251095,421.3920136343644,423.6199340820313,46996800
2021-10-20,424.08047124300566,425.5845417659736,423.9676709741409,425.2837219238281,49571600
2021-10-21,424.6820942267509,426.618575397613,424.2496836213109,426.3929748535156,41305400
2021-10-22,425.9606119788899,427.4082825705058,424.0053114184127,425.9512023925781,58845100
2021-10-25,427.04157156190274,428.5644324904607,425.264910041171,428.23541259765625,45214500
2021-10-26,429.7865193132876,430.9991508783796,428.2448391545924,428.620849609375,56075100
2021-10-27,429.0814650009743,429.7488856725393,426.6467350462901,426.7219543457031,72438000
2021-10-28,428.15085513172806,430.9145766067055,428.1414742340312,430.8393859863281,51437900
2021-10-29,428.5362813944523,432.0050333226642,428.2448711186631,431.713623046875,70162400
2021-11-01,432.70062881424144,433.076667962832,430.7265667229376,432.4562377929688,48433600
2021-11-02,432.6254507202016,434.51494135185385,432.4938312768331,434.2047119140625,48908400
2021-11-03,433.6407307983925,437.2598929585616,433.198910555134,436.8556823730469,52509800
2021-11-04,437.4572570913363,438.9989373652711,437.10944667746986,438.9143371582031,52847100
2021-11-05,441.14219466561576,442.4300455313022,438.9237129061649,440.4371643066406,66390600
2021-11-08,441.5370820452728,442.0353024166088,440.1270211428771,440.813232421875,50405200
2021-11-09,441.1797597408689,441.41476983678206,437.9460185260837,439.3560791015625,51149100
2021-11-10,437.6640350330447,439.35612511347824,434.3363123816006,435.8215637207031,69429700
2021-11-11,437.3162461048895,437.3914654122936,435.9437949662479,435.9625854492188,34848500
2021-11-12,437.2316347180003,439.80733651939306,436.2821846286871,439.2527160644531,53466700
2021-11-15,440.54063749790726,440.7004283336517,438.27513622509247,439.4031677246094,46980500
2021-11-16,439.1399817843683,442.27971409763927,439.0647911553484,441.1422729492188,48857500
2021-11-17,440.87897766963937,441.0575876528418,439.4501264917785,440.070556640625,47858300
2021-11-18,441.1046681881234,441.82851785332514,438.37855602360526,441.5653076171875,50625600
2021-11-19,441.4523753040253,442.7026451488348,440.4089441903681,440.7755737304688,57315600
2021-11-22,442.6557624490605,445.1468644734035,439.3280104628594,439.5348205566406,72762000
2021-11-23,439.2057437540749,440.9730245653836,436.60184177692975,440.1175842285156,73206500
2021-11-24,438.115291443818,441.4148429167893,437.2974607646824,441.2926330566406,61858800
2021-11-26,434.6183409737067,436.0848019249751,430.3223488094509,431.4504089355469,112669600
2021-11-29,436.24460804442816,438.5852997432788,434.0449166850697,436.7428283691406,86268800
2021-11-30,434.29873651759567,436.207017697208,428.0004533224309,428.244873046875,148559600
2021-12-01,433.9602845358961,436.8086059350029,423.290819754086,423.48822021484375,131939200
2021-12-02,423.7044637690375,431.54439807571686,423.3096341374703,429.9745178222656,127637800
2021-12-03,431.6383868949673,432.7006085078322,422.0029722635854,426.233154296875,137331600
2021-12-06,428.7806474520351,433.1612393139571,426.3647366532748,431.2811584472656,98977500
2021-12-07,436.5642266881175,440.7662090115453,431.1495840464495,440.2021789550781,95484700
2021-12-08,440.5970473857132,441.81908870916527,438.8391473392985,441.3678588867188,72238800
2021-12-09,440.07997042228766,441.4712407407317,438.1905084559045,438.3879089355469,61272600
2021-12-10,441.0952372334483,442.66508888548304,438.5383257920864,442.5146789550781,77159800
2021-12-13,441.997668765506,442.3454791791736,438.3126971846737,438.5947265625,87724700
2021-12-14,435.323378332146,437.8144800719802,432.653666591365,435.5771789550781,97264100
2021-12-15,435.63360291576834,442.6274781927471,433.11427244709614,442.3830871582031,116899300
2021-12-16,444.2349463510645,444.5169470262026,436.93081329963405,438.4819030761719,116568600
2021-12-17,435.400025670144,438.40929266529145,432.1077672413191,433.8152160644531,135511600
2021-12-20,428.7305989396733,429.59845850346267,425.5798363191293,429.2022705078125,107134800
2021-12-21,432.6265744907592,436.9659586009306,430.4568968299471,436.824462890625,69806300
2021-12-22,436.56976321936594,441.3053352382026,436.3716404397457,441.192138671875,58890200
2021-12-23,442.1921262120378,445.4372291320165,442.0883722782573,443.9373168945313,56439700
2021-12-27,445.3145445167092,450.2670958254494,445.26738887680665,450.2199401855469,56808600
2021-12-28,450.6538982297336,451.6821388256294,449.0879451201847,449.85205078125,47274600
2021-12-29,449.9558491527363,451.4463187392995,448.9559076654807,450.4275207519531,54503000
2021-12-30,450.85198851964896,451.8613726077948,448.72005255913206,449.1822814941406,55329000
2021-12-31,448.6917576839053,449.8426087104167,447.7767136605498,448.0502624511719,65237400
2022-01-03,449.3142615710116,450.7764605012531,447.0030884828913,450.6443786621094,72668200
2022-01-04,452.0688648240115,452.7858147658463,448.63508224842974,450.4934692382813,71178700
2022-01-05,450.125599405492,450.89914766079016,441.7487080275002,441.8430480957031,104538900
2022-01-06,441.3808228754029,444.1448112867114,439.0601780901141,441.427978515625,86858900
2022-01-07,441.43740286255314,442.6165817047028,438.32435344615055,439.6827697753906,85111600
2022-01-10,436.4847981906603,439.3525400552865,430.73040038903787,439.1355895996094,119362000
2022-01-11,438.8715364116939,443.2297770827889,435.8716833675285,443.1354370117188,74303100
2022-01-12,444.8712086177971,446.3900061138433,442.37135493830107,444.33349609375,67605400
2022-01-13,445.4371624273771,446.08807144277097,437.1829106408345,438.2111511230469,91173100
2022-01-14,435.0604113490844,438.739443721602,433.8434906759854,438.3904113769531,95890900
2022-01-18,433.6925742478842,433.9001108941868,429.51357096718334,430.626708984375,109709100
2022-01-19,432.1738074172843,433.5699368723863,425.88169585972383,426.1552734375,109357600
2022-01-20,428.0419704136264,432.7492436968586,419.31604594789405,421.4385681152344,122379700
2022-01-21,420.31596407281415,422.6743219055185,413.1371366485651,413.1654357910156,202271200
2022-01-24,407.5525363125253,415.4294573025682,396.9210694706066,414.9200439453125,251783900
2022-01-25,408.52413091783615,414.8067989622443,402.9489701470522,409.854248046875,167997300
2022-01-26,415.7501228472312,418.8820284768249,404.562060038854,408.8259887695313,186391100
2022-01-27,413.4295996947917,416.5709198811738,405.1187484129023,406.8073120117188,149878300
2022-01-28,408.1657129140467,416.95767810367454,403.5810789597359,416.9105224609375,164457400
2022-01-31,416.2406674122429,424.7684964246404,414.891693794857,424.4194641113281,152251400
2022-02-01,425.1459154640567,427.92878947837016,421.617821033728,427.2873229980469,123155400
2022-02-02,429.6927673307446,432.16432156191325,427.3815652994968,431.4379577636719,117361000
2022-02-03,425.40063739567904,427.3061803398797,420.4574993371218,421.2970886230469,118024400
2022-02-04,421.06118368926354,427.1268727004783,418.6839407358892,423.2780456542969,118454400
2022-02-07,424.04216920738406,425.4382985809669,420.5895299814033,421.9196472167969,84472900
2022-02-08,421.4196773714475,426.31563040935833,419.99522006477935,425.3911437988281,81012000
2022-02-09,429.4286854386847,431.9379817631401,429.2305914308077,431.61724853515625,92589900
2022-02-10,425.7684883309894,431.7775795121979,421.8630627108087,423.8629455566406,140103700
2022-02-11,423.947845988049,426.0231836326423,414.0710421144383,415.5049133300781,153214600
2022-02-14,414.9954856299991,416.5802950386649,410.67495835599806,414.1464538574219,123006300
2022-02-15,418.58972050435466,420.9952343328552,418.0708644315541,420.825439453125,88482700
2022-02-16,418.7783495538221,422.6743616661116,416.90110575473415,421.2970886230469,84863600
2022-02-17,418.1085125785616,421.2687175900961,411.6937912802445,412.2975158691406,102259100
2022-02-18,412.5522705879942,413.8069331704449,407.3544691120626,409.6279296875,132642900
2022-02-22,407.4204352988068,410.82588982072514,401.7320491873631,405.23187255859375,124391800
2022-02-23,408.1468368692283,408.71284849771104,397.477628508236,398.0436401367188,132578000
2022-02-24,387.732876144503,404.46780255410187,387.3744299437548,404.0338439941406,213942900
2022-02-25,405.2696289017005,413.0333532377554,403.6187784215898,412.9484558105469,121804500
2022-02-28,407.55243208623335,413.3728704483445,406.2977986957271,411.8918151855469,145615000
2022-03-01,410.3919658423738,412.4012911318685,402.9112336256211,405.61865234375,137785900
2022-03-02,407.8732634005898,414.8068411449072,407.1186004140651,413.0805358886719,117726500
2022-03-03,415.5143088873288,416.1180334612973,409.22219816012046,411.0239868164063,105501700
2022-03-04,407.2884450363373,408.8166564833454,403.63771129325096,407.6846618652344,113978200
2022-03-07,407.0996953796204,407.8072026908735,395.6003409109695,395.6663818359375,137896600
2022-03-08,395.8456881080304,403.0056598874273,391.6006435028784,392.6666259765625,164772700
2022-03-09,401.052866089248,405.175270488169,398.86430336951577,403.1942443847656,116990800
2022-03-10,398.5813710564199,402.269846539242,396.6192298055696,401.3736877441406,93972700
2022-03-11,403.86407311815816,404.4772404206204,395.7607587468195,396.2701721191406,95636300
2022-03-14,397.04364145545367,400.49625143515976,392.232586490236,393.3740234375,95729200
2022-03-15,395.9871774625465,402.6566210107506,394.71368713234256,402.0245971679688,106219100
2022-03-16,405.5338099987412,410.99574623645054,400.7321679197033,410.9391479492188,144954800
2022-03-17,409.02416595069127,416.0803833007813,408.6468344364112,416.0803833007813,102676900
2022-03-18,414.467909206015,420.9593333746132,413.72981682419214,420.6376037597656,106345500
2022-03-21,420.4672258759616,422.4733213729706,417.00386088702027,420.5145568847656,88349800
2022-03-22,421.9055997031732,426.3720129518308,421.9055997031732,425.4352111816406,74650400
2022-03-23,422.8992560796724,424.3943560786695,419.8711681632906,419.9563293457031,79426100
2022-03-24,421.9812706747092,426.2962761766024,420.8646747066709,426.2868041992188,64736900
2022-03-25,426.92091553706297,428.6431408824674,424.3375775189563,428.3687133789063,77101300
2022-03-28,427.7724898649088,431.4156494140625,425.8799424500739,431.4156494140625,68529800
2022-03-29,435.3047660404294,437.2446442247765,432.61735251287416,436.7525634765625,86581500
2022-03-30,435.6076600857703,436.42147053755207,431.9455852477108,434.0557861328125,79666900
2022-03-31,433.2893334473063,434.1125870505063,426.9209002404847,427.3751220703125,121699900
2022-04-01,428.9553048993876,429.09724017093697,425.0093599604166,428.5862731933594,89048800
2022-04-04,428.7849739372156,432.36188709811455,427.9617205008311,432.2577819824219,59601000
2022-04-05,430.7627101143962,433.23247058270414,425.6528379663949,426.7978210449219,74214500
2022-04-06,422.88029691792224,424.81067460735846,419.6440279336592,422.5301513671875,106898000
2022-04-07,421.6501275690754,426.4761295929624,419.7008059045146,424.6592712402344,78097200
2022-04-08,423.9022769391893,426.4193687220367,421.981342273067,423.5237731933594,79272700
2022-04-11,420.2496815704818,421.0918791902964,415.78329655227503,416.2848205566406,89770500
2022-04-12,419.2748781154879,421.80144123818826,413.1903460284536,414.74224853515625,84363600
2022-04-13,414.49626033587,420.2495916239543,414.3164660258067,419.4925842285156,74070400
2022-04-14,419.7197127519559,420.8363377308492,414.1650904269717,414.2691955566406,97869500
2022-04-18,413.3418635849445,416.12391091643246,412.2063234536488,414.4395446777344,66002500
2022-04-19,414.3354318811,421.8488481574368,414.1651095279501,421.1296997070313,77821000
2022-04-20,422.9086378808468,423.523709985774,419.6534541721469,420.8173522949219,65224400
2022-04-21,424.4416170587247,425.8326405645599,413.61624352930863,414.524658203125,85417300
2022-04-22,413.4364107712959,414.5435347350055,402.5826511949937,403.1504211425781,132471800
2022-04-25,400.907801095318,405.65808479066646,396.33728283967,405.4877624511719,119647700
2022-04-26,402.9516381002868,403.15037633053714,393.7160282328782,393.7444152832031,103996300
2022-04-27,394.823297509531,400.198155000715,392.7131252761381,394.8516845703125,122030000
2022-04-28,399.6019576141651,406.55707558525125,395.1639313315665,404.8253784179688,105449100
2022-04-29,400.8320856724879,402.9895886209459,389.1172122790781,389.8647766113281,145491100
2022-05-02,389.93105502630925,393.57421496301487,383.2598073525532,392.2115783691406,158312500
2022-05-03,392.7130092248286,396.42238550138336,391.1516347092913,394.0093994140625,100028200
2022-05-04,394.67180974349054,406.5759486887727,391.4828720947245,406.0081787109375,144247900
2022-05-05,401.7404848718178,402.16631958492377,387.4423032298884,391.5775146484375,172929100
2022-05-06,389.01316841951103,392.5143641838962,383.9316826887412,389.2402648925781,151770800
2022-05-09,383.3354711443122,384.575087347115,375.1975117716512,376.7778015136719,155586100
2022-05-10,382.7582487909865,384.2628205444741,373.6077980656533,377.64837646484375,132497200
2022-05-11,376.6832006420824,382.3324561154293,370.9014529815829,371.6490173339844,142361000
2022-05-12,368.45061311196713,374.5351465208242,364.4573366484498,371.2610473632813,125090800
2022-05-13,375.39624432033366,381.5186365245012,374.3553374390257,380.1370849609375,104174400
2022-05-16,378.4905587658896,382.26618152652463,376.2384227760437,378.5946350097656,78622400
2022-05-17,384.6886388298432,386.61904522716617,380.9508462343475,386.3824768066406,83029700
2022-05-18,381.82143279357103,382.1053033485448,369.5671769928699,370.8067932128906,117674500
2022-05-19,367.7409001168937,372.96434969897865,366.3120175133911,368.5357666015625,98510700
2022-05-20,372.1221617156701,375.69907542713753,360.09503013105126,368.6966552734375,131432200
2022-05-23,371.72474625349577,376.36151125162365,369.4063926324182,375.5950317382813,76414900
2022-05-24,371.4691925228241,373.92003788214953,366.1700541533183,372.7277526855469,91448800
2022-05-25,371.2326096418207,377.9890172972856,370.83519088442847,376.020751953125,91472900
2022-05-26,377.2509075043551,385.1712128882923,377.04272615796106,383.5341491699219,82168300
2022-05-27,385.9945281698536,393.0631942254229,385.7958187685275,392.94964599609375,84768700
2022-05-31,391.33149711527295,394.08515718858496,388.00062391684565,390.7448120117188,95937000
2022-06-01,392.8645136255513,393.8770046632853,385.06719773018256,387.5842895507813,86585800
2022-06-02,387.42343703743313,395.0125426179488,385.17130074310455,394.9652404785156,79609600
2022-06-03,390.2433012195324,391.7952040806544,387.5085850110212,388.4832458496094,71874300
2022-06-06,392.4953952002465,394.2270633255332,388.4926471442496,389.6660461425781,57508900
2022-06-07,386.1743226865664,393.8580609068562,385.71062891259504,393.4038391113281,59272400
2022-06-08,391.69104143143073,393.479512475004,388.3317815558461,389.1266479492188,64350000
2022-06-09,387.34765697732666,389.6187079884176,379.8721008300781,379.8721008300781,86289800
2022-06-10,373.6645386433497,374.5161791416106,368.8101502618891,368.8574523925781,132893900
2022-06-13,359.4420637467876,361.2967520769685,353.2439538052529,354.8526306152344,170004900
2022-06-14,356.6032925923492,357.6347275842824,350.6796092755737,353.78338623046875,104011800
2022-06-15,357.08582684228884,363.27446487884,352.1273619331276,358.8269958496094,125666800
2022-06-16,350.6038642674316,351.01075501197846,344.51930266450194,346.95123291015625,134473300
2022-06-17,347.36661545178714,351.04450954430285,344.1924117569051,347.69921875,111113900
2022-06-21,353.4298843377524,357.839545770176,353.35383919081494,356.4520263671875,76811900
2022-06-22,352.22296583921377,359.92089960070416,351.80480446926504,355.80584716796875,90059400
2022-06-23,357.9441431467789,360.02540799730696,354.3802877819863,359.29364013671875,79292100
2022-06-24,362.46781975387455,370.7264623574381,362.4393100729595,370.7169494628906,98050300
2022-06-27,371.6387840560035,371.9333937461517,368.20799359853146,369.3009033203125,66009600
2022-06-28,370.859544492515,373.64409647087297,361.64102718888944,361.7550659179688,86548900
2022-06-29,362.3062847809654,363.2946397490487,359.63577158326706,361.46044921875,65676000
2022-06-30,357.56389907239446,361.7645084605366,354.0665767146873,358.5237731933594,112508300
2022-07-01,357.8680810567147,362.7529525002182,355.2450743514729,362.3157653808594,74839700
2022-07-05,357.2218760257325,363.0190868264124,354.3897883879628,363.00006103515625,81438000
2022-07-06,363.1425568197513,366.7159247303021,360.75716958402745,364.2259826660156,70426200
2022-07-07,366.0031367080708,370.4793302796413,364.2449625145711,369.6810302734375,64525900
2022-07-08,368.0463936451257,371.24913544426704,366.51632594229847,369.3769226074219,72397800
2022-07-11,366.6969600116307,367.66631821985214,364.4636048722329,365.1573791503906,58366900
2022-07-12,364.6061122917404,366.99152847059673,360.17742508846254,361.9260864257813,62219200
2022-07-13,356.4805310045145,362.9620020597862,356.0623697104502,360.0253601074219,84224600
2022-07-14,355.064490796516,360.234458871572,352.6220841639683,359.15106201171875,89704800
2022-07-15,363.56071631441466,366.1267035144383,361.6505097570627,366.0126647949219,79060400
2022-07-18,369.1013252129824,369.7760736131692,361.764534839165,362.9905090332031,63203600
2022-07-19,366.9154789894388,373.3684403556091,366.2597563730755,372.7982177734375,78506000
2022-07-20,372.9883441739244,376.5902220427515,371.6198214217243,375.1741638183594,71843800
2022-07-21,374.59442084284586,379.0421048535145,372.1900078667484,378.9945983886719,64903900
2022-07-22,379.1181717855212,380.315607393985,373.2544293512537,375.478271484375,72197300
2022-07-25,376.1055368569356,376.7897982483448,373.69161069797406,375.9344787597656,53631500
2022-07-26,374.2903346496475,374.4994153201888,370.5934438420617,371.4867858886719,52946400
2022-07-27,374.7844685236655,382.8815653652331,374.4898588407444,381.1329040527344,82342100
2022-07-28,381.9407350618802,386.60698374585616,378.38636390787866,385.9132385253906,73966600
2022-07-29,387.3482404042619,392.52772101696127,386.5784500823875,391.5393371582031,87003700
2022-08-01,388.8403022177175,392.88885045045953,388.1275312754867,390.3798828125,69997500
2022-08-02,388.811793455637,392.4991997792288,386.62597416207234,387.8044128417969,63435400
2022-08-03,389.93332628036205,395.0462759800296,389.6482294209032,393.8773498535156,67820600
2022-08-04,393.8011998743411,394.48546115765066,391.96700956030446,393.6111450195313,45656600
2022-08-05,389.32504829644654,393.5921616324373,389.2680289335886,392.9459228515625,56814900
2022-08-08,394.6375414583589,396.8898931653189,391.387292955347,392.4897155761719,53886100
2022-08-09,391.75799267097744,392.2616830724149,389.8572697972165,390.9311828613281,44931800
2022-08-10,397.9923133525369,399.284819832152,396.0345713490144,399.1422424316406,68665700
2022-08-11,401.993326398253,403.8560554717358,398.4009617604305,399.1422424316406,59489700
2022-08-12,401.08098369306896,406.0038483328685,400.1306223802401,405.8993225097656,61694500
2022-08-15,403.6849557261061,408.0946460440883,403.6279363687809,407.5719299316406,54048300
2022-08-16,406.4980568196023,410.299502090017,405.69024389909407,408.3702697753906,59289000
2022-08-17,404.7684215424708,408.1802154391552,403.4664310836019,405.4716796875,63563400
2022-08-18,405.6712159722093,407.33434826924736,404.3787385083909,406.6501159667969,49023200
2022-08-19,403.884538856435,404.1506388492187,400.3111712367189,401.1855163574219,68016900
2022-08-22,396.34822912534094,396.51931622755393,391.9290542056425,392.8319091796875,77695600
2022-08-23,392.4041873745743,394.7991164880296,391.3302744311885,391.8815002441406,49105200
2022-08-24,391.6534263650644,394.50451059223457,390.9691939931629,393.1360168457031,49177800
2022-08-25,394.6280346959815,398.7336026574548,393.5351249523274,398.6860961914063,50942300
2022-08-26,398.5720522592657,399.1137361754967,385.13392912672487,385.1909484863281,103087000
2022-08-29,382.2353640126794,385.6946644031111,381.285002619314,382.6440124511719,65370800
2022-08-30,383.803441896294,384.0410322368263,376.3430994030369,378.4433898925781,85652400
2022-08-31,380.0779980354621,381.3229690519403,375.4307462340977,375.5637817382813,76029700
2022-09-01,373.3874439782647,377.0843341449372,370.6789086257784,376.7422180175781,78740100
2022-09-02,380.4106274783638,381.62708880615634,370.954520756476,372.7697143554688,99632100
2022-09-06,373.6155413307237,374.55638973388335,369.1393477426086,371.3631896972656,76637400
2022-09-07,371.04956742201074,378.80451936163286,370.8310028776724,378.0347290039063,70964200
2022-09-08,375.7634126219765,380.9618617031352,374.5564350669581,380.5057067871094,80821700
2022-09-09,382.7484910278691,387.2817328762808,382.48239103068937,386.4169006347656,76706900
2022-09-12,388.4887439909732,391.2923218090903,388.1846213728781,390.5700378417969,69256300
2022-09-13,381.8837341840326,383.0907118046368,372.46567760149713,373.5870971679688,122947100
2022-09-14,374.8890826483059,376.5332183991337,371.70536598765534,375.01263427734375,85023700
2022-09-15,373.4539049662511,376.3049883825302,369.4814023668884,370.7548828125,87633800
2022-09-16,366.57147330224217,368.58495903524056,364.6342868550473,367.926513671875,103084800
2022-09-19,364.7774471288752,370.7797546386719,364.701089599931,370.7797546386719,73278500
2022-09-20,367.4494117437097,368.4609306805626,363.7659614872204,366.5237731933594,77274900
2022-09-21,368.4513532726731,371.5050138173394,360.12063601648464,360.13018798828125,106746600
2022-09-22,359.35721571534805,360.9985532046951,356.36083780125125,357.10516357421875,89472600
2022-09-23,353.63161092219536,353.66978968711527,346.67503807204696,351.1219177246094,122346900
2022-09-26,349.6523393463072,353.27853570562985,346.42691809015844,347.6483764648437,92581200
2022-09-27,351.18870108949443,353.459857136267,344.3657100991575,346.76092529296875,108294100
2022-09-28,347.7152275322068,355.27299311416255,346.01663630256644,353.5839538574219,110802200
2022-09-29,350.03404240715685,350.3203103402681,343.24923029563433,346.1979064941406,112952300
2022-09-30,345.25318357199444,349.17522920833704,340.7109004194997,340.844482421875,153711200
2022-10-03,344.56611454293574,351.6944777642895,342.7816430249758,349.8432006835937,89756500
2022-10-04,355.36842016959133,360.71231209913736,349.8050658415785,360.6836853027344,103602800
2022-10-05,356.3131081925854,362.10547600581526,353.9846987017383,359.8438720703125,88065700
2022-10-06,358.44114174816866,361.3993701215644,355.6355993235401,356.1318359375,82333500
2022-10-07,352.09525889115315,356.2176918591457,344.432509914981,346.1979064941406,107789500
2022-10-10,347.3143419995389,347.5529082912699,341.31203506732743,343.5545349121094,76042800
2022-10-11,341.8560084056642,346.42694756944854,339.4417182439327,341.3788757324219,92482800
2022-10-12,341.7891591233935,343.3636907851623,340.0046588434037,340.2527770996094,76991800
2022-10-13,333.2389867095814,350.7020596679561,332.1892890254387,349.23248291015625,147254500
2022-10-14,351.6944557677686,353.32627035722425,340.6345247152281,341.2738952636719,123737000
2022-10-17,347.362126415413,351.15056087847387,340.9399103655982,350.0436096191406,93168200
2022-10-18,357.9735554343078,358.2789273270504,350.7115811797056,354.156494140625,97162900
2022-10-19,352.114309147708,354.8435227810488,348.83163450834223,351.646728515625,79746900
2022-10-20,351.19826004641624,355.62606505287266,347.9346598802896,348.6980895996094,88283100
2022-10-21,348.42137072610865,357.65865261101857,346.913644240023,357.1719970703125,131038400
2022-10-24,358.698788584184,362.6780584769711,356.0459031598392,361.54248046875,85436900
2022-10-25,361.4661752393635,367.63072116367647,361.351668058396,367.3158264160156,78846300
2022-10-26,364.16670060269513,369.85411334727513,363.90905946867207,364.5484008789063,104087300
2022-10-27,365.55042194011406,367.3921470125133,361.9814498519805,362.6017456054688,81971800
2022-10-28,362.49674993223925,371.70540412790007,362.3154371979505,371.228271484375,100302000
2022-10-31,368.7663054799875,370.6366574184391,367.6402793522776,368.54681396484375,96631300
2022-11-01,372.2970465066368,372.5356128113788,365.7603239323339,366.9340515136719,85407600
2022-11-02,366.3423854587386,370.85607010454953,357.6204171263898,357.7253723144531,126990400
2022-11-03,354.4809460886305,357.0861009438969,351.9235219733596,354.0419921875,87100100
2022-11-04,359.7580535469761,361.5425251743016,353.0781957888094,359.1377868652344,103505200
2022-11-07,360.435515659066,363.1647293889321,358.3552244250396,362.5730895996094,68286900
2022-11-08,363.6800477836496,367.5066610953688,360.44510344190144,364.52935791015625,84641100
2022-11-09,362.5539523085774,363.7086341105511,356.5229895570527,357.01922607421875,78495500
2022-11-10,370.3026114178393,376.9729451885855,368.00285783726986,376.6389465332031,141455800
2022-11-11,377.4977128890988,381.0857588460338,375.6082575799313,380.2841796875,93839900
2022-11-14,378.5189544567254,381.877958512726,376.7726322939402,377.0493774414063,71903500
2022-11-15,382.803485688694,383.9104368342091,376.4480758536066,380.26513671875,93194500
2022-11-16,378.6333873395873,379.5876526465697,376.7344086976896,377.3642272949219,68508500
2022-11-17,372.6024121072464,376.88708300619,372.2970693510568,376.2095336914063,74496300
2022-11-18,379.54944898801807,379.61625454437336,375.0644198124641,377.9176635742188,92922500
2022-11-21,376.5913098444823,377.7173360224795,374.701853876587,376.5435791015625,51243200
2022-11-22,378.4902502119182,381.7729251703146,377.077927085489,381.6106872558594,60429000
2022-11-23,381.2767367133459,384.5021584907623,381.0477223316636,384.0155029296875,68261600
2022-11-25,383.45240227506304,384.4830250793276,383.175686313319,383.9295349121094,30545400
2022-11-28,380.8377181509344,382.4790555588377,377.0397319419152,377.80316162109375,67881600
2022-11-29,377.9367417321205,379.1295732981502,375.312512286855,377.1542663574219,52310000
2022-11-30,377.4023553187591,389.0348510742188,375.48430196447526,389.0348510742188,144566700
2022-12-01,390.0749791715559,391.2487358630156,386.2388435135502,388.7485656738281,76398200
2022-12-02,383.853229920111,389.2066444558519,383.7482747120534,388.3001098632813,85342700
2022-12-05,385.4754306592434,386.4105918965586,379.9597790901639,381.3148193359375,77289800
2022-12-06,381.15263615766594,381.6965452135378,373.72845373229296,375.8182678222656,77972200
2022-12-07,374.96895454275847,377.5454821251701,374.0433161720851,375.1788940429688,65927900
2022-12-08,377.068403979044,379.18684498444895,375.2839034087124,378.1180725097656,60737900
2022-12-09,376.877540928146,379.4349649497952,375.1693978824169,375.29345703125,81447700
2022-12-12,376.0854626556509,380.7041320800781,375.41749445562255,380.7041320800781,75405800
2022-12-13,391.4586867415021,391.7163278716569,380.8186351718438,383.58599853515625,123782500
2022-12-14,383.24246302501166,386.95456892239247,378.18486871743545,381.133544921875,108111300
2022-12-15,376.2667660559643,377.17332966722427,370.1499515992905,371.8103637695313,117705900
2022-12-16,369.25170439241776,370.59380455921166,365.282920380928,367.4206848144531,119858000
2022-12-19,367.6124594366193,367.9479918227815,362.63707790509415,364.30511474609375,79878100
2022-12-20,363.5478242860952,366.42376617165866,362.224886337841,364.80364990234375,74427200
2022-12-21,367.4015822948589,371.3895586231339,366.864742140629,370.2583618164063,78167400
2022-12-22,367.20980089104194,370.23912957543627,359.2722031883447,364.9761657714844,100120900
2022-12-23,363.95045341487634,367.2194443247234,362.3974494193303,367.0756530761719,59857300
2022-12-27,366.96055483629175,367.3056537714611,363.95038870900765,365.6280212402344,51638200
2022-12-28,365.5609421925815,367.5357824385264,360.8540099500132,361.0840759277344,70911500
2022-12-29,363.9312659767522,368.4560822388192,363.40399242752494,367.5837097167969,66970900
2022-12-30,364.89952091921486,366.7592697589564,362.7808893302895,366.615478515625,84022200
2023-01-03,368.4752072280289,370.4500180533657,362.2056465586836,365.072021484375,74850700
2023-01-04,367.3344101610025,369.9227691840596,364.2859192267099,367.8904418945313,85934100
2023-01-05,365.9348510599075,366.0498840558089,363.0972632238266,363.6916198730469,76970500
2023-01-06,366.787997866155,373.1534294334061,363.7203443233328,372.0317993164063,104189600
2023-01-09,374.2271061896771,377.4194177778674,371.6387762794701,371.8208923339844,73978100
2023-01-10,371.2361537559992,374.4955486092587,370.29666890331214,374.4284362792969,65358100
2023-01-11,376.0102861562455,379.24092326423306,375.1954300022919,379.1642150878906,68881100
2023-01-12,380.2665995563064,382.0113152345906,376.1923489363796,380.5445861816406,90157700
2023-01-13,377.3427317250366,382.5961292686462,377.0743116610912,382.02093505859375,63903900
2023-01-17,382.00176656830166,383.6793992551705,380.6404746013532,381.3211059570313,62677300
2023-01-18,382.5098268846119,383.5739112290624,375.099473530486,375.30078125,99632300
2023-01-19,373.2588624544161,374.9077368205896,371.2457267242991,372.5686645507813,86958900
2023-01-20,373.9682974187143,379.6626644141514,372.3194229813892,379.50927734375,91806400
2023-01-23,380.3145820381866,385.99935386476415,379.3559346776604,384.0628967285156,84178800
2023-01-24,382.3852438122681,384.561362674629,381.1965305092897,383.6506652832031,59524900
2023-01-25,379.5763915316237,384.1299659834221,377.2852105542449,383.79443359375,84800300
2023-01-26,386.4594777963223,388.1754645974599,383.4876654146606,388.0124816894531,72287400
2023-01-27,386.9675348741631,391.281447303276,386.7566313185161,388.9039916992188,68346200
2023-01-30,386.1431385720956,388.3768032673917,383.7273577965346,384.0245361328125,74202000
2023-01-31,384.5422207556733,389.7189106560657,384.1970924926628,389.6709899902344,86811800
2023-02-01,388.4534516542682,396.5636286134995,385.7117345077939,393.8122863769531,101459200
2023-02-02,397.70436739497256,401.01171197085296,395.80626464324223,399.54498291015625,101654500
2023-02-03,394.569606006432,399.7271327340284,394.09028239614366,395.2981872558594,94736800
2023-02-06,392.8441214575586,394.2820925400618,391.224005030824,392.8824462890625,60295300
2023-02-07,391.96206429093394,399.2669510561357,390.7158346703452,398.0207214355469,90990700
2023-02-08,396.0459432619734,397.388043561494,392.97826035827575,393.6684875488281,76227500
2023-02-09,397.2730427680662,397.4264298512411,389.0286698948832,390.2557373046875,78694900
2023-02-10,389.0765695741987,391.54989593055205,388.2617427936973,391.16644287109375,70769700
2023-02-13,391.81836557198494,395.8926170123536,391.3582042890578,395.7583923339844,64913500
2023-02-14,394.2340728818384,397.8865164448738,391.616984698197,395.5762023925781,88389300
2023-02-15,393.38091503799455,396.9374882356896,392.5373007553342,396.8608093261719,61555700
2023-02-16,391.8854343728946,395.83505653186137,391.2623194847148,391.3965148925781,76431500
2023-02-17,389.2683127319957,390.6583629922171,387.34142233465536,390.418701171875,89257800
2023-02-21,386.39237880681736,387.44689668905306,382.3277236123021,382.5865478515625,82655900
2023-02-22,382.9987818589444,384.5422193179231,380.6021634644275,382.059326171875,83742300
2023-02-23,384.95435986418846,385.5679081030341,379.8639456708509,384.0915832519531,96242400
2023-02-24,379.0683237378521,380.8226354035622,377.36193273433554,379.9886169433594,108194400
2023-02-27,383.33432711552274,384.69561928163296,380.3433519399528,381.2828369140625,80444700
2023-02-28,380.8033934847107,382.768608313838,379.7680382460348,379.8735046386719,96438600
2023-03-01,379.058688324708,380.2857555557943,377.1126357022291,378.4163818359375,99706800
2023-03-02,376.4416013971857,382.20308082772186,376.1060690029621,381.3594665527344,85127800
2023-03-03,383.1808664410556,387.7248740903768,382.5289933624495,387.4756164550781,90120000
2023-03-06,388.3000515971973,390.6008283701899,387.3030795348652,387.7440490722656,72795900
2023-03-07,387.6961497930768,387.9358116155142,381.1869265041094,381.8004455566406,108310600
2023-03-08,381.91556305269023,383.18095542395616,380.1899801281676,382.4236450195313,74746600
2023-03-09,383.2096475110798,384.8777136423342,374.3805144113086,375.367919921875,111945300
2023-03-10,374.8214838248375,376.901761257044,368.4273229667233,369.9515686035156,189253000
2023-03-13,366.02106965683873,374.2462786691214,364.9090354410611,369.42425537109375,157790000
2023-03-14,374.3517676052174,377.1797888194533,371.0444227448801,375.5309143066406,149752400
2023-03-15,369.9323910671056,373.38349766674736,367.8425178859198,373.1821899414063,172996900
2023-03-16,370.8239545188717,380.0748950855989,370.3158726215868,379.7297668457031,143254200
2023-03-17,378.3979622867853,379.5334763060183,373.9039803951704,375.2897033691406,140553400
2023-03-20,376.0691640257984,379.31215983644114,375.3666994576997,378.8983459472656,93055800
2023-03-21,382.2664406357319,384.3546576570402,380.6690090906792,383.8735046386719,91524200
2023-03-22,383.7002630234373,387.31851343521214,377.2913018555356,377.3297729492188,111746600
2023-03-23,380.1974645439356,384.2391613901428,375.636143615093,378.349853515625,119351300
2023-03-24,377.0699607694,380.9191845780308,374.7219318967555,380.8325805664063,107682400
2023-03-27,383.1132104927744,383.8830728135966,380.64970980063305,381.5446472167969,74010400
2023-03-28,380.8518079845922,381.5446694300476,378.8502245684134,380.688232421875,62871700
2023-03-29,384.8550092196648,386.46207306808367,383.6521267894026,386.2214965820313,77497900
2023-03-30,388.85816364557934,389.1083725616801,386.6160039583287,388.4828796386719,69840000
2023-03-31,389.4067778104378,394.2568086260701,389.3009088717674,393.95849609375,112062600
2023-04-03,393.43874659917225,395.8637467316945,393.0441976826668,395.4595947265625,67391100
2023-04-04,396.10437947935486,396.3930888912914,391.8894746234111,393.2655944824219,66601500
2023-04-05,392.534243907046,393.2944738697264,390.5807639021192,392.2359313964844,65200200
2023-04-06,391.437167451645,394.0450376322365,390.3882575257403,393.7659606933594,63743300
2023-04-10,391.2832478731585,394.2471669450841,390.6673872737357,394.170166015625,63681000
2023-04-11,394.7956544202573,395.6809594619992,393.5061679518089,394.2760009765625,59297900
2023-04-12,396.3449304189456,396.63363981226826,392.0819222861502,392.6689147949219,86420400
2023-04-13,393.7563125926208,398.2406615136449,392.6111662470231,397.8846130371094,85814800
2023-04-14,397.2495326959301,399.443589174648,394.6031912280039,396.9127197265625,78161500
2023-04-17,396.82611712486937,398.356180127704,395.59436663010166,398.3369445800781,66436400
2023-04-18,399.9150645614992,400.04980148093387,397.220619845255,398.5967102050781,63560000
2023-04-19,396.6817785129536,399.43395956292494,396.6240425026219,398.5294189453125,55227300
2023-04-20,395.7098562929952,398.10601828904817,394.8052862710272,396.3546142578125,75840400
2023-04-21,396.65293468061344,397.12445524947367,394.709087024072,396.6625671386719,73457400
2023-04-24,396.46043453439125,397.4997414469219,395.12284448225694,397.0763244628906,64332100
2023-04-25,395.103539346267,395.661693208056,390.7154268377835,390.7731628417969,97766700
2023-04-26,391.3891608257953,392.466939021432,388.5599783786224,389.11810302734375,80447000
2023-04-27,391.6585449994972,397.1340685308111,391.40833604006144,396.8646240234375,92968400
2023-04-28,395.97928167060974,400.26155506482286,395.9215456607,400.2519226074219,89433100
2023-05-01,399.8092473425676,401.8781992260224,399.6167744089802,399.8477478027344,62122300
2023-05-02,399.13564578414,399.1837787040956,392.4476367591756,395.3537902832031,103998500
2023-05-03,395.8541433677578,398.2695405891648,392.3994686895328,392.6400451660156,91531800
2023-05-04,391.59114772802405,391.91832822239473,388.5213894409254,389.8590087890625,94901900
2023-05-05,393.4965450134205,398.125234465571,393.2367329689119,397.0763244628906,87891800
2023-05-08,397.40353090526224,397.6633429667236,395.77723133030975,397.1821899414063,50046800
2023-05-09,395.63287211761855,396.5566776586157,395.2094551264847,395.4403991699219,49220100
2023-05-10,398.2791682813285,398.9142936957152,393.4580063527656,397.2879943847656,96142900
2023-05-11,396.4219762908843,396.8838643849846,394.5165998009732,396.5951843261719,70157100
2023-05-12,397.8365674670435,398.04827596600416,393.6505304091499,396.0755310058594,70481500
2023-05-15,396.6817561677767,397.8461381335402,394.7667767427343,397.4419860839844,54289400
2023-05-16,396.3353398421656,397.2591747577228,394.77640880213,394.7860412597656,57705500
2023-05-17,396.8069228969932,400.18459731007454,395.16138770255606,399.578369140625,87287000
2023-05-18,399.2607196795313,403.8509377054382,399.0394081133319,403.4275207519531,97177200
2023-05-19,404.3320457296968,404.8613021791118,401.61833629319466,402.8404541015625,103793300
2023-05-22,402.8597798529756,404.54381527738377,401.6183969458684,403.0041198730469,60745400
2023-05-23,401.358516825221,402.93671253841774,398.0866827611539,398.4812316894531,86383500
2023-05-24,396.8742131296412,397.2591296170941,394.4299479150844,395.5943298339844,89213700
2023-05-25,399.1067150856023,400.4732023013642,396.86455539773374,399.0201110839844,90961600
2023-05-26,399.6745267786192,404.9094736202561,399.5975552223808,404.187744140625,93830000
2023-05-30,406.1219771957275,406.6512337191027,402.955982410714,404.3417053222656,72216000
2023-05-31,402.5133328515,403.41790279671176,400.5309849376734,402.09954833984375,110811800
2023-06-01,402.3304494458564,406.9784031486699,401.079463587308,405.91986083984375,88865000
2023-06-02,408.4988787329244,412.5790465929496,407.9696222034908,411.78997802734375,91426200
2023-06-05,412.1363990044285,413.4258854781173,410.2983910805687,411.0008850097656,65460200
2023-06-06,410.5871214183071,412.4251000685976,409.93273100728186,411.8958435058594,64022200
2023-06-07,412.2903604628489,413.4258744271593,410.0481711705742,410.4715881347656,85373300
2023-06-08,410.5389484373123,413.4066306619177,409.7691154453124,412.954345703125,61952800
2023-06-09,413.7531095499645,415.7065896969759,412.7041994579485,413.69537353515625,85742800
2023-06-12,414.6769171108834,417.5253346663892,413.9551876062376,417.4483337402344,76104300
2023-06-13,418.9110140981565,420.8452289997208,418.2470206735575,420.2005004882813,95899700
2023-06-14,420.5373216552151,422.5100370544421,417.2462224703346,420.7008972167969,100612100
2023-06-15,419.8829487810575,427.1676119841462,419.7867416783568,425.9166259765625,110303100
2023-06-16,427.9043831698667,428.4742491472454,423.99257880127806,424.4658508300781,114165800
2023-06-20,422.52444796434224,423.41304154167295,420.1870041214196,422.2636413574219,76160400
2023-06-21,421.2784425280354,422.0801103736596,419.51086470582334,420.1000671386719,76982300
2023-06-22,419.1438946735372,421.722779347334,418.8058305710823,421.6165466308594,70637200
2023-06-23,418.1586622892244,420.2159925909701,417.714365486568,418.4291076660156,92074500
2023-06-26,417.8592755318311,419.781368562751,416.4780732983192,416.7195434570313,72823600
2023-06-27,417.59847607026,421.9062952182516,417.1445110170716,421.28814697265625,72813700
2023-06-28,420.2063045276252,422.5147730975973,419.5881563282677,421.5006103515625,75636000
2023-06-29,421.0852585523664,423.32610840810986,420.679605245235,423.1618957519531,67882300
2023-06-30,426.3783009507995,429.1407051013052,426.0595438710738,428.155517578125,104964000
2023-07-03,427.8078514299053,428.9282469948695,427.5277378004959,428.6481628417969,32793400
2023-07-05,426.8322751907773,428.7447292814146,426.8226069528998,428.0106506347656,58418400
2023-07-06,424.4272557113554,425.0840474287703,422.1477622241082,424.6590576171875,80658300
2023-07-07,423.6641704920447,427.5373607483118,423.3454134187473,423.5868835449219,86134200
2023-07-10,423.2295437531058,424.8329090465616,422.659677750378,424.6590576171875,62443500
2023-07-11,425.4220342763996,427.8560422746705,424.4464856392724,427.3634338378906,64463800
2023-07-12,431.1594330344666,432.2122392972248,429.729919208418,430.8020324707031,91924500
2023-07-13,432.617887210663,435.0132815571351,432.18325865422753,434.2212524414063,72425200
2023-07-14,435.109843497716,435.9597935487755,433.1877213239847,433.9507751464844,69815800
2023-07-17,433.8059330908804,436.5103868213516,433.7576213779186,435.4575805664063,52680200
2023-07-18,435.12919667930265,439.3404218148386,434.694538632374,438.69329833984375,80668200
2023-07-19,439.4853645954834,440.8568986136269,438.61604842821305,439.66888427734375,65891700
2023-07-20,438.6739532656,439.5722150431973,436.037088927524,436.7518310546875,70591600
2023-07-21,438.4710971405942,438.6739532656,436.7421922937348,436.7518310546875,71275600
2023-07-24,437.9012445599851,439.5142779903244,436.867745334165,438.7029418945313,54023400
2023-07-25,438.4325069587421,441.1562676750072,438.3841952460214,439.900634765625,55191200
2023-07-26,438.9637376866275,441.3977460774992,437.9109314172146,439.96826171875,71052900
2023-07-27,443.35849914141073,443.7641819600167,436.1433699333953,437.0513000488281,92194400
2023-07-28,440.3256151682766,442.16078225681895,437.0512660643136,441.33013916015625,80011800
2023-07-31,441.8033708767588,442.5277811990183,440.48975816470266,442.17041015625,62040400
2023-08-01,440.7022952345732,441.6488687577706,439.9489096063416,440.9051513671875,55291500
2023-08-02,437.78533196247287,438.0461090832154,434.0184039478584,434.7717895507813,93933400
2023-08-03,432.7531252299224,435.4092967139093,432.10597229878186,433.52581787109375,64276100
2023-08-04,435.34172133475255,437.447334046417,431.04354071502667,431.5651245117188,100128900
2023-08-07,433.400300457552,435.4866062095408,432.704865206889,435.3320617675781,58357500
2023-08-08,432.7917508600607,435.3223827020289,430.07762882885913,433.43890380859375,71361300
2023-08-09,433.70931608230507,433.8735287355085,429.7781754061016,430.5412292480469,78789600
2023-08-10,432.8979765886809,436.2882265207825,429.52706313111736,430.6957702636719,93005500
2023-08-11,428.8219385368356,431.458802739744,428.22309738246776,430.4446105957031,68690900
2023-08-14,429.5270825673996,432.8207092285156,429.2179937241371,432.8207092285156,47867400
2023-08-15,431.0434597694716,431.4008602977152,427.2089131864871,427.77880859375,75707500
2023-08-16,427.3635314579317,429.0248473056636,424.5335083117714,424.6397705078125,80107200
2023-08-17,426.1078247958852,426.368601907091,420.8824080004751,421.4039916992188,95711300
2023-08-18,418.5836616313642,422.6403718520157,418.23595877170976,421.60687255859375,98852000
2023-08-21,422.6210106803204,425.09366245894176,420.4671159807588,424.3499450683594,68719000
2023-08-22,426.1271477129419,426.1271477129419,422.6403332909712,423.2005310058594,64994200
2023-08-23,424.263004912033,428.53220964419495,424.1181287339091,427.9140319824219,68441000
2023-08-24,429.5174072282619,430.0293227205553,421.9545463127507,421.9835510253906,88517300
2023-08-25,423.7124409886771,426.2430431246683,420.15800790417546,424.95843505859375,102325100
2023-08-28,427.1509520711484,428.2713769074764,424.9584141058072,427.6532287597656,61595400
2023-08-29,427.5470383309648,434.1150440450923,427.3635186603017,433.8349304199219,83081900
2023-08-30,434.1730052474849,436.2593109157671,433.4679017861337,435.621826171875,69053900
2023-08-31,436.2399775018421,437.3797095627112,434.8008248059368,434.9843444824219,66084600
2023-09-01,437.7081084262502,438.1910487085468,434.337165211912,435.795654296875,58944100
2023-09-05,435.3512912411451,435.67001880937096,433.8445201477789,433.912109375,55166200
2023-09-06,433.1008212089274,433.20708339429626,428.6674331394679,430.9952087402344,70758500
2023-09-07,427.9912839614794,430.3480346831722,427.6435811384425,429.67193603515625,70355400
2023-09-08,429.7202505724055,431.8548383334024,429.3628794853081,430.319091796875,61659700
2023-09-11,432.9462527649071,433.4581682353376,431.2366549432054,433.1491088867188,60180100
2023-09-12,431.7003378706483,433.2264162204621,430.1935665209915,430.7730712890625,67565400
2023-09-13,430.9951854819559,432.4343379531001,429.8940675950137,431.2752990722656,60199300
2023-09-14,433.747962382289,435.6893621396805,432.4440178145085,434.9939270019531,83430800
2023-09-15,433.4072542770486,433.7368084981918,429.3168595859164,429.7530212402344,111848900
2023-09-18,429.4428320631367,431.3038771522312,428.9678906350114,430.0050354003906,55752200
2023-09-19,429.0841732913192,429.675454034148,426.42833506959016,429.1132507324219,66514600
2023-09-20,430.3733738455972,430.7901603921495,424.9647327603663,425.1683044433594,82562600
2023-09-21,422.3185875705256,422.5802845540439,417.98587113932,418.1409606933594,104095800
2023-09-22,419.16839709834846,420.7677155797648,416.7839285170148,417.2007446289063,100829700
2023-09-25,415.98915213201,418.9939198820318,415.5529609010411,418.9551696777344,70874500
2023-09-26,415.91157553365485,416.6191660672769,411.9665682552368,412.8001708984375,96168400
2023-09-27,413.9729720120895,414.5351752960794,409.3204041006066,412.96490478515625,104705800
2023-09-28,412.4124571151363,417.035947852058,411.8211763569914,415.3590698242188,92258300
2023-09-29,418.4123916323294,418.5868563011905,412.8292855862936,414.35107421875,115111300
2023-10-02,413.5174684907983,415.4366685752328,411.42380373877234,414.186279296875,83798600
2023-10-03,412.0053970277405,414.2444490832808,407.2752686675357,408.6419677734375,103760600
2023-10-04,409.1071941153402,412.3639860114544,407.64356048210016,411.6176452636719,87453000
2023-10-05,411.3268404794052,412.3058303467078,408.23484048426144,411.4625549316406,70142700
2023-10-06,409.0102645413664,417.8889419596687,407.68234534407696,416.3477783203125,113273300
2023-10-09,414.4479401975877,419.5851817448939,413.8954687983384,419.0133056640625,80374400
2023-10-10,419.64334789466267,423.7918973624895,419.245936455557,421.1942138671875,78607300
2023-10-11,422.2604167519184,423.17151977952034,419.8759482263836,422.9195251464844,62451700
2023-10-12,423.5302426681925,423.9082494629408,417.98591622949925,420.3412780761719,81154200
2023-10-13,421.8436377363804,423.0455744454242,416.6773479708049,418.2475891113281,95143100
2023-10-16,420.4962521536565,423.7142933075615,420.2539303121933,422.6480712890625,75433200
2023-10-17,419.51728827351457,424.68360681651455,419.1683589988732,422.6286926269531,75324700
2023-10-18,420.85496751569167,421.81455273319096,415.9115950498216,416.9971923828125,93559800
2023-10-19,417.7145119651641,419.5270750829903,412.65482940199,413.3333129882813,121323000
2023-10-20,412.89713777676974,413.4399364601398,408.1476049268172,408.2542419433594,123919900
2023-10-23,406.7226696223979,411.4140466449229,404.9682618038507,407.5465698242188,92035100
2023-10-24,409.6693807564813,411.7727477741345,407.8180379697815,410.6192932128906,78564200
2023-10-25,408.9327472697519,408.9618247136512,404.2122919545002,404.72601318359375,94223200
2023-10-26,403.6597612351225,404.5127093243327,398.9587112931171,399.8795166015625,115156800
2023-10-27,401.4692254760225,401.8666369338055,396.6421626745101,398.0670166015625,107367700
2023-10-30,400.85854988329856,403.88272225418063,399.5597081383843,402.8262023925781,86562700
2023-10-31,403.3980688820503,405.67590044700427,401.4885713038088,405.3560485839844,79665200
2023-11-01,406.3253807943772,410.49330571448974,405.7922548569512,409.6791076660156,98068100
2023-11-02,413.4786898388463,417.6854240377106,413.4593147358308,417.53033447265625,94938900
2023-11-03,419.8372157670484,422.8904655764815,419.71120365505175,421.339599609375,100167800
2023-11-06,422.0956544795997,422.75476292041225,420.3606214665909,422.3088989257813,67831700
2023-11-07,422.3088656922616,424.1505059932791,421.1651135619809,423.5107727050781,64256100
2023-11-08,424.1117888599285,424.6352124603762,421.5141051219166,423.8210144042969,61746000
2023-11-09,424.9647429571584,425.0035227425126,420.0892276547656,420.5157165527344,83174400
2023-11-10,422.5899824315263,427.38793789386506,420.5059906051338,427.0777587890625,89462200
2023-11-13,425.7402075090933,427.7756878254619,424.9550869115658,426.6707153320313,52236100
2023-11-14,432.61240832792026,436.2375341476565,432.3894615518305,434.9483947753906,97176900
2023-11-15,436.28595764463023,437.5169716311029,435.01619345817966,435.8691711425781,77327600
2023-11-16,435.42329296176746,436.7221345458812,434.3570708911356,436.40228271484375,66665800
2023-11-17,436.4119730300388,437.5557547047121,435.4911676985958,436.9450988769531,83133200
2023-11-20,436.6931403604103,441.1518692274426,436.6834380187307,440.30859375,69936200
2023-11-21,439.2617361737396,440.18257120218567,438.0792041489343,439.3489685058594,49244600
2023-11-22,441.0064463302394,442.3634429416601,439.9499264834794,441.0451965332031,59394900
2023-11-24,441.0937026627971,441.5104892196469,440.7641484378246,441.3166198730469,29737400
2023-11-27,440.68655185927656,441.5007498020653,440.1340508901427,440.5217895507813,50506000
2023-11-28,440.1341074232772,442.2568496676103,439.5719336216336,440.9580078125,62115000
2023-11-29,443.10979527762873,444.2438747206066,440.2504147680835,440.6477966308594,63146000
2023-11-30,441.4911150141487,442.7318019261052,439.41682540648986,442.3828430175781,79752700
2023-12-01,441.7721644254671,445.5330047536573,441.1809132340256,444.9999084472656,89183400
2023-12-04,441.6073900887256,445.019271433423,440.3860783753154,442.6639099121094,72430900
2023-12-05,441.2778489374918,443.5362758597069,440.8998126034742,442.5766906738281,69793500
2023-12-06,444.718815610949,444.7478930540511,440.3570216637853,440.793212890625,69124700
2023-12-07,442.87711919802166,444.8059917006337,442.27616572968856,444.1565856933594,66995400
2023-12-08,443.4102636541943,446.5992278993257,443.16794177253433,446.0661315917969,83194400
2023-12-11,445.5717979195869,447.97564170163525,445.358553474564,447.8011474609375,65002200
2023-12-12,447.45223299144266,449.9433091863663,446.4538679612237,449.8463745117188,68327600
2023-12-13,450.2243768877482,456.3018289230582,449.8657452173365,456.0498046875,93278000
2023-12-14,457.988399719296,459.1806341389057,454.83821495932193,457.5134582519531,119026000
2023-12-15,456.9157891356936,458.093403474674,454.91096383658,456.7600708007813,141553700
2023-12-18,458.3659614924249,460.3123963762856,457.3051580447496,459.3294372558594,70375300
2023-12-19,459.8744287176748,462.2004326198957,459.796584391768,462.12255859375,55761800
2023-12-20,461.2661017714052,463.1541458673366,455.2905624937439,455.7187805175781,102921000
2023-12-21,458.7064928022856,460.31232509298513,456.2831912512246,460.0398254394531,86667500
2023-12-22,461.1687533111456,462.64806267235934,459.0666299982645,460.9643859863281,67160400
2023-12-26,461.373187704544,463.8159432234597,461.2953136791012,462.9108581542969,55387000
2023-12-27,462.70651395388256,463.893840449239,462.1712562282074,463.7478637695313,68000300
2023-12-28,464.1079483619,464.7599874297711,463.5045582870676,463.9230346679688,77158100
2023-12-29,463.7283454487912,464.2538911563551,460.62377959337147,462.5799560546875,122283100
2024-01-02,459.5143743882812,460.9839423046435,457.8890881092372,459.9912414550781,123623700
2024-01-03,457.8306496986943,458.5703044192496,455.6311985932203,456.2345886230469,103585900
2024-01-04,455.7577162648923,458.3464782249613,454.5411944622418,454.7650451660156,84232200
2024-01-05,454.9694333616534,457.8404368275673,453.9378252017517,455.387939453125,86118900
2024-01-08,455.884242835596,462.0349842457667,455.7577198150965,461.8890075683594,74879100
2024-01-09,459.2320864754785,462.21012932199153,458.72602412321226,461.1882629394531,65931400
2024-01-10,461.46073210525145,464.6626254324965,461.1784907638839,463.7964477539063,67310600
2024-01-11,464.7988820904805,465.3146861106975,459.6116465550996,463.5921020507813,77940700
2024-01-12,465.0422353972928,465.78189018349474,462.50215203979474,463.9132995605469,58026400
2024-01-16,462.531322425016,463.8451421871986,460.39023221216354,462.2101440429688,85014900
2024-01-17,459.183486246918,460.12750840636863,457.2857002489762,459.6408996582031,68843900
2024-01-18,461.314802822399,464.28310409945385,459.7673906749951,463.7283630371094,91856200
2024-01-19,464.8572992191645,469.7915187143468,463.7770421286305,469.50927734375,110834500
2024-01-22,471.0469830334159,472.2245678207362,469.8499148891261,470.5019836425781,75844900
2024-01-23,471.04699545665005,472.1175109095896,469.9569966462272,471.8742065429688,49945300
2024-01-24,474.745184157241,475.6794645582401,471.8936642634199,472.3900146484375,81765000
2024-01-25,474.52132983790426,475.23178923650255,472.3900110425858,474.9592895507813,72525000
2024-01-26,474.53109852869903,476.0201200569098,473.509232074134,474.3559265136719,76641600
2024-01-29,474.6673802745829,478.25855521279726,474.1223808525455,478.112548828125,61322800
2024-01-30,477.4215584200377,478.4531665594372,476.9835986796224,477.7427368164063,58618400
2024-01-31,475.5334936248827,475.98116532447904,469.9277517507619,469.9472351074219,126011100
2024-02-01,471.6503810358882,476.1271872790658,470.8425939142762,476.0979919433594,91891600
2024-02-02,476.5359125482952,482.7644982110768,476.1952805049677,481.1100463867188,99228200
2024-02-05,480.4774696836803,481.1392504253947,477.1004039249224,479.3582458496094,75757100
2024-02-06,480.3022375794468,481.0808293147646,478.871606822303,480.74993896484375,55918600
2024-02-07,482.9981222525648,485.1781199523761,482.0930074037672,484.7596435546875,70556500
2024-02-08,484.759615339305,485.3532637246949,483.9421162494583,484.9737243652344,52343600
2024-02-09,485.47980263839474,488.2145413726089,485.1391705814137,487.776611328125,63979400
2024-02-12,487.7473831666172,490.0149666672007,486.84226840178366,487.5624694824219,56502300
2024-02-13,481.2851887040555,483.7766228154562,477.57723287028176,480.8472290039063,113099200
2024-02-14,483.4846542902519,485.7035886541278,481.158650574048,485.2169799804688,68387800
2024-02-15,485.91772783399097,488.74979405458623,485.4408311080291,488.56488037109375,61683000
2024-02-16,488.2632150838705,489.401862888149,485.3922116760664,486.1318664550781,75532900
2024-02-20,484.3897552215933,485.0612775893409,481.2073450833127,483.4554748535156,71736700
2024-02-21,482.1513643847193,484.0491204434422,480.3411646253707,483.8934020996094,59293400
2024-02-22,490.51131764803023,494.8713126484984,489.547812213356,493.9078369140625,76402500
2024-02-23,495.6304568322772,496.4674393117096,493.5185915264853,494.2485046386719,61321800
2024-02-26,494.6863927584272,495.1243524687159,492.3117399253592,492.4382629394531,50386700
2024-02-27,493.1292978892794,493.5769696039291,491.2315119659273,493.3531188964844,48854500
2024-02-28,491.7959350516518,493.2849564837583,491.4358493661455,492.7010498046875,56506600
2024-02-29,494.4625475441177,496.0878038910921,491.8153951566048,494.4722595214844,83924800
2024-03-01,495.3481852022985,499.5427199698066,494.9394208408344,499.114501953125,76844800
2024-03-04,498.3165563504212,500.4284215717115,498.2873313148722,498.5792846679688,49799300
2024-03-05,496.57450936840746,497.0222108221205,491.3872729351219,493.5964660644531,72855600
2024-03-06,496.8761267293977,498.3554361707815,494.8031986362925,496.0975646972656,68382400
2024-03-07,499.39677730974256,502.0731250869525,496.155946823752,501.0220336914063,58652100
2024-03-08,501.6546849790431,504.3407152276024,497.4406368151398,498.0148315429688,86532500
2024-03-11,496.8080772887865,498.17057584105015,494.8810959575729,497.5866394042969,62557200
2024-03-12,499.6985307075949,503.5232683044219,497.1778712794107,502.9393615722656,73114400
2024-03-13,503.2604525888654,503.4356245987712,500.7106276661075,502.1509704589844,55104100
2024-03-14,503.1241840027095,503.27993205507374,498.1121499011311,501.1583251953125,110171800
2024-03-15,498.0880174407595,499.5426370968139,496.0476768950372,497.717041015625,107646300
2024-03-18,501.7880086848296,503.2328266854258,500.26507469946,500.6750793457031,88893300
2024-03-19,499.9819809876235,503.7404859733711,498.9764238973626,503.4573974609375,60755300
2024-03-20,503.5159556369905,508.2507017437704,502.8423468084039,508.114013671875,69594600
2024-03-21,510.9548812333679,511.65774627628207,509.51000378121233,509.7931518554688,60256100
2024-03-22,509.7053025616341,510.19342318455074,508.5923732409752,508.8267211914063,79070800
2024-03-25,507.4500936500791,508.5727947087954,507.2646054643354,507.42083740234375,48512100
2024-03-26,508.8462519954212,509.1879722137105,506.08353191849,506.4837646484375,65463700
2024-03-27,509.314777365393,510.77913904884207,507.1474910896733,510.7400512695313,82999800
2024-03-28,510.77917463931885,512.1458765547503,510.35939807768415,510.6424865722656,96294900
2024-04-01,511.38442447935097,511.9213452013449,508.592329471925,509.7540588378906,62477500
2024-04-02,505.927220028753,506.6496289689748,504.2090260168563,506.5130004882813,74230300
2024-04-03,505.41957743973774,508.5728771082824,505.3707772955882,507.0694274902344,59155800
2024-04-04,511.08179809560863,511.4234586722389,500.5774335376575,500.8800659179688,96858100
2024-04-05,502.2370828649808,508.0749863325785,501.7977623960231,506.11273193359375,74546500
2024-04-08,506.8156491443553,507.8211466086966,505.5855756833857,506.3958129882813,48401800
2024-04-09,508.13352480372953,508.3775850942212,502.1296178236208,506.9815673828125,68049200
2024-04-10,501.28031218136,503.8966314464908,499.9233821983309,501.9051208496094,82652800
2024-04-11,503.42807581801776,507.1377806154055,499.9136311857634,505.6929626464844,70099000
2024-04-12,502.1491879340928,503.56474960986543,496.9848635757255,498.71282958984375,92561100
2024-04-15,502.8911540643935,503.0570983911642,491.6155498817616,492.46490478515625,92101400
2024-04-16,492.9432762462562,494.4662102656471,490.2781268160622,491.5667724609375,73484000
2024-04-17,494.0268584590965,494.1928325755386,487.26151394107353,488.6575317382813,75910300
2024-04-18,490.0535829309475,492.1524956151033,486.71482481856754,487.6520080566406,74548100
2024-04-19,487.57394131853926,488.5696966866847,482.1264983587833,483.3956298828125,102212600
2024-04-22,486.0021797330471,490.4440953998328,483.65920663681294,487.8472900390625,67961000
2024-04-23,489.85833417865257,494.0659315908711,487.6617913619136,493.6363830566406,64633600
2024-04-24,494.5247405147149,495.3154935043147,491.17624034467946,493.4020690917969,55928100
2024-04-25,487.3201124495616,492.2891769636512,485.67026231159537,491.5277099609375,69122400
2024-04-26,494.3197628446228,497.7658932650639,493.6852119906925,496.1843872070313,64306100
2024-04-29,497.9709059194509,498.61522873285696,495.1983842873063,497.9416198730469,46415400
2024-04-30,496.4772740416634,497.45351534342734,490.0536193847656,490.0536193847656,77483600
2024-05-01,489.4678686577356,496.11606953951656,487.9937347584278,488.46234130859375,80242800
2024-05-02,492.1720003799534,493.8706803453591,487.6812848525579,493.0310974121094,62550200
2024-05-03,499.01550940056416,500.3724693233871,496.4772760472205,499.1424255371094,72756700
2024-05-06,501.5439589853256,504.3359947534281,501.1046384911043,504.2969665527344,47264700
2024-05-07,505.2633981790086,506.2494113345479,504.1797847364997,504.8533935546875,52561300
2024-05-08,503.018083190491,505.439142457846,502.9009390056215,504.9022216796875,42047200
2024-05-09,505.0877400464436,507.8505196720802,504.4336750443816,507.8114318847656,43643700
2024-05-10,509.4124711158648,510.2227680798631,507.2452440275092,508.4655456542969,52233200
2024-05-13,510.1446966337389,510.25206888586143,507.39168877313017,508.5338745117188,36716400
2024-05-14,508.7290337983986,511.3844408276522,508.19211305924,510.8670043945313,57535900
2024-05-15,513.3369504006804,517.4859756907869,512.7023697575905,517.193115234375,59504900
2024-05-16,517.290757880065,518.891807952925,515.9825682875961,516.1290283203125,50244800
2024-05-17,516.2460410203236,516.9391936348987,514.7914513506761,516.870849609375,59187600
2024-05-20,516.988021010064,518.9307313200704,516.5975007250751,517.4663696289062,37764200
2024-05-21,516.7050565718225,518.8918276886369,516.5000244352296,518.735595703125,33437000
2024-05-22,518.0424683735625,518.7551054535538,515.0648847480338,517.241943359375,48390000
2024-05-23,520.2976177568495,520.404990006262,512.253338882305,513.4639282226562,57211200
2024-05-24,515.3090169926944,517.671564163704,514.3620914027401,516.8612670898438,41291100
2024-05-28,517.6715045678355,517.9057929513657,514.5865486245773,517.222412109375,36269600
2024-05-29,513.1903982666469,514.7816759767405,512.8877659185017,513.6004028320312,45190300
2024-05-30,512.058043918065,512.7218807717095,508.9438321636688,510.1933898925781,46377600
2024-05-31,511.1501711708498,514.9672481577884,506.0443890267406,514.84033203125,90785800
2024-06-03,516.4511159966606,516.7342044816085,510.1836048668509,515.2600708007812,46835700
2024-06-04,513.9519213593795,516.5780123549347,512.4875596797398,515.8360595703125,34632700
2024-06-05,518.1594924481877,521.9863407636332,516.1679225284454,521.966796875,47610400
2024-06-06,522.2696187618435,522.6991673724779,520.0242754001383,521.9572143554688,30808500
2024-06-07,520.980911626184,524.1342115774243,519.8875261250549,521.3226318359375,43224500
2024-06-10,520.5122904328304,523.255525898201,519.916797584573,522.933349609375,35686100
2024-06-11,521.3811694677967,524.2513211148034,519.4091430834137,524.1927490234375,36383400
2024-06-12,528.7615900630306,531.1924214122917,527.4631724257194,528.4979858398438,63251300
2024-06-13,530.2454535391702,530.4211698122318,526.7700371068663,529.5620727539062,44760900
2024-06-14,528.0293950539849,529.9135335983043,527.0238379218912,529.88427734375,40089900
2024-06-17,529.2008114818414,535.49757872361,528.7419471638832,534.1015014648438,55839500
2024-06-18,534.16013957423,535.585473259027,533.7403629842298,535.4585571289062,41376400
2024-06-20,536.3858757194955,537.0497124719363,532.2270793840357,534.0038452148438,70328200
2024-06-21,533.1803062748603,534.4045446160707,531.828742363983,533.2880249023438,64338600
2024-06-24,533.1117619254674,535.6777608035513,531.4369822915095,531.5545043945312,45528700
2024-06-25,532.7787868983022,533.9638712753774,531.2607431275164,533.6015014648438,37936200
2024-06-26,532.4848360585163,534.982269937736,531.8384646150638,534.267333984375,38550600
2024-06-27,534.1302894973802,535.6875469780335,533.3859430174333,535.1096801757812,35041500
2024-06-28,535.8833782760337,538.9391321933387,531.7601817698417,533.0039672851562,76144500
2024-07-01,534.3849539324244,534.6298016081159,531.3390631933655,534.1009521484375,40297800
2024-07-02,532.4948105764632,537.6953735351562,532.4458529900177,537.6953735351562,40434800
2024-07-03,537.381917105902,540.457218430894,537.3427629954197,540.0948486328125,32789900
2024-07-05,540.3984429341523,543.6108134486142,539.7618150479054,543.2092895507812,41488400
2024-07-08,543.9927357696513,544.7860397915607,542.7684974779849,543.8360595703125,36110500
2024-07-09,544.795863484972,545.6968861634513,544.0711239537649,544.3649291992188,27289700
2024-07-10,545.5891764995068,550.0943497431794,545.2953712492263,549.7515869140625,38701200
2024-07-11,549.8690906630567,550.7407626908513,544.3747234457534,545.0112915039062,53054200
2024-07-12,546.1376269625789,552.0531251206323,545.667538567234,548.448974609375,53084400
2024-07-15,550.4469707289841,553.1990561394715,548.0964091939553,549.957275390625,40584300
2024-07-16,551.2695891404957,553.5123721227574,550.5154392403327,553.2185668945312,36475300
2024-07-17,547.2834441243654,548.9582235359038,545.1385763631698,545.4617919921875,57119000
2024-07-18,546.9994291163081,547.9886231424467,539.0859366844549,541.2699584960938,56270400
2024-07-19,541.0350847426649,542.6609070533489,536.6180223784818,537.67578125,65509100
2024-07-22,541.6030366708314,543.826272604696,539.6638622867013,543.2190551757812,43346700
2024-07-23,543.111291105197,545.2659625762393,541.8773090500791,542.3670043945312,34439600
2024-07-24,537.5484404624247,537.8520492308112,529.1550538158566,530.07568359375,74515300
2024-07-25,530.1931317534066,536.177254363603,526.3735438881854,527.313720703125,61158300
2024-07-26,531.1040247828195,535.9128068838628,530.3302678617441,533.219482421875,53763800
2024-07-29,534.7669398202207,535.7756811771844,531.5349026238763,533.5328979492188,39515800
2024-07-30,535.0019870020752,536.059745722708,527.4215123549488,530.8297729492188,46853600
2024-07-31,537.6658891932146,542.0927543010554,536.2947780748914,539.4581909179688,65663400
2024-08-01,541.1819427118934,543.4345294348678,528.3127341764186,531.8189697265625,76428700
2024-08-02,524.7086595069954,525.9230946235249,517.7059908635142,521.9174194335938,82789100
2024-08-05,501.09556059219614,512.7894900065321,499.7537699897737,506.7172546386719,146267400
2024-08-06,508.5192787931633,518.832292941033,507.1971250816648,511.3889465332031,84826300
2024-08-07,517.5785847252098,520.63433876445,507.3733501679388,507.97076416015625,70698300
2024-08-08,513.1124804789883,520.3403875727178,511.085194629734,519.713623046875,63276600
2024-08-09,518.8909769209239,523.4941251002426,517.6667385635127,522.0054321289062,45619600
2024-08-12,523.2003538167259,524.6889871074426,520.0075304089534,522.2797241210938,42542100
2024-08-13,525.4725041133277,531.1040004577378,525.2276564461794,530.868896484375,52333100
2024-08-14,531.6622256176499,533.728785456597,528.9885080949739,532.543701171875,42446900
2024-08-15,538.1751988274788,541.9556326474029,537.5679813653051,541.671630859375,60846800
2024-08-16,540.0555332245729,543.581375155023,539.8988570348282,542.885986328125,44430700
2024-08-19,543.2973511166235,548.0767822265625,542.4452860411917,548.0767822265625,39121800
2024-08-20,547.6262846058479,549.2814571312036,545.8437865187526,547.185546875,33732300
2024-08-21,548.2335818085938,550.5253226989936,543.2974141481618,549.0660400390625,41514600
2024-08-22,550.9660777475402,551.5732952522009,543.5422788578662,544.7567138671875,56121500
2024-08-23,547.9985298599797,551.4851585059275,545.8046443878154,550.544921875,50639400
2024-08-26,551.5732410031779,552.2881770773529,547.528352675827,549.2324829101562,35788600
2024-08-27,547.9592873998898,550.476328645617,546.8134170306081,549.9866333007812,32693900
2024-08-28,549.6439450462528,550.0748793992682,543.601060631449,546.7938842773438,41066000
2024-08-29,548.7624007293272,552.0629426061665,545.6969030561269,546.8427734375,38715200
2024-08-30,549.2128659703031,552.5721684331874,545.6576734390724,552.0628662109375,62700100
2024-09-03,548.9190687874888,549.2520879225416,538.18498513228,540.7020263671875,60600100
2024-09-04,538.8607938634791,543.0035975400444,538.1360542845994,539.5953369140625,47224900
2024-09-05,539.5365467142444,542.3865472945482,535.8246177750381,538.2828979492188,44264300
2024-09-06,538.6062140252714,540.2319765571665,528.3226099554475,529.2236328125,68493800
2024-09-09,533.425248105456,536.4221817026793,531.4958170549409,535.14892578125,40445800
2024-09-10,537.0587275255268,537.8324845189911,532.1813804449696,537.4798583984375,36394600
2024-09-11,537.3917487162622,543.9144652005341,528.8318826121556,542.9938354492188,75248600
2024-09-12,543.5716351743016,547.8711746400817,541.3483991843773,547.5675659179688,51819600
2024-09-13,548.1747815451495,551.4263657909838,547.9201304028155,550.4273681640625,39310500
2024-09-16,550.1628688432331,551.5046291897925,548.3608236054457,551.240234375,36656100
2024-09-17,553.4536471249235,554.9031859740162,549.2324757022386,551.4655151367188,49321000
2024-09-18,552.1217580784818,556.969754476821,549.2717571625421,549.8300170898438,59044900
2024-09-19,559.2418127536077,561.0732683170673,556.3722055885228,559.21240234375,75315500
2024-09-20,557.8430941207945,559.2871857073619,555.2200568119598,558.245849609375,77503100
2024-09-23,559.3166610051752,560.2892222272916,558.0984411315784,559.6408081054688,44116900
2024-09-24,560.4365555490466,561.3010677532865,557.6072537825559,561.2421264648438,46805700
2024-09-25,561.0850037974096,561.8217999280521,558.8942225290759,560.0043334960938,38428600
2024-09-26,564.2678851150425,564.5920921622151,559.866775948692,562.2244873046875,48336000
2024-09-27,563.295359810012,564.1107043094071,560.3776161208616,561.4091186523438,42100900
2024-09-30,560.3775279948936,564.2678323150915,558.0787581388843,563.6587524414062,63557400
2024-10-01,563.3051282373419,563.9534823374194,556.0353836889657,558.6092529296875,72668800
2024-10-02,557.7153138155387,559.8667605957481,555.3182683616095,558.8450317382812,38097800
2024-10-03,557.3714411111998,559.7684865712154,555.5343678239607,557.8233642578125,40846500
2024-10-04,562.2736036088263,563.2658318866675,558.0984259775333,562.8925170898438,42939100
2024-10-07,561.2420924631317,561.8905065573382,556.6543259021896,557.8037109375,49964700
2024-10-08,560.377637870892,563.67853004462,559.5033520489247,563.0792236328125,37398700
2024-10-09,563.0693978961492,567.5393423690588,562.4701514366566,566.9793701171875,37912200
2024-10-10,565.6334738441669,567.4116060358193,564.3759797176003,565.9871215820312,44138100
2024-10-11,565.9085213296812,570.1131999200273,565.7709716649979,569.3764038085938,42268000
2024-10-14,570.9874990099419,574.966246072679,570.5061351329805,574.032958984375,36217200
2024-10-15,574.2981924836022,574.6027324678581,568.3546560789198,569.5728759765625,54203600
2024-10-16,569.57286786976,572.5691599226542,568.767296964022,572.0484619140625,30725400
2024-10-17,575.594918349773,575.801242846272,571.9109378019983,572.0975952148438,34393700
2024-10-18,573.7873532764656,575.0841216421944,572.3235945792737,574.2982177734375,37416800
2024-10-21,573.5711395635755,574.5535342943244,570.378356688641,573.3550415039062,36439000
2024-10-22,570.8204817447413,574.2097557683464,570.1622940232531,573.050537109375,34183800
2024-10-23,571.0267196890029,571.4688092704015,564.3071139493308,567.8142700195312,49314600
2024-10-24,569.7693209618997,569.8479293354313,566.4193810527883,569.0423583984375,34979900
2024-10-25,571.2724326633536,574.1705094317597,567.9028255594263,568.8458862304688,47268200
2024-10-28,572.3235609618828,572.4512770786239,570.299830137409,570.6043701171875,30174700
2024-10-29,569.6415908764491,572.6477165136779,568.2466070737139,571.52783203125,42899700
2024-10-30,571.0562011429839,573.0504911915006,569.0914117169528,569.7987670898438,41435800
2024-10-31,565.4270604157058,565.4958352362431,558.4324153285519,558.62890625,60182500
2024-11-01,561.2618547208896,565.4173659105694,560.5741663070255,560.9867553710938,45667500
2024-11-04,561.1242574334378,562.4210257711015,557.8922001113365,559.7783813476562,38217000
2024-11-05,560.6919034694661,566.5862712698287,560.4758054312122,566.5469970703125,39478300
2024-11-06,578.8270705681771,581.5089893813079,575.0841485043231,580.6346435546875,68182000
2024-11-07,582.6387178727699,586.145874462509,582.5601095007273,585.1241455078125,47233200
2024-11-08,585.674234913322,589.0831757216504,585.674234913322,587.65869140625,46444900
2024-11-11,589.2501914582232,589.6038391769904,586.4896646144927,588.2186889648438,37586800
2024-11-12,588.1400498376755,588.739296212128,583.9059310932324,586.3914184570312,43006100
2024-11-13,586.853093374815,588.6803330522652,584.4855486263699,586.67626953125,47388600
2024-11-14,586.8040077565071,587.2853715644612,582.2162413093224,582.9038696289062,38904100
2024-11-15,579.3377611991996,579.8093514182389,573.580942771995,575.4376831054688,75988800
2024-11-18,575.8993966406199,579.1118465214918,575.0349444617987,577.7954711914062,37001700
2024-11-19,574.4161003090796,580.6346163861505,573.7480790226593,579.9076538085938,49412000
2024-11-20,579.9861823753545,580.3889378159292,574.3374129030207,580.1040649414062,50032600
2024-11-21,582.953055915256,584.6427460672937,577.1077952881657,583.21826171875,46750300
2024-11-22,583.2084735757152,585.654687007179,582.7075025920674,585.0259399414062,38226400
2024-11-25,588.9653932145126,590.2817687658602,584.7214401695627,587.0104370117188,42441400
2024-11-26,588.2579731618996,590.7434606979054,587.5408441710033,590.075439453125,45621300
2024-11-27,589.8887838542881,590.2718722436573,586.7647756879834,588.2874755859375,34000200
2024-11-29,589.1028810382705,592.7279205050064,588.8278416543462,591.9420166015625,30177400
2024-12-02,592.354515594293,593.6807844427898,591.8633182342458,593.0029296875,31746000
2024-12-03,592.7672106157903,593.5236138358292,591.73570807165,593.2780151367188,26906600
2024-12-04,594.9677449089698,597.2075737883222,594.2997236656325,596.9619750976562,42787600
2024-12-05,596.961947940629,597.7675188046404,595.6259055147337,595.9795532226562,28762200
2024-12-06,596.7458937244957,598.3472020292826,596.333304701608,597.109375,31241500
2024-12-09,596.9914414878755,597.1584317989794,593.445010988573,594.034423828125,34742700
2024-12-10,594.7123228135097,595.134745373381,591.529373321926,592.1875610351562,37234500
2024-12-11,595.115147903942,597.7184581352288,594.8400485801485,596.7655639648438,28677700
2024-12-12,595.9010621562538,596.4708079758578,593.690673828125,593.690673828125,31543800
2024-12-13,595.7241395523251,596.4412684591986,592.1973163772925,593.5726928710938,35904700
2024-12-16,595.3312295236393,597.0799209921157,594.5551592425911,596.1072998046875,43695200
2024-12-17,593.553151685944,594.5158794594372,592.2760503625989,593.6513671875,55773500
2024-12-18,593.3467745348553,595.7339866328443,575.5752867073982,575.9584350585938,108248700
2024-12-19,580.9490228826561,582.5601648792804,575.5360174904994,575.7816162109375,85919500
2024-12-20,573.451443984787,587.2315284125533,572.6036951737447,582.6973266601562,125716700
2024-12-23,582.4410536479828,586.7879698949739,579.257197549177,586.1867065429688,57635800
2024-12-24,587.5370230202848,592.7415539521577,586.9554328723399,592.7020874023438,33160100
2024-12-26,590.9278604962976,593.8652307760627,589.5281816588665,592.7415771484375,41219100
2024-12-27,588.9958066290322,589.2324254266508,582.31278453499,586.5020141601562,64969300
2024-12-30,579.4839049805771,583.278830614674,576.0536238226567,579.8091430664062,56578800
2024-12-31,581.4750217267025,582.1946245791215,576.0635312685974,577.6998291015625,57052700
2025-01-02,580.9623534016539,582.6774635941151,572.1994566718678,576.2802734375,50204000
2025-01-03,579.1289967873591,584.1264484268344,578.044689478734,583.4857788085938,37888500
2025-01-06,587.7441288005318,591.1250770135647,585.1122630331895,586.8471069335938,47679400
2025-01-07,588.8776099950986,589.2029082453815,578.3897946667151,580.2133178710938,60393100
2025-01-08,580.282291853868,582.1354148697908,576.8323377526707,581.0609741210938,47304700
2025-01-10,577.5026413332764,577.5716476388544,570.2774344732991,572.189697265625,73105000
2025-01-13,567.5372072518853,573.4316812597856,567.1231694250464,573.0768432617188,47910100
2025-01-14,576.0042498383493,576.635112947905,570.0801769152397,573.8652954101562,48420600
2025-01-15,581.8889144514343,585.4472807831376,580.7750674581439,584.3038940429688,56900200
2025-01-16,585.6740294157521,585.8514484014332,582.4803673486446,583.1802368164062,43319700
2025-01-17,588.4242094250709,590.7898562052613,587.0934767089387,589.0353393554688,58070600
2025-01-21,592.081028657774,594.4368685895419,590.1096265717592,594.427001953125,42532900
2025-01-22,597.2560318658977,599.1288881406504,596.7040416210903,597.7686157226562,48196000
2025-01-23,597.1377792345874,601.0313110351562,596.8618141810588,601.0313110351562,41152100
2025-01-24,601.0904500891409,602.0466115435261,598.1234798327728,599.2767333984375,34604700
2025-01-27,586.3049484329972,591.1151752666312,586.1373960687419,590.7997436523438,70361100
2025-01-28,592.0318399526346,596.7139205737208,588.7100317776161,595.8760986328125,44433300
2025-01-29,595.0874967960807,595.4916679771449,590.6518414168764,593.204833984375,37177400
2025-01-30,595.3240968992558,597.9263022497843,592.130374590218,596.3886108398438,39281300
2025-01-31,598.8133742262722,601.2382204124732,592.4555905662014,593.214599609375,66566900
2025-02-03,584.1954832564219,591.7065212004032,582.0466619706364,589.2225952148438,65857200
2025-02-04,589.2817005882882,593.6877555909119,588.7395770202528,593.1752319335938,33457800
2025-02-05,592.0516161255263,595.7282625539741,590.0210739471236,595.5803833007812,30653100
2025-02-06,597.3250313642651,597.778475552574,594.013089933138,597.6503295898438,35771500
2025-02-07,598.2122352633725,599.4344951653416,591.4700123634921,592.1797485351562,50788500
2025-02-10,595.3931329282537,596.8420848342793,594.1215398587573,596.2013549804688,26048700
2025-02-11,593.9343010016065,597.1969698690995,593.8160216596527,596.6548461914062,30056700
2025-02-12,590.6321754646003,595.9056528588447,589.9520392250456,594.732666015625,45076100
2025-02-13,595.8366651794477,601.2186155981716,594.5749988790903,601.0115966796875,40921300
2025-02-14,601.2185532755497,602.2535274358258,600.360998100256,600.9819946289062,26910400
2025-02-18,602.145135650955,602.7463989257812,599.6808827255115,602.7463989257812,26749000
2025-02-19,601.3566689008733,604.4615919136522,600.8440849703791,604.1658935546875,31011100
2025-02-20,602.7957307474628,602.9337433637311,598.3404019341449,601.65234375,36554000
2025-02-21,601.4354715890964,601.5734842084402,590.8983224108222,591.3616333007812,76519800
2025-02-24,593.4118132885562,594.4073810554311,587.9608571639533,588.6705932617188,50737200
2025-02-25,588.6115273648803,589.3409366661995,581.1300283822392,585.7431030273438,58266500
2025-02-26,587.4088352242034,591.006668217937,583.3970246238699,586.0386962890625,43321600
2025-02-27,588.3157098294636,589.4690234968429,576.290203877955,576.6844482421875,74196700
2025-02-28,577.1872200213395,586.2162169760591,574.1118369424444,585.6839599609375,88744100
2025-03-03,587.6553155599406,588.798762606637,571.6081318173137,575.4227905273438,74249200
2025-03-04,571.4208567458912,577.0196322682823,564.0675042327628,568.611572265625,109648200
2025-03-05,568.4440493526719,576.5169448984452,564.8856823224501,574.7229614257812,71230500
2025-03-06,567.2513477016495,571.874289065213,561.9680033325571,564.52099609375,80094900
2025-03-07,562.7368186254731,569.1340095542192,557.5421542389136,567.6849975585938,81158800
2025-03-10,559.4741670846696,561.3962362827218,547.6457527585567,552.5643920898438,99326600
2025-03-11,551.4012280579012,555.9551623983707,544.1267490127518,547.970947265625,88102100
2025-03-12,554.1316472627199,555.0582088315019,545.7729200294035,550.8788452148438,69588200
2025-03-13,550.5042540653316,551.1153839968962,541.8202288918889,543.5353393554688,74079400
2025-03-14,548.1583018697701,555.7679467233177,543.604366956188,554.7625122070312,62660300
2025-03-17,554.7426421700422,561.5637363828623,554.3089313250791,559.0403442382812,49008700
2025-03-18,556.7239657249663,556.9408512500528,551.0660510727529,552.998046875,66041400
2025-03-19,554.7821274868575,562.7860150364035,553.5992742185309,559.0206298828125,66556000
2025-03-20,555.2750866351008,562.4115538615378,554.5554838320709,557.4041748046875,62958200
2025-03-21,552.9413897854555,558.4877939738346,551.7055567482902,557.5880737304688,83763000
2025-03-24,564.3307537296456,568.6314886589248,563.7375780431137,567.5736083984375,58766800
2025-03-25,568.7797068467552,569.8771119506348,567.1879685958952,568.9379272460938,38355700
2025-03-26,568.6710483477373,569.7981425644431,560.7617168790538,562.1458740234375,51848300
2025-03-27,560.7517966033342,564.4296669577193,558.5371935416607,560.6529541015625,42164200
2025-03-28,559.1204968505267,559.8521002775326,548.7790253468997,549.3623046875,71662700
2025-03-31,543.5984615291653,554.3551567474991,540.6719872727307,553.0501098632812,95328200
2025-04-01,551.1321177898429,556.5598868781194,547.4048260096515,554.6121826171875,54609600
2025-04-02,548.7592465118332,560.9890444564371,548.52197624234,558.1219482421875,76014500
2025-04-03,538.9318440966172,541.7594150841727,530.6171875,530.6171875,125986000
2025-04-04,517.7349353008444,519.910013527285,499.3358674214966,499.5533752441406,217965100
2025-04-07,483.6457288710085,517.2405945444942,476.3394695378794,498.66357421875,256611400
2025-04-08,515.9454154101668,519.0300496454024,483.61604333672847,490.8530883789063,165816600
2025-04-09,487.84750052411823,542.402099609375,487.46190618546177,542.402099609375,241867300
2025-04-10,526.1385878330984,527.4535310578508,503.5475844453038,518.6346435546875,162331200
2025-04-11,517.0823733080597,530.3502582115377,514.1756919605745,527.8884887695312,97866300
2025-04-14,537.883883195208,538.1113174755011,527.8093712828247,533.009765625,68034000
2025-04-15,533.5535570239268,537.0732068479572,530.7259857198238,531.5169067382812,56892900
2025-04-16,525.6541840661512,531.7938245981206,514.3932584360665,519.702392578125,83484800
2025-04-17,521.6599483491107,525.1499093262158,517.9721816819745,520.44384765625,79868100
2025-04-21,515.2533374613439,515.7872559194974,502.6972926989157,508.0558776855469,69368100
2025-04-22,514.2449494916972,523.3011070538847,513.305704354498,521.2743530273438,75948100
2025-04-23,534.3049123051696,539.2482437222484,527.8291602174767,529.3516845703125,90590700
2025-04-24,530.6369834977514,541.2256220112762,529.3814182452572,540.4940185546875,64150400
2025-04-25,540.4544620384363,544.8045575926888,537.5279880397045,544.3992309570312,61119600
2025-04-28,545.1407910444296,547.2762839575454,538.8429907853031,544.6068725585938,47613800
2025-04-29,542.6888178923871,549.1547344204944,542.3329124899421,548.0375366210938,47775100
2025-04-30,541.3640897959557,550.2126665027023,535.3826699025942,548.2550659179688,93101500
2025-05-01,554.0189932525213,557.6770710508032,551.5374308999284,552.1405029296875,63186100
2025-05-02,558.3295262045715,561.9381825044319,556.006184429092,560.3365478515625,60717300
2025-05-05,556.194064255589,560.2278400664005,555.3339293144951,557.1234130859375,38659200
2025-05-06,551.6066009560054,556.9651555946843,550.6476235760448,552.4667358398438,48264700
2025-05-07,553.8014947566288,557.4298834610689,549.738030089525,554.7901611328125,55588000
2025-05-08,558.8337754612519,563.8463212534109,555.333918196641,558.6558227539062,65130800
2025-05-09,560.0597310271954,561.0681900796083,556.3819209310694,557.9440307617188,37603400
2025-05-12,574.8797762427796,576.3924646775216,570.4999916854949,576.382568359375,78993600
2025-05-13,576.7978469712151,582.4036289948938,576.234360216526,580.1890258789062,67947200
2025-05-14,581.1479585868793,582.3046813078995,578.9036666864055,580.9304809570312,66283500
2025-05-15,578.9235156986,584.2721745648568,578.4687074145315,583.7680053710938,71268100
2025-05-16,584.5489982766968,587.7621640177526,582.6013544692614,587.465576171875,76052100
2025-05-19,581.4346564328234,588.7903364922698,581.4346564328234,588.108154296875,68168500
2025-05-20,586.3681289429425,587.317209981726,582.917632829089,586.1307983398438,60614500
2025-05-21,581.7708648204313,585.8639582409971,575.2258980125081,576.2540893554688,95197700
2025-05-22,576.0563267018498,579.971467292194,574.8204937262445,576.4815063476562,70860400
2025-05-23,569.4519785383726,575.215919785119,569.0762805285291,572.5465087890625,76029000
2025-05-27,579.4277528567243,584.6083553931982,571.8743267058999,584.4501953125,72588500
2025-05-28,584.8555180607121,586.051826179252,580.3373051792158,581.0689086914062,68445500
2025-05-29,586.3384441000501,586.4768718669775,579.4276761926377,583.362548828125,69973300
2025-05-30,582.2552747565533,584.430352826958,576.6297607292682,582.7100830078125,90601200
2025-06-02,581.0985818518681,586.0715425417425,578.429170462151,585.9924926757812,61630500
2025-06-03,585.6266079138771,590.3128764026674,585.1421107506463,589.3341064453125,63606200
2025-06-04,590.1942585782981,591.173028564345,588.7408877328025,589.1759033203125,57314200
2025-06-05,590.8566609128592,592.2111289512687,584.3512195951713,586.3285522460938,92278700
2025-06-06,591.8749474768216,594.0203968199735,590.0953601848463,592.3495483398438,66588700
2025-06-09,592.9229477814916,594.4356362447949,591.7069074945726,592.8834228515625,53016400
2025-06-10,593.4172416440205,596.6304070325093,592.3001042710282,596.244873046875,66247000
2025-06-11,597.3423765043648,598.2025114763902,592.4781545343917,594.54443359375,73658200
2025-06-12,593.2096852350186,596.9072875976562,592.7252483956809,596.9072875976562,64129000
2025-06-13,591.7168864341237,595.0288949944265,588.7310943639458,590.23388671875,89506000
2025-06-16,593.5952983788304,597.5993850121447,593.4172853343232,595.8494262695312,79984100
2025-06-17,593.4074309844862,594.9299553868199,589.9965201271316,590.7578125,82209400
2025-06-18,591.6574895866379,594.4059506456396,589.7097855095001,590.6688232421875,76605000
2025-06-20,593.3471688844512,594.4181022000307,587.8735769623825,589.2816772460938,94051400
2025-06-23,590.0351069773628,595.4888465716903,586.9116378864132,595.1021728515625,87426000
2025-06-24,599.2470472798032,602.737399696003,598.3347417480489,601.6764526367188,67735300
2025-06-25,602.7968833801484,603.4910078317407,600.4468221319722,602.0135498046875,62114800
2025-06-26,603.8679120398481,607.1599955272326,603.2531315625092,606.7236938476562,78548400
2025-06-27,607.7252035075089,611.2056913389495,605.692457719191,609.7380981445312,86258400
2025-06-30,612.1873024714439,614.0117925800773,609.8669572755672,612.6533203125,92502500
2025-07-01,611.1758893553448,613.625146088841,610.3429883405835,612.455078125,70030100
2025-07-02,612.0484833566157,615.2711481262035,611.4237773441516,615.2315063476562,66510400
2025-07-03,617.2147368961759,621.0125406459644,617.1948857443227,620.0804443359375,51065800
2025-07-07,618.1169852960921,618.7813935886118,612.6731706581298,615.4595336914062,74814500
2025-07-08,616.1238907210633,616.8775081543645,614.3093261623386,615.1224365234375,59024600
2025-07-09,617.5319680301938,619.4655183729625,615.6875662931247,618.8110961914062,66113300
2025-07-10,618.9499049744066,621.5974308254256,617.7699115690501,620.5562744140625,57529000
2025-07-11,617.5022136064131,619.6043777491163,616.3024294765994,618.3748168945312,63670200
2025-07-14,617.9186632768227,619.9018415613931,616.5701165685465,619.5548095703125,51898500
2025-07-15,622.2420420602726,622.5791484786782,616.8279435196437,616.9072875976562,74317300
2025-07-16,618.4937831556223,619.4754466932056,612.8516386863737,618.9697265625,88987500
2025-07-17,619.1482908768893,623.1146474859103,618.9301097920578,622.7576293945312,68885700
2025-07-18,624.007017899032,624.175571102461,621.1909387049365,622.301513671875,65621600
2025-07-21,623.4815063476562,626.2281670376054,623.0551302914085,623.4815063476562,63375000
2025-07-22,623.8087114591411,624.4334174667899,620.9232136557434,623.5707397460938,60046300
2025-07-23,626.238071576001,628.875732421875,624.4333721871909,628.875732421875,70511000
2025-07-24,629.2624631630094,630.7994747941685,628.6576082944551,629.083984375,71307100
2025-07-25,629.748350781943,632.2173979677802,629.5004535059064,631.7413940429688,56865400
2025-07-28,632.1182610848412,632.6735486135409,630.1945756243812,631.5828247070312,54917100
2025-07-29,632.9809077241022,633.2982235137306,629.0046860832861,629.9169311523438,60556300
2025-07-30,630.5713386132512,632.3165451544952,626.2281734095909,629.1236572265625,80418900
2025-07-31,634.0816044685715,634.4682782312485,625.4646925404661,626.763671875,103385200
2025-08-01,621.0322789916852,621.0719812920488,614.0812292944926,616.4907836914062,140103600
2025-08-04,620.4075271113948,625.9108344398344,620.3183179857707,625.8612670898438,73218000
2025-08-05,626.476110377079,627.2892207726588,621.7660617410078,622.688232421875,68051400
2025-08-06,623.7591559441935,628.1122469303318,622.8469108529321,627.4578247070312,64357500
2025-08-07,630.8886820702932,631.62244837055,623.8186464662513,626.9322509765625,74205800
2025-08-08,628.727047311219,632.2868791777582,628.4097315038053,631.82080078125,64051600
2025-08-11,632.0984361099556,633.5758942477272,629.3219380955197,630.5713500976562,58742300
2025-08-12,632.9214074238032,637.4430514601922,631.4340237207567,637.284423828125,64730800
2025-08-13,639.4857330110176,640.7549961752953,637.2745085703324,639.4659423828125,60092800
2025-08-14,637.3835851461316,640.1897994624859,636.9374184340268,639.5254516601562,59327500
2025-08-15,640.5566774831647,640.6558727131268,637.11589211782,638.0281372070312,68592500
2025-08-18,637.4530415771111,638.5834678311134,636.778768159409,637.8893432617188,43804900
2025-08-19,637.7108075589789,638.6924711313014,633.1098193903536,634.4286499023438,69750700
2025-08-20,634.0221086228163,634.2798709561484,627.6263466835007,632.742919921875,88890300
2025-08-21,630.9283690027011,632.604096553562,628.4791123479844,630.2044677734375,54805800
2025-08-22,632.3958993542917,641.0623787509013,631.8901792096084,639.8823852539062,84083200
2025-08-25,638.6230253017661,639.8625116828326,636.9472372936925,637.0662231445312,51274300
2025-08-26,636.7985773675441,640.0807351008626,636.1738713484165,639.733642578125,51581600
2025-08-27,639.148612992103,641.9250504526357,638.9998504138363,641.1912841796875,48341100
2025-08-28,641.7961735668325,644.0173236548059,639.9121904309055,643.4620361328125,61519500
2025-08-29,642.0242015644989,642.3911452321481,637.7306640961879,639.6245727539062,74522200
2025-09-02,632.13804448044,635.1028861742022,629.5797276837342,634.884765625,81983500
2025-09-03,637.2645539172183,638.7916398746721,635.0731807265284,638.3255615234375,70820900
2025-09-04,638.9999188744573,643.6901771181875,638.0975992987862,643.660400390625,65219200
2025-09-05,646.0004093954814,646.7243105506017,637.918995020256,641.7960815429688,85178900
2025-09-08,643.1646082412059,644.3743785857845,641.7862846718712,643.3728637695312,63133100
2025-09-09,643.5115612591451,645.3856792185645,641.7762803015634,644.8601684570312,66133900
2025-09-10,648.122479271532,649.0446498954948,645.1576374702139,646.724365234375,78034500
2025-09-11,648.6777603299006,652.7928793680376,648.0927566439484,652.0987548828125,69934400
2025-09-12,652.0689585463732,653.5662677492645,651.3748946038203,651.8805541992188,72780100
2025-09-15,654.0919191507668,655.4801077277403,653.7944544929727,655.3511962890625,63772400
2025-09-16,655.9064595692537,656.213910313041,653.6655188822047,654.4488525390625,61169000
2025-09-17,654.4587781451693,656.1543568928759,648.7967821934204,653.6357421875,101952200
2025-09-18,656.3229362038169,659.2977035594738,654.7165666735059,656.6898193359375,90459200
2025-09-19,658.5800832029405,660.7874850308027,656.6311583459587,659.9423217773438,97945600
2025-09-22,658.4507703315647,663.5119177999496,658.4209110544651,663.0645141601562,69452200
2025-09-23,662.9452156846509,663.5617612775759,658.2320617574377,659.4551391601562,81708900
2025-09-24,660.7477220570149,660.8471316064555,655.9350982101993,657.3569946289062,68082200
2025-09-25,654.2149171420698,655.6765652531099,650.7048739536411,654.3242797851562,89622100
2025-09-26,655.7760789419195,658.619871988132,654.1553026157394,658.072998046875,69179200
2025-09-29,660.5985670660314,661.5134019828115,658.112721358766,659.9224243164062,73499000
2025-09-30,659.1766647693167,662.8756347075731,657.8641309647478,662.4082641601562,86288000
2025-10-01,659.4153308150761,665.5802405756418,659.3059681646932,664.6654663085938,72545400
2025-10-02,666.6540464714482,666.7733621981591,663.004842335434,665.4309692382812,56896000
2025-10-03,666.1966948783695,668.8714672806448,664.377038831869,665.421142578125,70494400
2025-10-06,667.8174482099862,668.7024238148077,665.669704301124,667.8074951171875,54623300
2025-10-07,668.7322238208072,669.1796881705657,663.8898014056139,665.3316040039062,72020100
2025-10-08,666.4552183740389,669.398481470165,665.6299006256374,669.2990112304688,60702200
2025-10-09,669.7166839203261,670.1243359074817,665.4211353124821,667.3600463867188,66501900
2025-10-10,668.324542434099,670.1342452495495,649.14378031214,649.32275390625,159422600
2025-10-13,656.9095884512618,661.3642043859337,656.0345659370097,659.2860107421875,79560500
2025-10-14,653.4492417720955,662.0602448848334,649.4718888267987,658.4805908203125,88779600
2025-10-15,663.0446741742268,666.4353410824248,655.1993304017814,661.4039916992188,81702600
2025-10-16,663.0446615126489,664.9239754340409,653.3896149312258,656.899658203125,110563300
2025-10-17,655.7660892614911,661.9906565438909,654.4138037793879,660.62841796875,96500900
2025-10-20,663.5418206897375,668.4041493887289,663.4921159142255,667.499267578125,60493400
2025-10-21,667.6384328159621,669.1796448635298,666.1866772188026,667.4892578125,56249000
2025-10-22,668.1953369980629,668.1953369980629,659.5445816579371,664.0191040039062,80564000
2025-10-23,664.3372592841532,668.9012985038863,664.019063764971,667.9566650390625,65604500
2025-10-24,672.6300829996666,674.628651928334,671.8246714345047,673.4155883789062,74356500
2025-10-27,678.8645527756448,681.658640907831,678.2580209918731,681.3603515625,63339800
2025-10-28,683.1600908523567,685.0095454543999,680.9526890414517,683.1700439453125,61738100
2025-10-29,684.8205950917289,685.795087823854,679.0037407351697,683.4981689453125,85657100
2025-10-30,680.0279207971732,682.0563488815194,675.98095703125,675.98095703125,76335800
2025-10-31,681.1614729090464,681.2012852815519,675.3943230278239,678.1983642578125,87164100
2025-11-03,681.7878948104295,681.9171636388411,676.0903560257897,679.4711303710938,57315000
2025-11-04,672.2820616639051,676.1103005794487,670.7607556049009,671.4169921875,78427000
2025-11-05,671.1583975728993,677.0051112074705,670.3529860359731,673.7437133789062,74402400
2025-11-06,672.6399897028363,673.5448715272548,664.9338680034818,666.514892578125,85035300
2025-11-07,664.1284090392404,667.2805048704689,657.4663915648358,667.1710815429688,100592400
2025-11-10,673.4056760856186,678.317709828293,671.2082272333661,677.5819091796875,75842900
2025-11-11,676.1002762110339,679.6997756663966,674.8871520395073,679.1329956054688,58953400
2025-11-12,680.9128544582501,681.081935653801,677.0946296424269,679.5108642578125,62312500
2025-11-13,676.6471697129602,677.0051169124795,666.723693536663,668.2350463867188,103457800
2025-11-14,661.6128286383953,671.8345948923219,659.5147893727298,668.125732421875,96846700
2025-11-17,665.9083353081996,669.8956413839408,658.4209391867944,661.901123046875,90456100
2025-11-18,658.351356546523,661.3542775984923,652.1466953365565,656.3428344726562,114467500
2025-11-19,657.0389163187169,663.561773390439,655.020380360944,658.87841796875,94703000
2025-11-20,669.1001291109939,671.7351497651099,648.1991802397498,648.8355712890625,165293500
2025-11-21,651.3412595795126,660.7874729698119,647.1650267848305,655.2987670898438,123956200
2025-11-24,658.9380055466532,666.2662734630499,657.8442577670318,664.9437866210938,80437900
2025-11-25,664.8443455838128,672.3814460202411,660.7178178396566,671.1981811523438,81077100
2025-11-26,673.7934667684052,677.8404309302599,672.8885849296569,675.8318481445312,71879600
2025-11-28,677.0051081523229,679.7991961322198,676.6471609574353,679.5208129882812,49212000
2025-12-01,674.9667623359846,679.1230890446475,674.8971513739515,676.4185180664062,61201200
2025-12-02,678.0591325179204,679.9483994968172,675.4838303983408,677.67138671875,62953800
2025-12-03,676.7167950740063,681.0321891246488,675.8417725523884,680.0180053710938,57238500
2025-12-04,681.4199577792665,681.4895687361658,677.4824173401821,680.51513671875,61970300
2025-12-05,681.5890143183475,684.4925257185774,680.7040993957534,681.8078002929688,79241000
2025-12-08,682.7027235077143,682.7524282821314,677.7111260885928,679.7594604492188,55231500
2025-12-09,679.2821528162136,681.5094606319436,678.7253258622812,679.1727294921875,58310100
2025-12-10,678.6955405173951,685.0692222502689,677.4526176554032,683.6771850585938,85671300
2025-12-11,681.2609148661827,685.3476304583654,678.3076987410943,685.26806640625,86173700
2025-12-12,684.2737056052856,684.9797075791527,675.3246617594549,677.9000244140625,113160300
2025-12-15,681.8574988128718,681.8774049984522,675.4042533093998,676.8758544921875,90811000
2025-12-16,675.3843754405706,677.2239376857725,671.1584377196804,675.0264282226562,122030600
2025-12-17,676.0406154817738,676.5874893555698,667.3998140691156,667.5986938476562,110625200
2025-12-18,673.7635606688432,676.8857972779194,671.0788959983324,672.6399536132812,108650100
2025-12-19,674.747283458469,679.2350273728672,674.6275542880097,678.7363891601562,103599500
2025-12-22,682.0772531068674,683.4933686131409,678.7364013691785,682.96484375,69556700
2025-12-23,682.0572680421344,686.325640311278,682.0074163952171,686.0863037109375,64840000
2025-12-24,686.0763204450832,688.9484813838191,685.9267046355759,688.4996948242188,39445600
2025-12-26,688.758988861415,689.7761694005526,687.392725060237,688.4298706054688,41613300
2025-12-29,685.6674092439482,687.322922191004,684.2014421207446,685.9765625,62559500
2025-12-30,685.5777200962995,686.6846823672308,684.7100944386586,685.138916015625,47160700
2025-12-31,685.2685588951464,685.4879304984822,679.8533550408816,680.062744140625,74144800
2026-01-02,683.842447277036,684.999261161205,677.9684744567207,681.309326171875,89377200
2026-01-05,684.6701449336617,687.5522884526621,684.5106074856512,685.846923828125,71927200
2026-01-06,686.0563439630641,690.4344019511112,685.9067890249802,689.92578125,69273800
2026-01-07,690.3047811958188,692.0699799720542,687.4426026835383,687.701904296875,75588300
2026-01-08,686.9439569075789,688.7390423054183,685.6175622141362,687.632080078125,64019200
2026-01-09,688.7489932725086,693.4162394407576,687.3029303433501,692.1796264648438,80125500
2026-01-12,688.7988836287034,694.1941832506386,688.7490319805348,693.2666625976562,63976000
2026-01-13,693.595779418591,694.194181802135,689.467040360938,691.8804931640625,78309700
2026-01-14,689.1180078469732,689.8360176539858,684.1714948792828,688.479736328125,94676700
2026-01-15,692.678285342935,693.5558934557131,689.3673203481677,690.3546142578125,77862000
2026-01-16,691.7707369284135,692.359156800422,688.22043529661,689.7761840820312,79289200
2026-01-20,679.6338820353151,682.9049778344743,674.7272992054969,675.7345581054688,111623300
2026-01-21,677.7989248999835,686.8641332264262,676.2830453044572,683.5332641601562,127844500
2026-01-22,687.9711412752974,689.2476843606095,685.0491285530771,687.103515625,77112200
2026-01-23,686.2757685331861,689.0781127396581,685.2884137823622,687.352783203125,63059600
2026-01-26,688.609372319757,692.2394730275811,688.0409174669724,690.84326171875,60473800
2026-01-27,692.2893344912051,694.6329705879123,691.6810104865692,693.5957641601562,55506100
2026-01-28,695.1515053497095,695.9393926651097,692.0499903412962,693.5259399414062,61172200
2026-01-29,694.4933553961189,695.1615135683285,682.9648421722587,692.1497192382812,97486200
2026-01-30,689.9058246991844,692.3192774332931,685.2485609149509,690.0853271484375,101835100
2026-02-02,687.7019133171445,695.0318708971434,687.5423149981101,693.5159912109375,79286500
2026-02-03,694.3138377504575,695.0617950648859,682.1670182684101,687.6520385742188,107904600
2026-02-04,688.4697490630058,689.5667896413613,679.9031787408285,684.3211059570312,105204600
2026-02-05,679.0854402743204,681.8279505601881,673.9494421186707,675.7744750976562,113610800
2026-02-06,679.6039887472712,690.4244132010324,678.995603890688,688.739013671875,89127600
2026-02-09,687.5423060693106,693.9747512796714,686.4652913399738,692.0599975585938,73885200
2026-02-10,693.0572335194393,694.64286887948,689.7761552680904,690.2349243164062,65185700
2026-02-11,694.4933668556342,695.2413241987686,687.3029816841566,690.075439453125,76353900
2026-02-12,692.3491972008484,693.4561594586687,678.5169776231163,679.41455078125,118829000
2026-02-13,679.833354327075,684.410879804094,675.6747287653898,679.8931884765625,96267500
2026-02-17,678.287593220413,683.074507822494,673.9394826742099,680.9901733398438,81354700
2026-02-18,682.157061237011,687.2730943282486,680.9702998190471,684.4208374023438,73570300
2026-02-19,681.9775120282383,684.311104689823,679.6937101433548,682.61572265625,58649400
2026-02-20,680.4616860592505,688.1805961724377,679.8732661615737,687.5523071289062,100034000
2026-02-23,685.9566804858357,688.1207533479937,678.5169762252317,680.531494140625,90558100
2026-02-24,680.0427976196477,686.4751816677359,678.1479481229125,685.4779052734375,73798700
2026-02-25,688.3002642742074,691.7907319065998,688.2204651135966,691.26220703125,56369500
2026-02-26,691.391808867856,691.4117130049051,682.486077089091,687.422607421875,71671000
2026-02-27,681.2295779636313,684.9892686841309,679.7835149777827,684.1216430664062,83308900
2026-03-02,676.8515442239554,686.744509644098,676.1734035367807,684.5106201171875,87477200
2026-03-03,673.221445388408,680.7508704958498,667.8361281509542,678.4771118164062,105003100
2026-03-04,679.7735096903759,685.2186606854194,677.7689744100875,683.2639770507812,79182200
2026-03-05,680.2223290726917,683.6629449535216,673.7699188745959,679.4544067382812,106606500
2026-03-06,671.5758690877306,674.2685275228549,667.9358467743081,670.5487060546875,100687000
2026-03-09,664.5750801817165,678.0681991431876,660.5859743093405,676.4227294921875,102667700
2026-03-10,675.87413967305,681.4987932365287,672.9222404542279,675.3356323242188,81505300
2026-03-11,675.7345715953234,678.2277626375325,671.5061293267642,674.4879760742188,68441700
2026-03-12,669.3319958917509,669.8207124533001,664.0564256954588,664.2459106445312,108882200
2026-03-13,667.4472371497842,670.5088831921612,659.5587462493693,660.4862060546875,97200200
2026-03-16,666.5596317087426,670.239584206393,665.3030536555561,667.2078857421875,82023100
2026-03-17,670.5586914524959,672.60309589337,667.8760155087483,668.9630126953125,87128000
2026-03-18,666.5396583763402,667.8959397089973,659.3892034355257,659.6285400390625,82062600
2026-03-19,655.1806813207687,661.1743225351036,653.3855958813168,658.0029907226562,111272500
2026-03-20,656.510009765625,656.6900024414062,644.719970703125,648.5700073242188,163617500
2026-03-23,658.0700073242188,662.6199951171875,653.9400024414062,655.3800048828125,134802700
2026-03-24,651.3200073242188,657.030029296875,649.8800048828125,653.1799926757812,96457500
2026-03-25,658.6699829101562,660.8900146484375,654.239990234375,656.8200073242188,90653800
2026-03-26,652.0599975585938,654.8499755859375,644.8200073242188,645.0900268554688,96494400
2026-03-27,642.5,642.6599731445312,633.1099853515625,634.0900268554688,103649400
2026-03-30,640.1099853515625,640.3699951171875,629.280029296875,631.969970703125,99275900
2026-03-31,638.9400024414062,651.5399780273438,637.97998046875,650.3400268554688,152534100
2026-04-01,653.9000244140625,658.52001953125,653.0,655.239990234375,97841500
2026-04-02,646.4199829101562,658.2000122070312,645.1099853515625,655.8300170898438,68358700
2026-04-06,655.8599853515625,659.719970703125,655.52001953125,658.9299926757812,39105800
2026-04-07,656.6500244140625,659.6099853515625,651.0599975585938,659.219970703125,69980400
2026-04-08,676.3900146484375,677.0800170898438,671.4600219726562,676.010009765625,93606100
2026-04-09,674.8400268554688,681.1599731445312,673.77001953125,679.9099731445312,57134400
2026-04-10,681.3200073242188,682.030029296875,678.4500122070312,679.4600219726562,42253500
2026-04-13,677.4099731445312,686.2999877929688,676.5800170898438,686.0999755859375,54185800
2026-04-14,687.6900024414062,694.5800170898438,687.6599731445312,694.4600219726562,63480500
2026-04-15,695.260009765625,700.280029296875,694.2000122070312,699.9400024414062,58240400
2026-04-16,701.0599975585938,702.780029296875,698.530029296875,701.6599731445312,49972400
2026-04-17,706.1400146484375,712.3900146484375,705.760009765625,710.1400146484375,70661900
2026-04-20,708.780029296875,709.9099731445312,706.1400146484375,708.719970703125,43546800
2026-04-21,710.280029296875,711.280029296875,702.6400146484375,704.0800170898438,58941400
2026-04-22,709.1500244140625,711.4500122070312,708.219970703125,711.2100219726562,42518500
2026-04-23,709.5,712.3598022460938,702.2802734375,708.4500122070312,52293495
2026-04-24,710.75,714.469970703125,709.010009765625,713.9400024414062,45182000
2026-04-27,713.1699829101562,715.6300048828125,712.2999877929688,715.1699829101562,33060400
2026-04-28,711.8150024414062,712.8800048828125,709.25,711.6900024414062,37342531
2026-04-29,711.0,712.2000122070312,708.3699951171875,711.5800170898438,39820432
2026-04-30,714.6300048828125,719.7899780273438,710.4450073242188,718.6599731445312,62821085
2026-05-01,721.25,724.8499755859375,720.469970703125,720.6500244140625,37698106
2026-05-04,720.0700073242188,722.1199951171875,714.989990234375,718.010009765625,48021468
