date,recon_error,tau,regime
2001-04-06,0.1346648931503296,0.019254581816494462,abnormal
2001-04-09,0.08854042738676071,0.019254581816494462,abnormal
2001-04-10,0.1031801700592041,0.019254581816494462,abnormal
2001-04-11,0.09523871541023254,0.019254581816494462,abnormal
2001-04-12,0.0604940801858902,0.019254581816494462,abnormal
2001-04-16,0.08509925752878189,0.019254581816494462,abnormal
2001-04-17,0.0529559850692749,0.019254581816494462,abnormal
2001-04-18,0.05069037526845932,0.019254581816494462,abnormal
2001-04-19,0.03322935476899147,0.019254581816494462,abnormal
2001-04-20,0.06606025993824005,0.019254581816494462,abnormal
2001-04-23,0.08740860223770142,0.019254581816494462,abnormal
2001-04-24,0.10240594297647476,0.019254581816494462,abnormal
2001-04-25,0.03672904893755913,0.019254581816494462,abnormal
2001-04-26,0.039039790630340576,0.019254581816494462,abnormal
2001-04-27,0.02952280454337597,0.019254581816494462,abnormal
2001-04-30,0.02748897671699524,0.019254581816494462,abnormal
2001-05-01,0.02213972620666027,0.019254581816494462,abnormal
2001-05-02,0.008017473854124546,0.019254581816494462,normal
2001-05-03,0.009386326186358929,0.019254581816494462,normal
2001-05-04,0.012208565138280392,0.019254581816494462,normal
2001-05-07,0.01122007891535759,0.019254581816494462,normal
2001-05-08,0.009836404584348202,0.019254581816494462,normal
2001-05-09,0.011128740385174751,0.019254581816494462,normal
2001-05-10,0.007987286895513535,0.019254581816494462,normal
2001-05-11,0.013221907429397106,0.019254581816494462,normal
2001-05-14,0.02099446766078472,0.019254581816494462,abnormal
2001-05-15,0.021573105826973915,0.019254581816494462,abnormal
2001-05-16,0.009184964932501316,0.019254581816494462,normal
2001-05-17,0.018657125532627106,0.019254581816494462,normal
2001-05-18,0.009834996424615383,0.019254581816494462,normal
2001-05-21,0.01455013919621706,0.019254581816494462,normal
2001-05-22,0.01074712909758091,0.019254581816494462,normal
2001-05-23,0.014800554141402245,0.019254581816494462,normal
2001-05-24,0.022845542058348656,0.019254581816494462,abnormal
2001-05-25,0.01845674403011799,0.019254581816494462,normal
2001-05-29,0.010427205823361874,0.019254581816494462,normal
2001-05-30,0.011061614379286766,0.019254581816494462,normal
2001-05-31,0.011012562550604343,0.019254581816494462,normal
2001-06-01,0.01443617232143879,0.019254581816494462,normal
2001-06-04,0.017949994653463364,0.019254581816494462,normal
2001-06-05,0.019597504287958145,0.019254581816494462,abnormal
2001-06-06,0.02717171050608158,0.019254581816494462,abnormal
2001-06-07,0.027085324749350548,0.019254581816494462,abnormal
2001-06-08,0.025651579722762108,0.019254581816494462,abnormal
2001-06-11,0.03709997236728668,0.019254581816494462,abnormal
2001-06-12,0.021897578611969948,0.019254581816494462,abnormal
2001-06-13,0.02642873488366604,0.019254581816494462,abnormal
2001-06-14,0.04250069707632065,0.019254581816494462,abnormal
2001-06-15,0.030406583100557327,0.019254581816494462,abnormal
2001-06-18,0.04286147654056549,0.019254581816494462,abnormal
2001-06-19,0.04914112761616707,0.019254581816494462,abnormal
2001-06-20,0.05342442914843559,0.019254581816494462,abnormal
2001-06-21,0.08653444051742554,0.019254581816494462,abnormal
2001-06-22,0.06075098365545273,0.019254581816494462,abnormal
2001-06-25,0.05660082399845123,0.019254581816494462,abnormal
2001-06-26,0.049825847148895264,0.019254581816494462,abnormal
2001-06-27,0.054191481322050095,0.019254581816494462,abnormal
2001-06-28,0.062352340668439865,0.019254581816494462,abnormal
2001-06-29,0.05903765186667442,0.019254581816494462,abnormal
2001-07-02,0.05757363885641098,0.019254581816494462,abnormal
2001-07-03,0.04389088973402977,0.019254581816494462,abnormal
2001-07-05,0.033281806856393814,0.019254581816494462,abnormal
2001-07-06,0.028326455503702164,0.019254581816494462,abnormal
2001-07-09,0.04006766155362129,0.019254581816494462,abnormal
2001-07-10,0.014304601587355137,0.019254581816494462,normal
2001-07-11,0.019690539687871933,0.019254581816494462,abnormal
2001-07-12,0.016333693638443947,0.019254581816494462,normal
2001-07-13,0.018400244414806366,0.019254581816494462,normal
2001-07-16,0.011256408877670765,0.019254581816494462,normal
2001-07-17,0.018675614148378372,0.019254581816494462,normal
2001-07-18,0.014018758200109005,0.019254581816494462,normal
2001-07-19,0.005815375596284866,0.019254581816494462,normal
2001-07-20,0.0094692911952734,0.019254581816494462,normal
2001-07-23,0.00997462309896946,0.019254581816494462,normal
2001-07-24,0.0033096326515078545,0.019254581816494462,normal
2001-07-25,0.005444026086479425,0.019254581816494462,normal
2001-07-26,0.015121933072805405,0.019254581816494462,normal
2001-07-27,0.012580635957419872,0.019254581816494462,normal
2001-07-30,0.01054834108799696,0.019254581816494462,normal
2001-07-31,0.016128167510032654,0.019254581816494462,normal
2001-08-01,0.02262146584689617,0.019254581816494462,abnormal
2001-08-02,0.020846355706453323,0.019254581816494462,abnormal
2001-08-03,0.0075105647556483746,0.019254581816494462,normal
2001-08-06,0.010351648554205894,0.019254581816494462,normal
2001-08-07,0.013039292767643929,0.019254581816494462,normal
2001-08-08,0.010342683643102646,0.019254581816494462,normal
2001-08-09,0.004987976048141718,0.019254581816494462,normal
2001-08-10,0.0021958393044769764,0.019254581816494462,normal
2001-08-13,0.0025903901550918818,0.019254581816494462,normal
2001-08-14,0.009170331060886383,0.019254581816494462,normal
2001-08-15,0.013916154392063618,0.019254581816494462,normal
2001-08-16,0.01643323339521885,0.019254581816494462,normal
2001-08-17,0.013553391210734844,0.019254581816494462,normal
2001-08-20,0.009543539956212044,0.019254581816494462,normal
2001-08-21,0.018884500488638878,0.019254581816494462,normal
2001-08-22,0.015592892654240131,0.019254581816494462,normal
2001-08-23,0.024120891466736794,0.019254581816494462,abnormal
2001-08-24,0.027148917317390442,0.019254581816494462,abnormal
2001-08-27,0.028473326936364174,0.019254581816494462,abnormal
2001-08-28,0.019220000132918358,0.019254581816494462,normal
2001-08-29,0.017625918611884117,0.019254581816494462,normal
2001-08-30,0.02246829867362976,0.019254581816494462,abnormal
2001-08-31,0.008967451751232147,0.019254581816494462,normal
2001-09-04,0.03219044208526611,0.019254581816494462,abnormal
2001-09-05,0.02290751412510872,0.019254581816494462,abnormal
2001-09-06,0.040587715804576874,0.019254581816494462,abnormal
2001-09-07,0.05465439707040787,0.019254581816494462,abnormal
2001-09-10,0.025835439562797546,0.019254581816494462,abnormal
2001-09-17,0.22559645771980286,0.019254581816494462,abnormal
2001-09-18,0.12554824352264404,0.019254581816494462,abnormal
2001-09-19,0.2386091947555542,0.019254581816494462,abnormal
2001-09-20,0.30370643734931946,0.019254581816494462,abnormal
2001-09-21,0.4395057260990143,0.019254581816494462,abnormal
2001-09-24,0.24232330918312073,0.019254581816494462,abnormal
2001-09-25,0.19044451415538788,0.019254581816494462,abnormal
2001-09-26,0.17056326568126678,0.019254581816494462,abnormal
2001-09-27,0.1741001158952713,0.019254581816494462,abnormal
2001-09-28,0.22737693786621094,0.019254581816494462,abnormal
2001-10-01,0.14186064898967743,0.019254581816494462,abnormal
2001-10-02,0.10310114175081253,0.019254581816494462,abnormal
2001-10-03,0.12079626321792603,0.019254581816494462,abnormal
2001-10-04,0.11326044797897339,0.019254581816494462,abnormal
2001-10-05,0.059811681509017944,0.019254581816494462,abnormal
2001-10-08,0.05221904441714287,0.019254581816494462,abnormal
2001-10-09,0.038892365992069244,0.019254581816494462,abnormal
2001-10-10,0.0655478835105896,0.019254581816494462,abnormal
2001-10-11,0.06792750954627991,0.019254581816494462,abnormal
2001-10-12,0.08776280283927917,0.019254581816494462,abnormal
2001-10-15,0.029124971479177475,0.019254581816494462,abnormal
2001-10-16,0.03867897391319275,0.019254581816494462,abnormal
2001-10-17,0.047030121088027954,0.019254581816494462,abnormal
2001-10-18,0.03870987892150879,0.019254581816494462,abnormal
2001-10-19,0.025315076112747192,0.019254581816494462,abnormal
2001-10-22,0.015701938420534134,0.019254581816494462,normal
2001-10-23,0.0278828963637352,0.019254581816494462,abnormal
2001-10-24,0.009175842627882957,0.019254581816494462,normal
2001-10-25,0.01535238977521658,0.019254581816494462,normal
2001-10-26,0.02284252643585205,0.019254581816494462,abnormal
2001-10-29,0.06230056285858154,0.019254581816494462,abnormal
2001-10-30,0.03413461893796921,0.019254581816494462,abnormal
2001-10-31,0.038381002843379974,0.019254581816494462,abnormal
2001-11-01,0.026520131155848503,0.019254581816494462,abnormal
2001-11-02,0.03346944972872734,0.019254581816494462,abnormal
2001-11-05,0.02865041233599186,0.019254581816494462,abnormal
2001-11-06,0.03638890013098717,0.019254581816494462,abnormal
2001-11-07,0.022966431453824043,0.019254581816494462,abnormal
2001-11-08,0.010239265859127045,0.019254581816494462,normal
2001-11-09,0.007694695144891739,0.019254581816494462,normal
2001-11-12,0.008951254189014435,0.019254581816494462,normal
2001-11-13,0.015050305984914303,0.019254581816494462,normal
2001-11-14,0.015362697653472424,0.019254581816494462,normal
2001-11-15,0.00871303491294384,0.019254581816494462,normal
2001-11-16,0.0018818069947883487,0.019254581816494462,normal
2001-11-19,0.010319571942090988,0.019254581816494462,normal
2001-11-20,0.006233909633010626,0.019254581816494462,normal
2001-11-21,0.007220056839287281,0.019254581816494462,normal
2001-11-23,0.014145436696708202,0.019254581816494462,normal
2001-11-26,0.009856228716671467,0.019254581816494462,normal
2001-11-27,0.0115283178165555,0.019254581816494462,normal
2001-11-28,0.018889188766479492,0.019254581816494462,normal
2001-11-29,0.021907392889261246,0.019254581816494462,abnormal
2001-11-30,0.007524664979428053,0.019254581816494462,normal
2001-12-03,0.01191385742276907,0.019254581816494462,normal
2001-12-04,0.00854467786848545,0.019254581816494462,normal
2001-12-05,0.010975917801260948,0.019254581816494462,normal
2001-12-06,0.016876671463251114,0.019254581816494462,normal
2001-12-07,0.00751269469037652,0.019254581816494462,normal
2001-12-10,0.04662950336933136,0.019254581816494462,abnormal
2001-12-11,0.031690388917922974,0.019254581816494462,abnormal
2001-12-12,0.010380692780017853,0.019254581816494462,normal
2001-12-13,0.017443522810935974,0.019254581816494462,normal
2001-12-14,0.009489170275628567,0.019254581816494462,normal
2001-12-17,0.011623773723840714,0.019254581816494462,normal
2001-12-18,0.014669162221252918,0.019254581816494462,normal
2001-12-19,0.017180146649479866,0.019254581816494462,normal
2001-12-20,0.0187789648771286,0.019254581816494462,normal
2001-12-21,0.014970634132623672,0.019254581816494462,normal
2001-12-24,0.017105476930737495,0.019254581816494462,normal
2001-12-26,0.022969767451286316,0.019254581816494462,abnormal
2001-12-27,0.01922111213207245,0.019254581816494462,normal
2001-12-28,0.017237786203622818,0.019254581816494462,normal
2001-12-31,0.012460158206522465,0.019254581816494462,normal
2002-01-02,0.020398661494255066,0.019254581816494462,abnormal
2002-01-03,0.01415005698800087,0.019254581816494462,normal
2002-01-04,0.02314440719783306,0.019254581816494462,abnormal
2002-01-07,0.017176950350403786,0.019254581816494462,normal
2002-01-08,0.0181210245937109,0.019254581816494462,normal
2002-01-09,0.007685746531933546,0.019254581816494462,normal
2002-01-10,0.009652185253798962,0.019254581816494462,normal
2002-01-11,0.01003221608698368,0.019254581816494462,normal
2002-01-14,0.006684900261461735,0.019254581816494462,normal
2002-01-15,0.004558808635920286,0.019254581816494462,normal
2002-01-16,0.0066214511170983315,0.019254581816494462,normal
2002-01-17,0.005969896446913481,0.019254581816494462,normal
2002-01-18,0.005924754310399294,0.019254581816494462,normal
2002-01-22,0.012604591436684132,0.019254581816494462,normal
2002-01-23,0.009850319474935532,0.019254581816494462,normal
2002-01-24,0.026993190869688988,0.019254581816494462,abnormal
2002-01-25,0.029674073681235313,0.019254581816494462,abnormal
2002-01-28,0.031002867966890335,0.019254581816494462,abnormal
2002-01-29,0.021484920755028725,0.019254581816494462,abnormal
2002-01-30,0.024927956983447075,0.019254581816494462,abnormal
2002-01-31,0.01251517329365015,0.019254581816494462,normal
2002-02-01,0.014050044119358063,0.019254581816494462,normal
2002-02-04,0.028256691992282867,0.019254581816494462,abnormal
2002-02-05,0.023867230862379074,0.019254581816494462,abnormal
2002-02-06,0.0072061046957969666,0.019254581816494462,normal
2002-02-07,0.015768136829137802,0.019254581816494462,normal
2002-02-08,0.004061158746480942,0.019254581816494462,normal
2002-02-11,0.018242288380861282,0.019254581816494462,normal
2002-02-12,0.01222943514585495,0.019254581816494462,normal
2002-02-13,0.01170734316110611,0.019254581816494462,normal
2002-02-14,0.013903830200433731,0.019254581816494462,normal
2002-02-15,0.0046890596859157085,0.019254581816494462,normal
2002-02-19,0.010012699291110039,0.019254581816494462,normal
2002-02-20,0.024863462895154953,0.019254581816494462,abnormal
2002-02-21,0.019557882100343704,0.019254581816494462,abnormal
2002-02-22,0.011100975796580315,0.019254581816494462,normal
2002-02-25,0.0229836106300354,0.019254581816494462,abnormal
2002-02-26,0.02110518142580986,0.019254581816494462,abnormal
2002-02-27,0.0054747858084738255,0.019254581816494462,normal
2002-02-28,0.011529393494129181,0.019254581816494462,normal
2002-03-01,0.018068017438054085,0.019254581816494462,normal
2002-03-04,0.01875723898410797,0.019254581816494462,normal
2002-03-05,0.0114044900983572,0.019254581816494462,normal
2002-03-06,0.007497803308069706,0.019254581816494462,normal
2002-03-07,0.011060502380132675,0.019254581816494462,normal
2002-03-08,0.005591925699263811,0.019254581816494462,normal
2002-03-11,0.008495822548866272,0.019254581816494462,normal
2002-03-12,0.003222241997718811,0.019254581816494462,normal
2002-03-13,0.006845240481197834,0.019254581816494462,normal
2002-03-14,0.008976648561656475,0.019254581816494462,normal
2002-03-15,0.007471183780580759,0.019254581816494462,normal
2002-03-18,0.006483947858214378,0.019254581816494462,normal
2002-03-19,0.006149619817733765,0.019254581816494462,normal
2002-03-20,0.01894756779074669,0.019254581816494462,normal
2002-03-21,0.010379049926996231,0.019254581816494462,normal
2002-03-22,0.005159870721399784,0.019254581816494462,normal
2002-03-25,0.008410267531871796,0.019254581816494462,normal
2002-03-26,0.005175020545721054,0.019254581816494462,normal
2002-03-27,0.012241348624229431,0.019254581816494462,normal
2002-03-28,0.012698492035269737,0.019254581816494462,normal
2002-04-01,0.015014760196208954,0.019254581816494462,normal
2002-04-02,0.029923943802714348,0.019254581816494462,abnormal
2002-04-03,0.02089221030473709,0.019254581816494462,abnormal
2002-04-04,0.029467090964317322,0.019254581816494462,abnormal
2002-04-05,0.03841142728924751,0.019254581816494462,abnormal
2002-04-08,0.048428941518068314,0.019254581816494462,abnormal
2002-04-09,0.06990055739879608,0.019254581816494462,abnormal
2002-04-10,0.041883401572704315,0.019254581816494462,abnormal
2002-04-11,0.03893052786588669,0.019254581816494462,abnormal
2002-04-12,0.030330892652273178,0.019254581816494462,abnormal
2002-04-15,0.023821283131837845,0.019254581816494462,abnormal
2002-04-16,0.02713008224964142,0.019254581816494462,abnormal
2002-04-17,0.02979317493736744,0.019254581816494462,abnormal
2002-04-18,0.012517688795924187,0.019254581816494462,normal
2002-04-19,0.014747409150004387,0.019254581816494462,normal
2002-04-22,0.024609819054603577,0.019254581816494462,abnormal
2002-04-23,0.009598668664693832,0.019254581816494462,normal
2002-04-24,0.011169719509780407,0.019254581816494462,normal
2002-04-25,0.007592145353555679,0.019254581816494462,normal
2002-04-26,0.026645706966519356,0.019254581816494462,abnormal
2002-04-29,0.016274921596050262,0.019254581816494462,normal
2002-04-30,0.014017926529049873,0.019254581816494462,normal
2002-05-01,0.02017444558441639,0.019254581816494462,abnormal
2002-05-02,0.029206419363617897,0.019254581816494462,abnormal
2002-05-03,0.024218594655394554,0.019254581816494462,abnormal
2002-05-06,0.02767416462302208,0.019254581816494462,abnormal
2002-05-07,0.03247816115617752,0.019254581816494462,abnormal
2002-05-08,0.033065587282180786,0.019254581816494462,abnormal
2002-05-09,0.03805406391620636,0.019254581816494462,abnormal
2002-05-10,0.02516762726008892,0.019254581816494462,abnormal
2002-05-13,0.08925942331552505,0.019254581816494462,abnormal
2002-05-14,0.06173420697450638,0.019254581816494462,abnormal
2002-05-15,0.030916213989257812,0.019254581816494462,abnormal
2002-05-16,0.011808707378804684,0.019254581816494462,normal
2002-05-17,0.032749392092227936,0.019254581816494462,abnormal
2002-05-20,0.021140623837709427,0.019254581816494462,abnormal
2002-05-21,0.017211278900504112,0.019254581816494462,normal
2002-05-22,0.02277863398194313,0.019254581816494462,abnormal
2002-05-23,0.021763848140835762,0.019254581816494462,abnormal
2002-05-24,0.03469046577811241,0.019254581816494462,abnormal
2002-05-28,0.021997828036546707,0.019254581816494462,abnormal
2002-05-29,0.02966509759426117,0.019254581816494462,abnormal
2002-05-30,0.027142707258462906,0.019254581816494462,abnormal
2002-05-31,0.04241906479001045,0.019254581816494462,abnormal
2002-06-03,0.045206040143966675,0.019254581816494462,abnormal
2002-06-04,0.04380309209227562,0.019254581816494462,abnormal
2002-06-05,0.048020701855421066,0.019254581816494462,abnormal
2002-06-06,0.019195441156625748,0.019254581816494462,normal
2002-06-07,0.019101016223430634,0.019254581816494462,normal
2002-06-10,0.04036416858434677,0.019254581816494462,abnormal
2002-06-11,0.04223465546965599,0.019254581816494462,abnormal
2002-06-12,0.05532458424568176,0.019254581816494462,abnormal
2002-06-13,0.08165508508682251,0.019254581816494462,abnormal
2002-06-14,0.09730247408151627,0.019254581816494462,abnormal
2002-06-17,0.03661520779132843,0.019254581816494462,abnormal
2002-06-18,0.036780524998903275,0.019254581816494462,abnormal
2002-06-19,0.030496541410684586,0.019254581816494462,abnormal
2002-06-20,0.03924727067351341,0.019254581816494462,abnormal
2002-06-21,0.06171714514493942,0.019254581816494462,abnormal
2002-06-24,0.0215024184435606,0.019254581816494462,abnormal
2002-06-25,0.08032484352588654,0.019254581816494462,abnormal
2002-06-26,0.03823206573724747,0.019254581816494462,abnormal
2002-06-27,0.022435594350099564,0.019254581816494462,abnormal
2002-06-28,0.026230189949274063,0.019254581816494462,abnormal
2002-07-01,0.05492828041315079,0.019254581816494462,abnormal
2002-07-02,0.0590885654091835,0.019254581816494462,abnormal
2002-07-03,0.06348735839128494,0.019254581816494462,abnormal
2002-07-05,0.07526105642318726,0.019254581816494462,abnormal
2002-07-08,0.06500350683927536,0.019254581816494462,abnormal
2002-07-09,0.08935009688138962,0.019254581816494462,abnormal
2002-07-10,0.19943110644817352,0.019254581816494462,abnormal
2002-07-11,0.2526654899120331,0.019254581816494462,abnormal
2002-07-12,0.138784721493721,0.019254581816494462,abnormal
2002-07-15,0.16773001849651337,0.019254581816494462,abnormal
2002-07-16,0.12237784266471863,0.019254581816494462,abnormal
2002-07-17,0.07406660914421082,0.019254581816494462,abnormal
2002-07-18,0.11629608273506165,0.019254581816494462,abnormal
2002-07-19,0.25613081455230713,0.019254581816494462,abnormal
2002-07-22,0.4242820143699646,0.019254581816494462,abnormal
2002-07-23,0.4942486584186554,0.019254581816494462,abnormal
2002-07-24,0.5148553252220154,0.019254581816494462,abnormal
2002-07-25,0.3529544770717621,0.019254581816494462,abnormal
2002-07-26,0.2785913944244385,0.019254581816494462,abnormal
2002-07-29,0.5097546577453613,0.019254581816494462,abnormal
2002-07-30,0.48748645186424255,0.019254581816494462,abnormal
2002-07-31,0.29794254899024963,0.019254581816494462,abnormal
2002-08-01,0.26457756757736206,0.019254581816494462,abnormal
2002-08-02,0.3005025386810303,0.019254581816494462,abnormal
2002-08-05,0.3105924725532532,0.019254581816494462,abnormal
2002-08-06,0.509627640247345,0.019254581816494462,abnormal
2002-08-07,0.4102352261543274,0.019254581816494462,abnormal
2002-08-08,0.4293357729911804,0.019254581816494462,abnormal
2002-08-09,0.4034711718559265,0.019254581816494462,abnormal
2002-08-12,0.4411046504974365,0.019254581816494462,abnormal
2002-08-13,0.26319241523742676,0.019254581816494462,abnormal
2002-08-14,0.3977011740207672,0.019254581816494462,abnormal
2002-08-15,0.3432052731513977,0.019254581816494462,abnormal
2002-08-16,0.3473517894744873,0.019254581816494462,abnormal
2002-08-19,0.3359169661998749,0.019254581816494462,abnormal
2002-08-20,0.3501851558685303,0.019254581816494462,abnormal
2002-08-21,0.12164441496133804,0.019254581816494462,abnormal
2002-08-22,0.11600619554519653,0.019254581816494462,abnormal
2002-08-23,0.21979840099811554,0.019254581816494462,abnormal
2002-08-26,0.07026628404855728,0.019254581816494462,abnormal
2002-08-27,0.08374916762113571,0.019254581816494462,abnormal
2002-08-28,0.11081444472074509,0.019254581816494462,abnormal
2002-08-29,0.09388237446546555,0.019254581816494462,abnormal
2002-08-30,0.09060885012149811,0.019254581816494462,abnormal
2002-09-03,0.24061191082000732,0.019254581816494462,abnormal
2002-09-04,0.1451774388551712,0.019254581816494462,abnormal
2002-09-05,0.09804801642894745,0.019254581816494462,abnormal
2002-09-06,0.06695922464132309,0.019254581816494462,abnormal
2002-09-09,0.0637429878115654,0.019254581816494462,abnormal
2002-09-10,0.09979421645402908,0.019254581816494462,abnormal
2002-09-11,0.06118495389819145,0.019254581816494462,abnormal
2002-09-12,0.05542778968811035,0.019254581816494462,abnormal
2002-09-13,0.03259776905179024,0.019254581816494462,abnormal
2002-09-16,0.02036503702402115,0.019254581816494462,abnormal
2002-09-17,0.04268361255526543,0.019254581816494462,abnormal
2002-09-18,0.034551382064819336,0.019254581816494462,abnormal
2002-09-19,0.053469810634851456,0.019254581816494462,abnormal
2002-09-20,0.024181116372346878,0.019254581816494462,abnormal
2002-09-23,0.062123991549015045,0.019254581816494462,abnormal
2002-09-24,0.08167442679405212,0.019254581816494462,abnormal
2002-09-25,0.019433824345469475,0.019254581816494462,abnormal
2002-09-26,0.039421290159225464,0.019254581816494462,abnormal
2002-09-27,0.05012692138552666,0.019254581816494462,abnormal
2002-09-30,0.04665008932352066,0.019254581816494462,abnormal
2002-10-01,0.18088696897029877,0.019254581816494462,abnormal
2002-10-02,0.09398575872182846,0.019254581816494462,abnormal
2002-10-03,0.08525436371564865,0.019254581816494462,abnormal
2002-10-04,0.08732490241527557,0.019254581816494462,abnormal
2002-10-07,0.15401840209960938,0.019254581816494462,abnormal
2002-10-08,0.05300554633140564,0.019254581816494462,abnormal
2002-10-09,0.09005185216665268,0.019254581816494462,abnormal
2002-10-10,0.06134972721338272,0.019254581816494462,abnormal
2002-10-11,0.1548842191696167,0.019254581816494462,abnormal
2002-10-14,0.17105011641979218,0.019254581816494462,abnormal
2002-10-15,0.21327993273735046,0.019254581816494462,abnormal
2002-10-16,0.3371178209781647,0.019254581816494462,abnormal
2002-10-17,0.34181058406829834,0.019254581816494462,abnormal
2002-10-18,0.3138727843761444,0.019254581816494462,abnormal
2002-10-21,0.34070920944213867,0.019254581816494462,abnormal
2002-10-22,0.27353423833847046,0.019254581816494462,abnormal
2002-10-23,0.15871475636959076,0.019254581816494462,abnormal
2002-10-24,0.20113706588745117,0.019254581816494462,abnormal
2002-10-25,0.1826908141374588,0.019254581816494462,abnormal
2002-10-28,0.19534654915332794,0.019254581816494462,abnormal
2002-10-29,0.1606971025466919,0.019254581816494462,abnormal
2002-10-30,0.10815860331058502,0.019254581816494462,abnormal
2002-10-31,0.10112379491329193,0.019254581816494462,abnormal
2002-11-01,0.0864141434431076,0.019254581816494462,abnormal
2002-11-04,0.07423236221075058,0.019254581816494462,abnormal
2002-11-05,0.07488638907670975,0.019254581816494462,abnormal
2002-11-06,0.07624632865190506,0.019254581816494462,abnormal
2002-11-07,0.12174757570028305,0.019254581816494462,abnormal
2002-11-08,0.09152918308973312,0.019254581816494462,abnormal
2002-11-11,0.1354311853647232,0.019254581816494462,abnormal
2002-11-12,0.06395962834358215,0.019254581816494462,abnormal
2002-11-13,0.07764355838298798,0.019254581816494462,abnormal
2002-11-14,0.041070546954870224,0.019254581816494462,abnormal
2002-11-15,0.03729253262281418,0.019254581816494462,abnormal
2002-11-18,0.033215753734111786,0.019254581816494462,abnormal
2002-11-19,0.02053510770201683,0.019254581816494462,abnormal
2002-11-20,0.02540816366672516,0.019254581816494462,abnormal
2002-11-21,0.01107105053961277,0.019254581816494462,normal
2002-11-22,0.020832179114222527,0.019254581816494462,abnormal
2002-11-25,0.004961290862411261,0.019254581816494462,normal
2002-11-26,0.03082232177257538,0.019254581816494462,abnormal
2002-11-27,0.03469649702310562,0.019254581816494462,abnormal
2002-11-29,0.03140522539615631,0.019254581816494462,abnormal
2002-12-02,0.012972014956176281,0.019254581816494462,normal
2002-12-03,0.025266457349061966,0.019254581816494462,abnormal
2002-12-04,0.027508769184350967,0.019254581816494462,abnormal
2002-12-05,0.013724321499466896,0.019254581816494462,normal
2002-12-06,0.006179021205753088,0.019254581816494462,normal
2002-12-09,0.050306688994169235,0.019254581816494462,abnormal
2002-12-10,0.04118123650550842,0.019254581816494462,abnormal
2002-12-11,0.015917759388685226,0.019254581816494462,normal
2002-12-12,0.012798081152141094,0.019254581816494462,normal
2002-12-13,0.02292969636619091,0.019254581816494462,abnormal
2002-12-16,0.04371464252471924,0.019254581816494462,abnormal
2002-12-17,0.021555578336119652,0.019254581816494462,abnormal
2002-12-18,0.019982947036623955,0.019254581816494462,abnormal
2002-12-19,0.015569486655294895,0.019254581816494462,normal
2002-12-20,0.03468466177582741,0.019254581816494462,abnormal
2002-12-23,0.020291820168495178,0.019254581816494462,abnormal
2002-12-24,0.032301630824804306,0.019254581816494462,abnormal
2002-12-26,0.023536020889878273,0.019254581816494462,abnormal
2002-12-27,0.0389731228351593,0.019254581816494462,abnormal
2002-12-30,0.02274111844599247,0.019254581816494462,abnormal
2002-12-31,0.015837738290429115,0.019254581816494462,normal
2003-01-02,0.010900238528847694,0.019254581816494462,normal
2003-01-03,0.020568933337926865,0.019254581816494462,abnormal
2003-01-06,0.020072761923074722,0.019254581816494462,abnormal
2003-01-07,0.017144624143838882,0.019254581816494462,normal
2003-01-08,0.02398279868066311,0.019254581816494462,abnormal
2003-01-09,0.016362490132451057,0.019254581816494462,normal
2003-01-10,0.010015091858804226,0.019254581816494462,normal
2003-01-13,0.015095670707523823,0.019254581816494462,normal
2003-01-14,0.008870272897183895,0.019254581816494462,normal
2003-01-15,0.004786460194736719,0.019254581816494462,normal
2003-01-16,0.005401746369898319,0.019254581816494462,normal
2003-01-17,0.012730847112834454,0.019254581816494462,normal
2003-01-21,0.021183228120207787,0.019254581816494462,abnormal
2003-01-22,0.03426871448755264,0.019254581816494462,abnormal
2003-01-23,0.01049677561968565,0.019254581816494462,normal
2003-01-24,0.03507613763213158,0.019254581816494462,abnormal
2003-01-27,0.03491416573524475,0.019254581816494462,abnormal
2003-01-28,0.045357752591371536,0.019254581816494462,abnormal
2003-01-29,0.053775519132614136,0.019254581816494462,abnormal
2003-01-30,0.08083168417215347,0.019254581816494462,abnormal
2003-01-31,0.06846338510513306,0.019254581816494462,abnormal
2003-02-03,0.08078613877296448,0.019254581816494462,abnormal
2003-02-04,0.0834539532661438,0.019254581816494462,abnormal
2003-02-05,0.07530996948480606,0.019254581816494462,abnormal
2003-02-06,0.09596697986125946,0.019254581816494462,abnormal
2003-02-07,0.10387876629829407,0.019254581816494462,abnormal
2003-02-10,0.07694241404533386,0.019254581816494462,abnormal
2003-02-11,0.08247239887714386,0.019254581816494462,abnormal
2003-02-12,0.07517299801111221,0.019254581816494462,abnormal
2003-02-13,0.04448707029223442,0.019254581816494462,abnormal
2003-02-14,0.030692223459482193,0.019254581816494462,abnormal
2003-02-18,0.02016220986843109,0.019254581816494462,abnormal
2003-02-19,0.011736162006855011,0.019254581816494462,normal
2003-02-20,0.009977083653211594,0.019254581816494462,normal
2003-02-21,0.03515581414103508,0.019254581816494462,abnormal
2003-02-24,0.01574232056736946,0.019254581816494462,normal
2003-02-25,0.009353527799248695,0.019254581816494462,normal
2003-02-26,0.013362032361328602,0.019254581816494462,normal
2003-02-27,0.009035392664372921,0.019254581816494462,normal
2003-02-28,0.011027967557311058,0.019254581816494462,normal
2003-03-03,0.01105062011629343,0.019254581816494462,normal
2003-03-04,0.013891896232962608,0.019254581816494462,normal
2003-03-05,0.01829650066792965,0.019254581816494462,normal
2003-03-06,0.011658845469355583,0.019254581816494462,normal
2003-03-07,0.008904444985091686,0.019254581816494462,normal
2003-03-10,0.015795042738318443,0.019254581816494462,normal
2003-03-11,0.008429142646491528,0.019254581816494462,normal
2003-03-12,0.004347203765064478,0.019254581816494462,normal
2003-03-13,0.014385146088898182,0.019254581816494462,normal
2003-03-14,0.0315498411655426,0.019254581816494462,abnormal
2003-03-17,0.028336618095636368,0.019254581816494462,abnormal
2003-03-18,0.02443917654454708,0.019254581816494462,abnormal
2003-03-19,0.020116234198212624,0.019254581816494462,abnormal
2003-03-20,0.0048746345564723015,0.019254581816494462,normal
2003-03-21,0.014157296158373356,0.019254581816494462,normal
2003-03-24,0.08192816376686096,0.019254581816494462,abnormal
2003-03-25,0.039417680352926254,0.019254581816494462,abnormal
2003-03-26,0.03186396136879921,0.019254581816494462,abnormal
2003-03-27,0.021407196298241615,0.019254581816494462,abnormal
2003-03-28,0.041136082261800766,0.019254581816494462,abnormal
2003-03-31,0.05087105184793472,0.019254581816494462,abnormal
2003-04-01,0.016509588807821274,0.019254581816494462,normal
2003-04-02,0.018421540036797523,0.019254581816494462,normal
2003-04-03,0.030816582962870598,0.019254581816494462,abnormal
2003-04-04,0.021402060985565186,0.019254581816494462,abnormal
2003-04-07,0.02575065568089485,0.019254581816494462,abnormal
2003-04-08,0.019384823739528656,0.019254581816494462,abnormal
2003-04-09,0.05130555480718613,0.019254581816494462,abnormal
2003-04-10,0.015836814418435097,0.019254581816494462,normal
2003-04-11,0.030151931568980217,0.019254581816494462,abnormal
2003-04-14,0.010200008749961853,0.019254581816494462,normal
2003-04-15,0.016240758821368217,0.019254581816494462,normal
2003-04-16,0.013088211417198181,0.019254581816494462,normal
2003-04-17,0.01473739929497242,0.019254581816494462,normal
2003-04-21,0.01650124043226242,0.019254581816494462,normal
2003-04-22,0.011871556751430035,0.019254581816494462,normal
2003-04-23,0.02244536764919758,0.019254581816494462,abnormal
2003-04-24,0.004941812716424465,0.019254581816494462,normal
2003-04-25,0.009516661055386066,0.019254581816494462,normal
2003-04-28,0.02112213894724846,0.019254581816494462,abnormal
2003-04-29,0.014387857168912888,0.019254581816494462,normal
2003-04-30,0.017571473494172096,0.019254581816494462,normal
2003-05-01,0.008371845819056034,0.019254581816494462,normal
2003-05-02,0.006319455336779356,0.019254581816494462,normal
2003-05-05,0.008399548940360546,0.019254581816494462,normal
2003-05-06,0.0073767490684986115,0.019254581816494462,normal
2003-05-07,0.0036685457453131676,0.019254581816494462,normal
2003-05-08,0.006596216931939125,0.019254581816494462,normal
2003-05-09,0.0036531775258481503,0.019254581816494462,normal
2003-05-12,0.0038389756809920073,0.019254581816494462,normal
2003-05-13,0.01582520268857479,0.019254581816494462,normal
2003-05-14,0.003037420567125082,0.019254581816494462,normal
2003-05-15,0.00801827386021614,0.019254581816494462,normal
2003-05-16,0.002852368401363492,0.019254581816494462,normal
2003-05-19,0.025743504986166954,0.019254581816494462,abnormal
2003-05-20,0.008870013058185577,0.019254581816494462,normal
2003-05-21,0.004420669283717871,0.019254581816494462,normal
2003-05-22,0.004824255593121052,0.019254581816494462,normal
2003-05-23,0.01456479076296091,0.019254581816494462,normal
2003-05-27,0.007295934017747641,0.019254581816494462,normal
2003-05-28,0.0068496172316372395,0.019254581816494462,normal
2003-05-29,0.00672797579318285,0.019254581816494462,normal
2003-05-30,0.0018670839490368962,0.019254581816494462,normal
2003-06-02,0.004732727073132992,0.019254581816494462,normal
2003-06-03,0.00717999367043376,0.019254581816494462,normal
2003-06-04,0.011085480451583862,0.019254581816494462,normal
2003-06-05,0.008516962639987469,0.019254581816494462,normal
2003-06-06,0.015756944194436073,0.019254581816494462,normal
2003-06-09,0.009760604240000248,0.019254581816494462,normal
2003-06-10,0.012902865186333656,0.019254581816494462,normal
2003-06-11,0.01105877198278904,0.019254581816494462,normal
2003-06-12,0.017003940418362617,0.019254581816494462,normal
2003-06-13,0.020120158791542053,0.019254581816494462,abnormal
2003-06-16,0.022686799988150597,0.019254581816494462,abnormal
2003-06-17,0.019329341128468513,0.019254581816494462,abnormal
2003-06-18,0.013538847677409649,0.019254581816494462,normal
2003-06-19,0.01865517720580101,0.019254581816494462,normal
2003-06-20,0.01985171064734459,0.019254581816494462,abnormal
2003-06-23,0.02003360167145729,0.019254581816494462,abnormal
2003-06-24,0.004293136298656464,0.019254581816494462,normal
2003-06-25,0.013920271769165993,0.019254581816494462,normal
2003-06-26,0.00977808516472578,0.019254581816494462,normal
2003-06-27,0.021326540037989616,0.019254581816494462,abnormal
2003-06-30,0.015687212347984314,0.019254581816494462,normal
2003-07-01,0.011698195710778236,0.019254581816494462,normal
2003-07-02,0.012383215129375458,0.019254581816494462,normal
2003-07-03,0.015798624604940414,0.019254581816494462,normal
2003-07-07,0.011445061303675175,0.019254581816494462,normal
2003-07-08,0.006258698645979166,0.019254581816494462,normal
2003-07-09,0.005717119202017784,0.019254581816494462,normal
2003-07-10,0.004878582898527384,0.019254581816494462,normal
2003-07-11,0.017812710255384445,0.019254581816494462,normal
2003-07-14,0.0027291805017739534,0.019254581816494462,normal
2003-07-15,0.011538968421518803,0.019254581816494462,normal
2003-07-16,0.005257093347609043,0.019254581816494462,normal
2003-07-17,0.0038205187302082777,0.019254581816494462,normal
2003-07-18,0.004914045799523592,0.019254581816494462,normal
2003-07-21,0.007730723358690739,0.019254581816494462,normal
2003-07-22,0.002647421322762966,0.019254581816494462,normal
2003-07-23,0.0033930381760001183,0.019254581816494462,normal
2003-07-24,0.007087182719260454,0.019254581816494462,normal
2003-07-25,0.0019593718461692333,0.019254581816494462,normal
2003-07-28,0.0017897296929731965,0.019254581816494462,normal
2003-07-29,0.0017340568592771888,0.019254581816494462,normal
2003-07-30,0.0026378221809864044,0.019254581816494462,normal
2003-07-31,0.003817137097939849,0.019254581816494462,normal
2003-08-01,0.008912511169910431,0.019254581816494462,normal
2003-08-04,0.00922403298318386,0.019254581816494462,normal
2003-08-05,0.008571169339120388,0.019254581816494462,normal
2003-08-06,0.009673871099948883,0.019254581816494462,normal
2003-08-07,0.0052966466173529625,0.019254581816494462,normal
2003-08-08,0.009789053350687027,0.019254581816494462,normal
2003-08-11,0.01155428308993578,0.019254581816494462,normal
2003-08-12,0.018037796020507812,0.019254581816494462,normal
2003-08-13,0.002123163314536214,0.019254581816494462,normal
2003-08-14,0.003273644484579563,0.019254581816494462,normal
2003-08-15,0.015088880434632301,0.019254581816494462,normal
2003-08-18,0.003760505234822631,0.019254581816494462,normal
2003-08-19,0.00902088824659586,0.019254581816494462,normal
2003-08-20,0.0075654019601643085,0.019254581816494462,normal
2003-08-21,0.0020170463249087334,0.019254581816494462,normal
2003-08-22,0.005932300351560116,0.019254581816494462,normal
2003-08-25,0.006209986750036478,0.019254581816494462,normal
2003-08-26,0.004677687771618366,0.019254581816494462,normal
2003-08-27,0.003262039041146636,0.019254581816494462,normal
2003-08-28,0.00427764980122447,0.019254581816494462,normal
2003-08-29,0.0040895817801356316,0.019254581816494462,normal
2003-09-02,0.013942686840891838,0.019254581816494462,normal
2003-09-03,0.017820419743657112,0.019254581816494462,normal
2003-09-04,0.008968115784227848,0.019254581816494462,normal
2003-09-05,0.009551085531711578,0.019254581816494462,normal
2003-09-08,0.012418262660503387,0.019254581816494462,normal
2003-09-09,0.012969964183866978,0.019254581816494462,normal
2003-09-10,0.010528097860515118,0.019254581816494462,normal
2003-09-11,0.00862949900329113,0.019254581816494462,normal
2003-09-12,0.0026265811175107956,0.019254581816494462,normal
2003-09-15,0.005559581331908703,0.019254581816494462,normal
2003-09-16,0.003965197131037712,0.019254581816494462,normal
2003-09-17,0.004724598489701748,0.019254581816494462,normal
2003-09-18,0.00540349492803216,0.019254581816494462,normal
2003-09-19,0.006966268178075552,0.019254581816494462,normal
2003-09-22,0.012614648789167404,0.019254581816494462,normal
2003-09-23,0.008918623439967632,0.019254581816494462,normal
2003-09-24,0.006278974004089832,0.019254581816494462,normal
2003-09-25,0.00699084484949708,0.019254581816494462,normal
2003-09-26,0.005869090557098389,0.019254581816494462,normal
2003-09-29,0.009010160341858864,0.019254581816494462,normal
2003-09-30,0.03149070218205452,0.019254581816494462,abnormal
2003-10-01,0.027600916102528572,0.019254581816494462,abnormal
2003-10-02,0.019170161336660385,0.019254581816494462,normal
2003-10-03,0.015871675685048103,0.019254581816494462,normal
2003-10-06,0.021298520267009735,0.019254581816494462,abnormal
2003-10-07,0.015830248594284058,0.019254581816494462,normal
2003-10-08,0.009922239929437637,0.019254581816494462,normal
2003-10-09,0.007041418459266424,0.019254581816494462,normal
2003-10-10,0.006400549318641424,0.019254581816494462,normal
2003-10-13,0.0075712064281105995,0.019254581816494462,normal
2003-10-14,0.006735417991876602,0.019254581816494462,normal
2003-10-15,0.0037281285040080547,0.019254581816494462,normal
2003-10-16,0.0025082286447286606,0.019254581816494462,normal
2003-10-17,0.003470884170383215,0.019254581816494462,normal
2003-10-20,0.0033441006671637297,0.019254581816494462,normal
2003-10-21,0.005142939276993275,0.019254581816494462,normal
2003-10-22,0.007210185751318932,0.019254581816494462,normal
2003-10-23,0.005665057338774204,0.019254581816494462,normal
2003-10-24,0.005715501494705677,0.019254581816494462,normal
2003-10-27,0.006013521458953619,0.019254581816494462,normal
2003-10-28,0.007734130602329969,0.019254581816494462,normal
2003-10-29,0.007252887357026339,0.019254581816494462,normal
2003-10-30,0.005096230655908585,0.019254581816494462,normal
2003-10-31,0.003524110885336995,0.019254581816494462,normal
2003-11-03,0.005877288524061441,0.019254581816494462,normal
2003-11-04,0.0056848470121622086,0.019254581816494462,normal
2003-11-05,0.005264568608254194,0.019254581816494462,normal
2003-11-06,0.002520183799788356,0.019254581816494462,normal
2003-11-07,0.00433723209425807,0.019254581816494462,normal
2003-11-10,0.004766338970512152,0.019254581816494462,normal
2003-11-11,0.0033925718162208796,0.019254581816494462,normal
2003-11-12,0.0025842245668172836,0.019254581816494462,normal
2003-11-13,0.007479947060346603,0.019254581816494462,normal
2003-11-14,0.004308626521378756,0.019254581816494462,normal
2003-11-17,0.005886201746761799,0.019254581816494462,normal
2003-11-18,0.010313482955098152,0.019254581816494462,normal
2003-11-19,0.0049404967576265335,0.019254581816494462,normal
2003-11-20,0.011495725251734257,0.019254581816494462,normal
2003-11-21,0.005338198039680719,0.019254581816494462,normal
2003-11-24,0.008020512759685516,0.019254581816494462,normal
2003-11-25,0.00930033903568983,0.019254581816494462,normal
2003-11-26,0.010494023561477661,0.019254581816494462,normal
2003-11-28,0.01610305719077587,0.019254581816494462,normal
2003-12-01,0.008845929056406021,0.019254581816494462,normal
2003-12-02,0.006493304390460253,0.019254581816494462,normal
2003-12-03,0.00875855702906847,0.019254581816494462,normal
2003-12-04,0.0088212750852108,0.019254581816494462,normal
2003-12-05,0.008263574913144112,0.019254581816494462,normal
2003-12-08,0.005680442322045565,0.019254581816494462,normal
2003-12-09,0.0033201035112142563,0.019254581816494462,normal
2003-12-10,0.003701923880726099,0.019254581816494462,normal
2003-12-11,0.006831509992480278,0.019254581816494462,normal
2003-12-12,0.0040343571454286575,0.019254581816494462,normal
2003-12-15,0.006323556415736675,0.019254581816494462,normal
2003-12-16,0.004417753778398037,0.019254581816494462,normal
2003-12-17,0.0039030248299241066,0.019254581816494462,normal
2003-12-18,0.004052726551890373,0.019254581816494462,normal
2003-12-19,0.008566648699343204,0.019254581816494462,normal
2003-12-22,0.0029504133854061365,0.019254581816494462,normal
2003-12-23,0.003380391513928771,0.019254581816494462,normal
2003-12-24,0.016347190365195274,0.019254581816494462,normal
2003-12-26,0.007842636667191982,0.019254581816494462,normal
2003-12-29,0.0033608826342970133,0.019254581816494462,normal
2003-12-30,0.005317016039043665,0.019254581816494462,normal
2003-12-31,0.0030138567090034485,0.019254581816494462,normal
2004-01-02,0.0030648682732135057,0.019254581816494462,normal
2004-01-05,0.00623551057651639,0.019254581816494462,normal
2004-01-06,0.004788954742252827,0.019254581816494462,normal
2004-01-07,0.003333376022055745,0.019254581816494462,normal
2004-01-08,0.005696568638086319,0.019254581816494462,normal
2004-01-09,0.01607336848974228,0.019254581816494462,normal
2004-01-12,0.002767582656815648,0.019254581816494462,normal
2004-01-13,0.01267782412469387,0.019254581816494462,normal
2004-01-14,0.002241299720481038,0.019254581816494462,normal
2004-01-15,0.0055679683573544025,0.019254581816494462,normal
2004-01-16,0.002126266248524189,0.019254581816494462,normal
2004-01-20,0.004154805094003677,0.019254581816494462,normal
2004-01-21,0.0038079265505075455,0.019254581816494462,normal
2004-01-22,0.0038727284409105778,0.019254581816494462,normal
2004-01-23,0.003622989868745208,0.019254581816494462,normal
2004-01-26,0.002690207213163376,0.019254581816494462,normal
2004-01-27,0.0033876916859298944,0.019254581816494462,normal
2004-01-28,0.005246761720627546,0.019254581816494462,normal
2004-01-29,0.00600575003772974,0.019254581816494462,normal
2004-01-30,0.004112874623388052,0.019254581816494462,normal
2004-02-02,0.00783237162977457,0.019254581816494462,normal
2004-02-03,0.007576317526400089,0.019254581816494462,normal
2004-02-04,0.005856036674231291,0.019254581816494462,normal
2004-02-05,0.0054781390354037285,0.019254581816494462,normal
2004-02-06,0.004502297379076481,0.019254581816494462,normal
2004-02-09,0.006259113550186157,0.019254581816494462,normal
2004-02-10,0.006783037446439266,0.019254581816494462,normal
2004-02-11,0.0069421082735061646,0.019254581816494462,normal
2004-02-12,0.002555517479777336,0.019254581816494462,normal
2004-02-13,0.006369624752551317,0.019254581816494462,normal
2004-02-17,0.0055722761899232864,0.019254581816494462,normal
2004-02-18,0.003914014436304569,0.019254581816494462,normal
2004-02-19,0.004595157224684954,0.019254581816494462,normal
2004-02-20,0.0024152537807822227,0.019254581816494462,normal
2004-02-23,0.004278062842786312,0.019254581816494462,normal
2004-02-24,0.006881695240736008,0.019254581816494462,normal
2004-02-25,0.004726743325591087,0.019254581816494462,normal
2004-02-26,0.00697261281311512,0.019254581816494462,normal
2004-02-27,0.005268055014312267,0.019254581816494462,normal
2004-03-01,0.004891949240118265,0.019254581816494462,normal
2004-03-02,0.003758861683309078,0.019254581816494462,normal
2004-03-03,0.004618734586983919,0.019254581816494462,normal
2004-03-04,0.002746033249422908,0.019254581816494462,normal
2004-03-05,0.0038070932496339083,0.019254581816494462,normal
2004-03-08,0.01203455775976181,0.019254581816494462,normal
2004-03-09,0.0066331238485872746,0.019254581816494462,normal
2004-03-10,0.0051130736246705055,0.019254581816494462,normal
2004-03-11,0.008847315795719624,0.019254581816494462,normal
2004-03-12,0.0067465282045304775,0.019254581816494462,normal
2004-03-15,0.017230786383152008,0.019254581816494462,normal
2004-03-16,0.016610631719231606,0.019254581816494462,normal
2004-03-17,0.027224676683545113,0.019254581816494462,abnormal
2004-03-18,0.026717547327280045,0.019254581816494462,abnormal
2004-03-19,0.027062129229307175,0.019254581816494462,abnormal
2004-03-22,0.026478415355086327,0.019254581816494462,abnormal
2004-03-23,0.03188486024737358,0.019254581816494462,abnormal
2004-03-24,0.03527175635099411,0.019254581816494462,abnormal
2004-03-25,0.04686170816421509,0.019254581816494462,abnormal
2004-03-26,0.06185165047645569,0.019254581816494462,abnormal
2004-03-29,0.06139926239848137,0.019254581816494462,abnormal
2004-03-30,0.04577562212944031,0.019254581816494462,abnormal
2004-03-31,0.03222597390413284,0.019254581816494462,abnormal
2004-04-01,0.03153315186500549,0.019254581816494462,abnormal
2004-04-02,0.022582972422242165,0.019254581816494462,abnormal
2004-04-05,0.019480396062135696,0.019254581816494462,abnormal
2004-04-06,0.025081679224967957,0.019254581816494462,abnormal
2004-04-07,0.022155746817588806,0.019254581816494462,abnormal
2004-04-08,0.009065625257790089,0.019254581816494462,normal
2004-04-12,0.014253977686166763,0.019254581816494462,normal
2004-04-13,0.009135989472270012,0.019254581816494462,normal
2004-04-14,0.007079434115439653,0.019254581816494462,normal
2004-04-15,0.00394787359982729,0.019254581816494462,normal
2004-04-16,0.006410139612853527,0.019254581816494462,normal
2004-04-19,0.010999069549143314,0.019254581816494462,normal
2004-04-20,0.011624881997704506,0.019254581816494462,normal
2004-04-21,0.008349744603037834,0.019254581816494462,normal
2004-04-22,0.008687948808073997,0.019254581816494462,normal
2004-04-23,0.00869549997150898,0.019254581816494462,normal
2004-04-26,0.00816396065056324,0.019254581816494462,normal
2004-04-27,0.006683949381113052,0.019254581816494462,normal
2004-04-28,0.004674404393881559,0.019254581816494462,normal
2004-04-29,0.0042697712779045105,0.019254581816494462,normal
2004-04-30,0.0030419733375310898,0.019254581816494462,normal
2004-05-03,0.005894707515835762,0.019254581816494462,normal
2004-05-04,0.014568003825843334,0.019254581816494462,normal
2004-05-05,0.011368341743946075,0.019254581816494462,normal
2004-05-06,0.009711161255836487,0.019254581816494462,normal
2004-05-07,0.005370901897549629,0.019254581816494462,normal
2004-05-10,0.004531040787696838,0.019254581816494462,normal
2004-05-11,0.01061562541872263,0.019254581816494462,normal
2004-05-12,0.03926985338330269,0.019254581816494462,abnormal
2004-05-13,0.03195616230368614,0.019254581816494462,abnormal
2004-05-14,0.029806239530444145,0.019254581816494462,abnormal
2004-05-17,0.027125326916575432,0.019254581816494462,abnormal
2004-05-18,0.03248380124568939,0.019254581816494462,abnormal
2004-05-19,0.03227372094988823,0.019254581816494462,abnormal
2004-05-20,0.03129836916923523,0.019254581816494462,abnormal
2004-05-21,0.03813731297850609,0.019254581816494462,abnormal
2004-05-24,0.03408527374267578,0.019254581816494462,abnormal
2004-05-25,0.03020857647061348,0.019254581816494462,abnormal
2004-05-26,0.01599716767668724,0.019254581816494462,normal
2004-05-27,0.006663692649453878,0.019254581816494462,normal
2004-05-28,0.005663395393639803,0.019254581816494462,normal
2004-06-01,0.00545324245467782,0.019254581816494462,normal
2004-06-02,0.006813868414610624,0.019254581816494462,normal
2004-06-03,0.012847848236560822,0.019254581816494462,normal
2004-06-04,0.012858914211392403,0.019254581816494462,normal
2004-06-07,0.00692135002464056,0.019254581816494462,normal
2004-06-08,0.008795596659183502,0.019254581816494462,normal
2004-06-09,0.012583614327013493,0.019254581816494462,normal
2004-06-10,0.01956908218562603,0.019254581816494462,abnormal
2004-06-14,0.014907024800777435,0.019254581816494462,normal
2004-06-15,0.006057837046682835,0.019254581816494462,normal
2004-06-16,0.009470043703913689,0.019254581816494462,normal
2004-06-17,0.005661758128553629,0.019254581816494462,normal
2004-06-18,0.005139833781868219,0.019254581816494462,normal
2004-06-21,0.003898909781128168,0.019254581816494462,normal
2004-06-22,0.003957063890993595,0.019254581816494462,normal
2004-06-23,0.005388600751757622,0.019254581816494462,normal
2004-06-24,0.006397719029337168,0.019254581816494462,normal
2004-06-25,0.0033026300370693207,0.019254581816494462,normal
2004-06-28,0.008867917582392693,0.019254581816494462,normal
2004-06-29,0.009343139827251434,0.019254581816494462,normal
2004-06-30,0.009700015187263489,0.019254581816494462,normal
2004-07-01,0.013545028865337372,0.019254581816494462,normal
2004-07-02,0.007023508660495281,0.019254581816494462,normal
2004-07-06,0.007478012703359127,0.019254581816494462,normal
2004-07-07,0.006860814522951841,0.019254581816494462,normal
2004-07-08,0.014791546389460564,0.019254581816494462,normal
2004-07-09,0.010167131200432777,0.019254581816494462,normal
2004-07-12,0.013169937767088413,0.019254581816494462,normal
2004-07-13,0.02329855039715767,0.019254581816494462,abnormal
2004-07-14,0.0434405542910099,0.019254581816494462,abnormal
2004-07-15,0.03300939500331879,0.019254581816494462,abnormal
2004-07-16,0.031672872602939606,0.019254581816494462,abnormal
2004-07-19,0.03632507100701332,0.019254581816494462,abnormal
2004-07-20,0.03740481659770012,0.019254581816494462,abnormal
2004-07-21,0.04602236673235893,0.019254581816494462,abnormal
2004-07-22,0.03552378714084625,0.019254581816494462,abnormal
2004-07-23,0.029743604362010956,0.019254581816494462,abnormal
2004-07-26,0.028677770867943764,0.019254581816494462,abnormal
2004-07-27,0.029339127242565155,0.019254581816494462,abnormal
2004-07-28,0.04188801720738411,0.019254581816494462,abnormal
2004-07-29,0.02984188310801983,0.019254581816494462,abnormal
2004-07-30,0.024691782891750336,0.019254581816494462,abnormal
2004-08-02,0.017497200518846512,0.019254581816494462,normal
2004-08-03,0.010721071623265743,0.019254581816494462,normal
2004-08-04,0.007769362069666386,0.019254581816494462,normal
2004-08-05,0.014452934265136719,0.019254581816494462,normal
2004-08-06,0.011929236352443695,0.019254581816494462,normal
2004-08-09,0.021090500056743622,0.019254581816494462,abnormal
2004-08-10,0.015655191615223885,0.019254581816494462,normal
2004-08-11,0.030802467837929726,0.019254581816494462,abnormal
2004-08-12,0.02184399403631687,0.019254581816494462,abnormal
2004-08-13,0.03200286999344826,0.019254581816494462,abnormal
2004-08-16,0.03460197523236275,0.019254581816494462,abnormal
2004-08-17,0.03418003022670746,0.019254581816494462,abnormal
2004-08-18,0.02898227795958519,0.019254581816494462,abnormal
2004-08-19,0.027168963104486465,0.019254581816494462,abnormal
2004-08-20,0.0314093753695488,0.019254581816494462,abnormal
2004-08-23,0.013402449898421764,0.019254581816494462,normal
2004-08-24,0.0172115545719862,0.019254581816494462,normal
2004-08-25,0.009948216378688812,0.019254581816494462,normal
2004-08-26,0.007455177139490843,0.019254581816494462,normal
2004-08-27,0.009828567504882812,0.019254581816494462,normal
2004-08-30,0.015672722831368446,0.019254581816494462,normal
2004-08-31,0.011797606945037842,0.019254581816494462,normal
2004-09-01,0.011233175173401833,0.019254581816494462,normal
2004-09-02,0.006067934911698103,0.019254581816494462,normal
2004-09-03,0.009151439182460308,0.019254581816494462,normal
2004-09-07,0.004965896252542734,0.019254581816494462,normal
2004-09-08,0.008654707111418247,0.019254581816494462,normal
2004-09-09,0.005808839108794928,0.019254581816494462,normal
2004-09-10,0.00440441956743598,0.019254581816494462,normal
2004-09-13,0.001802717219106853,0.019254581816494462,normal
2004-09-14,0.00500235240906477,0.019254581816494462,normal
2004-09-15,0.004207759164273739,0.019254581816494462,normal
2004-09-16,0.005117088556289673,0.019254581816494462,normal
2004-09-17,0.002783952048048377,0.019254581816494462,normal
2004-09-20,0.0026813047006726265,0.019254581816494462,normal
2004-09-21,0.0020677288994193077,0.019254581816494462,normal
2004-09-22,0.0037656372878700495,0.019254581816494462,normal
2004-09-23,0.006501341704279184,0.019254581816494462,normal
2004-09-24,0.006658260244876146,0.019254581816494462,normal
2004-09-27,0.010847416706383228,0.019254581816494462,normal
2004-09-28,0.010657302103936672,0.019254581816494462,normal
2004-09-29,0.015103050507605076,0.019254581816494462,normal
2004-09-30,0.01732095703482628,0.019254581816494462,normal
2004-10-01,0.02753571607172489,0.019254581816494462,abnormal
2004-10-04,0.016157574951648712,0.019254581816494462,normal
2004-10-05,0.011573991738259792,0.019254581816494462,normal
2004-10-06,0.012840300798416138,0.019254581816494462,normal
2004-10-07,0.0156968142837286,0.019254581816494462,normal
2004-10-08,0.009287301450967789,0.019254581816494462,normal
2004-10-11,0.02001957781612873,0.019254581816494462,abnormal
2004-10-12,0.008046261966228485,0.019254581816494462,normal
2004-10-13,0.012768425047397614,0.019254581816494462,normal
2004-10-14,0.006666798610240221,0.019254581816494462,normal
2004-10-15,0.008728011511266232,0.019254581816494462,normal
2004-10-18,0.008290019817650318,0.019254581816494462,normal
2004-10-19,0.015000798739492893,0.019254581816494462,normal
2004-10-20,0.009674625471234322,0.019254581816494462,normal
2004-10-21,0.02263675443828106,0.019254581816494462,abnormal
2004-10-22,0.01770855486392975,0.019254581816494462,normal
2004-10-25,0.014339931309223175,0.019254581816494462,normal
2004-10-26,0.027252599596977234,0.019254581816494462,abnormal
2004-10-27,0.0251552015542984,0.019254581816494462,abnormal
2004-10-28,0.024387631565332413,0.019254581816494462,abnormal
2004-10-29,0.018033767119050026,0.019254581816494462,normal
2004-11-01,0.01972116343677044,0.019254581816494462,abnormal
2004-11-02,0.007399261929094791,0.019254581816494462,normal
2004-11-03,0.01750110648572445,0.019254581816494462,normal
2004-11-04,0.017121680080890656,0.019254581816494462,normal
2004-11-05,0.022107139229774475,0.019254581816494462,abnormal
2004-11-08,0.00739740626886487,0.019254581816494462,normal
2004-11-09,0.00994483195245266,0.019254581816494462,normal
2004-11-10,0.013581018894910812,0.019254581816494462,normal
2004-11-11,0.005004428327083588,0.019254581816494462,normal
2004-11-12,0.012395474128425121,0.019254581816494462,normal
2004-11-15,0.008184834383428097,0.019254581816494462,normal
2004-11-16,0.008842922747135162,0.019254581816494462,normal
2004-11-17,0.01247809361666441,0.019254581816494462,normal
2004-11-18,0.005085273180156946,0.019254581816494462,normal
2004-11-19,0.009879952296614647,0.019254581816494462,normal
2004-11-22,0.0030934184323996305,0.019254581816494462,normal
2004-11-23,0.003336107125505805,0.019254581816494462,normal
2004-11-24,0.005155693739652634,0.019254581816494462,normal
2004-11-26,0.015359721146523952,0.019254581816494462,normal
2004-11-29,0.005213381722569466,0.019254581816494462,normal
2004-11-30,0.0036540247965604067,0.019254581816494462,normal
2004-12-01,0.005452217534184456,0.019254581816494462,normal
2004-12-02,0.007791356183588505,0.019254581816494462,normal
2004-12-03,0.005519197788089514,0.019254581816494462,normal
2004-12-06,0.003812821814790368,0.019254581816494462,normal
2004-12-07,0.00324805686250329,0.019254581816494462,normal
2004-12-08,0.0031654899939894676,0.019254581816494462,normal
2004-12-09,0.003553706454113126,0.019254581816494462,normal
2004-12-10,0.006437651347368956,0.019254581816494462,normal
2004-12-13,0.0032255626283586025,0.019254581816494462,normal
2004-12-14,0.004373123403638601,0.019254581816494462,normal
2004-12-15,0.00271621230058372,0.019254581816494462,normal
2004-12-16,0.0017529939068481326,0.019254581816494462,normal
2004-12-17,0.0031595593318343163,0.019254581816494462,normal
2004-12-20,0.005822588689625263,0.019254581816494462,normal
2004-12-21,0.002956678159534931,0.019254581816494462,normal
2004-12-22,0.0045984406024217606,0.019254581816494462,normal
2004-12-23,0.0054323324002325535,0.019254581816494462,normal
2004-12-27,0.0024853628128767014,0.019254581816494462,normal
2004-12-28,0.007387602236121893,0.019254581816494462,normal
2004-12-29,0.006286573596298695,0.019254581816494462,normal
2004-12-30,0.003974118735641241,0.019254581816494462,normal
2004-12-31,0.0025704854633659124,0.019254581816494462,normal
2005-01-03,0.00382045260630548,0.019254581816494462,normal
2005-01-04,0.007558940909802914,0.019254581816494462,normal
2005-01-05,0.006321365479379892,0.019254581816494462,normal
2005-01-06,0.006848976947367191,0.019254581816494462,normal
2005-01-07,0.013969999738037586,0.019254581816494462,normal
2005-01-10,0.018014084547758102,0.019254581816494462,normal
2005-01-11,0.022998152300715446,0.019254581816494462,abnormal
2005-01-12,0.03244078531861305,0.019254581816494462,abnormal
2005-01-13,0.019995244219899178,0.019254581816494462,abnormal
2005-01-14,0.019016234204173088,0.019254581816494462,normal
2005-01-18,0.0236270260065794,0.019254581816494462,abnormal
2005-01-19,0.020123155787587166,0.019254581816494462,abnormal
2005-01-20,0.01846902444958687,0.019254581816494462,normal
2005-01-21,0.016446024179458618,0.019254581816494462,normal
2005-01-24,0.017361318692564964,0.019254581816494462,normal
2005-01-25,0.026746653020381927,0.019254581816494462,abnormal
2005-01-26,0.02493683062493801,0.019254581816494462,abnormal
2005-01-27,0.030312692746520042,0.019254581816494462,abnormal
2005-01-28,0.026765741407871246,0.019254581816494462,abnormal
2005-01-31,0.026174120604991913,0.019254581816494462,abnormal
2005-02-01,0.013674058951437473,0.019254581816494462,normal
2005-02-02,0.01097542978823185,0.019254581816494462,normal
2005-02-03,0.004179868847131729,0.019254581816494462,normal
2005-02-04,0.009577701799571514,0.019254581816494462,normal
2005-02-07,0.015856953337788582,0.019254581816494462,normal
2005-02-08,0.009742607362568378,0.019254581816494462,normal
2005-02-09,0.007421631831675768,0.019254581816494462,normal
2005-02-10,0.009661518037319183,0.019254581816494462,normal
2005-02-11,0.006128648295998573,0.019254581816494462,normal
2005-02-14,0.006501202005892992,0.019254581816494462,normal
2005-02-15,0.004877387546002865,0.019254581816494462,normal
2005-02-16,0.0022245619911700487,0.019254581816494462,normal
2005-02-17,0.00433189794421196,0.019254581816494462,normal
2005-02-18,0.004519774112850428,0.019254581816494462,normal
2005-02-22,0.009711351245641708,0.019254581816494462,normal
2005-02-23,0.006380206439644098,0.019254581816494462,normal
2005-02-24,0.006309887859970331,0.019254581816494462,normal
2005-02-25,0.008710749447345734,0.019254581816494462,normal
2005-02-28,0.010461423546075821,0.019254581816494462,normal
2005-03-01,0.009183409623801708,0.019254581816494462,normal
2005-03-02,0.003303919220343232,0.019254581816494462,normal
2005-03-03,0.0021538035944104195,0.019254581816494462,normal
2005-03-04,0.006099124904721975,0.019254581816494462,normal
2005-03-07,0.0059319427236914635,0.019254581816494462,normal
2005-03-08,0.0059461952187120914,0.019254581816494462,normal
2005-03-09,0.00408027833327651,0.019254581816494462,normal
2005-03-10,0.010452622547745705,0.019254581816494462,normal
2005-03-11,0.0035511190071702003,0.019254581816494462,normal
2005-03-14,0.004393443930894136,0.019254581816494462,normal
2005-03-15,0.006426030769944191,0.019254581816494462,normal
2005-03-16,0.0039009202737361193,0.019254581816494462,normal
2005-03-17,0.005142257548868656,0.019254581816494462,normal
2005-03-18,0.006878272630274296,0.019254581816494462,normal
2005-03-21,0.013078046031296253,0.019254581816494462,normal
2005-03-22,0.021117473021149635,0.019254581816494462,abnormal
2005-03-23,0.02473302185535431,0.019254581816494462,abnormal
2005-03-24,0.05113523453474045,0.019254581816494462,abnormal
2005-03-28,0.07457135617733002,0.019254581816494462,abnormal
2005-03-29,0.07728798687458038,0.019254581816494462,abnormal
2005-03-30,0.07287799566984177,0.019254581816494462,abnormal
2005-03-31,0.06533606350421906,0.019254581816494462,abnormal
2005-04-01,0.05422660708427429,0.019254581816494462,abnormal
2005-04-04,0.06162257120013237,0.019254581816494462,abnormal
2005-04-05,0.056874118745326996,0.019254581816494462,abnormal
2005-04-06,0.032284196466207504,0.019254581816494462,abnormal
2005-04-07,0.02736981213092804,0.019254581816494462,abnormal
2005-04-08,0.01748078502714634,0.019254581816494462,normal
2005-04-11,0.016798047348856926,0.019254581816494462,normal
2005-04-12,0.009484781883656979,0.019254581816494462,normal
2005-04-13,0.011293595656752586,0.019254581816494462,normal
2005-04-14,0.014061582274734974,0.019254581816494462,normal
2005-04-15,0.010744743049144745,0.019254581816494462,normal
2005-04-18,0.00884322915226221,0.019254581816494462,normal
2005-04-19,0.019078336656093597,0.019254581816494462,normal
2005-04-20,0.03638363257050514,0.019254581816494462,abnormal
2005-04-21,0.018825937062501907,0.019254581816494462,normal
2005-04-22,0.018742766231298447,0.019254581816494462,normal
2005-04-25,0.02090590074658394,0.019254581816494462,abnormal
2005-04-26,0.014348362572491169,0.019254581816494462,normal
2005-04-27,0.029560569673776627,0.019254581816494462,abnormal
2005-04-28,0.013353207148611546,0.019254581816494462,normal
2005-04-29,0.011373954825103283,0.019254581816494462,normal
2005-05-02,0.01676892675459385,0.019254581816494462,normal
2005-05-03,0.014459528960287571,0.019254581816494462,normal
2005-05-04,0.013023880310356617,0.019254581816494462,normal
2005-05-05,0.009083828888833523,0.019254581816494462,normal
2005-05-06,0.0023230218794196844,0.019254581816494462,normal
2005-05-09,0.008721369318664074,0.019254581816494462,normal
2005-05-10,0.0049852062948048115,0.019254581816494462,normal
2005-05-11,0.009206174872815609,0.019254581816494462,normal
2005-05-12,0.008549896068871021,0.019254581816494462,normal
2005-05-13,0.004953482653945684,0.019254581816494462,normal
2005-05-16,0.005841338541358709,0.019254581816494462,normal
2005-05-17,0.0039454237557947636,0.019254581816494462,normal
2005-05-18,0.010961383581161499,0.019254581816494462,normal
2005-05-19,0.009994195774197578,0.019254581816494462,normal
2005-05-20,0.0066619329154491425,0.019254581816494462,normal
2005-05-23,0.007153427693992853,0.019254581816494462,normal
2005-05-24,0.008119117468595505,0.019254581816494462,normal
2005-05-25,0.007827311754226685,0.019254581816494462,normal
2005-05-26,0.0050798398442566395,0.019254581816494462,normal
2005-05-27,0.006802663207054138,0.019254581816494462,normal
2005-05-31,0.005121846217662096,0.019254581816494462,normal
2005-06-01,0.0029600942507386208,0.019254581816494462,normal
2005-06-02,0.0018382281996309757,0.019254581816494462,normal
2005-06-03,0.0025128540582954884,0.019254581816494462,normal
2005-06-06,0.0020636075641959906,0.019254581816494462,normal
2005-06-07,0.0039181942120194435,0.019254581816494462,normal
2005-06-08,0.0031997973565012217,0.019254581816494462,normal
2005-06-09,0.004356496036052704,0.019254581816494462,normal
2005-06-10,0.0017644822364673018,0.019254581816494462,normal
2005-06-13,0.0014801558572798967,0.019254581816494462,normal
2005-06-14,0.0027621614281088114,0.019254581816494462,normal
2005-06-15,0.0033928651828318834,0.019254581816494462,normal
2005-06-16,0.004030836746096611,0.019254581816494462,normal
2005-06-17,0.003129076911136508,0.019254581816494462,normal
2005-06-20,0.006684901192784309,0.019254581816494462,normal
2005-06-21,0.002779556205496192,0.019254581816494462,normal
2005-06-22,0.0032969112507998943,0.019254581816494462,normal
2005-06-23,0.005262411665171385,0.019254581816494462,normal
2005-06-24,0.00536486366763711,0.019254581816494462,normal
2005-06-27,0.005962912458926439,0.019254581816494462,normal
2005-06-28,0.0045743961818516254,0.019254581816494462,normal
2005-06-29,0.012674549594521523,0.019254581816494462,normal
2005-06-30,0.009925453923642635,0.019254581816494462,normal
2005-07-01,0.012333929538726807,0.019254581816494462,normal
2005-07-05,0.012832804583013058,0.019254581816494462,normal
2005-07-06,0.012688906863331795,0.019254581816494462,normal
2005-07-07,0.023326579481363297,0.019254581816494462,abnormal
2005-07-08,0.0114057632163167,0.019254581816494462,normal
2005-07-11,0.008346314541995525,0.019254581816494462,normal
2005-07-12,0.011635416187345982,0.019254581816494462,normal
2005-07-13,0.00703058484941721,0.019254581816494462,normal
2005-07-14,0.006209802348166704,0.019254581816494462,normal
2005-07-15,0.002384268445894122,0.019254581816494462,normal
2005-07-18,0.002790705766528845,0.019254581816494462,normal
2005-07-19,0.00397138949483633,0.019254581816494462,normal
2005-07-20,0.003256034106016159,0.019254581816494462,normal
2005-07-21,0.013611447997391224,0.019254581816494462,normal
2005-07-22,0.0016481134807690978,0.019254581816494462,normal
2005-07-25,0.0017308956012129784,0.019254581816494462,normal
2005-07-26,0.002329789102077484,0.019254581816494462,normal
2005-07-27,0.0015978021547198296,0.019254581816494462,normal
2005-07-28,0.0026119682006537914,0.019254581816494462,normal
2005-07-29,0.0038361456245183945,0.019254581816494462,normal
2005-08-01,0.0024773667100816965,0.019254581816494462,normal
2005-08-02,0.0030627246014773846,0.019254581816494462,normal
2005-08-03,0.0016547840787097812,0.019254581816494462,normal
2005-08-04,0.005303511396050453,0.019254581816494462,normal
2005-08-05,0.0029869626741856337,0.019254581816494462,normal
2005-08-08,0.004931095987558365,0.019254581816494462,normal
2005-08-09,0.002127827377989888,0.019254581816494462,normal
2005-08-10,0.010336830280721188,0.019254581816494462,normal
2005-08-11,0.004621261265128851,0.019254581816494462,normal
2005-08-12,0.002859025029465556,0.019254581816494462,normal
2005-08-15,0.005361626390367746,0.019254581816494462,normal
2005-08-16,0.0034175608307123184,0.019254581816494462,normal
2005-08-17,0.007517876103520393,0.019254581816494462,normal
2005-08-18,0.003821286140009761,0.019254581816494462,normal
2005-08-19,0.0042046732269227505,0.019254581816494462,normal
2005-08-22,0.01693214848637581,0.019254581816494462,normal
2005-08-23,0.016279663890600204,0.019254581816494462,normal
2005-08-24,0.0108793955296278,0.019254581816494462,normal
2005-08-25,0.01258179172873497,0.019254581816494462,normal
2005-08-26,0.009457812644541264,0.019254581816494462,normal
2005-08-29,0.01018748339265585,0.019254581816494462,normal
2005-08-30,0.021147774532437325,0.019254581816494462,abnormal
2005-08-31,0.02880782075226307,0.019254581816494462,abnormal
2005-09-01,0.011706322431564331,0.019254581816494462,normal
2005-09-02,0.009830600582063198,0.019254581816494462,normal
2005-09-06,0.005461821798235178,0.019254581816494462,normal
2005-09-07,0.004000076092779636,0.019254581816494462,normal
2005-09-08,0.003959815017879009,0.019254581816494462,normal
2005-09-09,0.004989493638277054,0.019254581816494462,normal
2005-09-12,0.007035987451672554,0.019254581816494462,normal
2005-09-13,0.0069750891998410225,0.019254581816494462,normal
2005-09-14,0.004327133763581514,0.019254581816494462,normal
2005-09-15,0.003464986803010106,0.019254581816494462,normal
2005-09-16,0.0055909352377057076,0.019254581816494462,normal
2005-09-19,0.00582144595682621,0.019254581816494462,normal
2005-09-20,0.004587744828313589,0.019254581816494462,normal
2005-09-21,0.005038612522184849,0.019254581816494462,normal
2005-09-22,0.006492203567177057,0.019254581816494462,normal
2005-09-23,0.008609362877905369,0.019254581816494462,normal
2005-09-26,0.017796944826841354,0.019254581816494462,normal
2005-09-27,0.022178515791893005,0.019254581816494462,abnormal
2005-09-28,0.02885574847459793,0.019254581816494462,abnormal
2005-09-29,0.03732280060648918,0.019254581816494462,abnormal
2005-09-30,0.025030117481946945,0.019254581816494462,abnormal
2005-10-03,0.013809212483465672,0.019254581816494462,normal
2005-10-04,0.016088563948869705,0.019254581816494462,normal
2005-10-05,0.016412189230322838,0.019254581816494462,normal
2005-10-06,0.027521654963493347,0.019254581816494462,abnormal
2005-10-07,0.020188679918646812,0.019254581816494462,abnormal
2005-10-10,0.03388947248458862,0.019254581816494462,abnormal
2005-10-11,0.023757919669151306,0.019254581816494462,abnormal
2005-10-12,0.03980766236782074,0.019254581816494462,abnormal
2005-10-13,0.04676257446408272,0.019254581816494462,abnormal
2005-10-14,0.04148325324058533,0.019254581816494462,abnormal
2005-10-17,0.04940379038453102,0.019254581816494462,abnormal
2005-10-18,0.04470324143767357,0.019254581816494462,abnormal
2005-10-19,0.04980362951755524,0.019254581816494462,abnormal
2005-10-20,0.03534761443734169,0.019254581816494462,abnormal
2005-10-21,0.029294315725564957,0.019254581816494462,abnormal
2005-10-24,0.023232104256749153,0.019254581816494462,abnormal
2005-10-25,0.014282410964369774,0.019254581816494462,normal
2005-10-26,0.01781880483031273,0.019254581816494462,normal
2005-10-27,0.015345803461968899,0.019254581816494462,normal
2005-10-28,0.03178531676530838,0.019254581816494462,abnormal
2005-10-31,0.01028138492256403,0.019254581816494462,normal
2005-11-01,0.00766483461484313,0.019254581816494462,normal
2005-11-02,0.005128432065248489,0.019254581816494462,normal
2005-11-03,0.007859377190470695,0.019254581816494462,normal
2005-11-04,0.005227875895798206,0.019254581816494462,normal
2005-11-07,0.005928343627601862,0.019254581816494462,normal
2005-11-08,0.01152340043336153,0.019254581816494462,normal
2005-11-09,0.010941874235868454,0.019254581816494462,normal
2005-11-10,0.008371705189347267,0.019254581816494462,normal
2005-11-11,0.009663266129791737,0.019254581816494462,normal
2005-11-14,0.007666340563446283,0.019254581816494462,normal
2005-11-15,0.0048543172888457775,0.019254581816494462,normal
2005-11-16,0.006708008702844381,0.019254581816494462,normal
2005-11-17,0.002963315462693572,0.019254581816494462,normal
2005-11-18,0.008330159820616245,0.019254581816494462,normal
2005-11-21,0.005223301704972982,0.019254581816494462,normal
2005-11-22,0.006387570407241583,0.019254581816494462,normal
2005-11-23,0.006107295397669077,0.019254581816494462,normal
2005-11-25,0.017118411138653755,0.019254581816494462,normal
2005-11-28,0.006337714847177267,0.019254581816494462,normal
2005-11-29,0.005234608426690102,0.019254581816494462,normal
2005-11-30,0.004438050556927919,0.019254581816494462,normal
2005-12-01,0.005620358511805534,0.019254581816494462,normal
2005-12-02,0.009277550503611565,0.019254581816494462,normal
2005-12-05,0.004720938391983509,0.019254581816494462,normal
2005-12-06,0.0032170333433896303,0.019254581816494462,normal
2005-12-07,0.005910278297960758,0.019254581816494462,normal
2005-12-08,0.0015572468983009458,0.019254581816494462,normal
2005-12-09,0.0019179212395101786,0.019254581816494462,normal
2005-12-12,0.003173370845615864,0.019254581816494462,normal
2005-12-13,0.007622519042342901,0.019254581816494462,normal
2005-12-14,0.006378517020493746,0.019254581816494462,normal
2005-12-15,0.002025814726948738,0.019254581816494462,normal
2005-12-16,0.00307954172603786,0.019254581816494462,normal
2005-12-19,0.007090471219271421,0.019254581816494462,normal
2005-12-20,0.0061845495365560055,0.019254581816494462,normal
2005-12-21,0.005404417868703604,0.019254581816494462,normal
2005-12-22,0.007669187616556883,0.019254581816494462,normal
2005-12-23,0.008940404281020164,0.019254581816494462,normal
2005-12-27,0.010133927688002586,0.019254581816494462,normal
2005-12-28,0.010403238236904144,0.019254581816494462,normal
2005-12-29,0.008720836602151394,0.019254581816494462,normal
2005-12-30,0.00984926987439394,0.019254581816494462,normal
2006-01-03,0.011797640472650528,0.019254581816494462,normal
2006-01-04,0.012543602846562862,0.019254581816494462,normal
2006-01-05,0.015388774685561657,0.019254581816494462,normal
2006-01-06,0.011704402975738049,0.019254581816494462,normal
2006-01-09,0.010806520469486713,0.019254581816494462,normal
2006-01-10,0.005285081919282675,0.019254581816494462,normal
2006-01-11,0.005308445543050766,0.019254581816494462,normal
2006-01-12,0.006675280164927244,0.019254581816494462,normal
2006-01-13,0.007863081991672516,0.019254581816494462,normal
2006-01-17,0.0065171984024345875,0.019254581816494462,normal
2006-01-18,0.0030868526082485914,0.019254581816494462,normal
2006-01-19,0.006025056354701519,0.019254581816494462,normal
2006-01-20,0.016755269840359688,0.019254581816494462,normal
2006-01-23,0.011947021819651127,0.019254581816494462,normal
2006-01-24,0.009961983188986778,0.019254581816494462,normal
2006-01-25,0.014543221332132816,0.019254581816494462,normal
2006-01-26,0.013742512091994286,0.019254581816494462,normal
2006-01-27,0.026072988286614418,0.019254581816494462,abnormal
2006-01-30,0.016326989978551865,0.019254581816494462,normal
2006-01-31,0.007571633439511061,0.019254581816494462,normal
2006-02-01,0.01342763751745224,0.019254581816494462,normal
2006-02-02,0.006456277333199978,0.019254581816494462,normal
2006-02-03,0.004781659692525864,0.019254581816494462,normal
2006-02-06,0.00471011595800519,0.019254581816494462,normal
2006-02-07,0.006029634270817041,0.019254581816494462,normal
2006-02-08,0.005804253276437521,0.019254581816494462,normal
2006-02-09,0.008094142191112041,0.019254581816494462,normal
2006-02-10,0.006516342982649803,0.019254581816494462,normal
2006-02-13,0.005126196891069412,0.019254581816494462,normal
2006-02-14,0.010725103318691254,0.019254581816494462,normal
2006-02-15,0.007033440750092268,0.019254581816494462,normal
2006-02-16,0.00934961624443531,0.019254581816494462,normal
2006-02-17,0.004970564041286707,0.019254581816494462,normal
2006-02-21,0.004453026689589024,0.019254581816494462,normal
2006-02-22,0.00460662180557847,0.019254581816494462,normal
2006-02-23,0.0024362194817513227,0.019254581816494462,normal
2006-02-24,0.004932209383696318,0.019254581816494462,normal
2006-02-27,0.0023820006754249334,0.019254581816494462,normal
2006-02-28,0.0019218779634684324,0.019254581816494462,normal
2006-03-01,0.0034207759890705347,0.019254581816494462,normal
2006-03-02,0.0013698055408895016,0.019254581816494462,normal
2006-03-03,0.0018705420661717653,0.019254581816494462,normal
2006-03-06,0.00186247902456671,0.019254581816494462,normal
2006-03-07,0.005219589453190565,0.019254581816494462,normal
2006-03-08,0.003988034091889858,0.019254581816494462,normal
2006-03-09,0.0069187358021736145,0.019254581816494462,normal
2006-03-10,0.002681037178263068,0.019254581816494462,normal
2006-03-13,0.0036425928119570017,0.019254581816494462,normal
2006-03-14,0.005004339385777712,0.019254581816494462,normal
2006-03-15,0.0061109974049031734,0.019254581816494462,normal
2006-03-16,0.007584457751363516,0.019254581816494462,normal
2006-03-17,0.004144178703427315,0.019254581816494462,normal
2006-03-20,0.004579113330692053,0.019254581816494462,normal
2006-03-21,0.004263969603925943,0.019254581816494462,normal
2006-03-22,0.005517893470823765,0.019254581816494462,normal
2006-03-23,0.0047721536830067635,0.019254581816494462,normal
2006-03-24,0.002181931398808956,0.019254581816494462,normal
2006-03-27,0.0017129514599218965,0.019254581816494462,normal
2006-03-28,0.001512248651124537,0.019254581816494462,normal
2006-03-29,0.0012089781230315566,0.019254581816494462,normal
2006-03-30,0.0016859926981851459,0.019254581816494462,normal
2006-03-31,0.0021096256095916033,0.019254581816494462,normal
2006-04-03,0.00394411152228713,0.019254581816494462,normal
2006-04-04,0.005798132624477148,0.019254581816494462,normal
2006-04-05,0.005459444131702185,0.019254581816494462,normal
2006-04-06,0.002607105765491724,0.019254581816494462,normal
2006-04-07,0.002408277941867709,0.019254581816494462,normal
2006-04-10,0.007939943112432957,0.019254581816494462,normal
2006-04-11,0.0055746217258274555,0.019254581816494462,normal
2006-04-12,0.0038249066565185785,0.019254581816494462,normal
2006-04-13,0.00798905547708273,0.019254581816494462,normal
2006-04-17,0.005481624975800514,0.019254581816494462,normal
2006-04-18,0.020057067275047302,0.019254581816494462,abnormal
2006-04-19,0.010688570328056812,0.019254581816494462,normal
2006-04-20,0.0071492609567940235,0.019254581816494462,normal
2006-04-21,0.002968189539387822,0.019254581816494462,normal
2006-04-24,0.006949129514396191,0.019254581816494462,normal
2006-04-25,0.0031380478758364916,0.019254581816494462,normal
2006-04-26,0.0036826690193265676,0.019254581816494462,normal
2006-04-27,0.014216335490345955,0.019254581816494462,normal
2006-04-28,0.0047872066497802734,0.019254581816494462,normal
2006-05-01,0.003230227157473564,0.019254581816494462,normal
2006-05-02,0.005222117528319359,0.019254581816494462,normal
2006-05-03,0.001162249594926834,0.019254581816494462,normal
2006-05-04,0.002343257889151573,0.019254581816494462,normal
2006-05-05,0.0018976146820932627,0.019254581816494462,normal
2006-05-08,0.004175947047770023,0.019254581816494462,normal
2006-05-09,0.003961323294788599,0.019254581816494462,normal
2006-05-10,0.0014403617242351174,0.019254581816494462,normal
2006-05-11,0.003409044584259391,0.019254581816494462,normal
2006-05-12,0.005112422630190849,0.019254581816494462,normal
2006-05-15,0.01042708195745945,0.019254581816494462,normal
2006-05-16,0.002930942689999938,0.019254581816494462,normal
2006-05-17,0.027919694781303406,0.019254581816494462,abnormal
2006-05-18,0.01353338174521923,0.019254581816494462,normal
2006-05-19,0.02341732382774353,0.019254581816494462,abnormal
2006-05-22,0.03843340650200844,0.019254581816494462,abnormal
2006-05-23,0.04567940533161163,0.019254581816494462,abnormal
2006-05-24,0.08650145679712296,0.019254581816494462,abnormal
2006-05-25,0.06957992166280746,0.019254581816494462,abnormal
2006-05-26,0.06571157276630402,0.019254581816494462,abnormal
2006-05-30,0.052091702818870544,0.019254581816494462,abnormal
2006-05-31,0.0626910924911499,0.019254581816494462,abnormal
2006-06-01,0.043388549238443375,0.019254581816494462,abnormal
2006-06-02,0.027353575453162193,0.019254581816494462,abnormal
2006-06-05,0.028808994218707085,0.019254581816494462,abnormal
2006-06-06,0.024511834606528282,0.019254581816494462,abnormal
2006-06-07,0.010707436129450798,0.019254581816494462,normal
2006-06-08,0.02328038215637207,0.019254581816494462,abnormal
2006-06-09,0.014295069500803947,0.019254581816494462,normal
2006-06-12,0.01383044570684433,0.019254581816494462,normal
2006-06-13,0.027408283203840256,0.019254581816494462,abnormal
2006-06-14,0.009583823382854462,0.019254581816494462,normal
2006-06-15,0.006091407034546137,0.019254581816494462,normal
2006-06-16,0.02003014273941517,0.019254581816494462,abnormal
2006-06-19,0.006785993929952383,0.019254581816494462,normal
2006-06-20,0.038183584809303284,0.019254581816494462,abnormal
2006-06-21,0.02419644594192505,0.019254581816494462,abnormal
2006-06-22,0.02365555800497532,0.019254581816494462,abnormal
2006-06-23,0.01537450309842825,0.019254581816494462,normal
2006-06-26,0.023325959220528603,0.019254581816494462,abnormal
2006-06-27,0.013165079057216644,0.019254581816494462,normal
2006-06-28,0.015701230615377426,0.019254581816494462,normal
2006-06-29,0.019410762935876846,0.019254581816494462,abnormal
2006-06-30,0.011693841777741909,0.019254581816494462,normal
2006-07-03,0.025824422016739845,0.019254581816494462,abnormal
2006-07-05,0.010833855718374252,0.019254581816494462,normal
2006-07-06,0.03866589441895485,0.019254581816494462,abnormal
2006-07-07,0.014702502638101578,0.019254581816494462,normal
2006-07-10,0.016346275806427002,0.019254581816494462,normal
2006-07-11,0.01031852699816227,0.019254581816494462,normal
2006-07-12,0.009721076115965843,0.019254581816494462,normal
2006-07-13,0.007486344315111637,0.019254581816494462,normal
2006-07-14,0.008672758936882019,0.019254581816494462,normal
2006-07-17,0.0029482680838555098,0.019254581816494462,normal
2006-07-18,0.020898867398500443,0.019254581816494462,abnormal
2006-07-19,0.043197255581617355,0.019254581816494462,abnormal
2006-07-20,0.03138099983334541,0.019254581816494462,abnormal
2006-07-21,0.017107464373111725,0.019254581816494462,normal
2006-07-24,0.03560889512300491,0.019254581816494462,abnormal
2006-07-25,0.012197119183838367,0.019254581816494462,normal
2006-07-26,0.010881699621677399,0.019254581816494462,normal
2006-07-27,0.006541800685226917,0.019254581816494462,normal
2006-07-28,0.02119644358754158,0.019254581816494462,abnormal
2006-07-31,0.007284262683242559,0.019254581816494462,normal
2006-08-01,0.00410481495782733,0.019254581816494462,normal
2006-08-02,0.0036457085516303778,0.019254581816494462,normal
2006-08-03,0.0023983672726899385,0.019254581816494462,normal
2006-08-04,0.005621208809316158,0.019254581816494462,normal
2006-08-07,0.004024231806397438,0.019254581816494462,normal
2006-08-08,0.005092629697173834,0.019254581816494462,normal
2006-08-09,0.003240815130993724,0.019254581816494462,normal
2006-08-10,0.008522756397724152,0.019254581816494462,normal
2006-08-11,0.004258835222572088,0.019254581816494462,normal
2006-08-14,0.0029539281968027353,0.019254581816494462,normal
2006-08-15,0.002658652141690254,0.019254581816494462,normal
2006-08-16,0.006328997202217579,0.019254581816494462,normal
2006-08-17,0.00729583203792572,0.019254581816494462,normal
2006-08-18,0.004814528860151768,0.019254581816494462,normal
2006-08-21,0.007461311295628548,0.019254581816494462,normal
2006-08-22,0.005977765657007694,0.019254581816494462,normal
2006-08-23,0.005895172245800495,0.019254581816494462,normal
2006-08-24,0.004165266174823046,0.019254581816494462,normal
2006-08-25,0.006091805640608072,0.019254581816494462,normal
2006-08-28,0.0036717518232762814,0.019254581816494462,normal
2006-08-29,0.007325774058699608,0.019254581816494462,normal
2006-08-30,0.003849441185593605,0.019254581816494462,normal
2006-08-31,0.0048006316646933556,0.019254581816494462,normal
2006-09-01,0.004362095147371292,0.019254581816494462,normal
2006-09-05,0.003404958639293909,0.019254581816494462,normal
2006-09-06,0.003916470799595118,0.019254581816494462,normal
2006-09-07,0.005137233063578606,0.019254581816494462,normal
2006-09-08,0.009742580354213715,0.019254581816494462,normal
2006-09-11,0.0037973939906805754,0.019254581816494462,normal
2006-09-12,0.007141400128602982,0.019254581816494462,normal
2006-09-13,0.008071237243711948,0.019254581816494462,normal
2006-09-14,0.0047206757590174675,0.019254581816494462,normal
2006-09-15,0.0014937371015548706,0.019254581816494462,normal
2006-09-18,0.0035223052836954594,0.019254581816494462,normal
2006-09-19,0.0017471332103013992,0.019254581816494462,normal
2006-09-20,0.00173446093685925,0.019254581816494462,normal
2006-09-21,0.0040605999529361725,0.019254581816494462,normal
2006-09-22,0.0020108979661017656,0.019254581816494462,normal
2006-09-25,0.0019297036342322826,0.019254581816494462,normal
2006-09-26,0.0018886754987761378,0.019254581816494462,normal
2006-09-27,0.010990031994879246,0.019254581816494462,normal
2006-09-28,0.002699409145861864,0.019254581816494462,normal
2006-09-29,0.004697306081652641,0.019254581816494462,normal
2006-10-02,0.0034017295110970736,0.019254581816494462,normal
2006-10-03,0.003055170876905322,0.019254581816494462,normal
2006-10-04,0.0024334746412932873,0.019254581816494462,normal
2006-10-05,0.005305976141244173,0.019254581816494462,normal
2006-10-06,0.0025338877458125353,0.019254581816494462,normal
2006-10-09,0.003477744059637189,0.019254581816494462,normal
2006-10-10,0.0032987857703119516,0.019254581816494462,normal
2006-10-11,0.005207031965255737,0.019254581816494462,normal
2006-10-12,0.002964871237054467,0.019254581816494462,normal
2006-10-13,0.003530382877215743,0.019254581816494462,normal
2006-10-16,0.0023164162412285805,0.019254581816494462,normal
2006-10-17,0.0022955425083637238,0.019254581816494462,normal
2006-10-18,0.0033032456412911415,0.019254581816494462,normal
2006-10-19,0.0021816797088831663,0.019254581816494462,normal
2006-10-20,0.010692617855966091,0.019254581816494462,normal
2006-10-23,0.0086442856118083,0.019254581816494462,normal
2006-10-24,0.00489665986970067,0.019254581816494462,normal
2006-10-25,0.006103884894400835,0.019254581816494462,normal
2006-10-26,0.007486461661756039,0.019254581816494462,normal
2006-10-27,0.004158708266913891,0.019254581816494462,normal
2006-10-30,0.0037077823653817177,0.019254581816494462,normal
2006-10-31,0.005486117675900459,0.019254581816494462,normal
2006-11-01,0.004362541250884533,0.019254581816494462,normal
2006-11-02,0.0037804727908223867,0.019254581816494462,normal
2006-11-03,0.005083921365439892,0.019254581816494462,normal
2006-11-06,0.0036686277016997337,0.019254581816494462,normal
2006-11-07,0.008268583565950394,0.019254581816494462,normal
2006-11-08,0.009111572057008743,0.019254581816494462,normal
2006-11-09,0.003657362889498472,0.019254581816494462,normal
2006-11-10,0.008408434689044952,0.019254581816494462,normal
2006-11-13,0.0024618967436254025,0.019254581816494462,normal
2006-11-14,0.005324808415025473,0.019254581816494462,normal
2006-11-15,0.00969653483480215,0.019254581816494462,normal
2006-11-16,0.005916452035307884,0.019254581816494462,normal
2006-11-17,0.003240223741158843,0.019254581816494462,normal
2006-11-20,0.0029964253772050142,0.019254581816494462,normal
2006-11-21,0.00641579320654273,0.019254581816494462,normal
2006-11-22,0.006548773031681776,0.019254581816494462,normal
2006-11-24,0.005775044206529856,0.019254581816494462,normal
2006-11-27,0.00381537526845932,0.019254581816494462,normal
2006-11-28,0.006465228274464607,0.019254581816494462,normal
2006-11-29,0.004445249680429697,0.019254581816494462,normal
2006-11-30,0.009309915825724602,0.019254581816494462,normal
2006-12-01,0.01584797352552414,0.019254581816494462,normal
2006-12-04,0.01043123472481966,0.019254581816494462,normal
2006-12-05,0.003483507549390197,0.019254581816494462,normal
2006-12-06,0.00297143985517323,0.019254581816494462,normal
2006-12-07,0.0026505456771701574,0.019254581816494462,normal
2006-12-08,0.003969005309045315,0.019254581816494462,normal
2006-12-11,0.0017311088740825653,0.019254581816494462,normal
2006-12-12,0.004756523761898279,0.019254581816494462,normal
2006-12-13,0.002388718305155635,0.019254581816494462,normal
2006-12-14,0.001376388594508171,0.019254581816494462,normal
2006-12-15,0.005345684476196766,0.019254581816494462,normal
2006-12-18,0.002487128134816885,0.019254581816494462,normal
2006-12-19,0.00229689315892756,0.019254581816494462,normal
2006-12-20,0.002508166478946805,0.019254581816494462,normal
2006-12-21,0.004316614009439945,0.019254581816494462,normal
2006-12-22,0.004208851605653763,0.019254581816494462,normal
2006-12-26,0.007547174114733934,0.019254581816494462,normal
2006-12-27,0.0025963594671338797,0.019254581816494462,normal
2006-12-28,0.004742678254842758,0.019254581816494462,normal
2006-12-29,0.0021535037085413933,0.019254581816494462,normal
2007-01-03,0.003875644411891699,0.019254581816494462,normal
2007-01-04,0.0027703484520316124,0.019254581816494462,normal
2007-01-05,0.008093524724245071,0.019254581816494462,normal
2007-01-08,0.00387725536711514,0.019254581816494462,normal
2007-01-09,0.004719561897218227,0.019254581816494462,normal
2007-01-10,0.0036152976099401712,0.019254581816494462,normal
2007-01-11,0.006293891929090023,0.019254581816494462,normal
2007-01-12,0.007003231439739466,0.019254581816494462,normal
2007-01-16,0.0031112851575016975,0.019254581816494462,normal
2007-01-17,0.0011727387318387628,0.019254581816494462,normal
2007-01-18,0.0017721710028126836,0.019254581816494462,normal
2007-01-19,0.004386278335005045,0.019254581816494462,normal
2007-01-22,0.006001272704452276,0.019254581816494462,normal
2007-01-23,0.002902599051594734,0.019254581816494462,normal
2007-01-24,0.0023936801590025425,0.019254581816494462,normal
2007-01-25,0.0034242477267980576,0.019254581816494462,normal
2007-01-26,0.004264448769390583,0.019254581816494462,normal
2007-01-29,0.00461564539000392,0.019254581816494462,normal
2007-01-30,0.0019370063673704863,0.019254581816494462,normal
2007-01-31,0.01408435869961977,0.019254581816494462,normal
2007-02-01,0.007663802243769169,0.019254581816494462,normal
2007-02-02,0.006253453902900219,0.019254581816494462,normal
2007-02-05,0.002854195423424244,0.019254581816494462,normal
2007-02-06,0.0020200025755912066,0.019254581816494462,normal
2007-02-07,0.0013622073456645012,0.019254581816494462,normal
2007-02-08,0.0034347858745604753,0.019254581816494462,normal
2007-02-09,0.0021470498759299517,0.019254581816494462,normal
2007-02-12,0.002461065072566271,0.019254581816494462,normal
2007-02-13,0.0049180882051587105,0.019254581816494462,normal
2007-02-14,0.0039075566455721855,0.019254581816494462,normal
2007-02-15,0.00647914782166481,0.019254581816494462,normal
2007-02-16,0.004532186780124903,0.019254581816494462,normal
2007-02-20,0.006090555340051651,0.019254581816494462,normal
2007-02-21,0.002110407454892993,0.019254581816494462,normal
2007-02-22,0.003131674602627754,0.019254581816494462,normal
2007-02-23,0.0025901661720126867,0.019254581816494462,normal
2007-02-26,0.0023781140334904194,0.019254581816494462,normal
2007-02-27,0.14871729910373688,0.019254581816494462,abnormal
2007-02-28,0.06812725216150284,0.019254581816494462,abnormal
2007-03-01,0.021119942888617516,0.019254581816494462,abnormal
2007-03-02,0.03243899717926979,0.019254581816494462,abnormal
2007-03-05,0.04849780723452568,0.019254581816494462,abnormal
2007-03-06,0.06415727734565735,0.019254581816494462,abnormal
2007-03-07,0.04435960203409195,0.019254581816494462,abnormal
2007-03-08,0.04518665373325348,0.019254581816494462,abnormal
2007-03-09,0.04547145962715149,0.019254581816494462,abnormal
2007-03-12,0.06535319983959198,0.019254581816494462,abnormal
2007-03-13,0.03585578128695488,0.019254581816494462,abnormal
2007-03-14,0.047451287508010864,0.019254581816494462,abnormal
2007-03-15,0.021266115829348564,0.019254581816494462,abnormal
2007-03-16,0.019877804443240166,0.019254581816494462,abnormal
2007-03-19,0.021100632846355438,0.019254581816494462,abnormal
2007-03-20,0.03603077679872513,0.019254581816494462,abnormal
2007-03-21,0.030061213299632072,0.019254581816494462,abnormal
2007-03-22,0.028309615328907967,0.019254581816494462,abnormal
2007-03-23,0.049991425126791,0.019254581816494462,abnormal
2007-03-26,0.03575066477060318,0.019254581816494462,abnormal
2007-03-27,0.01322935614734888,0.019254581816494462,normal
2007-03-28,0.011563587002456188,0.019254581816494462,normal
2007-03-29,0.009136260487139225,0.019254581816494462,normal
2007-03-30,0.005982165224850178,0.019254581816494462,normal
2007-04-02,0.01570608839392662,0.019254581816494462,normal
2007-04-03,0.004455676302313805,0.019254581816494462,normal
2007-04-04,0.006849195808172226,0.019254581816494462,normal
2007-04-05,0.010655325837433338,0.019254581816494462,normal
2007-04-09,0.008776150643825531,0.019254581816494462,normal
2007-04-10,0.009628219529986382,0.019254581816494462,normal
2007-04-11,0.005108772777020931,0.019254581816494462,normal
2007-04-12,0.0025471742264926434,0.019254581816494462,normal
2007-04-13,0.002029713708907366,0.019254581816494462,normal
2007-04-16,0.0040683140978217125,0.019254581816494462,normal
2007-04-17,0.008283537812530994,0.019254581816494462,normal
2007-04-18,0.007616162300109863,0.019254581816494462,normal
2007-04-19,0.006909518502652645,0.019254581816494462,normal
2007-04-20,0.016384225338697433,0.019254581816494462,normal
2007-04-23,0.0046720486134290695,0.019254581816494462,normal
2007-04-24,0.004758130293339491,0.019254581816494462,normal
2007-04-25,0.009270191192626953,0.019254581816494462,normal
2007-04-26,0.005027315113693476,0.019254581816494462,normal
2007-04-27,0.00610378896817565,0.019254581816494462,normal
2007-04-30,0.004465959500521421,0.019254581816494462,normal
2007-05-01,0.009245511144399643,0.019254581816494462,normal
2007-05-02,0.002527946839109063,0.019254581816494462,normal
2007-05-03,0.005640717688947916,0.019254581816494462,normal
2007-05-04,0.008828406222164631,0.019254581816494462,normal
2007-05-07,0.005554147530347109,0.019254581816494462,normal
2007-05-08,0.003668011398985982,0.019254581816494462,normal
2007-05-09,0.0029920043889433146,0.019254581816494462,normal
2007-05-10,0.004554811865091324,0.019254581816494462,normal
2007-05-11,0.002799228299409151,0.019254581816494462,normal
2007-05-14,0.002367605920881033,0.019254581816494462,normal
2007-05-15,0.004108504392206669,0.019254581816494462,normal
2007-05-16,0.002791346749290824,0.019254581816494462,normal
2007-05-17,0.002026895759627223,0.019254581816494462,normal
2007-05-18,0.002811071230098605,0.019254581816494462,normal
2007-05-21,0.007607924751937389,0.019254581816494462,normal
2007-05-22,0.0021411392372101545,0.019254581816494462,normal
2007-05-23,0.001170986914075911,0.019254581816494462,normal
2007-05-24,0.004207141697406769,0.019254581816494462,normal
2007-05-25,0.002915339544415474,0.019254581816494462,normal
2007-05-29,0.00305098295211792,0.019254581816494462,normal
2007-05-30,0.0033753844909369946,0.019254581816494462,normal
2007-05-31,0.009486227296292782,0.019254581816494462,normal
2007-06-01,0.003940448630601168,0.019254581816494462,normal
2007-06-04,0.0027014364022761583,0.019254581816494462,normal
2007-06-05,0.002527346136048436,0.019254581816494462,normal
2007-06-06,0.0031196391209959984,0.019254581816494462,normal
2007-06-07,0.007555706426501274,0.019254581816494462,normal
2007-06-08,0.016162335872650146,0.019254581816494462,normal
2007-06-11,0.007619905285537243,0.019254581816494462,normal
2007-06-12,0.01799517683684826,0.019254581816494462,normal
2007-06-13,0.009913070127367973,0.019254581816494462,normal
2007-06-14,0.01931193470954895,0.019254581816494462,abnormal
2007-06-15,0.007952122017741203,0.019254581816494462,normal
2007-06-18,0.007530147675424814,0.019254581816494462,normal
2007-06-19,0.019603030756115913,0.019254581816494462,abnormal
2007-06-20,0.007128308992832899,0.019254581816494462,normal
2007-06-21,0.01000275369733572,0.019254581816494462,normal
2007-06-22,0.005468850024044514,0.019254581816494462,normal
2007-06-25,0.005746738985180855,0.019254581816494462,normal
2007-06-26,0.016559535637497902,0.019254581816494462,normal
2007-06-27,0.019288968294858932,0.019254581816494462,abnormal
2007-06-28,0.01566508039832115,0.019254581816494462,normal
2007-06-29,0.011036590673029423,0.019254581816494462,normal
2007-07-02,0.015495161525905132,0.019254581816494462,normal
2007-07-03,0.027656137943267822,0.019254581816494462,abnormal
2007-07-05,0.009564569219946861,0.019254581816494462,normal
2007-07-06,0.005148906726390123,0.019254581816494462,normal
2007-07-09,0.004712370689958334,0.019254581816494462,normal
2007-07-10,0.006193880457431078,0.019254581816494462,normal
2007-07-11,0.00717157730832696,0.019254581816494462,normal
2007-07-12,0.007908329367637634,0.019254581816494462,normal
2007-07-13,0.010494169779121876,0.019254581816494462,normal
2007-07-16,0.007637849543243647,0.019254581816494462,normal
2007-07-17,0.009444194845855236,0.019254581816494462,normal
2007-07-18,0.016152719035744667,0.019254581816494462,normal
2007-07-19,0.0032941631507128477,0.019254581816494462,normal
2007-07-20,0.005154538433998823,0.019254581816494462,normal
2007-07-23,0.004754387307912111,0.019254581816494462,normal
2007-07-24,0.005796318873763084,0.019254581816494462,normal
2007-07-25,0.01171246636658907,0.019254581816494462,normal
2007-07-26,0.04055125638842583,0.019254581816494462,abnormal
2007-07-27,0.04483705386519432,0.019254581816494462,abnormal
2007-07-30,0.050757844001054764,0.019254581816494462,abnormal
2007-07-31,0.04072166606783867,0.019254581816494462,abnormal
2007-08-01,0.046353936195373535,0.019254581816494462,abnormal
2007-08-02,0.05344001576304436,0.019254581816494462,abnormal
2007-08-03,0.06407031416893005,0.019254581816494462,abnormal
2007-08-06,0.05906010419130325,0.019254581816494462,abnormal
2007-08-07,0.06651097536087036,0.019254581816494462,abnormal
2007-08-08,0.06198326125741005,0.019254581816494462,abnormal
2007-08-09,0.10755711793899536,0.019254581816494462,abnormal
2007-08-10,0.11180339008569717,0.019254581816494462,abnormal
2007-08-13,0.10052309930324554,0.019254581816494462,abnormal
2007-08-14,0.06807513535022736,0.019254581816494462,abnormal
2007-08-15,0.08331789076328278,0.019254581816494462,abnormal
2007-08-16,0.05662820488214493,0.019254581816494462,abnormal
2007-08-17,0.038695868104696274,0.019254581816494462,abnormal
2007-08-20,0.05254574492573738,0.019254581816494462,abnormal
2007-08-21,0.056389469653367996,0.019254581816494462,abnormal
2007-08-22,0.07661712169647217,0.019254581816494462,abnormal
2007-08-23,0.06959325820207596,0.019254581816494462,abnormal
2007-08-24,0.03778362274169922,0.019254581816494462,abnormal
2007-08-27,0.03241705894470215,0.019254581816494462,abnormal
2007-08-28,0.05562432482838631,0.019254581816494462,abnormal
2007-08-29,0.08656555414199829,0.019254581816494462,abnormal
2007-08-30,0.037280432879924774,0.019254581816494462,abnormal
2007-08-31,0.035909898579120636,0.019254581816494462,abnormal
2007-09-04,0.0347416028380394,0.019254581816494462,abnormal
2007-09-05,0.054666243493556976,0.019254581816494462,abnormal
2007-09-06,0.022885039448738098,0.019254581816494462,abnormal
2007-09-07,0.006733984686434269,0.019254581816494462,normal
2007-09-10,0.014619899913668633,0.019254581816494462,normal
2007-09-11,0.006741577293723822,0.019254581816494462,normal
2007-09-12,0.004749884828925133,0.019254581816494462,normal
2007-09-13,0.011394865810871124,0.019254581816494462,normal
2007-09-14,0.013847877271473408,0.019254581816494462,normal
2007-09-17,0.014090409502387047,0.019254581816494462,normal
2007-09-18,0.020333679392933846,0.019254581816494462,abnormal
2007-09-19,0.020731108263134956,0.019254581816494462,abnormal
2007-09-20,0.01837886869907379,0.019254581816494462,normal
2007-09-21,0.01930963434278965,0.019254581816494462,abnormal
2007-09-24,0.05806822329759598,0.019254581816494462,abnormal
2007-09-25,0.012455026619136333,0.019254581816494462,normal
2007-09-26,0.016579756513237953,0.019254581816494462,normal
2007-09-27,0.007936624810099602,0.019254581816494462,normal
2007-09-28,0.0099506676197052,0.019254581816494462,normal
2007-10-01,0.009012222290039062,0.019254581816494462,normal
2007-10-02,0.008505421690642834,0.019254581816494462,normal
2007-10-03,0.0048959264531731606,0.019254581816494462,normal
2007-10-04,0.007723154500126839,0.019254581816494462,normal
2007-10-05,0.007934203371405602,0.019254581816494462,normal
2007-10-08,0.017449546605348587,0.019254581816494462,normal
2007-10-09,0.013679695315659046,0.019254581816494462,normal
2007-10-10,0.00794735737144947,0.019254581816494462,normal
2007-10-11,0.013302082195878029,0.019254581816494462,normal
2007-10-12,0.007904760539531708,0.019254581816494462,normal
2007-10-15,0.014838576316833496,0.019254581816494462,normal
2007-10-16,0.003803913714364171,0.019254581816494462,normal
2007-10-17,0.005565966013818979,0.019254581816494462,normal
2007-10-18,0.006617235019803047,0.019254581816494462,normal
2007-10-19,0.026952024549245834,0.019254581816494462,abnormal
2007-10-22,0.03479906916618347,0.019254581816494462,abnormal
2007-10-23,0.022690150886774063,0.019254581816494462,abnormal
2007-10-24,0.03074619732797146,0.019254581816494462,abnormal
2007-10-25,0.030344052240252495,0.019254581816494462,abnormal
2007-10-26,0.052959199994802475,0.019254581816494462,abnormal
2007-10-29,0.02529321238398552,0.019254581816494462,abnormal
2007-10-30,0.016961023211479187,0.019254581816494462,normal
2007-10-31,0.02018270641565323,0.019254581816494462,abnormal
2007-11-01,0.025927720591425896,0.019254581816494462,abnormal
2007-11-02,0.0301301758736372,0.019254581816494462,abnormal
2007-11-05,0.021517379209399223,0.019254581816494462,abnormal
2007-11-06,0.01855914294719696,0.019254581816494462,normal
2007-11-07,0.09018467366695404,0.019254581816494462,abnormal
2007-11-08,0.0377122201025486,0.019254581816494462,abnormal
2007-11-09,0.044330351054668427,0.019254581816494462,abnormal
2007-11-12,0.05445161834359169,0.019254581816494462,abnormal
2007-11-13,0.06032771244645119,0.019254581816494462,abnormal
2007-11-14,0.027110349386930466,0.019254581816494462,abnormal
2007-11-15,0.03191892057657242,0.019254581816494462,abnormal
2007-11-16,0.055377159267663956,0.019254581816494462,abnormal
2007-11-19,0.07029268145561218,0.019254581816494462,abnormal
2007-11-20,0.04343457892537117,0.019254581816494462,abnormal
2007-11-21,0.06716529279947281,0.019254581816494462,abnormal
2007-11-23,0.07562525570392609,0.019254581816494462,abnormal
2007-11-26,0.07050266116857529,0.019254581816494462,abnormal
2007-11-27,0.0470668189227581,0.019254581816494462,abnormal
2007-11-28,0.07315725088119507,0.019254581816494462,abnormal
2007-11-29,0.044604476541280746,0.019254581816494462,abnormal
2007-11-30,0.030152499675750732,0.019254581816494462,abnormal
2007-12-03,0.08169476687908173,0.019254581816494462,abnormal
2007-12-04,0.10122571140527725,0.019254581816494462,abnormal
2007-12-05,0.057966817170381546,0.019254581816494462,abnormal
2007-12-06,0.04165051504969597,0.019254581816494462,abnormal
2007-12-07,0.051645051687955856,0.019254581816494462,abnormal
2007-12-10,0.04448303207755089,0.019254581816494462,abnormal
2007-12-11,0.0944698378443718,0.019254581816494462,abnormal
2007-12-12,0.0934586226940155,0.019254581816494462,abnormal
2007-12-13,0.041494712233543396,0.019254581816494462,abnormal
2007-12-14,0.06338397413492203,0.019254581816494462,abnormal
2007-12-17,0.07084888219833374,0.019254581816494462,abnormal
2007-12-18,0.06925146281719208,0.019254581816494462,abnormal
2007-12-19,0.04272982478141785,0.019254581816494462,abnormal
2007-12-20,0.04037414491176605,0.019254581816494462,abnormal
2007-12-21,0.03976239264011383,0.019254581816494462,abnormal
2007-12-24,0.08341818302869797,0.019254581816494462,abnormal
2007-12-26,0.05536452680826187,0.019254581816494462,abnormal
2007-12-27,0.017947183921933174,0.019254581816494462,normal
2007-12-28,0.02053418755531311,0.019254581816494462,abnormal
2007-12-31,0.012916200794279575,0.019254581816494462,normal
2008-01-02,0.010839259251952171,0.019254581816494462,normal
2008-01-03,0.019227495416998863,0.019254581816494462,normal
2008-01-04,0.031227752566337585,0.019254581816494462,abnormal
2008-01-07,0.015409672632813454,0.019254581816494462,normal
2008-01-08,0.047458354383707047,0.019254581816494462,abnormal
2008-01-09,0.017173917964100838,0.019254581816494462,normal
2008-01-10,0.04759857803583145,0.019254581816494462,abnormal
2008-01-11,0.05765842646360397,0.019254581816494462,abnormal
2008-01-14,0.041764453053474426,0.019254581816494462,abnormal
2008-01-15,0.06291686743497849,0.019254581816494462,abnormal
2008-01-16,0.09411254525184631,0.019254581816494462,abnormal
2008-01-17,0.15776139497756958,0.019254581816494462,abnormal
2008-01-18,0.16917578876018524,0.019254581816494462,abnormal
2008-01-22,0.30043885111808777,0.019254581816494462,abnormal
2008-01-23,0.1379675716161728,0.019254581816494462,abnormal
2008-01-24,0.1294577717781067,0.019254581816494462,abnormal
2008-01-25,0.1329415738582611,0.019254581816494462,abnormal
2008-01-28,0.08991328626871109,0.019254581816494462,abnormal
2008-01-29,0.08965564519166946,0.019254581816494462,abnormal
2008-01-30,0.04740409180521965,0.019254581816494462,abnormal
2008-01-31,0.04430028423666954,0.019254581816494462,abnormal
2008-02-01,0.05048949271440506,0.019254581816494462,abnormal
2008-02-04,0.07394781708717346,0.019254581816494462,abnormal
2008-02-05,0.12018606066703796,0.019254581816494462,abnormal
2008-02-06,0.17704589664936066,0.019254581816494462,abnormal
2008-02-07,0.09319014847278595,0.019254581816494462,abnormal
2008-02-08,0.08865249902009964,0.019254581816494462,abnormal
2008-02-11,0.05581710487604141,0.019254581816494462,abnormal
2008-02-12,0.030090920627117157,0.019254581816494462,abnormal
2008-02-13,0.035518791526556015,0.019254581816494462,abnormal
2008-02-14,0.04029295593500137,0.019254581816494462,abnormal
2008-02-15,0.03326111286878586,0.019254581816494462,abnormal
2008-02-19,0.030727526172995567,0.019254581816494462,abnormal
2008-02-20,0.02157118171453476,0.019254581816494462,abnormal
2008-02-21,0.016272377222776413,0.019254581816494462,normal
2008-02-22,0.015037992037832737,0.019254581816494462,normal
2008-02-25,0.016548261046409607,0.019254581816494462,normal
2008-02-26,0.025633906945586205,0.019254581816494462,abnormal
2008-02-27,0.03638504818081856,0.019254581816494462,abnormal
2008-02-28,0.03060096502304077,0.019254581816494462,abnormal
2008-02-29,0.025110358372330666,0.019254581816494462,abnormal
2008-03-03,0.03955663740634918,0.019254581816494462,abnormal
2008-03-04,0.018337395042181015,0.019254581816494462,normal
2008-03-05,0.03475993126630783,0.019254581816494462,abnormal
2008-03-06,0.06432842463254929,0.019254581816494462,abnormal
2008-03-07,0.047238901257514954,0.019254581816494462,abnormal
2008-03-10,0.06554193049669266,0.019254581816494462,abnormal
2008-03-11,0.08759467303752899,0.019254581816494462,abnormal
2008-03-12,0.056236833333969116,0.019254581816494462,abnormal
2008-03-13,0.03176647797226906,0.019254581816494462,abnormal
2008-03-14,0.04198507219552994,0.019254581816494462,abnormal
2008-03-17,0.10843345522880554,0.019254581816494462,abnormal
2008-03-18,0.1479288786649704,0.019254581816494462,abnormal
2008-03-19,0.14024987816810608,0.019254581816494462,abnormal
2008-03-20,0.14912210404872894,0.019254581816494462,abnormal
2008-03-24,0.19961559772491455,0.019254581816494462,abnormal
2008-03-25,0.1889885514974594,0.019254581816494462,abnormal
2008-03-26,0.11581896245479584,0.019254581816494462,abnormal
2008-03-27,0.13415174186229706,0.019254581816494462,abnormal
2008-03-28,0.13300848007202148,0.019254581816494462,abnormal
2008-03-31,0.1136673092842102,0.019254581816494462,abnormal
2008-04-01,0.211459219455719,0.019254581816494462,abnormal
2008-04-02,0.16654211282730103,0.019254581816494462,abnormal
2008-04-03,0.14745010435581207,0.019254581816494462,abnormal
2008-04-04,0.14242561161518097,0.019254581816494462,abnormal
2008-04-07,0.1835094690322876,0.019254581816494462,abnormal
2008-04-08,0.09050402045249939,0.019254581816494462,abnormal
2008-04-09,0.058260202407836914,0.019254581816494462,abnormal
2008-04-10,0.046280231326818466,0.019254581816494462,abnormal
2008-04-11,0.06345492601394653,0.019254581816494462,abnormal
2008-04-14,0.09938013553619385,0.019254581816494462,abnormal
2008-04-15,0.0916847512125969,0.019254581816494462,abnormal
2008-04-16,0.04303504899144173,0.019254581816494462,abnormal
2008-04-17,0.05484527722001076,0.019254581816494462,abnormal
2008-04-18,0.046173516660928726,0.019254581816494462,abnormal
2008-04-21,0.03353123366832733,0.019254581816494462,abnormal
2008-04-22,0.03529903665184975,0.019254581816494462,abnormal
2008-04-23,0.005154449492692947,0.019254581816494462,normal
2008-04-24,0.007260709069669247,0.019254581816494462,normal
2008-04-25,0.012153379619121552,0.019254581816494462,normal
2008-04-28,0.019090887159109116,0.019254581816494462,normal
2008-04-29,0.004246962256729603,0.019254581816494462,normal
2008-04-30,0.005342431366443634,0.019254581816494462,normal
2008-05-01,0.011499147862195969,0.019254581816494462,normal
2008-05-02,0.013632016256451607,0.019254581816494462,normal
2008-05-05,0.012480221688747406,0.019254581816494462,normal
2008-05-06,0.0045517971739172935,0.019254581816494462,normal
2008-05-07,0.03851262480020523,0.019254581816494462,abnormal
2008-05-08,0.011074063368141651,0.019254581816494462,normal
2008-05-09,0.009149773046374321,0.019254581816494462,normal
2008-05-12,0.009079721756279469,0.019254581816494462,normal
2008-05-13,0.02920900657773018,0.019254581816494462,abnormal
2008-05-14,0.009539240971207619,0.019254581816494462,normal
2008-05-15,0.006367575377225876,0.019254581816494462,normal
2008-05-16,0.005291738081723452,0.019254581816494462,normal
2008-05-19,0.003677911590784788,0.019254581816494462,normal
2008-05-20,0.004565116483718157,0.019254581816494462,normal
2008-05-21,0.02045711688697338,0.019254581816494462,abnormal
2008-05-22,0.015118090435862541,0.019254581816494462,normal
2008-05-23,0.013608978129923344,0.019254581816494462,normal
2008-05-27,0.018485145643353462,0.019254581816494462,normal
2008-05-28,0.020966099575161934,0.019254581816494462,abnormal
2008-05-29,0.028551124036312103,0.019254581816494462,abnormal
2008-05-30,0.018414899706840515,0.019254581816494462,normal
2008-06-02,0.020370498299598694,0.019254581816494462,abnormal
2008-06-03,0.010671766474843025,0.019254581816494462,normal
2008-06-04,0.008437726646661758,0.019254581816494462,normal
2008-06-05,0.014944090507924557,0.019254581816494462,normal
2008-06-06,0.07386177033185959,0.019254581816494462,abnormal
2008-06-09,0.04553073272109032,0.019254581816494462,abnormal
2008-06-10,0.02970884181559086,0.019254581816494462,abnormal
2008-06-11,0.040749840438365936,0.019254581816494462,abnormal
2008-06-12,0.022172871977090836,0.019254581816494462,abnormal
2008-06-13,0.02268046699464321,0.019254581816494462,abnormal
2008-06-16,0.01934872381389141,0.019254581816494462,abnormal
2008-06-17,0.016475245356559753,0.019254581816494462,normal
2008-06-18,0.0147966668009758,0.019254581816494462,normal
2008-06-19,0.016422754153609276,0.019254581816494462,normal
2008-06-20,0.022142309695482254,0.019254581816494462,abnormal
2008-06-23,0.025024645030498505,0.019254581816494462,abnormal
2008-06-24,0.02233804389834404,0.019254581816494462,abnormal
2008-06-25,0.03600793704390526,0.019254581816494462,abnormal
2008-06-26,0.08606451749801636,0.019254581816494462,abnormal
2008-06-27,0.05840756744146347,0.019254581816494462,abnormal
2008-06-30,0.05666710063815117,0.019254581816494462,abnormal
2008-07-01,0.06103475019335747,0.019254581816494462,abnormal
2008-07-02,0.11764755100011826,0.019254581816494462,abnormal
2008-07-03,0.10222621262073517,0.019254581816494462,abnormal
2008-07-07,0.1302197128534317,0.019254581816494462,abnormal
2008-07-08,0.0728045254945755,0.019254581816494462,abnormal
2008-07-09,0.12297846376895905,0.019254581816494462,abnormal
2008-07-10,0.08763095736503601,0.019254581816494462,abnormal
2008-07-11,0.10739647597074509,0.019254581816494462,abnormal
2008-07-14,0.08807875216007233,0.019254581816494462,abnormal
2008-07-15,0.13291341066360474,0.019254581816494462,abnormal
2008-07-16,0.04453577101230621,0.019254581816494462,abnormal
2008-07-17,0.04595700651407242,0.019254581816494462,abnormal
2008-07-18,0.029270578175783157,0.019254581816494462,abnormal
2008-07-21,0.02473640628159046,0.019254581816494462,abnormal
2008-07-22,0.06212392449378967,0.019254581816494462,abnormal
2008-07-23,0.023711474612355232,0.019254581816494462,abnormal
2008-07-24,0.02819424867630005,0.019254581816494462,abnormal
2008-07-25,0.028170831501483917,0.019254581816494462,abnormal
2008-07-28,0.050515782088041306,0.019254581816494462,abnormal
2008-07-29,0.05509013682603836,0.019254581816494462,abnormal
2008-07-30,0.05004177615046501,0.019254581816494462,abnormal
2008-07-31,0.05656179413199425,0.019254581816494462,abnormal
2008-08-01,0.03291523829102516,0.019254581816494462,abnormal
2008-08-04,0.09691175073385239,0.019254581816494462,abnormal
2008-08-05,0.07987220585346222,0.019254581816494462,abnormal
2008-08-06,0.03932008892297745,0.019254581816494462,abnormal
2008-08-07,0.051614418625831604,0.019254581816494462,abnormal
2008-08-08,0.0652855783700943,0.019254581816494462,abnormal
2008-08-11,0.07694728672504425,0.019254581816494462,abnormal
2008-08-12,0.07124251127243042,0.019254581816494462,abnormal
2008-08-13,0.029294323176145554,0.019254581816494462,abnormal
2008-08-14,0.06274010986089706,0.019254581816494462,abnormal
2008-08-15,0.030331004410982132,0.019254581816494462,abnormal
2008-08-18,0.048402223736047745,0.019254581816494462,abnormal
2008-08-19,0.02769801951944828,0.019254581816494462,abnormal
2008-08-20,0.03696124628186226,0.019254581816494462,abnormal
2008-08-21,0.020012302324175835,0.019254581816494462,abnormal
2008-08-22,0.03286512568593025,0.019254581816494462,abnormal
2008-08-25,0.06035915017127991,0.019254581816494462,abnormal
2008-08-26,0.05475641414523125,0.019254581816494462,abnormal
2008-08-27,0.0382758267223835,0.019254581816494462,abnormal
2008-08-28,0.026822809129953384,0.019254581816494462,abnormal
2008-08-29,0.027956416830420494,0.019254581816494462,abnormal
2008-09-02,0.031384702771902084,0.019254581816494462,abnormal
2008-09-03,0.024225588887929916,0.019254581816494462,abnormal
2008-09-04,0.04641938582062721,0.019254581816494462,abnormal
2008-09-05,0.046437591314315796,0.019254581816494462,abnormal
2008-09-08,0.030770400539040565,0.019254581816494462,abnormal
2008-09-09,0.08603459596633911,0.019254581816494462,abnormal
2008-09-10,0.054140180349349976,0.019254581816494462,abnormal
2008-09-11,0.0797562375664711,0.019254581816494462,abnormal
2008-09-12,0.048401229083538055,0.019254581816494462,abnormal
2008-09-15,0.24225366115570068,0.019254581816494462,abnormal
2008-09-16,0.28208428621292114,0.019254581816494462,abnormal
2008-09-17,0.36746081709861755,0.019254581816494462,abnormal
2008-09-18,0.5513845086097717,0.019254581816494462,abnormal
2008-09-19,0.5811654925346375,0.019254581816494462,abnormal
2008-09-22,0.47082728147506714,0.019254581816494462,abnormal
2008-09-23,0.5037215352058411,0.019254581816494462,abnormal
2008-09-24,0.6386812925338745,0.019254581816494462,abnormal
2008-09-25,0.42927709221839905,0.019254581816494462,abnormal
2008-09-26,0.29532936215400696,0.019254581816494462,abnormal
2008-09-29,1.0669403076171875,0.019254581816494462,abnormal
2008-09-30,1.4281026124954224,0.019254581816494462,abnormal
2008-10-01,0.8152477145195007,0.019254581816494462,abnormal
2008-10-02,1.0427350997924805,0.019254581816494462,abnormal
2008-10-03,0.9518246650695801,0.019254581816494462,abnormal
2008-10-06,1.1289410591125488,0.019254581816494462,abnormal
2008-10-07,1.5980359315872192,0.019254581816494462,abnormal
2008-10-08,1.6781450510025024,0.019254581816494462,abnormal
2008-10-09,2.5491790771484375,0.019254581816494462,abnormal
2008-10-10,2.675455331802368,0.019254581816494462,abnormal
2008-10-13,3.6173746585845947,0.019254581816494462,abnormal
2008-10-14,2.2455365657806396,0.019254581816494462,abnormal
2008-10-15,3.793853282928467,0.019254581816494462,abnormal
2008-10-16,3.3890066146850586,0.019254581816494462,abnormal
2008-10-17,2.6544029712677,0.019254581816494462,abnormal
2008-10-20,2.090791940689087,0.019254581816494462,abnormal
2008-10-21,1.8058173656463623,0.019254581816494462,abnormal
2008-10-22,1.7505699396133423,0.019254581816494462,abnormal
2008-10-23,1.4522721767425537,0.019254581816494462,abnormal
2008-10-24,1.6639518737792969,0.019254581816494462,abnormal
2008-10-27,1.9822893142700195,0.019254581816494462,abnormal
2008-10-28,2.4556241035461426,0.019254581816494462,abnormal
2008-10-29,1.411843180656433,0.019254581816494462,abnormal
2008-10-30,1.6803278923034668,0.019254581816494462,abnormal
2008-10-31,1.4404462575912476,0.019254581816494462,abnormal
2008-11-03,1.8685040473937988,0.019254581816494462,abnormal
2008-11-04,1.0351938009262085,0.019254581816494462,abnormal
2008-11-05,1.004958152770996,0.019254581816494462,abnormal
2008-11-06,1.438746452331543,0.019254581816494462,abnormal
2008-11-07,2.046616315841675,0.019254581816494462,abnormal
2008-11-10,0.7997231483459473,0.019254581816494462,abnormal
2008-11-11,0.9834573268890381,0.019254581816494462,abnormal
2008-11-12,1.020179033279419,0.019254581816494462,abnormal
2008-11-13,1.1772619485855103,0.019254581816494462,abnormal
2008-11-14,0.9610060453414917,0.019254581816494462,abnormal
2008-11-17,0.6633439064025879,0.019254581816494462,abnormal
2008-11-18,0.5839492678642273,0.019254581816494462,abnormal
2008-11-19,0.950982391834259,0.019254581816494462,abnormal
2008-11-20,1.5690730810165405,0.019254581816494462,abnormal
2008-11-21,1.6132652759552002,0.019254581816494462,abnormal
2008-11-24,1.4490216970443726,0.019254581816494462,abnormal
2008-11-25,0.964179515838623,0.019254581816494462,abnormal
2008-11-26,0.916374683380127,0.019254581816494462,abnormal
2008-11-28,1.2057478427886963,0.019254581816494462,abnormal
2008-12-01,0.9778144955635071,0.019254581816494462,abnormal
2008-12-02,1.106507658958435,0.019254581816494462,abnormal
2008-12-03,0.835240364074707,0.019254581816494462,abnormal
2008-12-04,0.6343169808387756,0.019254581816494462,abnormal
2008-12-05,0.9059844017028809,0.019254581816494462,abnormal
2008-12-08,0.6820117831230164,0.019254581816494462,abnormal
2008-12-09,0.5689039826393127,0.019254581816494462,abnormal
2008-12-10,0.5934889316558838,0.019254581816494462,abnormal
2008-12-11,0.592272162437439,0.019254581816494462,abnormal
2008-12-12,0.5211510062217712,0.019254581816494462,abnormal
2008-12-15,0.48221009969711304,0.019254581816494462,abnormal
2008-12-16,0.6867974400520325,0.019254581816494462,abnormal
2008-12-17,0.6517372131347656,0.019254581816494462,abnormal
2008-12-18,0.6003420352935791,0.019254581816494462,abnormal
2008-12-19,0.7613461017608643,0.019254581816494462,abnormal
2008-12-22,0.6053006052970886,0.019254581816494462,abnormal
2008-12-23,0.3433440625667572,0.019254581816494462,abnormal
2008-12-24,0.3356022536754608,0.019254581816494462,abnormal
2008-12-26,0.188460573554039,0.019254581816494462,abnormal
2008-12-29,0.14866042137145996,0.019254581816494462,abnormal
2008-12-30,0.12442915886640549,0.019254581816494462,abnormal
2008-12-31,0.11788786202669144,0.019254581816494462,abnormal
2009-01-02,0.1270352452993393,0.019254581816494462,abnormal
2009-01-05,0.11993605643510818,0.019254581816494462,abnormal
2009-01-06,0.07630888372659683,0.019254581816494462,abnormal
2009-01-07,0.09431103616952896,0.019254581816494462,abnormal
2009-01-08,0.11366642266511917,0.019254581816494462,abnormal
2009-01-09,0.07549198716878891,0.019254581816494462,abnormal
2009-01-12,0.11268070340156555,0.019254581816494462,abnormal
2009-01-13,0.09151776880025864,0.019254581816494462,abnormal
2009-01-14,0.1587391495704651,0.019254581816494462,abnormal
2009-01-15,0.13711026310920715,0.019254581816494462,abnormal
2009-01-16,0.11198540031909943,0.019254581816494462,abnormal
2009-01-20,0.3166349530220032,0.019254581816494462,abnormal
2009-01-21,0.2587980329990387,0.019254581816494462,abnormal
2009-01-22,0.17691290378570557,0.019254581816494462,abnormal
2009-01-23,0.1961711347103119,0.019254581816494462,abnormal
2009-01-26,0.1801486313343048,0.019254581816494462,abnormal
2009-01-27,0.26093634963035583,0.019254581816494462,abnormal
2009-01-28,0.23594631254673004,0.019254581816494462,abnormal
2009-01-29,0.1918933391571045,0.019254581816494462,abnormal
2009-01-30,0.14668585360050201,0.019254581816494462,abnormal
2009-02-02,0.16596215963363647,0.019254581816494462,abnormal
2009-02-03,0.12913012504577637,0.019254581816494462,abnormal
2009-02-04,0.11106918752193451,0.019254581816494462,abnormal
2009-02-05,0.07912618666887283,0.019254581816494462,abnormal
2009-02-06,0.0937676876783371,0.019254581816494462,abnormal
2009-02-09,0.11767832189798355,0.019254581816494462,abnormal
2009-02-10,0.14495766162872314,0.019254581816494462,abnormal
2009-02-11,0.2455562949180603,0.019254581816494462,abnormal
2009-02-12,0.16165682673454285,0.019254581816494462,abnormal
2009-02-13,0.13737612962722778,0.019254581816494462,abnormal
2009-02-17,0.2854521572589874,0.019254581816494462,abnormal
2009-02-18,0.23536771535873413,0.019254581816494462,abnormal
2009-02-19,0.12328583747148514,0.019254581816494462,abnormal
2009-02-20,0.16236519813537598,0.019254581816494462,abnormal
2009-02-23,0.30801454186439514,0.019254581816494462,abnormal
2009-02-24,0.1887083649635315,0.019254581816494462,abnormal
2009-02-25,0.12859772145748138,0.019254581816494462,abnormal
2009-02-26,0.10907096415758133,0.019254581816494462,abnormal
2009-02-27,0.16427287459373474,0.019254581816494462,abnormal
2009-03-02,0.3696942925453186,0.019254581816494462,abnormal
2009-03-03,0.3367665112018585,0.019254581816494462,abnormal
2009-03-04,0.2682496905326843,0.019254581816494462,abnormal
2009-03-05,0.5428624153137207,0.019254581816494462,abnormal
2009-03-06,0.37215352058410645,0.019254581816494462,abnormal
2009-03-09,0.3709455132484436,0.019254581816494462,abnormal
2009-03-10,0.2899962067604065,0.019254581816494462,abnormal
2009-03-11,0.2570391893386841,0.019254581816494462,abnormal
2009-03-12,0.24020564556121826,0.019254581816494462,abnormal
2009-03-13,0.18388475477695465,0.019254581816494462,abnormal
2009-03-16,0.20066112279891968,0.019254581816494462,abnormal
2009-03-17,0.15712414681911469,0.019254581816494462,abnormal
2009-03-18,0.19039829075336456,0.019254581816494462,abnormal
2009-03-19,0.16143085062503815,0.019254581816494462,abnormal
2009-03-20,0.16201336681842804,0.019254581816494462,abnormal
2009-03-23,0.5360860824584961,0.019254581816494462,abnormal
2009-03-24,0.5899645090103149,0.019254581816494462,abnormal
2009-03-25,0.5610352158546448,0.019254581816494462,abnormal
2009-03-26,0.5246137976646423,0.019254581816494462,abnormal
2009-03-27,0.5491447448730469,0.019254581816494462,abnormal
2009-03-30,0.62837153673172,0.019254581816494462,abnormal
2009-03-31,0.539766252040863,0.019254581816494462,abnormal
2009-04-01,0.47373631596565247,0.019254581816494462,abnormal
2009-04-02,0.4937070310115814,0.019254581816494462,abnormal
2009-04-03,0.38779526948928833,0.019254581816494462,abnormal
2009-04-06,0.2798157334327698,0.019254581816494462,abnormal
2009-04-07,0.280500203371048,0.019254581816494462,abnormal
2009-04-08,0.2443714737892151,0.019254581816494462,abnormal
2009-04-09,0.2488393783569336,0.019254581816494462,abnormal
2009-04-13,0.2522742748260498,0.019254581816494462,abnormal
2009-04-14,0.20998668670654297,0.019254581816494462,abnormal
2009-04-15,0.16951510310173035,0.019254581816494462,abnormal
2009-04-16,0.16720010340213776,0.019254581816494462,abnormal
2009-04-17,0.12027988582849503,0.019254581816494462,abnormal
2009-04-20,0.331289678812027,0.019254581816494462,abnormal
2009-04-21,0.2001592516899109,0.019254581816494462,abnormal
2009-04-22,0.12861652672290802,0.019254581816494462,abnormal
2009-04-23,0.11522137373685837,0.019254581816494462,abnormal
2009-04-24,0.15436287224292755,0.019254581816494462,abnormal
2009-04-27,0.0732370987534523,0.019254581816494462,abnormal
2009-04-28,0.05801468715071678,0.019254581816494462,abnormal
2009-04-29,0.08031737059354782,0.019254581816494462,abnormal
2009-04-30,0.04866119474172592,0.019254581816494462,abnormal
2009-05-01,0.04176216199994087,0.019254581816494462,abnormal
2009-05-04,0.05677375942468643,0.019254581816494462,abnormal
2009-05-05,0.05324665829539299,0.019254581816494462,abnormal
2009-05-06,0.051417119801044464,0.019254581816494462,abnormal
2009-05-07,0.07346506416797638,0.019254581816494462,abnormal
2009-05-08,0.06119321286678314,0.019254581816494462,abnormal
2009-05-11,0.1087564155459404,0.019254581816494462,abnormal
2009-05-12,0.07406404614448547,0.019254581816494462,abnormal
2009-05-13,0.16968783736228943,0.019254581816494462,abnormal
2009-05-14,0.1225903183221817,0.019254581816494462,abnormal
2009-05-15,0.10279412567615509,0.019254581816494462,abnormal
2009-05-18,0.09524017572402954,0.019254581816494462,abnormal
2009-05-19,0.07213075459003448,0.019254581816494462,abnormal
2009-05-20,0.06494420021772385,0.019254581816494462,abnormal
2009-05-21,0.08607617765665054,0.019254581816494462,abnormal
2009-05-22,0.10591090470552444,0.019254581816494462,abnormal
2009-05-26,0.07389872521162033,0.019254581816494462,abnormal
2009-05-27,0.09271062165498734,0.019254581816494462,abnormal
2009-05-28,0.04940837249159813,0.019254581816494462,abnormal
2009-05-29,0.05969352647662163,0.019254581816494462,abnormal
2009-06-01,0.07443840056657791,0.019254581816494462,abnormal
2009-06-02,0.05547637119889259,0.019254581816494462,abnormal
2009-06-03,0.052504707127809525,0.019254581816494462,abnormal
2009-06-04,0.05221341550350189,0.019254581816494462,abnormal
2009-06-05,0.029895691201090813,0.019254581816494462,abnormal
2009-06-08,0.03412659093737602,0.019254581816494462,abnormal
2009-06-09,0.02542746439576149,0.019254581816494462,abnormal
2009-06-10,0.019622936844825745,0.019254581816494462,abnormal
2009-06-11,0.024003295227885246,0.019254581816494462,abnormal
2009-06-12,0.026910776272416115,0.019254581816494462,abnormal
2009-06-15,0.0726659968495369,0.019254581816494462,abnormal
2009-06-16,0.054278548806905746,0.019254581816494462,abnormal
2009-06-17,0.04268579185009003,0.019254581816494462,abnormal
2009-06-18,0.025167353451251984,0.019254581816494462,abnormal
2009-06-19,0.03492187708616257,0.019254581816494462,abnormal
2009-06-22,0.08131968975067139,0.019254581816494462,abnormal
2009-06-23,0.0720166563987732,0.019254581816494462,abnormal
2009-06-24,0.052956849336624146,0.019254581816494462,abnormal
2009-06-25,0.043435197323560715,0.019254581816494462,abnormal
2009-06-26,0.05202373489737511,0.019254581816494462,abnormal
2009-06-29,0.047881606966257095,0.019254581816494462,abnormal
2009-06-30,0.03000706434249878,0.019254581816494462,abnormal
2009-07-01,0.03598405793309212,0.019254581816494462,abnormal
2009-07-02,0.04004779830574989,0.019254581816494462,abnormal
2009-07-06,0.03018222562968731,0.019254581816494462,abnormal
2009-07-07,0.02961629256606102,0.019254581816494462,abnormal
2009-07-08,0.013641659170389175,0.019254581816494462,normal
2009-07-09,0.01949162594974041,0.019254581816494462,abnormal
2009-07-10,0.022759011015295982,0.019254581816494462,abnormal
2009-07-13,0.01688164658844471,0.019254581816494462,normal
2009-07-14,0.027555152773857117,0.019254581816494462,abnormal
2009-07-15,0.036435358226299286,0.019254581816494462,abnormal
2009-07-16,0.020493749529123306,0.019254581816494462,abnormal
2009-07-17,0.03764154762029648,0.019254581816494462,abnormal
2009-07-20,0.018322831019759178,0.019254581816494462,normal
2009-07-21,0.012409782037138939,0.019254581816494462,normal
2009-07-22,0.008548946119844913,0.019254581816494462,normal
2009-07-23,0.012541569769382477,0.019254581816494462,normal
2009-07-24,0.011722656898200512,0.019254581816494462,normal
2009-07-27,0.015343522652983665,0.019254581816494462,normal
2009-07-28,0.02175513654947281,0.019254581816494462,abnormal
2009-07-29,0.030603190883994102,0.019254581816494462,abnormal
2009-07-30,0.0372704453766346,0.019254581816494462,abnormal
2009-07-31,0.034122347831726074,0.019254581816494462,abnormal
2009-08-03,0.03300308808684349,0.019254581816494462,abnormal
2009-08-04,0.029012922197580338,0.019254581816494462,abnormal
2009-08-05,0.025946956127882004,0.019254581816494462,abnormal
2009-08-06,0.01945357955992222,0.019254581816494462,abnormal
2009-08-07,0.015706125646829605,0.019254581816494462,normal
2009-08-10,0.013500221073627472,0.019254581816494462,normal
2009-08-11,0.015302237123250961,0.019254581816494462,normal
2009-08-12,0.007318120449781418,0.019254581816494462,normal
2009-08-13,0.004974061157554388,0.019254581816494462,normal
2009-08-14,0.011836213059723377,0.019254581816494462,normal
2009-08-17,0.04530881345272064,0.019254581816494462,abnormal
2009-08-18,0.039868760854005814,0.019254581816494462,abnormal
2009-08-19,0.011739443987607956,0.019254581816494462,normal
2009-08-20,0.015716595575213432,0.019254581816494462,normal
2009-08-21,0.02477128989994526,0.019254581816494462,abnormal
2009-08-24,0.024689901620149612,0.019254581816494462,abnormal
2009-08-25,0.010921061970293522,0.019254581816494462,normal
2009-08-26,0.006372797302901745,0.019254581816494462,normal
2009-08-27,0.0054623037576675415,0.019254581816494462,normal
2009-08-28,0.010209692642092705,0.019254581816494462,normal
2009-08-31,0.008118501864373684,0.019254581816494462,normal
2009-09-01,0.02432692050933838,0.019254581816494462,abnormal
2009-09-02,0.026521502062678337,0.019254581816494462,abnormal
2009-09-03,0.020102985203266144,0.019254581816494462,abnormal
2009-09-04,0.022006742656230927,0.019254581816494462,abnormal
2009-09-08,0.024843724444508553,0.019254581816494462,abnormal
2009-09-09,0.029214872047305107,0.019254581816494462,abnormal
2009-09-10,0.026993554085493088,0.019254581816494462,abnormal
2009-09-11,0.010981663130223751,0.019254581816494462,normal
2009-09-14,0.005473809316754341,0.019254581816494462,normal
2009-09-15,0.006233113817870617,0.019254581816494462,normal
2009-09-16,0.008405287750065327,0.019254581816494462,normal
2009-09-17,0.013388077728450298,0.019254581816494462,normal
2009-09-18,0.006159869953989983,0.019254581816494462,normal
2009-09-21,0.010370555333793163,0.019254581816494462,normal
2009-09-22,0.010973718017339706,0.019254581816494462,normal
2009-09-23,0.016593875363469124,0.019254581816494462,normal
2009-09-24,0.01785038411617279,0.019254581816494462,normal
2009-09-25,0.013389987871050835,0.019254581816494462,normal
2009-09-28,0.010928171686828136,0.019254581816494462,normal
2009-09-29,0.013774695806205273,0.019254581816494462,normal
2009-09-30,0.018595846369862556,0.019254581816494462,normal
2009-10-01,0.03679719194769859,0.019254581816494462,abnormal
2009-10-02,0.05732477083802223,0.019254581816494462,abnormal
2009-10-05,0.01614382676780224,0.019254581816494462,normal
2009-10-06,0.015525493770837784,0.019254581816494462,normal
2009-10-07,0.026504352688789368,0.019254581816494462,abnormal
2009-10-08,0.018944142386317253,0.019254581816494462,normal
2009-10-09,0.023253951221704483,0.019254581816494462,abnormal
2009-10-12,0.008945895358920097,0.019254581816494462,normal
2009-10-13,0.003017292357981205,0.019254581816494462,normal
2009-10-14,0.006449481006711721,0.019254581816494462,normal
2009-10-15,0.005765312351286411,0.019254581816494462,normal
2009-10-16,0.006415568292140961,0.019254581816494462,normal
2009-10-19,0.007554603740572929,0.019254581816494462,normal
2009-10-20,0.0066605499014258385,0.019254581816494462,normal
2009-10-21,0.0043692439794540405,0.019254581816494462,normal
2009-10-22,0.0033490569330751896,0.019254581816494462,normal
2009-10-23,0.00660343375056982,0.019254581816494462,normal
2009-10-26,0.00356698757968843,0.019254581816494462,normal
2009-10-27,0.004887132439762354,0.019254581816494462,normal
2009-10-28,0.017715079709887505,0.019254581816494462,normal
2009-10-29,0.017984163016080856,0.019254581816494462,normal
2009-10-30,0.052916042506694794,0.019254581816494462,abnormal
2009-11-02,0.038517437875270844,0.019254581816494462,abnormal
2009-11-03,0.018532410264015198,0.019254581816494462,normal
2009-11-04,0.03272288292646408,0.019254581816494462,abnormal
2009-11-05,0.032116323709487915,0.019254581816494462,abnormal
2009-11-06,0.035502344369888306,0.019254581816494462,abnormal
2009-11-09,0.03486533835530281,0.019254581816494462,abnormal
2009-11-10,0.024837970733642578,0.019254581816494462,abnormal
2009-11-11,0.01922740787267685,0.019254581816494462,normal
2009-11-12,0.007509739138185978,0.019254581816494462,normal
2009-11-13,0.018866758793592453,0.019254581816494462,normal
2009-11-16,0.008899550884962082,0.019254581816494462,normal
2009-11-17,0.005963575094938278,0.019254581816494462,normal
2009-11-18,0.00567101314663887,0.019254581816494462,normal
2009-11-19,0.013869625516235828,0.019254581816494462,normal
2009-11-20,0.02546103298664093,0.019254581816494462,abnormal
2009-11-23,0.0059621394611895084,0.019254581816494462,normal
2009-11-24,0.0075897276401519775,0.019254581816494462,normal
2009-11-25,0.01134173572063446,0.019254581816494462,normal
2009-11-27,0.02448350191116333,0.019254581816494462,abnormal
2009-11-30,0.019562138244509697,0.019254581816494462,abnormal
2009-12-01,0.0037794262170791626,0.019254581816494462,normal
2009-12-02,0.003787492634728551,0.019254581816494462,normal
2009-12-03,0.013333688490092754,0.019254581816494462,normal
2009-12-04,0.015391206368803978,0.019254581816494462,normal
2009-12-07,0.005206875968724489,0.019254581816494462,normal
2009-12-08,0.007760519627481699,0.019254581816494462,normal
2009-12-09,0.005373785737901926,0.019254581816494462,normal
2009-12-10,0.006043239030987024,0.019254581816494462,normal
2009-12-11,0.01149001158773899,0.019254581816494462,normal
2009-12-14,0.0070561920292675495,0.019254581816494462,normal
2009-12-15,0.0034546677488833666,0.019254581816494462,normal
2009-12-16,0.0023313562851399183,0.019254581816494462,normal
2009-12-17,0.003502277657389641,0.019254581816494462,normal
2009-12-18,0.0066621010191738605,0.019254581816494462,normal
2009-12-21,0.0022166019771248102,0.019254581816494462,normal
2009-12-22,0.0029782846104353666,0.019254581816494462,normal
2009-12-23,0.0055292206816375256,0.019254581816494462,normal
2009-12-24,0.01074853353202343,0.019254581816494462,normal
2009-12-28,0.003423695219680667,0.019254581816494462,normal
2009-12-29,0.006865163799375296,0.019254581816494462,normal
2009-12-30,0.00334306713193655,0.019254581816494462,normal
2009-12-31,0.002831016667187214,0.019254581816494462,normal
2010-01-04,0.0034894903656095266,0.019254581816494462,normal
2010-01-05,0.006862642243504524,0.019254581816494462,normal
2010-01-06,0.003486537141725421,0.019254581816494462,normal
2010-01-07,0.0022297545801848173,0.019254581816494462,normal
2010-01-08,0.010431624948978424,0.019254581816494462,normal
2010-01-11,0.005933951586484909,0.019254581816494462,normal
2010-01-12,0.002111593959853053,0.019254581816494462,normal
2010-01-13,0.0027925409376621246,0.019254581816494462,normal
2010-01-14,0.0012259617215022445,0.019254581816494462,normal
2010-01-15,0.004470366053283215,0.019254581816494462,normal
2010-01-19,0.0018253998132422566,0.019254581816494462,normal
2010-01-20,0.005306110717356205,0.019254581816494462,normal
2010-01-21,0.025037342682480812,0.019254581816494462,abnormal
2010-01-22,0.02161988615989685,0.019254581816494462,abnormal
2010-01-25,0.030193371698260307,0.019254581816494462,abnormal
2010-01-26,0.015556007623672485,0.019254581816494462,normal
2010-01-27,0.032320454716682434,0.019254581816494462,abnormal
2010-01-28,0.04080662876367569,0.019254581816494462,abnormal
2010-01-29,0.043738894164562225,0.019254581816494462,abnormal
2010-02-01,0.033744603395462036,0.019254581816494462,abnormal
2010-02-02,0.04010359197854996,0.019254581816494462,abnormal
2010-02-03,0.043569304049015045,0.019254581816494462,abnormal
2010-02-04,0.03449617698788643,0.019254581816494462,abnormal
2010-02-05,0.0564521849155426,0.019254581816494462,abnormal
2010-02-08,0.037475135177373886,0.019254581816494462,abnormal
2010-02-09,0.03155411034822464,0.019254581816494462,abnormal
2010-02-10,0.045344047248363495,0.019254581816494462,abnormal
2010-02-11,0.041464418172836304,0.019254581816494462,abnormal
2010-02-12,0.02654801309108734,0.019254581816494462,abnormal
2010-02-16,0.03370517119765282,0.019254581816494462,abnormal
2010-02-17,0.012449069879949093,0.019254581816494462,normal
2010-02-18,0.009477797895669937,0.019254581816494462,normal
2010-02-19,0.0042180088348686695,0.019254581816494462,normal
2010-02-22,0.007277917116880417,0.019254581816494462,normal
2010-02-23,0.005887984298169613,0.019254581816494462,normal
2010-02-24,0.012277542613446712,0.019254581816494462,normal
2010-02-25,0.003585296217352152,0.019254581816494462,normal
2010-02-26,0.0035802628844976425,0.019254581816494462,normal
2010-03-01,0.007897652685642242,0.019254581816494462,normal
2010-03-02,0.00737628061324358,0.019254581816494462,normal
2010-03-03,0.005027730483561754,0.019254581816494462,normal
2010-03-04,0.006778278853744268,0.019254581816494462,normal
2010-03-05,0.010142126120626926,0.019254581816494462,normal
2010-03-08,0.007926560938358307,0.019254581816494462,normal
2010-03-09,0.006839693523943424,0.019254581816494462,normal
2010-03-10,0.005636825691908598,0.019254581816494462,normal
2010-03-11,0.006524386815726757,0.019254581816494462,normal
2010-03-12,0.00514211505651474,0.019254581816494462,normal
2010-03-15,0.011877932585775852,0.019254581816494462,normal
2010-03-16,0.006740355398505926,0.019254581816494462,normal
2010-03-18,0.010602339170873165,0.019254581816494462,normal
2010-03-19,0.006732156965881586,0.019254581816494462,normal
2010-03-22,0.007952027022838593,0.019254581816494462,normal
2010-03-23,0.0046568866819143295,0.019254581816494462,normal
2010-03-24,0.007107993587851524,0.019254581816494462,normal
2010-03-25,0.004831398371607065,0.019254581816494462,normal
2010-03-26,0.007562282495200634,0.019254581816494462,normal
2010-03-29,0.005630378145724535,0.019254581816494462,normal
2010-03-30,0.008613056503236294,0.019254581816494462,normal
2010-03-31,0.006194643676280975,0.019254581816494462,normal
2010-04-01,0.007075928151607513,0.019254581816494462,normal
2010-04-05,0.005953403655439615,0.019254581816494462,normal
2010-04-06,0.0068331616930663586,0.019254581816494462,normal
2010-04-07,0.004829541780054569,0.019254581816494462,normal
2010-04-08,0.006146383937448263,0.019254581816494462,normal
2010-04-09,0.005037507973611355,0.019254581816494462,normal
2010-04-12,0.005179253872483969,0.019254581816494462,normal
2010-04-13,0.0047582280822098255,0.019254581816494462,normal
2010-04-14,0.0038448621053248644,0.019254581816494462,normal
2010-04-15,0.003119029803201556,0.019254581816494462,normal
2010-04-16,0.028673464432358742,0.019254581816494462,abnormal
2010-04-19,0.008571965619921684,0.019254581816494462,normal
2010-04-20,0.004595187027007341,0.019254581816494462,normal
2010-04-21,0.00631585530936718,0.019254581816494462,normal
2010-04-22,0.006545976735651493,0.019254581816494462,normal
2010-04-23,0.004327298142015934,0.019254581816494462,normal
2010-04-26,0.0024895742535591125,0.019254581816494462,normal
2010-04-27,0.0183011032640934,0.019254581816494462,normal
2010-04-28,0.016436012461781502,0.019254581816494462,normal
2010-04-29,0.003612752305343747,0.019254581816494462,normal
2010-04-30,0.01660487987101078,0.019254581816494462,normal
2010-05-03,0.0037894875276833773,0.019254581816494462,normal
2010-05-04,0.015383334830403328,0.019254581816494462,normal
2010-05-05,0.02517625130712986,0.019254581816494462,abnormal
2010-05-06,0.08088012784719467,0.019254581816494462,abnormal
2010-05-07,0.0940038338303566,0.019254581816494462,abnormal
2010-05-10,0.10848013311624527,0.019254581816494462,abnormal
2010-05-11,0.056116774678230286,0.019254581816494462,abnormal
2010-05-12,0.04999348521232605,0.019254581816494462,abnormal
2010-05-13,0.07859422266483307,0.019254581816494462,abnormal
2010-05-14,0.12777858972549438,0.019254581816494462,abnormal
2010-05-17,0.043065864592790604,0.019254581816494462,abnormal
2010-05-18,0.04818655550479889,0.019254581816494462,abnormal
2010-05-19,0.051986515522003174,0.019254581816494462,abnormal
2010-05-20,0.1469568908214569,0.019254581816494462,abnormal
2010-05-21,0.07719262689352036,0.019254581816494462,abnormal
2010-05-24,0.07505436986684799,0.019254581816494462,abnormal
2010-05-25,0.07563459128141403,0.019254581816494462,abnormal
2010-05-26,0.06764300912618637,0.019254581816494462,abnormal
2010-05-27,0.08360416442155838,0.019254581816494462,abnormal
2010-05-28,0.05149431899189949,0.019254581816494462,abnormal
2010-06-01,0.045518338680267334,0.019254581816494462,abnormal
2010-06-02,0.08366376161575317,0.019254581816494462,abnormal
2010-06-03,0.04458678513765335,0.019254581816494462,abnormal
2010-06-04,0.07209379225969315,0.019254581816494462,abnormal
2010-06-07,0.07341965287923813,0.019254581816494462,abnormal
2010-06-08,0.06814827024936676,0.019254581816494462,abnormal
2010-06-09,0.024069635197520256,0.019254581816494462,abnormal
2010-06-10,0.02837117202579975,0.019254581816494462,abnormal
2010-06-11,0.024298246949911118,0.019254581816494462,abnormal
2010-06-14,0.028332872316241264,0.019254581816494462,abnormal
2010-06-15,0.0376773364841938,0.019254581816494462,abnormal
2010-06-16,0.038884229958057404,0.019254581816494462,abnormal
2010-06-17,0.014599945396184921,0.019254581816494462,normal
2010-06-18,0.016694894060492516,0.019254581816494462,normal
2010-06-21,0.019809382036328316,0.019254581816494462,abnormal
2010-06-22,0.012306427583098412,0.019254581816494462,normal
2010-06-23,0.013490705750882626,0.019254581816494462,normal
2010-06-24,0.026951653882861137,0.019254581816494462,abnormal
2010-06-25,0.016313282772898674,0.019254581816494462,normal
2010-06-28,0.01637929491698742,0.019254581816494462,normal
2010-06-29,0.04844211786985397,0.019254581816494462,abnormal
2010-06-30,0.0327533520758152,0.019254581816494462,abnormal
2010-07-01,0.045399948954582214,0.019254581816494462,abnormal
2010-07-02,0.05637957900762558,0.019254581816494462,abnormal
2010-07-06,0.11177536100149155,0.019254581816494462,abnormal
2010-07-07,0.11078733205795288,0.019254581816494462,abnormal
2010-07-08,0.12170850485563278,0.019254581816494462,abnormal
2010-07-09,0.09843015670776367,0.019254581816494462,abnormal
2010-07-12,0.0913211852312088,0.019254581816494462,abnormal
2010-07-13,0.1050318032503128,0.019254581816494462,abnormal
2010-07-14,0.047887276858091354,0.019254581816494462,abnormal
2010-07-15,0.03209030628204346,0.019254581816494462,abnormal
2010-07-16,0.02656591311097145,0.019254581816494462,abnormal
2010-07-19,0.05404595285654068,0.019254581816494462,abnormal
2010-07-20,0.012138452380895615,0.019254581816494462,normal
2010-07-21,0.021208902820944786,0.019254581816494462,abnormal
2010-07-22,0.014539696276187897,0.019254581816494462,normal
2010-07-23,0.025447256863117218,0.019254581816494462,abnormal
2010-07-26,0.022743044421076775,0.019254581816494462,abnormal
2010-07-27,0.01414203830063343,0.019254581816494462,normal
2010-07-28,0.028714340180158615,0.019254581816494462,abnormal
2010-07-29,0.007740330882370472,0.019254581816494462,normal
2010-07-30,0.007786672096699476,0.019254581816494462,normal
2010-08-02,0.0158529169857502,0.019254581816494462,normal
2010-08-03,0.02245522290468216,0.019254581816494462,abnormal
2010-08-04,0.00638562859967351,0.019254581816494462,normal
2010-08-05,0.010236930102109909,0.019254581816494462,normal
2010-08-06,0.009700575843453407,0.019254581816494462,normal
2010-08-09,0.003914741333574057,0.019254581816494462,normal
2010-08-10,0.0036147781647741795,0.019254581816494462,normal
2010-08-11,0.011425860226154327,0.019254581816494462,normal
2010-08-12,0.014236870221793652,0.019254581816494462,normal
2010-08-13,0.024354998022317886,0.019254581816494462,abnormal
2010-08-16,0.013270402327179909,0.019254581816494462,normal
2010-08-17,0.019368210807442665,0.019254581816494462,abnormal
2010-08-18,0.03391718491911888,0.019254581816494462,abnormal
2010-08-19,0.027097992599010468,0.019254581816494462,abnormal
2010-08-20,0.020848892629146576,0.019254581816494462,abnormal
2010-08-23,0.023608002811670303,0.019254581816494462,abnormal
2010-08-24,0.023894550278782845,0.019254581816494462,abnormal
2010-08-25,0.028791004791855812,0.019254581816494462,abnormal
2010-08-26,0.03872405365109444,0.019254581816494462,abnormal
2010-08-27,0.048567742109298706,0.019254581816494462,abnormal
2010-08-30,0.06077466905117035,0.019254581816494462,abnormal
2010-08-31,0.037713952362537384,0.019254581816494462,abnormal
2010-09-01,0.0429425910115242,0.019254581816494462,abnormal
2010-09-02,0.0209587961435318,0.019254581816494462,abnormal
2010-09-03,0.020212873816490173,0.019254581816494462,abnormal
2010-09-07,0.012345085851848125,0.019254581816494462,normal
2010-09-08,0.05048057436943054,0.019254581816494462,abnormal
2010-09-09,0.007392172235995531,0.019254581816494462,normal
2010-09-10,0.005964538548141718,0.019254581816494462,normal
2010-09-13,0.01226817537099123,0.019254581816494462,normal
2010-09-14,0.005625626537948847,0.019254581816494462,normal
2010-09-15,0.004041989799588919,0.019254581816494462,normal
2010-09-16,0.004872994963079691,0.019254581816494462,normal
2010-09-17,0.006987740285694599,0.019254581816494462,normal
2010-09-20,0.009756390005350113,0.019254581816494462,normal
2010-09-21,0.016131484881043434,0.019254581816494462,normal
2010-09-22,0.008097730576992035,0.019254581816494462,normal
2010-09-23,0.009817316196858883,0.019254581816494462,normal
2010-09-24,0.022069264203310013,0.019254581816494462,abnormal
2010-09-27,0.011964448727667332,0.019254581816494462,normal
2010-09-28,0.005022892262786627,0.019254581816494462,normal
2010-09-29,0.0063749803230166435,0.019254581816494462,normal
2010-09-30,0.009877929463982582,0.019254581816494462,normal
2010-10-01,0.004423796199262142,0.019254581816494462,normal
2010-10-04,0.0035862077493220568,0.019254581816494462,normal
2010-10-05,0.004715662449598312,0.019254581816494462,normal
2010-10-06,0.007683383300900459,0.019254581816494462,normal
2010-10-07,0.004407473374158144,0.019254581816494462,normal
2010-10-08,0.0032655801624059677,0.019254581816494462,normal
2010-10-11,0.00906306877732277,0.019254581816494462,normal
2010-10-12,0.00639383215457201,0.019254581816494462,normal
2010-10-13,0.00605448242276907,0.019254581816494462,normal
2010-10-14,0.003345722798258066,0.019254581816494462,normal
2010-10-15,0.004128206521272659,0.019254581816494462,normal
2010-10-18,0.0025641988031566143,0.019254581816494462,normal
2010-10-19,0.0063001313246786594,0.019254581816494462,normal
2010-10-20,0.0023404527455568314,0.019254581816494462,normal
2010-10-21,0.004375888034701347,0.019254581816494462,normal
2010-10-22,0.005284846760332584,0.019254581816494462,normal
2010-10-25,0.004846050404012203,0.019254581816494462,normal
2010-10-26,0.005503170657902956,0.019254581816494462,normal
2010-10-27,0.005983247421681881,0.019254581816494462,normal
2010-10-28,0.005769633688032627,0.019254581816494462,normal
2010-10-29,0.006743858102709055,0.019254581816494462,normal
2010-11-01,0.012651324272155762,0.019254581816494462,normal
2010-11-02,0.007180312182754278,0.019254581816494462,normal
2010-11-03,0.012672592885792255,0.019254581816494462,normal
2010-11-04,0.009407363831996918,0.019254581816494462,normal
2010-11-05,0.00984647125005722,0.019254581816494462,normal
2010-11-08,0.012433178722858429,0.019254581816494462,normal
2010-11-09,0.007880131714046001,0.019254581816494462,normal
2010-11-10,0.01546528097242117,0.019254581816494462,normal
2010-11-11,0.007065645884722471,0.019254581816494462,normal
2010-11-12,0.009362777695059776,0.019254581816494462,normal
2010-11-15,0.004466746002435684,0.019254581816494462,normal
2010-11-16,0.012231593020260334,0.019254581816494462,normal
2010-11-17,0.010678782127797604,0.019254581816494462,normal
2010-11-18,0.009862657636404037,0.019254581816494462,normal
2010-11-19,0.015451588667929173,0.019254581816494462,normal
2010-11-22,0.015566336922347546,0.019254581816494462,normal
2010-11-23,0.01594521291553974,0.019254581816494462,normal
2010-11-24,0.03181489184498787,0.019254581816494462,abnormal
2010-11-26,0.03644417226314545,0.019254581816494462,abnormal
2010-11-29,0.00697700772434473,0.019254581816494462,normal
2010-11-30,0.008263476192951202,0.019254581816494462,normal
2010-12-01,0.020815573632717133,0.019254581816494462,abnormal
2010-12-02,0.017451664432883263,0.019254581816494462,normal
2010-12-03,0.009015797637403011,0.019254581816494462,normal
2010-12-06,0.006164591759443283,0.019254581816494462,normal
2010-12-07,0.015161356888711452,0.019254581816494462,normal
2010-12-08,0.0036197074223309755,0.019254581816494462,normal
2010-12-09,0.0053289588540792465,0.019254581816494462,normal
2010-12-10,0.0067331441678106785,0.019254581816494462,normal
2010-12-13,0.004511238541454077,0.019254581816494462,normal
2010-12-14,0.002808572957292199,0.019254581816494462,normal
2010-12-15,0.002349052345380187,0.019254581816494462,normal
2010-12-16,0.006428849883377552,0.019254581816494462,normal
2010-12-17,0.0026217903941869736,0.019254581816494462,normal
2010-12-20,0.004292606841772795,0.019254581816494462,normal
2010-12-21,0.005398161709308624,0.019254581816494462,normal
2010-12-22,0.005839396268129349,0.019254581816494462,normal
2010-12-23,0.005365739110857248,0.019254581816494462,normal
2010-12-27,0.009274807758629322,0.019254581816494462,normal
2010-12-28,0.010486261919140816,0.019254581816494462,normal
2010-12-29,0.013226494193077087,0.019254581816494462,normal
2010-12-30,0.00530177541077137,0.019254581816494462,normal
2010-12-31,0.0021870234049856663,0.019254581816494462,normal
2011-01-03,0.0031610969454050064,0.019254581816494462,normal
2011-01-04,0.005073077045381069,0.019254581816494462,normal
2011-01-05,0.00857367180287838,0.019254581816494462,normal
2011-01-06,0.0039847432635724545,0.019254581816494462,normal
2011-01-07,0.010064804926514626,0.019254581816494462,normal
2011-01-10,0.006289813667535782,0.019254581816494462,normal
2011-01-11,0.0036219938192516565,0.019254581816494462,normal
2011-01-12,0.004398536868393421,0.019254581816494462,normal
2011-01-13,0.007798089645802975,0.019254581816494462,normal
2011-01-14,0.0049016172997653484,0.019254581816494462,normal
2011-01-18,0.005611219443380833,0.019254581816494462,normal
2011-01-19,0.0033740249928086996,0.019254581816494462,normal
2011-01-20,0.004940103739500046,0.019254581816494462,normal
2011-01-21,0.004643858876079321,0.019254581816494462,normal
2011-01-24,0.002701007528230548,0.019254581816494462,normal
2011-01-25,0.008924954570829868,0.019254581816494462,normal
2011-01-26,0.004074825905263424,0.019254581816494462,normal
2011-01-27,0.0045175496488809586,0.019254581816494462,normal
2011-01-28,0.008059687912464142,0.019254581816494462,normal
2011-01-31,0.008297148160636425,0.019254581816494462,normal
2011-02-01,0.002635861746966839,0.019254581816494462,normal
2011-02-02,0.006189998704940081,0.019254581816494462,normal
2011-02-03,0.005132249090820551,0.019254581816494462,normal
2011-02-04,0.005698100663721561,0.019254581816494462,normal
2011-02-07,0.0038776914589107037,0.019254581816494462,normal
2011-02-08,0.004505622200667858,0.019254581816494462,normal
2011-02-09,0.0028700900729745626,0.019254581816494462,normal
2011-02-10,0.0012728932779282331,0.019254581816494462,normal
2011-02-11,0.0009183158981613815,0.019254581816494462,normal
2011-02-14,0.0019735044334083796,0.019254581816494462,normal
2011-02-15,0.0028266210574656725,0.019254581816494462,normal
2011-02-16,0.0012798251118510962,0.019254581816494462,normal
2011-02-17,0.00718620466068387,0.019254581816494462,normal
2011-02-18,0.0066862995736300945,0.019254581816494462,normal
2011-02-22,0.010082603432238102,0.019254581816494462,normal
2011-02-23,0.011710702441632748,0.019254581816494462,normal
2011-02-24,0.004906778689473867,0.019254581816494462,normal
2011-02-25,0.002540739718824625,0.019254581816494462,normal
2011-02-28,0.01596793159842491,0.019254581816494462,normal
2011-03-01,0.014474676921963692,0.019254581816494462,normal
2011-03-02,0.012471012771129608,0.019254581816494462,normal
2011-03-03,0.012658156454563141,0.019254581816494462,normal
2011-03-04,0.007868125103414059,0.019254581816494462,normal
2011-03-07,0.007241589482873678,0.019254581816494462,normal
2011-03-08,0.012243268080055714,0.019254581816494462,normal
2011-03-09,0.00440569780766964,0.019254581816494462,normal
2011-03-10,0.012079582549631596,0.019254581816494462,normal
2011-03-11,0.008589367382228374,0.019254581816494462,normal
2011-03-14,0.007981931790709496,0.019254581816494462,normal
2011-03-15,0.015879368409514427,0.019254581816494462,normal
2011-03-16,0.02839823067188263,0.019254581816494462,abnormal
2011-03-17,0.015857620164752007,0.019254581816494462,normal
2011-03-18,0.012325368821620941,0.019254581816494462,normal
2011-03-21,0.008876107633113861,0.019254581816494462,normal
2011-03-22,0.01644815504550934,0.019254581816494462,normal
2011-03-23,0.02533198893070221,0.019254581816494462,abnormal
2011-03-24,0.018525807186961174,0.019254581816494462,normal
2011-03-25,0.013048748485744,0.019254581816494462,normal
2011-03-28,0.009131288155913353,0.019254581816494462,normal
2011-03-29,0.009213082492351532,0.019254581816494462,normal
2011-03-30,0.00631518242880702,0.019254581816494462,normal
2011-03-31,0.00587168475612998,0.019254581816494462,normal
2011-04-01,0.004133517388254404,0.019254581816494462,normal
2011-04-04,0.004296112805604935,0.019254581816494462,normal
2011-04-05,0.007074717432260513,0.019254581816494462,normal
2011-04-06,0.006857691332697868,0.019254581816494462,normal
2011-04-07,0.0028777210973203182,0.019254581816494462,normal
2011-04-08,0.0030080454889684916,0.019254581816494462,normal
2011-04-11,0.003004972357302904,0.019254581816494462,normal
2011-04-12,0.002236381871625781,0.019254581816494462,normal
2011-04-13,0.004020089749246836,0.019254581816494462,normal
2011-04-14,0.0034950103145092726,0.019254581816494462,normal
2011-04-15,0.005915645509958267,0.019254581816494462,normal
2011-04-18,0.009061786346137524,0.019254581816494462,normal
2011-04-19,0.0052138217724859715,0.019254581816494462,normal
2011-04-20,0.0062839798629283905,0.019254581816494462,normal
2011-04-21,0.008281124755740166,0.019254581816494462,normal
2011-04-25,0.008832793682813644,0.019254581816494462,normal
2011-04-26,0.010516338981688023,0.019254581816494462,normal
2011-04-27,0.00989333726465702,0.019254581816494462,normal
2011-04-28,0.007895730435848236,0.019254581816494462,normal
2011-04-29,0.006062178872525692,0.019254581816494462,normal
2011-05-02,0.005649925209581852,0.019254581816494462,normal
2011-05-03,0.0034808453638106585,0.019254581816494462,normal
2011-05-04,0.003180612111464143,0.019254581816494462,normal
2011-05-05,0.00363605422899127,0.019254581816494462,normal
2011-05-06,0.003688554046675563,0.019254581816494462,normal
2011-05-09,0.001872169435955584,0.019254581816494462,normal
2011-05-10,0.004939213860780001,0.019254581816494462,normal
2011-05-11,0.0077642472460865974,0.019254581816494462,normal
2011-05-12,0.00875367783010006,0.019254581816494462,normal
2011-05-13,0.005289932247251272,0.019254581816494462,normal
2011-05-16,0.0038493003230541945,0.019254581816494462,normal
2011-05-17,0.005605281796306372,0.019254581816494462,normal
2011-05-18,0.00452544167637825,0.019254581816494462,normal
2011-05-19,0.009485949762165546,0.019254581816494462,normal
2011-05-20,0.008454404771327972,0.019254581816494462,normal
2011-05-23,0.006048251409083605,0.019254581816494462,normal
2011-05-24,0.011428329162299633,0.019254581816494462,normal
2011-05-25,0.006890356540679932,0.019254581816494462,normal
2011-05-26,0.012563340365886688,0.019254581816494462,normal
2011-05-27,0.013843610882759094,0.019254581816494462,normal
2011-05-31,0.015777599066495895,0.019254581816494462,normal
2011-06-01,0.008069749921560287,0.019254581816494462,normal
2011-06-02,0.014623443596065044,0.019254581816494462,normal
2011-06-03,0.006813548039644957,0.019254581816494462,normal
2011-06-06,0.01034135464578867,0.019254581816494462,normal
2011-06-07,0.015141918323934078,0.019254581816494462,normal
2011-06-08,0.02248205989599228,0.019254581816494462,abnormal
2011-06-09,0.029158098623156548,0.019254581816494462,abnormal
2011-06-10,0.03511903062462807,0.019254581816494462,abnormal
2011-06-13,0.028189048171043396,0.019254581816494462,abnormal
2011-06-14,0.03323577716946602,0.019254581816494462,abnormal
2011-06-15,0.03212213143706322,0.019254581816494462,abnormal
2011-06-16,0.03285498917102814,0.019254581816494462,abnormal
2011-06-17,0.033910878002643585,0.019254581816494462,abnormal
2011-06-20,0.0496368445456028,0.019254581816494462,abnormal
2011-06-21,0.03919205069541931,0.019254581816494462,abnormal
2011-06-22,0.04071808233857155,0.019254581816494462,abnormal
2011-06-23,0.032924238592386246,0.019254581816494462,abnormal
2011-06-24,0.018406018614768982,0.019254581816494462,normal
2011-06-27,0.027530943974852562,0.019254581816494462,abnormal
2011-06-28,0.01580241322517395,0.019254581816494462,normal
2011-06-29,0.019073057919740677,0.019254581816494462,normal
2011-06-30,0.015582340769469738,0.019254581816494462,normal
2011-07-01,0.02210020273923874,0.019254581816494462,abnormal
2011-07-05,0.011516128666698933,0.019254581816494462,normal
2011-07-06,0.008178791962563992,0.019254581816494462,normal
2011-07-07,0.007741596549749374,0.019254581816494462,normal
2011-07-08,0.005236641503870487,0.019254581816494462,normal
2011-07-11,0.03040238283574581,0.019254581816494462,abnormal
2011-07-12,0.02242601104080677,0.019254581816494462,abnormal
2011-07-13,0.013285649940371513,0.019254581816494462,normal
2011-07-14,0.01581568643450737,0.019254581816494462,normal
2011-07-15,0.008397010155022144,0.019254581816494462,normal
2011-07-18,0.005654287524521351,0.019254581816494462,normal
2011-07-19,0.013580991886556149,0.019254581816494462,normal
2011-07-20,0.010522519238293171,0.019254581816494462,normal
2011-07-21,0.01977093517780304,0.019254581816494462,abnormal
2011-07-22,0.01211408618837595,0.019254581816494462,normal
2011-07-25,0.011333671398460865,0.019254581816494462,normal
2011-07-26,0.004456439521163702,0.019254581816494462,normal
2011-07-27,0.009759945794939995,0.019254581816494462,normal
2011-07-28,0.008454452268779278,0.019254581816494462,normal
2011-07-29,0.0081629678606987,0.019254581816494462,normal
2011-08-01,0.012159578502178192,0.019254581816494462,normal
2011-08-02,0.032976292073726654,0.019254581816494462,abnormal
2011-08-03,0.01724294014275074,0.019254581816494462,normal
2011-08-04,0.10810233652591705,0.019254581816494462,abnormal
2011-08-05,0.08080779016017914,0.019254581816494462,abnormal
2011-08-08,0.4502786695957184,0.019254581816494462,abnormal
2011-08-09,0.323358952999115,0.019254581816494462,abnormal
2011-08-10,0.504608154296875,0.019254581816494462,abnormal
2011-08-11,0.2914676070213318,0.019254581816494462,abnormal
2011-08-12,0.23483233153820038,0.019254581816494462,abnormal
2011-08-15,0.4126153886318207,0.019254581816494462,abnormal
2011-08-16,0.1937854290008545,0.019254581816494462,abnormal
2011-08-17,0.3070852756500244,0.019254581816494462,abnormal
2011-08-18,0.20525270700454712,0.019254581816494462,abnormal
2011-08-19,0.2207694798707962,0.019254581816494462,abnormal
2011-08-22,0.16703173518180847,0.019254581816494462,abnormal
2011-08-23,0.13220922648906708,0.019254581816494462,abnormal
2011-08-24,0.1521134078502655,0.019254581816494462,abnormal
2011-08-25,0.0845537930727005,0.019254581816494462,abnormal
2011-08-26,0.12707820534706116,0.019254581816494462,abnormal
2011-08-29,0.17166931927204132,0.019254581816494462,abnormal
2011-08-30,0.1027490496635437,0.019254581816494462,abnormal
2011-08-31,0.08903733640909195,0.019254581816494462,abnormal
2011-09-01,0.08892247825860977,0.019254581816494462,abnormal
2011-09-02,0.09718848019838333,0.019254581816494462,abnormal
2011-09-06,0.14384718239307404,0.019254581816494462,abnormal
2011-09-07,0.11746302247047424,0.019254581816494462,abnormal
2011-09-08,0.10738933086395264,0.019254581816494462,abnormal
2011-09-09,0.06183457374572754,0.019254581816494462,abnormal
2011-09-12,0.057120148092508316,0.019254581816494462,abnormal
2011-09-13,0.04513641446828842,0.019254581816494462,abnormal
2011-09-14,0.03152742236852646,0.019254581816494462,abnormal
2011-09-15,0.043356362730264664,0.019254581816494462,abnormal
2011-09-16,0.08068055659532547,0.019254581816494462,abnormal
2011-09-19,0.055606693029403687,0.019254581816494462,abnormal
2011-09-20,0.048770587891340256,0.019254581816494462,abnormal
2011-09-21,0.03922455385327339,0.019254581816494462,abnormal
2011-09-22,0.08442366123199463,0.019254581816494462,abnormal
2011-09-23,0.09198062866926193,0.019254581816494462,abnormal
2011-09-26,0.05693322792649269,0.019254581816494462,abnormal
2011-09-27,0.05696795880794525,0.019254581816494462,abnormal
2011-09-28,0.045608196407556534,0.019254581816494462,abnormal
2011-09-29,0.08732837438583374,0.019254581816494462,abnormal
2011-09-30,0.04755207896232605,0.019254581816494462,abnormal
2011-10-03,0.08650492131710052,0.019254581816494462,abnormal
2011-10-04,0.07501526921987534,0.019254581816494462,abnormal
2011-10-05,0.038217294961214066,0.019254581816494462,abnormal
2011-10-06,0.08379623293876648,0.019254581816494462,abnormal
2011-10-07,0.06702392548322678,0.019254581816494462,abnormal
2011-10-10,0.1761750876903534,0.019254581816494462,abnormal
2011-10-11,0.07072990387678146,0.019254581816494462,abnormal
2011-10-12,0.047029588371515274,0.019254581816494462,abnormal
2011-10-13,0.038544949144124985,0.019254581816494462,abnormal
2011-10-14,0.07486394047737122,0.019254581816494462,abnormal
2011-10-17,0.06477755308151245,0.019254581816494462,abnormal
2011-10-18,0.07183362543582916,0.019254581816494462,abnormal
2011-10-19,0.0600571408867836,0.019254581816494462,abnormal
2011-10-20,0.03887149691581726,0.019254581816494462,abnormal
2011-10-21,0.02868206985294819,0.019254581816494462,abnormal
2011-10-24,0.018796714022755623,0.019254581816494462,normal
2011-10-25,0.05827759578824043,0.019254581816494462,abnormal
2011-10-26,0.03354265168309212,0.019254581816494462,abnormal
2011-10-27,0.0466109924018383,0.019254581816494462,abnormal
2011-10-28,0.04993550851941109,0.019254581816494462,abnormal
2011-10-31,0.15893550217151642,0.019254581816494462,abnormal
2011-11-01,0.19720232486724854,0.019254581816494462,abnormal
2011-11-02,0.18561190366744995,0.019254581816494462,abnormal
2011-11-03,0.1100463718175888,0.019254581816494462,abnormal
2011-11-04,0.10483580827713013,0.019254581816494462,abnormal
2011-11-07,0.0340702123939991,0.019254581816494462,abnormal
2011-11-08,0.0584539920091629,0.019254581816494462,abnormal
2011-11-09,0.10515415668487549,0.019254581816494462,abnormal
2011-11-10,0.08057756721973419,0.019254581816494462,abnormal
2011-11-11,0.08523055166006088,0.019254581816494462,abnormal
2011-11-14,0.08264569938182831,0.019254581816494462,abnormal
2011-11-15,0.06330008804798126,0.019254581816494462,abnormal
2011-11-16,0.08177584409713745,0.019254581816494462,abnormal
2011-11-17,0.07811146974563599,0.019254581816494462,abnormal
2011-11-18,0.06272898614406586,0.019254581816494462,abnormal
2011-11-21,0.09130185097455978,0.019254581816494462,abnormal
2011-11-22,0.09585817158222198,0.019254581816494462,abnormal
2011-11-23,0.10983211547136307,0.019254581816494462,abnormal
2011-11-25,0.09016632288694382,0.019254581816494462,abnormal
2011-11-28,0.05069517344236374,0.019254581816494462,abnormal
2011-11-29,0.0547957643866539,0.019254581816494462,abnormal
2011-11-30,0.0707835927605629,0.019254581816494462,abnormal
2011-12-01,0.07695721834897995,0.019254581816494462,abnormal
2011-12-02,0.0667756125330925,0.019254581816494462,abnormal
2011-12-05,0.044089268893003464,0.019254581816494462,abnormal
2011-12-06,0.05852809175848961,0.019254581816494462,abnormal
2011-12-07,0.01883595809340477,0.019254581816494462,normal
2011-12-08,0.021210158243775368,0.019254581816494462,abnormal
2011-12-09,0.03512495756149292,0.019254581816494462,abnormal
2011-12-12,0.026600154116749763,0.019254581816494462,abnormal
2011-12-13,0.022120850160717964,0.019254581816494462,abnormal
2011-12-14,0.02791082113981247,0.019254581816494462,abnormal
2011-12-15,0.03188805282115936,0.019254581816494462,abnormal
2011-12-16,0.024365728721022606,0.019254581816494462,abnormal
2011-12-19,0.0332547202706337,0.019254581816494462,abnormal
2011-12-20,0.05992059037089348,0.019254581816494462,abnormal
2011-12-21,0.03865929692983627,0.019254581816494462,abnormal
2011-12-22,0.03421328216791153,0.019254581816494462,abnormal
2011-12-23,0.04029077664017677,0.019254581816494462,abnormal
2011-12-27,0.046660058200359344,0.019254581816494462,abnormal
2011-12-28,0.01965860277414322,0.019254581816494462,abnormal
2011-12-29,0.014558378607034683,0.019254581816494462,normal
2011-12-30,0.01046860869973898,0.019254581816494462,normal
2012-01-03,0.009643075056374073,0.019254581816494462,normal
2012-01-04,0.01220283005386591,0.019254581816494462,normal
2012-01-05,0.006061177235096693,0.019254581816494462,normal
2012-01-06,0.004093040246516466,0.019254581816494462,normal
2012-01-09,0.009927705861628056,0.019254581816494462,normal
2012-01-10,0.004234544467180967,0.019254581816494462,normal
2012-01-11,0.006296777632087469,0.019254581816494462,normal
2012-01-12,0.006067636422812939,0.019254581816494462,normal
2012-01-13,0.0034389514476060867,0.019254581816494462,normal
2012-01-17,0.006079345941543579,0.019254581816494462,normal
2012-01-18,0.004633128643035889,0.019254581816494462,normal
2012-01-19,0.01395124290138483,0.019254581816494462,normal
2012-01-20,0.005674312356859446,0.019254581816494462,normal
2012-01-23,0.00631563737988472,0.019254581816494462,normal
2012-01-24,0.004511415027081966,0.019254581816494462,normal
2012-01-25,0.006598919164389372,0.019254581816494462,normal
2012-01-26,0.0037880127783864737,0.019254581816494462,normal
2012-01-27,0.004675501957535744,0.019254581816494462,normal
2012-01-30,0.004826960153877735,0.019254581816494462,normal
2012-01-31,0.00560716399922967,0.019254581816494462,normal
2012-02-01,0.008627754636108875,0.019254581816494462,normal
2012-02-02,0.008458321914076805,0.019254581816494462,normal
2012-02-03,0.010161695070564747,0.019254581816494462,normal
2012-02-06,0.007392118219286203,0.019254581816494462,normal
2012-02-07,0.004673827439546585,0.019254581816494462,normal
2012-02-08,0.0031905670184642076,0.019254581816494462,normal
2012-02-09,0.003926659002900124,0.019254581816494462,normal
2012-02-10,0.005416909698396921,0.019254581816494462,normal
2012-02-13,0.004444209858775139,0.019254581816494462,normal
2012-02-14,0.003414629027247429,0.019254581816494462,normal
2012-02-15,0.005105363205075264,0.019254581816494462,normal
2012-02-16,0.004211379215121269,0.019254581816494462,normal
2012-02-17,0.0034757808316498995,0.019254581816494462,normal
2012-02-21,0.005099054891616106,0.019254581816494462,normal
2012-02-22,0.0025656267534941435,0.019254581816494462,normal
2012-02-23,0.00535298278555274,0.019254581816494462,normal
2012-02-24,0.0014910096069797873,0.019254581816494462,normal
2012-02-27,0.0028977645561099052,0.019254581816494462,normal
2012-02-28,0.0032489090226590633,0.019254581816494462,normal
2012-02-29,0.0029134536162018776,0.019254581816494462,normal
2012-03-01,0.002173231914639473,0.019254581816494462,normal
2012-03-02,0.007579845376312733,0.019254581816494462,normal
2012-03-05,0.002741847652941942,0.019254581816494462,normal
2012-03-06,0.003988579846918583,0.019254581816494462,normal
2012-03-07,0.010803304612636566,0.019254581816494462,normal
2012-03-08,0.0032009005080908537,0.019254581816494462,normal
2012-03-09,0.00700328778475523,0.019254581816494462,normal
2012-03-12,0.005879271775484085,0.019254581816494462,normal
2012-03-13,0.012187985703349113,0.019254581816494462,normal
2012-03-14,0.0036280357744544744,0.019254581816494462,normal
2012-03-15,0.002782009541988373,0.019254581816494462,normal
2012-03-16,0.0036453756038099527,0.019254581816494462,normal
2012-03-19,0.009681292809545994,0.019254581816494462,normal
2012-03-20,0.004059242084622383,0.019254581816494462,normal
2012-03-21,0.0028576208278536797,0.019254581816494462,normal
2012-03-22,0.0027454558294266462,0.019254581816494462,normal
2012-03-23,0.0015777255175635219,0.019254581816494462,normal
2012-03-26,0.003850822104141116,0.019254581816494462,normal
2012-03-27,0.00591758918017149,0.019254581816494462,normal
2012-03-28,0.003158237785100937,0.019254581816494462,normal
2012-03-29,0.00702617596834898,0.019254581816494462,normal
2012-03-30,0.006895195227116346,0.019254581816494462,normal
2012-04-02,0.005082662682980299,0.019254581816494462,normal
2012-04-03,0.00520341144874692,0.019254581816494462,normal
2012-04-04,0.0013885149965062737,0.019254581816494462,normal
2012-04-05,0.005736351944506168,0.019254581816494462,normal
2012-04-09,0.006859370972961187,0.019254581816494462,normal
2012-04-10,0.010412581264972687,0.019254581816494462,normal
2012-04-11,0.009133467450737953,0.019254581816494462,normal
2012-04-12,0.010043594986200333,0.019254581816494462,normal
2012-04-13,0.018404696136713028,0.019254581816494462,normal
2012-04-16,0.009845826774835587,0.019254581816494462,normal
2012-04-17,0.03066973201930523,0.019254581816494462,abnormal
2012-04-18,0.011549959890544415,0.019254581816494462,normal
2012-04-19,0.015139929950237274,0.019254581816494462,normal
2012-04-20,0.012139152735471725,0.019254581816494462,normal
2012-04-23,0.009933779947459698,0.019254581816494462,normal
2012-04-24,0.010588676668703556,0.019254581816494462,normal
2012-04-25,0.01125999353826046,0.019254581816494462,normal
2012-04-26,0.013267717324197292,0.019254581816494462,normal
2012-04-27,0.010006280615925789,0.019254581816494462,normal
2012-04-30,0.006965110078454018,0.019254581816494462,normal
2012-05-01,0.011365069076418877,0.019254581816494462,normal
2012-05-02,0.006558755878359079,0.019254581816494462,normal
2012-05-03,0.003581552766263485,0.019254581816494462,normal
2012-05-04,0.007142525166273117,0.019254581816494462,normal
2012-05-07,0.011919684708118439,0.019254581816494462,normal
2012-05-08,0.006435844581574202,0.019254581816494462,normal
2012-05-09,0.01133990939706564,0.019254581816494462,normal
2012-05-10,0.00850699469447136,0.019254581816494462,normal
2012-05-11,0.015371697954833508,0.019254581816494462,normal
2012-05-14,0.015007457695901394,0.019254581816494462,normal
2012-05-15,0.022343801334500313,0.019254581816494462,abnormal
2012-05-16,0.04063207283616066,0.019254581816494462,abnormal
2012-05-17,0.056659698486328125,0.019254581816494462,abnormal
2012-05-18,0.08422581851482391,0.019254581816494462,abnormal
2012-05-21,0.06330090016126633,0.019254581816494462,abnormal
2012-05-22,0.0899447649717331,0.019254581816494462,abnormal
2012-05-23,0.09860924631357193,0.019254581816494462,abnormal
2012-05-24,0.09020953625440598,0.019254581816494462,abnormal
2012-05-25,0.09801603108644485,0.019254581816494462,abnormal
2012-05-29,0.07570569217205048,0.019254581816494462,abnormal
2012-05-30,0.058526985347270966,0.019254581816494462,abnormal
2012-05-31,0.042776912450790405,0.019254581816494462,abnormal
2012-06-01,0.03227579593658447,0.019254581816494462,abnormal
2012-06-04,0.02843797206878662,0.019254581816494462,abnormal
2012-06-05,0.01965775340795517,0.019254581816494462,abnormal
2012-06-06,0.01669900119304657,0.019254581816494462,normal
2012-06-07,0.026942819356918335,0.019254581816494462,abnormal
2012-06-08,0.020250137895345688,0.019254581816494462,abnormal
2012-06-11,0.007445001509040594,0.019254581816494462,normal
2012-06-12,0.03438320755958557,0.019254581816494462,abnormal
2012-06-13,0.005630355328321457,0.019254581816494462,normal
2012-06-14,0.008862610906362534,0.019254581816494462,normal
2012-06-15,0.0066336533054709435,0.019254581816494462,normal
2012-06-18,0.004141669720411301,0.019254581816494462,normal
2012-06-19,0.005659065674990416,0.019254581816494462,normal
2012-06-20,0.006921141408383846,0.019254581816494462,normal
2012-06-21,0.01195064838975668,0.019254581816494462,normal
2012-06-22,0.018112435936927795,0.019254581816494462,normal
2012-06-25,0.00839865393936634,0.019254581816494462,normal
2012-06-26,0.005715262144804001,0.019254581816494462,normal
2012-06-27,0.009673374705016613,0.019254581816494462,normal
2012-06-28,0.006515068002045155,0.019254581816494462,normal
2012-06-29,0.011553112417459488,0.019254581816494462,normal
2012-07-02,0.024910926818847656,0.019254581816494462,abnormal
2012-07-03,0.02250920608639717,0.019254581816494462,abnormal
2012-07-05,0.008613635785877705,0.019254581816494462,normal
2012-07-06,0.02033855952322483,0.019254581816494462,abnormal
2012-07-09,0.007769551128149033,0.019254581816494462,normal
2012-07-10,0.007714276667684317,0.019254581816494462,normal
2012-07-11,0.004664946347475052,0.019254581816494462,normal
2012-07-12,0.009203202091157436,0.019254581816494462,normal
2012-07-13,0.005430256482213736,0.019254581816494462,normal
2012-07-16,0.0111915972083807,0.019254581816494462,normal
2012-07-17,0.010140014812350273,0.019254581816494462,normal
2012-07-18,0.010440907441079617,0.019254581816494462,normal
2012-07-19,0.011303160339593887,0.019254581816494462,normal
2012-07-20,0.004008968360722065,0.019254581816494462,normal
2012-07-23,0.006732962094247341,0.019254581816494462,normal
2012-07-24,0.006398641038686037,0.019254581816494462,normal
2012-07-25,0.004807311575859785,0.019254581816494462,normal
2012-07-26,0.005235244054347277,0.019254581816494462,normal
2012-07-27,0.02336631901562214,0.019254581816494462,abnormal
2012-07-30,0.014136050827801228,0.019254581816494462,normal
2012-07-31,0.00508884759619832,0.019254581816494462,normal
2012-08-01,0.02139599435031414,0.019254581816494462,abnormal
2012-08-02,0.00883946567773819,0.019254581816494462,normal
2012-08-03,0.0062694004736840725,0.019254581816494462,normal
2012-08-06,0.010774662718176842,0.019254581816494462,normal
2012-08-07,0.005800027400255203,0.019254581816494462,normal
2012-08-08,0.0033570637460798025,0.019254581816494462,normal
2012-08-09,0.008594556711614132,0.019254581816494462,normal
2012-08-10,0.0020032229367643595,0.019254581816494462,normal
2012-08-13,0.005519818514585495,0.019254581816494462,normal
2012-08-14,0.004405554383993149,0.019254581816494462,normal
2012-08-15,0.0032345298677682877,0.019254581816494462,normal
2012-08-16,0.004996269941329956,0.019254581816494462,normal
2012-08-17,0.005508031230419874,0.019254581816494462,normal
2012-08-20,0.006001858040690422,0.019254581816494462,normal
2012-08-21,0.009367416612803936,0.019254581816494462,normal
2012-08-22,0.03577251359820366,0.019254581816494462,abnormal
2012-08-23,0.0069450498558580875,0.019254581816494462,normal
2012-08-24,0.002412315458059311,0.019254581816494462,normal
2012-08-27,0.002539725275710225,0.019254581816494462,normal
2012-08-28,0.0028465052600950003,0.019254581816494462,normal
2012-08-29,0.0040103900246322155,0.019254581816494462,normal
2012-08-30,0.005771085154265165,0.019254581816494462,normal
2012-08-31,0.005907058250159025,0.019254581816494462,normal
2012-09-04,0.00591486319899559,0.019254581816494462,normal
2012-09-05,0.0037590195424854755,0.019254581816494462,normal
2012-09-06,0.01193914283066988,0.019254581816494462,normal
2012-09-07,0.006930267903953791,0.019254581816494462,normal
2012-09-10,0.0033242127392441034,0.019254581816494462,normal
2012-09-11,0.0048654633574187756,0.019254581816494462,normal
2012-09-12,0.01023717038333416,0.019254581816494462,normal
2012-09-13,0.05446010082960129,0.019254581816494462,abnormal
2012-09-14,0.03130388632416725,0.019254581816494462,abnormal
2012-09-17,0.0036630977410823107,0.019254581816494462,normal
2012-09-18,0.004969831556081772,0.019254581816494462,normal
2012-09-19,0.008065649308264256,0.019254581816494462,normal
2012-09-20,0.0031450309325009584,0.019254581816494462,normal
2012-09-21,0.0033909615594893694,0.019254581816494462,normal
2012-09-24,0.0015606408705934882,0.019254581816494462,normal
2012-09-25,0.0028347456827759743,0.019254581816494462,normal
2012-09-26,0.0023942787665873766,0.019254581816494462,normal
2012-09-27,0.003300025127828121,0.019254581816494462,normal
2012-09-28,0.008491791784763336,0.019254581816494462,normal
2012-10-01,0.008749492466449738,0.019254581816494462,normal
2012-10-02,0.012712212279438972,0.019254581816494462,normal
2012-10-03,0.01264413446187973,0.019254581816494462,normal
2012-10-04,0.010243440046906471,0.019254581816494462,normal
2012-10-05,0.008608780801296234,0.019254581816494462,normal
2012-10-08,0.008034145459532738,0.019254581816494462,normal
2012-10-09,0.005165063310414553,0.019254581816494462,normal
2012-10-10,0.008385097607970238,0.019254581816494462,normal
2012-10-11,0.005156713537871838,0.019254581816494462,normal
2012-10-12,0.009556492790579796,0.019254581816494462,normal
2012-10-15,0.008038084022700787,0.019254581816494462,normal
2012-10-16,0.009617011994123459,0.019254581816494462,normal
2012-10-17,0.009974108077585697,0.019254581816494462,normal
2012-10-18,0.00376137881539762,0.019254581816494462,normal
2012-10-19,0.0064140865579247475,0.019254581816494462,normal
2012-10-22,0.015106946229934692,0.019254581816494462,normal
2012-10-23,0.004423354286700487,0.019254581816494462,normal
2012-10-24,0.0069778491742908955,0.019254581816494462,normal
2012-10-25,0.010608100332319736,0.019254581816494462,normal
2012-10-26,0.01309016440063715,0.019254581816494462,normal
2012-10-31,0.019321506842970848,0.019254581816494462,abnormal
2012-11-01,0.028150247409939766,0.019254581816494462,abnormal
2012-11-02,0.017774906009435654,0.019254581816494462,normal
2012-11-05,0.01535345334559679,0.019254581816494462,normal
2012-11-06,0.016528088599443436,0.019254581816494462,normal
2012-11-07,0.01955682411789894,0.019254581816494462,abnormal
2012-11-08,0.013912074267864227,0.019254581816494462,normal
2012-11-09,0.016734590753912926,0.019254581816494462,normal
2012-11-12,0.018041489645838737,0.019254581816494462,normal
2012-11-13,0.03527921810746193,0.019254581816494462,abnormal
2012-11-14,0.03717945143580437,0.019254581816494462,abnormal
2012-11-15,0.033611226826906204,0.019254581816494462,abnormal
2012-11-16,0.04360472783446312,0.019254581816494462,abnormal
2012-11-19,0.027660394087433815,0.019254581816494462,abnormal
2012-11-20,0.02906661294400692,0.019254581816494462,abnormal
2012-11-21,0.03199400007724762,0.019254581816494462,abnormal
2012-11-23,0.034836295992136,0.019254581816494462,abnormal
2012-11-26,0.018201179802417755,0.019254581816494462,normal
2012-11-27,0.024287983775138855,0.019254581816494462,abnormal
2012-11-28,0.018850011751055717,0.019254581816494462,normal
2012-11-29,0.007979627698659897,0.019254581816494462,normal
2012-11-30,0.008245549164712429,0.019254581816494462,normal
2012-12-03,0.003692097496241331,0.019254581816494462,normal
2012-12-04,0.007122393697500229,0.019254581816494462,normal
2012-12-05,0.002898558508604765,0.019254581816494462,normal
2012-12-06,0.004175581969320774,0.019254581816494462,normal
2012-12-07,0.0037635271437466145,0.019254581816494462,normal
2012-12-10,0.002631993731483817,0.019254581816494462,normal
2012-12-11,0.0037658417131751776,0.019254581816494462,normal
2012-12-12,0.002857385203242302,0.019254581816494462,normal
2012-12-13,0.0034528574906289577,0.019254581816494462,normal
2012-12-14,0.002841759705916047,0.019254581816494462,normal
2012-12-17,0.006494733504951,0.019254581816494462,normal
2012-12-18,0.014857890084385872,0.019254581816494462,normal
2012-12-19,0.01050441712141037,0.019254581816494462,normal
2012-12-20,0.003855657996609807,0.019254581816494462,normal
2012-12-21,0.00761963939294219,0.019254581816494462,normal
2012-12-24,0.0331496000289917,0.019254581816494462,abnormal
2012-12-26,0.004521037917584181,0.019254581816494462,normal
2012-12-27,0.0028566063847392797,0.019254581816494462,normal
2012-12-28,0.01013243943452835,0.019254581816494462,normal
2012-12-31,0.008253260515630245,0.019254581816494462,normal
2013-01-02,0.013976757414638996,0.019254581816494462,normal
2013-01-03,0.017254382371902466,0.019254581816494462,normal
2013-01-04,0.009473761543631554,0.019254581816494462,normal
2013-01-07,0.024817736819386482,0.019254581816494462,abnormal
2013-01-08,0.018773691728711128,0.019254581816494462,normal
2013-01-09,0.00926878396421671,0.019254581816494462,normal
2013-01-10,0.007219390943646431,0.019254581816494462,normal
2013-01-11,0.010764970444142818,0.019254581816494462,normal
2013-01-14,0.0045439074747264385,0.019254581816494462,normal
2013-01-15,0.004437513183802366,0.019254581816494462,normal
2013-01-16,0.004473930690437555,0.019254581816494462,normal
2013-01-17,0.0033096005208790302,0.019254581816494462,normal
2013-01-18,0.008522139862179756,0.019254581816494462,normal
2013-01-22,0.00702714966610074,0.019254581816494462,normal
2013-01-23,0.008387727662920952,0.019254581816494462,normal
2013-01-24,0.009508319199085236,0.019254581816494462,normal
2013-01-25,0.00964124221354723,0.019254581816494462,normal
2013-01-28,0.012627570889890194,0.019254581816494462,normal
2013-01-29,0.027297725901007652,0.019254581816494462,abnormal
2013-01-30,0.016563886776566505,0.019254581816494462,normal
2013-01-31,0.003194012911990285,0.019254581816494462,normal
2013-02-01,0.0029419632628560066,0.019254581816494462,normal
2013-02-04,0.002795182866975665,0.019254581816494462,normal
2013-02-05,0.0017660685116425157,0.019254581816494462,normal
2013-02-06,0.0021912797819823027,0.019254581816494462,normal
2013-02-07,0.002184847369790077,0.019254581816494462,normal
2013-02-08,0.0019325154135003686,0.019254581816494462,normal
2013-02-11,0.0024297358468174934,0.019254581816494462,normal
2013-02-12,0.0016134282341226935,0.019254581816494462,normal
2013-02-13,0.001989042619243264,0.019254581816494462,normal
2013-02-14,0.0017887213034555316,0.019254581816494462,normal
2013-02-15,0.004859881475567818,0.019254581816494462,normal
2013-02-19,0.0018492229282855988,0.019254581816494462,normal
2013-02-20,0.0028424751944839954,0.019254581816494462,normal
2013-02-21,0.0058745890855789185,0.019254581816494462,normal
2013-02-22,0.003875111462548375,0.019254581816494462,normal
2013-02-25,0.008490136824548244,0.019254581816494462,normal
2013-02-26,0.008965724147856236,0.019254581816494462,normal
2013-02-27,0.004278047010302544,0.019254581816494462,normal
2013-02-28,0.004831063561141491,0.019254581816494462,normal
2013-03-01,0.00703859468922019,0.019254581816494462,normal
2013-03-04,0.008517530746757984,0.019254581816494462,normal
2013-03-05,0.0040306514129042625,0.019254581816494462,normal
2013-03-06,0.0038672839291393757,0.019254581816494462,normal
2013-03-07,0.0014459204394370317,0.019254581816494462,normal
2013-03-08,0.0019947183318436146,0.019254581816494462,normal
2013-03-11,0.0044004968367516994,0.019254581816494462,normal
2013-03-12,0.0030681604985147715,0.019254581816494462,normal
2013-03-13,0.0013941344805061817,0.019254581816494462,normal
2013-03-14,0.0018160385079681873,0.019254581816494462,normal
2013-03-15,0.005728061310946941,0.019254581816494462,normal
2013-03-18,0.003790424671024084,0.019254581816494462,normal
2013-03-19,0.0022088356781750917,0.019254581816494462,normal
2013-03-20,0.0030995483975857496,0.019254581816494462,normal
2013-03-21,0.005492834839969873,0.019254581816494462,normal
2013-03-22,0.0037502071354538202,0.019254581816494462,normal
2013-03-25,0.0035834494046866894,0.019254581816494462,normal
2013-03-26,0.004387255292385817,0.019254581816494462,normal
2013-03-27,0.003616963280364871,0.019254581816494462,normal
2013-03-28,0.003144982736557722,0.019254581816494462,normal
2013-04-01,0.0018905041506513953,0.019254581816494462,normal
2013-04-02,0.003354838816449046,0.019254581816494462,normal
2013-04-03,0.004787929821759462,0.019254581816494462,normal
2013-04-04,0.002408405998721719,0.019254581816494462,normal
2013-04-05,0.006640947423875332,0.019254581816494462,normal
2013-04-08,0.0027699838392436504,0.019254581816494462,normal
2013-04-09,0.005105453543365002,0.019254581816494462,normal
2013-04-10,0.004728933796286583,0.019254581816494462,normal
2013-04-11,0.0059813945554196835,0.019254581816494462,normal
2013-04-12,0.0032191763166338205,0.019254581816494462,normal
2013-04-15,0.007313680835068226,0.019254581816494462,normal
2013-04-16,0.025323273614048958,0.019254581816494462,abnormal
2013-04-17,0.009036664851009846,0.019254581816494462,normal
2013-04-18,0.005873624235391617,0.019254581816494462,normal
2013-04-19,0.0044847517274320126,0.019254581816494462,normal
2013-04-22,0.006998052354902029,0.019254581816494462,normal
2013-04-23,0.012812732718884945,0.019254581816494462,normal
2013-04-24,0.008750016801059246,0.019254581816494462,normal
2013-04-25,0.010385763831436634,0.019254581816494462,normal
2013-04-26,0.00395261961966753,0.019254581816494462,normal
2013-04-29,0.004917370155453682,0.019254581816494462,normal
2013-04-30,0.006195533089339733,0.019254581816494462,normal
2013-05-01,0.0033414687495678663,0.019254581816494462,normal
2013-05-02,0.005180138163268566,0.019254581816494462,normal
2013-05-03,0.004271951969712973,0.019254581816494462,normal
2013-05-06,0.007331266067922115,0.019254581816494462,normal
2013-05-07,0.008450813591480255,0.019254581816494462,normal
2013-05-08,0.009769527241587639,0.019254581816494462,normal
2013-05-09,0.004917471669614315,0.019254581816494462,normal
2013-05-10,0.005551228765398264,0.019254581816494462,normal
2013-05-13,0.0040196627378463745,0.019254581816494462,normal
2013-05-14,0.006661549676209688,0.019254581816494462,normal
2013-05-15,0.009539682418107986,0.019254581816494462,normal
2013-05-16,0.003801952814683318,0.019254581816494462,normal
2013-05-17,0.007210450246930122,0.019254581816494462,normal
2013-05-20,0.0040508355014026165,0.019254581816494462,normal
2013-05-21,0.0027939716819673777,0.019254581816494462,normal
2013-05-22,0.045280810445547104,0.019254581816494462,abnormal
2013-05-23,0.014214204624295235,0.019254581816494462,normal
2013-05-24,0.003038103226572275,0.019254581816494462,normal
2013-05-28,0.003731533419340849,0.019254581816494462,normal
2013-05-29,0.0078012882731854916,0.019254581816494462,normal
2013-05-30,0.00762847438454628,0.019254581816494462,normal
2013-05-31,0.010365571826696396,0.019254581816494462,normal
2013-06-03,0.012318221852183342,0.019254581816494462,normal
2013-06-04,0.008190788328647614,0.019254581816494462,normal
2013-06-05,0.005907568149268627,0.019254581816494462,normal
2013-06-06,0.010217209346592426,0.019254581816494462,normal
2013-06-07,0.013104145415127277,0.019254581816494462,normal
2013-06-10,0.015484364703297615,0.019254581816494462,normal
2013-06-11,0.009756787680089474,0.019254581816494462,normal
2013-06-12,0.016889508813619614,0.019254581816494462,normal
2013-06-13,0.018516940996050835,0.019254581816494462,normal
2013-06-14,0.00900580920279026,0.019254581816494462,normal
2013-06-17,0.00656639551743865,0.019254581816494462,normal
2013-06-18,0.003954210318624973,0.019254581816494462,normal
2013-06-19,0.007715047337114811,0.019254581816494462,normal
2013-06-20,0.01267040055245161,0.019254581816494462,normal
2013-06-21,0.02601074054837227,0.019254581816494462,abnormal
2013-06-24,0.01867820881307125,0.019254581816494462,normal
2013-06-25,0.01334309484809637,0.019254581816494462,normal
2013-06-26,0.018934594467282295,0.019254581816494462,normal
2013-06-27,0.019903434440493584,0.019254581816494462,abnormal
2013-06-28,0.015510044060647488,0.019254581816494462,normal
2013-07-01,0.02835477888584137,0.019254581816494462,abnormal
2013-07-02,0.014574449509382248,0.019254581816494462,normal
2013-07-03,0.012652527540922165,0.019254581816494462,normal
2013-07-05,0.012425785884261131,0.019254581816494462,normal
2013-07-08,0.013329639099538326,0.019254581816494462,normal
2013-07-09,0.016412576660513878,0.019254581816494462,normal
2013-07-10,0.0062942830845713615,0.019254581816494462,normal
2013-07-11,0.01093550305813551,0.019254581816494462,normal
2013-07-12,0.005081332754343748,0.019254581816494462,normal
2013-07-15,0.011146849021315575,0.019254581816494462,normal
2013-07-16,0.006613928824663162,0.019254581816494462,normal
2013-07-17,0.013282179832458496,0.019254581816494462,normal
2013-07-18,0.006964239291846752,0.019254581816494462,normal
2013-07-19,0.00495673343539238,0.019254581816494462,normal
2013-07-22,0.005283205769956112,0.019254581816494462,normal
2013-07-23,0.005047216545790434,0.019254581816494462,normal
2013-07-24,0.004049830138683319,0.019254581816494462,normal
2013-07-25,0.0016977483173832297,0.019254581816494462,normal
2013-07-26,0.0019128145650029182,0.019254581816494462,normal
2013-07-29,0.0018842726713046432,0.019254581816494462,normal
2013-07-30,0.0018790997564792633,0.019254581816494462,normal
2013-07-31,0.003188198199495673,0.019254581816494462,normal
2013-08-01,0.005974407773464918,0.019254581816494462,normal
2013-08-02,0.007117775734513998,0.019254581816494462,normal
2013-08-05,0.007138642016798258,0.019254581816494462,normal
2013-08-06,0.004102697130292654,0.019254581816494462,normal
2013-08-07,0.007916487753391266,0.019254581816494462,normal
2013-08-08,0.003694528713822365,0.019254581816494462,normal
2013-08-09,0.004892423748970032,0.019254581816494462,normal
2013-08-12,0.002976256189867854,0.019254581816494462,normal
2013-08-13,0.00469512864947319,0.019254581816494462,normal
2013-08-14,0.0028746253810822964,0.019254581816494462,normal
2013-08-15,0.004523610696196556,0.019254581816494462,normal
2013-08-16,0.005797227844595909,0.019254581816494462,normal
2013-08-19,0.009636388160288334,0.019254581816494462,normal
2013-08-20,0.007724953815340996,0.019254581816494462,normal
2013-08-21,0.03712204843759537,0.019254581816494462,abnormal
2013-08-22,0.024297615513205528,0.019254581816494462,abnormal
2013-08-23,0.03160523995757103,0.019254581816494462,abnormal
2013-08-26,0.02780732698738575,0.019254581816494462,abnormal
2013-08-27,0.019230671226978302,0.019254581816494462,normal
2013-08-28,0.030061371624469757,0.019254581816494462,abnormal
2013-08-29,0.028091274201869965,0.019254581816494462,abnormal
2013-08-30,0.036899179220199585,0.019254581816494462,abnormal
2013-09-03,0.04276666417717934,0.019254581816494462,abnormal
2013-09-04,0.03761104494333267,0.019254581816494462,abnormal
2013-09-05,0.025293821468949318,0.019254581816494462,abnormal
2013-09-06,0.021695369854569435,0.019254581816494462,abnormal
2013-09-09,0.01459647435694933,0.019254581816494462,normal
2013-09-10,0.010498831048607826,0.019254581816494462,normal
2013-09-11,0.006307351402938366,0.019254581816494462,normal
2013-09-12,0.007506863214075565,0.019254581816494462,normal
2013-09-13,0.01102927140891552,0.019254581816494462,normal
2013-09-16,0.005707749631255865,0.019254581816494462,normal
2013-09-17,0.005148871336132288,0.019254581816494462,normal
2013-09-18,0.06742222607135773,0.019254581816494462,abnormal
2013-09-19,0.015665430575609207,0.019254581816494462,normal
2013-09-20,0.007611896377056837,0.019254581816494462,normal
2013-09-23,0.01323404535651207,0.019254581816494462,normal
2013-09-24,0.012104938738048077,0.019254581816494462,normal
2013-09-25,0.0063094086945056915,0.019254581816494462,normal
2013-09-26,0.0036119818687438965,0.019254581816494462,normal
2013-09-27,0.002582607325166464,0.019254581816494462,normal
2013-09-30,0.004159830044955015,0.019254581816494462,normal
2013-10-01,0.005651349667459726,0.019254581816494462,normal
2013-10-02,0.005598356015980244,0.019254581816494462,normal
2013-10-03,0.008221934549510479,0.019254581816494462,normal
2013-10-04,0.007084950339049101,0.019254581816494462,normal
2013-10-07,0.005603421945124865,0.019254581816494462,normal
2013-10-08,0.009526574984192848,0.019254581816494462,normal
2013-10-09,0.012448198162019253,0.019254581816494462,normal
2013-10-10,0.01927657425403595,0.019254581816494462,abnormal
2013-10-11,0.022223401814699173,0.019254581816494462,abnormal
2013-10-14,0.016522349789738655,0.019254581816494462,normal
2013-10-15,0.012420970015227795,0.019254581816494462,normal
2013-10-16,0.03518598526716232,0.019254581816494462,abnormal
2013-10-17,0.00966441910713911,0.019254581816494462,normal
2013-10-18,0.009678766131401062,0.019254581816494462,normal
2013-10-21,0.009115492925047874,0.019254581816494462,normal
2013-10-22,0.009440185502171516,0.019254581816494462,normal
2013-10-23,0.003680034540593624,0.019254581816494462,normal
2013-10-24,0.009438132867217064,0.019254581816494462,normal
2013-10-25,0.005250867456197739,0.019254581816494462,normal
2013-10-28,0.00371324410662055,0.019254581816494462,normal
2013-10-29,0.005089175421744585,0.019254581816494462,normal
2013-10-30,0.005826699547469616,0.019254581816494462,normal
2013-10-31,0.006027224473655224,0.019254581816494462,normal
2013-11-01,0.005787182599306107,0.019254581816494462,normal
2013-11-04,0.003942324314266443,0.019254581816494462,normal
2013-11-05,0.00624981801956892,0.019254581816494462,normal
2013-11-06,0.0055914828553795815,0.019254581816494462,normal
2013-11-07,0.003059289650991559,0.019254581816494462,normal
2013-11-08,0.005457459017634392,0.019254581816494462,normal
2013-11-11,0.004677619319409132,0.019254581816494462,normal
2013-11-12,0.00369124673306942,0.019254581816494462,normal
2013-11-13,0.0028739292174577713,0.019254581816494462,normal
2013-11-14,0.004253776278346777,0.019254581816494462,normal
2013-11-15,0.0040352437645196915,0.019254581816494462,normal
2013-11-18,0.002585673239082098,0.019254581816494462,normal
2013-11-19,0.0032295931596308947,0.019254581816494462,normal
2013-11-20,0.002429777756333351,0.019254581816494462,normal
2013-11-21,0.001861167256720364,0.019254581816494462,normal
2013-11-22,0.004706121515482664,0.019254581816494462,normal
2013-11-25,0.002881257561966777,0.019254581816494462,normal
2013-11-26,0.0013141789240762591,0.019254581816494462,normal
2013-11-27,0.007501423358917236,0.019254581816494462,normal
2013-11-29,0.0034136809408664703,0.019254581816494462,normal
2013-12-02,0.0033979122526943684,0.019254581816494462,normal
2013-12-03,0.0031724520958960056,0.019254581816494462,normal
2013-12-04,0.0025689590256661177,0.019254581816494462,normal
2013-12-05,0.00354154035449028,0.019254581816494462,normal
2013-12-06,0.00279944553039968,0.019254581816494462,normal
2013-12-09,0.004734070971608162,0.019254581816494462,normal
2013-12-10,0.0037068333476781845,0.019254581816494462,normal
2013-12-11,0.006803682539612055,0.019254581816494462,normal
2013-12-12,0.013878422789275646,0.019254581816494462,normal
2013-12-13,0.006718204356729984,0.019254581816494462,normal
2013-12-16,0.005687769502401352,0.019254581816494462,normal
2013-12-17,0.00943811610341072,0.019254581816494462,normal
2013-12-18,0.04791537672281265,0.019254581816494462,abnormal
2013-12-19,0.006259814836084843,0.019254581816494462,normal
2013-12-20,0.007043897174298763,0.019254581816494462,normal
2013-12-23,0.0034728441387414932,0.019254581816494462,normal
2013-12-24,0.01124655269086361,0.019254581816494462,normal
2013-12-26,0.004212868399918079,0.019254581816494462,normal
2013-12-27,0.004548133350908756,0.019254581816494462,normal
2013-12-30,0.005730482749640942,0.019254581816494462,normal
2013-12-31,0.0029173803050071,0.019254581816494462,normal
2014-01-02,0.0036575456615537405,0.019254581816494462,normal
2014-01-03,0.005048252176493406,0.019254581816494462,normal
2014-01-06,0.0044463262893259525,0.019254581816494462,normal
2014-01-07,0.001672922051511705,0.019254581816494462,normal
2014-01-08,0.005511125084012747,0.019254581816494462,normal
2014-01-09,0.0045092348009347916,0.019254581816494462,normal
2014-01-10,0.0035172197967767715,0.019254581816494462,normal
2014-01-13,0.003337213769555092,0.019254581816494462,normal
2014-01-14,0.006355765741318464,0.019254581816494462,normal
2014-01-15,0.003336608177050948,0.019254581816494462,normal
2014-01-16,0.0037440008018165827,0.019254581816494462,normal
2014-01-17,0.00329228094778955,0.019254581816494462,normal
2014-01-21,0.007043130695819855,0.019254581816494462,normal
2014-01-22,0.0019737991970032454,0.019254581816494462,normal
2014-01-23,0.009517709724605083,0.019254581816494462,normal
2014-01-24,0.006662162486463785,0.019254581816494462,normal
2014-01-27,0.007388681173324585,0.019254581816494462,normal
2014-01-28,0.00506744347512722,0.019254581816494462,normal
2014-01-29,0.027487894520163536,0.019254581816494462,abnormal
2014-01-30,0.013502583838999271,0.019254581816494462,normal
2014-01-31,0.029853181913495064,0.019254581816494462,abnormal
2014-02-03,0.02083451859652996,0.019254581816494462,abnormal
2014-02-04,0.019958797842264175,0.019254581816494462,abnormal
2014-02-05,0.030753647908568382,0.019254581816494462,abnormal
2014-02-06,0.03385577350854874,0.019254581816494462,abnormal
2014-02-07,0.041276730597019196,0.019254581816494462,abnormal
2014-02-10,0.048900604248046875,0.019254581816494462,abnormal
2014-02-11,0.0453496016561985,0.019254581816494462,abnormal
2014-02-12,0.032110586762428284,0.019254581816494462,abnormal
2014-02-13,0.019361941143870354,0.019254581816494462,abnormal
2014-02-14,0.011722085997462273,0.019254581816494462,normal
2014-02-18,0.0086220046505332,0.019254581816494462,normal
2014-02-19,0.005656745284795761,0.019254581816494462,normal
2014-02-20,0.01342210453003645,0.019254581816494462,normal
2014-02-21,0.006535266526043415,0.019254581816494462,normal
2014-02-24,0.0035546873696148396,0.019254581816494462,normal
2014-02-25,0.004195220302790403,0.019254581816494462,normal
2014-02-26,0.003991472069174051,0.019254581816494462,normal
2014-02-27,0.002482215641066432,0.019254581816494462,normal
2014-02-28,0.004653949290513992,0.019254581816494462,normal
2014-03-03,0.004232822451740503,0.019254581816494462,normal
2014-03-04,0.014879817143082619,0.019254581816494462,normal
2014-03-05,0.004416423849761486,0.019254581816494462,normal
2014-03-06,0.0030494395177811384,0.019254581816494462,normal
2014-03-07,0.0024879751726984978,0.019254581816494462,normal
2014-03-10,0.006427929736673832,0.019254581816494462,normal
2014-03-11,0.0063180685974657536,0.019254581816494462,normal
2014-03-12,0.00409300159662962,0.019254581816494462,normal
2014-03-13,0.007026631385087967,0.019254581816494462,normal
2014-03-14,0.004416377283632755,0.019254581816494462,normal
2014-03-17,0.002013599267229438,0.019254581816494462,normal
2014-03-18,0.0052394382655620575,0.019254581816494462,normal
2014-03-19,0.0143439881503582,0.019254581816494462,normal
2014-03-20,0.006718416698276997,0.019254581816494462,normal
2014-03-21,0.00697697326540947,0.019254581816494462,normal
2014-03-24,0.003191916039213538,0.019254581816494462,normal
2014-03-25,0.0014785920502617955,0.019254581816494462,normal
2014-03-26,0.00258499663323164,0.019254581816494462,normal
2014-03-27,0.007165205664932728,0.019254581816494462,normal
2014-03-28,0.002955526812002063,0.019254581816494462,normal
2014-03-31,0.0068588401190936565,0.019254581816494462,normal
2014-04-01,0.008911503478884697,0.019254581816494462,normal
2014-04-02,0.005964932031929493,0.019254581816494462,normal
2014-04-03,0.003045297460630536,0.019254581816494462,normal
2014-04-04,0.0038107046857476234,0.019254581816494462,normal
2014-04-07,0.008234192617237568,0.019254581816494462,normal
2014-04-08,0.006441393867135048,0.019254581816494462,normal
2014-04-09,0.004313924815505743,0.019254581816494462,normal
2014-04-10,0.021083571016788483,0.019254581816494462,abnormal
2014-04-11,0.011093429289758205,0.019254581816494462,normal
2014-04-14,0.01596207171678543,0.019254581816494462,normal
2014-04-15,0.008327481336891651,0.019254581816494462,normal
2014-04-16,0.017559681087732315,0.019254581816494462,normal
2014-04-17,0.014385351911187172,0.019254581816494462,normal
2014-04-21,0.018629837781190872,0.019254581816494462,normal
2014-04-22,0.011246863752603531,0.019254581816494462,normal
2014-04-23,0.007811002898961306,0.019254581816494462,normal
2014-04-24,0.006031026132404804,0.019254581816494462,normal
2014-04-25,0.003806264139711857,0.019254581816494462,normal
2014-04-28,0.003522462211549282,0.019254581816494462,normal
2014-04-29,0.004416873212903738,0.019254581816494462,normal
2014-04-30,0.00748804397881031,0.019254581816494462,normal
2014-05-01,0.005204846151173115,0.019254581816494462,normal
2014-05-02,0.006958321202546358,0.019254581816494462,normal
2014-05-05,0.0067665548995137215,0.019254581816494462,normal
2014-05-06,0.0032889600843191147,0.019254581816494462,normal
2014-05-07,0.003981242887675762,0.019254581816494462,normal
2014-05-08,0.0031976497266441584,0.019254581816494462,normal
2014-05-09,0.001294866669923067,0.019254581816494462,normal
2014-05-12,0.0027008410543203354,0.019254581816494462,normal
2014-05-13,0.003283170284703374,0.019254581816494462,normal
2014-05-14,0.001877657137811184,0.019254581816494462,normal
2014-05-15,0.004062478896230459,0.019254581816494462,normal
2014-05-16,0.007147551514208317,0.019254581816494462,normal
2014-05-19,0.00224115327000618,0.019254581816494462,normal
2014-05-20,0.007850401103496552,0.019254581816494462,normal
2014-05-21,0.0019718147814273834,0.019254581816494462,normal
2014-05-22,0.0021203949581831694,0.019254581816494462,normal
2014-05-23,0.001719523686915636,0.019254581816494462,normal
2014-05-27,0.0034695120994001627,0.019254581816494462,normal
2014-05-28,0.002699434757232666,0.019254581816494462,normal
2014-05-29,0.001949234283529222,0.019254581816494462,normal
2014-05-30,0.002261561341583729,0.019254581816494462,normal
2014-06-02,0.0036184778437018394,0.019254581816494462,normal
2014-06-03,0.004031896125525236,0.019254581816494462,normal
2014-06-04,0.0017516775988042355,0.019254581816494462,normal
2014-06-05,0.0033785360865294933,0.019254581816494462,normal
2014-06-06,0.0037683516275137663,0.019254581816494462,normal
2014-06-09,0.0034526437520980835,0.019254581816494462,normal
2014-06-10,0.005675684195011854,0.019254581816494462,normal
2014-06-11,0.004159353673458099,0.019254581816494462,normal
2014-06-12,0.0029426857363432646,0.019254581816494462,normal
2014-06-13,0.002090039197355509,0.019254581816494462,normal
2014-06-16,0.0017761429771780968,0.019254581816494462,normal
2014-06-17,0.003376186825335026,0.019254581816494462,normal
2014-06-18,0.007743861060589552,0.019254581816494462,normal
2014-06-19,0.00761627871543169,0.019254581816494462,normal
2014-06-20,0.003945332486182451,0.019254581816494462,normal
2014-06-23,0.003796907374635339,0.019254581816494462,normal
2014-06-24,0.0034825513139367104,0.019254581816494462,normal
2014-06-25,0.0024820761755108833,0.019254581816494462,normal
2014-06-26,0.0037896125577390194,0.019254581816494462,normal
2014-06-27,0.0027515655383467674,0.019254581816494462,normal
2014-06-30,0.0030071258079260588,0.019254581816494462,normal
2014-07-01,0.003939432092010975,0.019254581816494462,normal
2014-07-02,0.010323097929358482,0.019254581816494462,normal
2014-07-03,0.0063991062343120575,0.019254581816494462,normal
2014-07-07,0.002573789795860648,0.019254581816494462,normal
2014-07-08,0.002275710692629218,0.019254581816494462,normal
2014-07-09,0.004418361932039261,0.019254581816494462,normal
2014-07-10,0.003352270694449544,0.019254581816494462,normal
2014-07-11,0.0029545119032263756,0.019254581816494462,normal
2014-07-14,0.0026161472778767347,0.019254581816494462,normal
2014-07-15,0.006319731939584017,0.019254581816494462,normal
2014-07-16,0.0041080438531935215,0.019254581816494462,normal
2014-07-17,0.004000665619969368,0.019254581816494462,normal
2014-07-18,0.004834516439586878,0.019254581816494462,normal
2014-07-21,0.0021065117325633764,0.019254581816494462,normal
2014-07-22,0.002267012372612953,0.019254581816494462,normal
2014-07-23,0.003194949822500348,0.019254581816494462,normal
2014-07-24,0.00310882437042892,0.019254581816494462,normal
2014-07-25,0.002435925416648388,0.019254581816494462,normal
2014-07-28,0.004581295419484377,0.019254581816494462,normal
2014-07-29,0.004569042939692736,0.019254581816494462,normal
2014-07-30,0.006883916445076466,0.019254581816494462,normal
2014-07-31,0.011847215704619884,0.019254581816494462,normal
2014-08-01,0.008301476947963238,0.019254581816494462,normal
2014-08-04,0.004853180143982172,0.019254581816494462,normal
2014-08-05,0.013056168332695961,0.019254581816494462,normal
2014-08-06,0.011678689159452915,0.019254581816494462,normal
2014-08-07,0.02343364618718624,0.019254581816494462,abnormal
2014-08-08,0.024183059111237526,0.019254581816494462,abnormal
2014-08-11,0.03517746180295944,0.019254581816494462,abnormal
2014-08-12,0.035528264939785004,0.019254581816494462,abnormal
2014-08-13,0.034399863332509995,0.019254581816494462,abnormal
2014-08-14,0.03139140084385872,0.019254581816494462,abnormal
2014-08-15,0.03324109688401222,0.019254581816494462,abnormal
2014-08-18,0.019901806488633156,0.019254581816494462,abnormal
2014-08-19,0.01525855902582407,0.019254581816494462,normal
2014-08-20,0.005670203827321529,0.019254581816494462,normal
2014-08-21,0.0048179361037909985,0.019254581816494462,normal
2014-08-22,0.005208501126617193,0.019254581816494462,normal
2014-08-25,0.00633734418079257,0.019254581816494462,normal
2014-08-26,0.008012890815734863,0.019254581816494462,normal
2014-08-27,0.01016339659690857,0.019254581816494462,normal
2014-08-28,0.0038636440876871347,0.019254581816494462,normal
2014-08-29,0.0023920414969325066,0.019254581816494462,normal
2014-09-02,0.002801918424665928,0.019254581816494462,normal
2014-09-03,0.004220831207931042,0.019254581816494462,normal
2014-09-04,0.004272229969501495,0.019254581816494462,normal
2014-09-05,0.01613023690879345,0.019254581816494462,normal
2014-09-08,0.0029001887887716293,0.019254581816494462,normal
2014-09-09,0.0017927950248122215,0.019254581816494462,normal
2014-09-10,0.0023278139997273684,0.019254581816494462,normal
2014-09-11,0.0019070591079071164,0.019254581816494462,normal
2014-09-12,0.00803795550018549,0.019254581816494462,normal
2014-09-15,0.0027570726815611124,0.019254581816494462,normal
2014-09-16,0.006346581969410181,0.019254581816494462,normal
2014-09-17,0.013020608574151993,0.019254581816494462,normal
2014-09-18,0.005946696735918522,0.019254581816494462,normal
2014-09-19,0.004959894809871912,0.019254581816494462,normal
2014-09-22,0.003874001791700721,0.019254581816494462,normal
2014-09-23,0.004888683557510376,0.019254581816494462,normal
2014-09-24,0.0036799609661102295,0.019254581816494462,normal
2014-09-25,0.013673913665115833,0.019254581816494462,normal
2014-09-26,0.0037489200476557016,0.019254581816494462,normal
2014-09-29,0.0028829362709075212,0.019254581816494462,normal
2014-09-30,0.007267915643751621,0.019254581816494462,normal
2014-10-01,0.012009442783892155,0.019254581816494462,normal
2014-10-02,0.008930015377700329,0.019254581816494462,normal
2014-10-03,0.008292482234537601,0.019254581816494462,normal
2014-10-06,0.016502613201737404,0.019254581816494462,normal
2014-10-07,0.016490615904331207,0.019254581816494462,normal
2014-10-08,0.021854456514120102,0.019254581816494462,abnormal
2014-10-09,0.008165459148585796,0.019254581816494462,normal
2014-10-10,0.007914237678050995,0.019254581816494462,normal
2014-10-13,0.01839851588010788,0.019254581816494462,normal
2014-10-14,0.023157909512519836,0.019254581816494462,abnormal
2014-10-15,0.09271817654371262,0.019254581816494462,abnormal
2014-10-16,0.05331896245479584,0.019254581816494462,abnormal
2014-10-17,0.035776760429143906,0.019254581816494462,abnormal
2014-10-20,0.0467790812253952,0.019254581816494462,abnormal
2014-10-21,0.043841652572155,0.019254581816494462,abnormal
2014-10-22,0.016249535605311394,0.019254581816494462,normal
2014-10-23,0.040598008781671524,0.019254581816494462,abnormal
2014-10-24,0.01799307018518448,0.019254581816494462,normal
2014-10-27,0.010078889317810535,0.019254581816494462,normal
2014-10-28,0.016976861283183098,0.019254581816494462,normal
2014-10-29,0.007669278886169195,0.019254581816494462,normal
2014-10-30,0.00635747704654932,0.019254581816494462,normal
2014-10-31,0.006887545343488455,0.019254581816494462,normal
2014-11-03,0.008502941578626633,0.019254581816494462,normal
2014-11-04,0.011009791865944862,0.019254581816494462,normal
2014-11-05,0.017186107113957405,0.019254581816494462,normal
2014-11-06,0.0123564712703228,0.019254581816494462,normal
2014-11-07,0.012651481665670872,0.019254581816494462,normal
2014-11-10,0.017521856352686882,0.019254581816494462,normal
2014-11-11,0.024309378117322922,0.019254581816494462,abnormal
2014-11-12,0.005930306389927864,0.019254581816494462,normal
2014-11-13,0.005364228971302509,0.019254581816494462,normal
2014-11-14,0.006270393263548613,0.019254581816494462,normal
2014-11-17,0.006435491610318422,0.019254581816494462,normal
2014-11-18,0.005041784606873989,0.019254581816494462,normal
2014-11-19,0.007116218563169241,0.019254581816494462,normal
2014-11-20,0.004582236986607313,0.019254581816494462,normal
2014-11-21,0.008859945461153984,0.019254581816494462,normal
2014-11-24,0.013658254407346249,0.019254581816494462,normal
2014-11-25,0.009906403720378876,0.019254581816494462,normal
2014-11-26,0.011066821403801441,0.019254581816494462,normal
2014-11-28,0.007816391997039318,0.019254581816494462,normal
2014-12-01,0.0032710572704672813,0.019254581816494462,normal
2014-12-02,0.002841182053089142,0.019254581816494462,normal
2014-12-03,0.004076785407960415,0.019254581816494462,normal
2014-12-04,0.006214161869138479,0.019254581816494462,normal
2014-12-05,0.0047309729270637035,0.019254581816494462,normal
2014-12-08,0.004282995592802763,0.019254581816494462,normal
2014-12-09,0.0042766486294567585,0.019254581816494462,normal
2014-12-10,0.0021563773043453693,0.019254581816494462,normal
2014-12-11,0.007381487637758255,0.019254581816494462,normal
2014-12-12,0.009962908923625946,0.019254581816494462,normal
2014-12-15,0.008753317408263683,0.019254581816494462,normal
2014-12-16,0.027744745835661888,0.019254581816494462,abnormal
2014-12-17,0.029050949960947037,0.019254581816494462,abnormal
2014-12-18,0.041426658630371094,0.019254581816494462,abnormal
2014-12-19,0.041551802307367325,0.019254581816494462,abnormal
2014-12-22,0.014714904129505157,0.019254581816494462,normal
2014-12-23,0.035249318927526474,0.019254581816494462,abnormal
2014-12-24,0.0329134538769722,0.019254581816494462,abnormal
2014-12-26,0.009109322912991047,0.019254581816494462,normal
2014-12-29,0.004074041731655598,0.019254581816494462,normal
2014-12-30,0.008472580462694168,0.019254581816494462,normal
2014-12-31,0.005044272169470787,0.019254581816494462,normal
2015-01-02,0.004898107144981623,0.019254581816494462,normal
2015-01-05,0.013698719441890717,0.019254581816494462,normal
2015-01-06,0.024489812552928925,0.019254581816494462,abnormal
2015-01-07,0.02262568101286888,0.019254581816494462,abnormal
2015-01-08,0.014018048532307148,0.019254581816494462,normal
2015-01-09,0.031338825821876526,0.019254581816494462,abnormal
2015-01-12,0.02145678550004959,0.019254581816494462,abnormal
2015-01-13,0.03555292263627052,0.019254581816494462,abnormal
2015-01-14,0.01771622709929943,0.019254581816494462,normal
2015-01-15,0.022840892896056175,0.019254581816494462,abnormal
2015-01-16,0.014411518350243568,0.019254581816494462,normal
2015-01-20,0.019280843436717987,0.019254581816494462,abnormal
2015-01-21,0.017443671822547913,0.019254581816494462,normal
2015-01-22,0.019366590306162834,0.019254581816494462,abnormal
2015-01-23,0.008648681454360485,0.019254581816494462,normal
2015-01-26,0.005501705687493086,0.019254581816494462,normal
2015-01-27,0.0060297343879938126,0.019254581816494462,normal
2015-01-28,0.013196051120758057,0.019254581816494462,normal
2015-01-29,0.009503047913312912,0.019254581816494462,normal
2015-01-30,0.009306924417614937,0.019254581816494462,normal
2015-02-02,0.004272428806871176,0.019254581816494462,normal
2015-02-03,0.007898679934442043,0.019254581816494462,normal
2015-02-04,0.010230990126729012,0.019254581816494462,normal
2015-02-05,0.007049109786748886,0.019254581816494462,normal
2015-02-06,0.008895741775631905,0.019254581816494462,normal
2015-02-09,0.007876732386648655,0.019254581816494462,normal
2015-02-10,0.004629503935575485,0.019254581816494462,normal
2015-02-11,0.0031238822266459465,0.019254581816494462,normal
2015-02-12,0.0059791794046759605,0.019254581816494462,normal
2015-02-13,0.005445361603051424,0.019254581816494462,normal
2015-02-17,0.0046998001635074615,0.019254581816494462,normal
2015-02-18,0.0029484350234270096,0.019254581816494462,normal
2015-02-19,0.0044940137304365635,0.019254581816494462,normal
2015-02-20,0.0018790364265441895,0.019254581816494462,normal
2015-02-23,0.0038849804550409317,0.019254581816494462,normal
2015-02-24,0.006044303998351097,0.019254581816494462,normal
2015-02-25,0.002681401325389743,0.019254581816494462,normal
2015-02-26,0.00309791904874146,0.019254581816494462,normal
2015-02-27,0.002226953161880374,0.019254581816494462,normal
2015-03-02,0.009132455103099346,0.019254581816494462,normal
2015-03-03,0.005342746619135141,0.019254581816494462,normal
2015-03-04,0.002352795097976923,0.019254581816494462,normal
2015-03-05,0.0018739375518634915,0.019254581816494462,normal
2015-03-06,0.006290024612098932,0.019254581816494462,normal
2015-03-09,0.00258704018779099,0.019254581816494462,normal
2015-03-10,0.0050506433472037315,0.019254581816494462,normal
2015-03-11,0.009501657448709011,0.019254581816494462,normal
2015-03-12,0.007392692379653454,0.019254581816494462,normal
2015-03-13,0.021178655326366425,0.019254581816494462,abnormal
2015-03-16,0.02216952294111252,0.019254581816494462,abnormal
2015-03-17,0.020675737410783768,0.019254581816494462,abnormal
2015-03-18,0.04363388568162918,0.019254581816494462,abnormal
2015-03-19,0.010429476387798786,0.019254581816494462,normal
2015-03-20,0.017528463155031204,0.019254581816494462,normal
2015-03-23,0.0082454364746809,0.019254581816494462,normal
2015-03-24,0.010256997309625149,0.019254581816494462,normal
2015-03-25,0.006722704041749239,0.019254581816494462,normal
2015-03-26,0.007853120565414429,0.019254581816494462,normal
2015-03-27,0.006473453715443611,0.019254581816494462,normal
2015-03-30,0.007198618724942207,0.019254581816494462,normal
2015-03-31,0.01470623817294836,0.019254581816494462,normal
2015-04-01,0.0086195794865489,0.019254581816494462,normal
2015-04-02,0.016751285642385483,0.019254581816494462,normal
2015-04-06,0.009436525404453278,0.019254581816494462,normal
2015-04-07,0.01091552060097456,0.019254581816494462,normal
2015-04-08,0.009805627167224884,0.019254581816494462,normal
2015-04-09,0.00831083208322525,0.019254581816494462,normal
2015-04-10,0.008358283899724483,0.019254581816494462,normal
2015-04-13,0.004702569916844368,0.019254581816494462,normal
2015-04-14,0.0046637640334665775,0.019254581816494462,normal
2015-04-15,0.0032204356975853443,0.019254581816494462,normal
2015-04-16,0.0024470542557537556,0.019254581816494462,normal
2015-04-17,0.008364987559616566,0.019254581816494462,normal
2015-04-20,0.008144673891365528,0.019254581816494462,normal
2015-04-21,0.0019726241007447243,0.019254581816494462,normal
2015-04-22,0.0019645795691758394,0.019254581816494462,normal
2015-04-23,0.0035469566937536,0.019254581816494462,normal
2015-04-24,0.0029700039885938168,0.019254581816494462,normal
2015-04-27,0.0020509385503828526,0.019254581816494462,normal
2015-04-28,0.0014538493705913424,0.019254581816494462,normal
2015-04-29,0.0021036516409367323,0.019254581816494462,normal
2015-04-30,0.0037992876023054123,0.019254581816494462,normal
2015-05-01,0.002666057785972953,0.019254581816494462,normal
2015-05-04,0.0011610559886321425,0.019254581816494462,normal
2015-05-05,0.005803284235298634,0.019254581816494462,normal
2015-05-06,0.005159462336450815,0.019254581816494462,normal
2015-05-07,0.011446786113083363,0.019254581816494462,normal
2015-05-08,0.008763260208070278,0.019254581816494462,normal
2015-05-11,0.009727973490953445,0.019254581816494462,normal
2015-05-12,0.0038288661744445562,0.019254581816494462,normal
2015-05-13,0.005017965566366911,0.019254581816494462,normal
2015-05-14,0.005832595285028219,0.019254581816494462,normal
2015-05-15,0.006084575783461332,0.019254581816494462,normal
2015-05-18,0.002705724211409688,0.019254581816494462,normal
2015-05-19,0.0016332087107002735,0.019254581816494462,normal
2015-05-20,0.003620235249400139,0.019254581816494462,normal
2015-05-21,0.0024308194406330585,0.019254581816494462,normal
2015-05-22,0.0030637537129223347,0.019254581816494462,normal
2015-05-26,0.004122310783714056,0.019254581816494462,normal
2015-05-27,0.004828610923141241,0.019254581816494462,normal
2015-05-28,0.0028047594241797924,0.019254581816494462,normal
2015-05-29,0.006297748535871506,0.019254581816494462,normal
2015-06-01,0.002776492154225707,0.019254581816494462,normal
2015-06-02,0.005648412276059389,0.019254581816494462,normal
2015-06-03,0.004914139397442341,0.019254581816494462,normal
2015-06-04,0.00946178287267685,0.019254581816494462,normal
2015-06-05,0.004612714983522892,0.019254581816494462,normal
2015-06-08,0.005780460312962532,0.019254581816494462,normal
2015-06-09,0.004940135404467583,0.019254581816494462,normal
2015-06-10,0.013321338221430779,0.019254581816494462,normal
2015-06-11,0.013324136845767498,0.019254581816494462,normal
2015-06-12,0.014673339203000069,0.019254581816494462,normal
2015-06-15,0.007213476113975048,0.019254581816494462,normal
2015-06-16,0.016376597806811333,0.019254581816494462,normal
2015-06-17,0.01037503033876419,0.019254581816494462,normal
2015-06-18,0.01615692675113678,0.019254581816494462,normal
2015-06-19,0.009995130822062492,0.019254581816494462,normal
2015-06-22,0.009324624203145504,0.019254581816494462,normal
2015-06-23,0.003973571117967367,0.019254581816494462,normal
2015-06-24,0.003502332139760256,0.019254581816494462,normal
2015-06-25,0.003433320904150605,0.019254581816494462,normal
2015-06-26,0.004054547753185034,0.019254581816494462,normal
2015-06-29,0.010786421597003937,0.019254581816494462,normal
2015-06-30,0.00513711292296648,0.019254581816494462,normal
2015-07-01,0.006366819143295288,0.019254581816494462,normal
2015-07-02,0.008287749253213406,0.019254581816494462,normal
2015-07-06,0.012800014577805996,0.019254581816494462,normal
2015-07-07,0.02626252919435501,0.019254581816494462,abnormal
2015-07-08,0.007676067762076855,0.019254581816494462,normal
2015-07-09,0.014753319323062897,0.019254581816494462,normal
2015-07-10,0.012057775631546974,0.019254581816494462,normal
2015-07-13,0.015599031932651997,0.019254581816494462,normal
2015-07-14,0.02151247300207615,0.019254581816494462,abnormal
2015-07-15,0.014776818454265594,0.019254581816494462,normal
2015-07-16,0.018929854035377502,0.019254581816494462,normal
2015-07-17,0.007583166006952524,0.019254581816494462,normal
2015-07-20,0.004063282161951065,0.019254581816494462,normal
2015-07-21,0.003311845939606428,0.019254581816494462,normal
2015-07-22,0.007585873361676931,0.019254581816494462,normal
2015-07-23,0.004806223325431347,0.019254581816494462,normal
2015-07-24,0.0033576730638742447,0.019254581816494462,normal
2015-07-27,0.004724719095975161,0.019254581816494462,normal
2015-07-28,0.009856057353317738,0.019254581816494462,normal
2015-07-29,0.007603239268064499,0.019254581816494462,normal
2015-07-30,0.011524882167577744,0.019254581816494462,normal
2015-07-31,0.012247367762029171,0.019254581816494462,normal
2015-08-03,0.017276262864470482,0.019254581816494462,normal
2015-08-04,0.009003259241580963,0.019254581816494462,normal
2015-08-05,0.005841149017214775,0.019254581816494462,normal
2015-08-06,0.007350075989961624,0.019254581816494462,normal
2015-08-07,0.004961916711181402,0.019254581816494462,normal
2015-08-10,0.008818574249744415,0.019254581816494462,normal
2015-08-11,0.008514665067195892,0.019254581816494462,normal
2015-08-12,0.01158762164413929,0.019254581816494462,normal
2015-08-13,0.004551294259727001,0.019254581816494462,normal
2015-08-14,0.0077790021896362305,0.019254581816494462,normal
2015-08-17,0.005217703524976969,0.019254581816494462,normal
2015-08-18,0.003723244881257415,0.019254581816494462,normal
2015-08-19,0.00889100693166256,0.019254581816494462,normal
2015-08-20,0.004756852053105831,0.019254581816494462,normal
2015-08-21,0.03169722855091095,0.019254581816494462,abnormal
2015-08-24,0.18407532572746277,0.019254581816494462,abnormal
2015-08-25,0.22167225182056427,0.019254581816494462,abnormal
2015-08-26,0.1078711673617363,0.019254581816494462,abnormal
2015-08-27,0.1053929254412651,0.019254581816494462,abnormal
2015-08-28,0.11393178254365921,0.019254581816494462,abnormal
2015-08-31,0.14012455940246582,0.019254581816494462,abnormal
2015-09-01,0.16672742366790771,0.019254581816494462,abnormal
2015-09-02,0.151811882853508,0.019254581816494462,abnormal
2015-09-03,0.06338435411453247,0.019254581816494462,abnormal
2015-09-04,0.08748066425323486,0.019254581816494462,abnormal
2015-09-08,0.07626999169588089,0.019254581816494462,abnormal
2015-09-09,0.051953040063381195,0.019254581816494462,abnormal
2015-09-10,0.03252203017473221,0.019254581816494462,abnormal
2015-09-11,0.02837839163839817,0.019254581816494462,abnormal
2015-09-14,0.0620153583586216,0.019254581816494462,abnormal
2015-09-15,0.041626524180173874,0.019254581816494462,abnormal
2015-09-16,0.05779889225959778,0.019254581816494462,abnormal
2015-09-17,0.056387655436992645,0.019254581816494462,abnormal
2015-09-18,0.03262556344270706,0.019254581816494462,abnormal
2015-09-21,0.08252287656068802,0.019254581816494462,abnormal
2015-09-22,0.04236716032028198,0.019254581816494462,abnormal
2015-09-23,0.08080209791660309,0.019254581816494462,abnormal
2015-09-24,0.020234065130352974,0.019254581816494462,abnormal
2015-09-25,0.013099056668579578,0.019254581816494462,normal
2015-09-28,0.02858964167535305,0.019254581816494462,abnormal
2015-09-29,0.022917525842785835,0.019254581816494462,abnormal
2015-09-30,0.016901319846510887,0.019254581816494462,normal
2015-10-01,0.01480347104370594,0.019254581816494462,normal
2015-10-02,0.024022921919822693,0.019254581816494462,abnormal
2015-10-05,0.0650782436132431,0.019254581816494462,abnormal
2015-10-06,0.0314025804400444,0.019254581816494462,abnormal
2015-10-07,0.026799431070685387,0.019254581816494462,abnormal
2015-10-08,0.027323836460709572,0.019254581816494462,abnormal
2015-10-09,0.013946986757218838,0.019254581816494462,normal
2015-10-12,0.008536405861377716,0.019254581816494462,normal
2015-10-13,0.008822365663945675,0.019254581816494462,normal
2015-10-14,0.011852598749101162,0.019254581816494462,normal
2015-10-15,0.01584911160171032,0.019254581816494462,normal
2015-10-16,0.0071113756857812405,0.019254581816494462,normal
2015-10-19,0.01142464391887188,0.019254581816494462,normal
2015-10-20,0.012184643186628819,0.019254581816494462,normal
2015-10-21,0.019292013719677925,0.019254581816494462,abnormal
2015-10-22,0.021384358406066895,0.019254581816494462,abnormal
2015-10-23,0.019694581627845764,0.019254581816494462,abnormal
2015-10-26,0.020667176693677902,0.019254581816494462,abnormal
2015-10-27,0.011318203061819077,0.019254581816494462,normal
2015-10-28,0.021050652489066124,0.019254581816494462,abnormal
2015-10-29,0.004569383803755045,0.019254581816494462,normal
2015-10-30,0.006999962497502565,0.019254581816494462,normal
2015-11-02,0.007763142231851816,0.019254581816494462,normal
2015-11-03,0.002094167983159423,0.019254581816494462,normal
2015-11-04,0.004585022572427988,0.019254581816494462,normal
2015-11-05,0.003349446225911379,0.019254581816494462,normal
2015-11-06,0.006115127820521593,0.019254581816494462,normal
2015-11-09,0.0032714796252548695,0.019254581816494462,normal
2015-11-10,0.005224939435720444,0.019254581816494462,normal
2015-11-11,0.0050679706037044525,0.019254581816494462,normal
2015-11-12,0.004692250397056341,0.019254581816494462,normal
2015-11-13,0.008142126724123955,0.019254581816494462,normal
2015-11-16,0.0165447685867548,0.019254581816494462,normal
2015-11-17,0.011943506076931953,0.019254581816494462,normal
2015-11-18,0.018361400812864304,0.019254581816494462,normal
2015-11-19,0.017939060926437378,0.019254581816494462,normal
2015-11-20,0.022907627746462822,0.019254581816494462,abnormal
2015-11-23,0.012626460753381252,0.019254581816494462,normal
2015-11-24,0.011544700711965561,0.019254581816494462,normal
2015-11-25,0.007912395521998405,0.019254581816494462,normal
2015-11-27,0.010530318133533001,0.019254581816494462,normal
2015-11-30,0.004651046823710203,0.019254581816494462,normal
2015-12-01,0.004841167014092207,0.019254581816494462,normal
2015-12-02,0.003980590030550957,0.019254581816494462,normal
2015-12-03,0.0073323058895766735,0.019254581816494462,normal
2015-12-04,0.04591507837176323,0.019254581816494462,abnormal
2015-12-07,0.004149917513132095,0.019254581816494462,normal
2015-12-08,0.007007754873484373,0.019254581816494462,normal
2015-12-09,0.008416389115154743,0.019254581816494462,normal
2015-12-10,0.021540550515055656,0.019254581816494462,abnormal
2015-12-11,0.02103891782462597,0.019254581816494462,abnormal
2015-12-14,0.017747925594449043,0.019254581816494462,normal
2015-12-15,0.013235010206699371,0.019254581816494462,normal
2015-12-16,0.01705983653664589,0.019254581816494462,normal
2015-12-17,0.023851068690419197,0.019254581816494462,abnormal
2015-12-18,0.016954751685261726,0.019254581816494462,normal
2015-12-21,0.05685333535075188,0.019254581816494462,abnormal
2015-12-22,0.012949277646839619,0.019254581816494462,normal
2015-12-23,0.016551798209547997,0.019254581816494462,normal
2015-12-24,0.027037154883146286,0.019254581816494462,abnormal
2015-12-28,0.024123769253492355,0.019254581816494462,abnormal
2015-12-29,0.020608095452189445,0.019254581816494462,abnormal
2015-12-30,0.011593985371291637,0.019254581816494462,normal
2015-12-31,0.0058489274233579636,0.019254581816494462,normal
2016-01-04,0.011758514679968357,0.019254581816494462,normal
2016-01-05,0.01568278856575489,0.019254581816494462,normal
2016-01-06,0.01707330532371998,0.019254581816494462,normal
2016-01-07,0.03220084682106972,0.019254581816494462,abnormal
2016-01-08,0.040864426642656326,0.019254581816494462,abnormal
2016-01-11,0.036722131073474884,0.019254581816494462,abnormal
2016-01-12,0.04591511934995651,0.019254581816494462,abnormal
2016-01-13,0.11650209128856659,0.019254581816494462,abnormal
2016-01-14,0.06959608942270279,0.019254581816494462,abnormal
2016-01-15,0.08505681902170181,0.019254581816494462,abnormal
2016-01-19,0.06986653059720993,0.019254581816494462,abnormal
2016-01-20,0.15617497265338898,0.019254581816494462,abnormal
2016-01-21,0.11940469592809677,0.019254581816494462,abnormal
2016-01-22,0.09302221983671188,0.019254581816494462,abnormal
2016-01-25,0.12329812347888947,0.019254581816494462,abnormal
2016-01-26,0.07731015235185623,0.019254581816494462,abnormal
2016-01-27,0.06716328859329224,0.019254581816494462,abnormal
2016-01-28,0.057426709681749344,0.019254581816494462,abnormal
2016-01-29,0.03406180068850517,0.019254581816494462,abnormal
2016-02-01,0.015254054218530655,0.019254581816494462,normal
2016-02-02,0.019470201805233955,0.019254581816494462,abnormal
2016-02-03,0.039715588092803955,0.019254581816494462,abnormal
2016-02-04,0.03455101698637009,0.019254581816494462,abnormal
2016-02-05,0.02871617302298546,0.019254581816494462,abnormal
2016-02-08,0.02682138979434967,0.019254581816494462,abnormal
2016-02-09,0.02045215107500553,0.019254581816494462,abnormal
2016-02-10,0.012388164177536964,0.019254581816494462,normal
2016-02-11,0.043759316205978394,0.019254581816494462,abnormal
2016-02-12,0.01909918151795864,0.019254581816494462,normal
2016-02-16,0.0232132188975811,0.019254581816494462,abnormal
2016-02-17,0.0338946171104908,0.019254581816494462,abnormal
2016-02-18,0.039267413318157196,0.019254581816494462,abnormal
2016-02-19,0.05497422069311142,0.019254581816494462,abnormal
2016-02-22,0.038716498762369156,0.019254581816494462,abnormal
2016-02-23,0.019107941538095474,0.019254581816494462,normal
2016-02-24,0.00990535318851471,0.019254581816494462,normal
2016-02-25,0.011946079321205616,0.019254581816494462,normal
2016-02-26,0.009889916516840458,0.019254581816494462,normal
2016-02-29,0.008363485336303711,0.019254581816494462,normal
2016-03-01,0.022301172837615013,0.019254581816494462,abnormal
2016-03-02,0.012477264739573002,0.019254581816494462,normal
2016-03-03,0.011236410588026047,0.019254581816494462,normal
2016-03-04,0.009324872866272926,0.019254581816494462,normal
2016-03-07,0.020441308617591858,0.019254581816494462,abnormal
2016-03-08,0.01642214134335518,0.019254581816494462,normal
2016-03-09,0.008229244500398636,0.019254581816494462,normal
2016-03-10,0.0028909200336784124,0.019254581816494462,normal
2016-03-11,0.009381057694554329,0.019254581816494462,normal
2016-03-14,0.019745633006095886,0.019254581816494462,abnormal
2016-03-15,0.00597338704392314,0.019254581816494462,normal
2016-03-16,0.0059644063003361225,0.019254581816494462,normal
2016-03-17,0.00533263897523284,0.019254581816494462,normal
2016-03-18,0.006903445348143578,0.019254581816494462,normal
2016-03-21,0.0038671717047691345,0.019254581816494462,normal
2016-03-22,0.0023276349529623985,0.019254581816494462,normal
2016-03-23,0.002695313887670636,0.019254581816494462,normal
2016-03-24,0.0030552002135664225,0.019254581816494462,normal
2016-03-28,0.002708927495405078,0.019254581816494462,normal
2016-03-29,0.017825204879045486,0.019254581816494462,normal
2016-03-30,0.011662410572171211,0.019254581816494462,normal
2016-03-31,0.0073552061803638935,0.019254581816494462,normal
2016-04-01,0.003392878919839859,0.019254581816494462,normal
2016-04-04,0.0026604144368320704,0.019254581816494462,normal
2016-04-05,0.0023652317468076944,0.019254581816494462,normal
2016-04-06,0.0037361278664320707,0.019254581816494462,normal
2016-04-07,0.003980447072535753,0.019254581816494462,normal
2016-04-08,0.005489737261086702,0.019254581816494462,normal
2016-04-11,0.002966879867017269,0.019254581816494462,normal
2016-04-12,0.004160627722740173,0.019254581816494462,normal
2016-04-13,0.010390431620180607,0.019254581816494462,normal
2016-04-14,0.005687776021659374,0.019254581816494462,normal
2016-04-15,0.0022662626579403877,0.019254581816494462,normal
2016-04-18,0.004481862764805555,0.019254581816494462,normal
2016-04-19,0.00185305904597044,0.019254581816494462,normal
2016-04-20,0.0038223550654947758,0.019254581816494462,normal
2016-04-21,0.0026103344280272722,0.019254581816494462,normal
2016-04-22,0.0030876684468239546,0.019254581816494462,normal
2016-04-25,0.006093590520322323,0.019254581816494462,normal
2016-04-26,0.0025476787704974413,0.019254581816494462,normal
2016-04-27,0.010290741920471191,0.019254581816494462,normal
2016-04-28,0.007006804924458265,0.019254581816494462,normal
2016-04-29,0.008644288405776024,0.019254581816494462,normal
2016-05-02,0.00750054931268096,0.019254581816494462,normal
2016-05-03,0.005011702422052622,0.019254581816494462,normal
2016-05-04,0.005455252714455128,0.019254581816494462,normal
2016-05-05,0.009196954779326916,0.019254581816494462,normal
2016-05-06,0.008182602003216743,0.019254581816494462,normal
2016-05-09,0.011004188098013401,0.019254581816494462,normal
2016-05-10,0.014969345182180405,0.019254581816494462,normal
2016-05-11,0.011613071896135807,0.019254581816494462,normal
2016-05-12,0.008713371120393276,0.019254581816494462,normal
2016-05-13,0.005956054665148258,0.019254581816494462,normal
2016-05-16,0.013554000295698643,0.019254581816494462,normal
2016-05-17,0.018226444721221924,0.019254581816494462,normal
2016-05-18,0.00878737773746252,0.019254581816494462,normal
2016-05-19,0.008540663868188858,0.019254581816494462,normal
2016-05-20,0.005635473877191544,0.019254581816494462,normal
2016-05-23,0.009022556245326996,0.019254581816494462,normal
2016-05-24,0.005775321740657091,0.019254581816494462,normal
2016-05-25,0.005611706525087357,0.019254581816494462,normal
2016-05-26,0.003970739431679249,0.019254581816494462,normal
2016-05-27,0.0024412742350250483,0.019254581816494462,normal
2016-05-31,0.011371970176696777,0.019254581816494462,normal
2016-06-01,0.0029541042167693377,0.019254581816494462,normal
2016-06-02,0.0030435489024966955,0.019254581816494462,normal
2016-06-03,0.002299058949574828,0.019254581816494462,normal
2016-06-06,0.001871128915809095,0.019254581816494462,normal
2016-06-07,0.003088870318606496,0.019254581816494462,normal
2016-06-08,0.001778298756107688,0.019254581816494462,normal
2016-06-09,0.002810277044773102,0.019254581816494462,normal
2016-06-10,0.0023713423870503902,0.019254581816494462,normal
2016-06-13,0.004290377255529165,0.019254581816494462,normal
2016-06-14,0.0029813081491738558,0.019254581816494462,normal
2016-06-15,0.0034833326935768127,0.019254581816494462,normal
2016-06-16,0.013714879751205444,0.019254581816494462,normal
2016-06-17,0.010097193531692028,0.019254581816494462,normal
2016-06-20,0.007604281883686781,0.019254581816494462,normal
2016-06-21,0.008923077955842018,0.019254581816494462,normal
2016-06-22,0.008146614767611027,0.019254581816494462,normal
2016-06-23,0.011092868633568287,0.019254581816494462,normal
2016-06-24,0.0762588381767273,0.019254581816494462,abnormal
2016-06-27,0.02623884566128254,0.019254581816494462,abnormal
2016-06-28,0.03911076486110687,0.019254581816494462,abnormal
2016-06-29,0.011096841655671597,0.019254581816494462,normal
2016-06-30,0.049462225288152695,0.019254581816494462,abnormal
2016-07-01,0.021339666098356247,0.019254581816494462,abnormal
2016-07-05,0.03933291509747505,0.019254581816494462,abnormal
2016-07-06,0.032566916197538376,0.019254581816494462,abnormal
2016-07-07,0.006508777383714914,0.019254581816494462,normal
2016-07-08,0.008660986088216305,0.019254581816494462,normal
2016-07-11,0.012941863387823105,0.019254581816494462,normal
2016-07-12,0.009186593815684319,0.019254581816494462,normal
2016-07-13,0.00519504165276885,0.019254581816494462,normal
2016-07-14,0.009078025817871094,0.019254581816494462,normal
2016-07-15,0.007157301530241966,0.019254581816494462,normal
2016-07-18,0.020254041999578476,0.019254581816494462,abnormal
2016-07-19,0.02289488911628723,0.019254581816494462,abnormal
2016-07-20,0.020144332200288773,0.019254581816494462,abnormal
2016-07-21,0.02036515809595585,0.019254581816494462,abnormal
2016-07-22,0.021352628245949745,0.019254581816494462,abnormal
2016-07-25,0.015821177512407303,0.019254581816494462,normal
2016-07-26,0.01170644722878933,0.019254581816494462,normal
2016-07-27,0.009294762276113033,0.019254581816494462,normal
2016-07-28,0.0034719815012067556,0.019254581816494462,normal
2016-07-29,0.0027114928234368563,0.019254581816494462,normal
2016-08-01,0.00239740707911551,0.019254581816494462,normal
2016-08-02,0.002472365740686655,0.019254581816494462,normal
2016-08-03,0.0033050491474568844,0.019254581816494462,normal
2016-08-04,0.003984261304140091,0.019254581816494462,normal
2016-08-05,0.0044235107488930225,0.019254581816494462,normal
2016-08-08,0.0058679599314928055,0.019254581816494462,normal
2016-08-09,0.002604242181405425,0.019254581816494462,normal
2016-08-10,0.00298383180052042,0.019254581816494462,normal
2016-08-11,0.002861569868400693,0.019254581816494462,normal
2016-08-12,0.004695609677582979,0.019254581816494462,normal
2016-08-15,0.0029075287748128176,0.019254581816494462,normal
2016-08-16,0.0023874505423009396,0.019254581816494462,normal
2016-08-17,0.0022436711005866528,0.019254581816494462,normal
2016-08-18,0.0019120986107736826,0.019254581816494462,normal
2016-08-19,0.0023196276742964983,0.019254581816494462,normal
2016-08-22,0.007523056119680405,0.019254581816494462,normal
2016-08-23,0.005478377919644117,0.019254581816494462,normal
2016-08-24,0.004408541135489941,0.019254581816494462,normal
2016-08-25,0.0038537855725735426,0.019254581816494462,normal
2016-08-26,0.009842549450695515,0.019254581816494462,normal
2016-08-29,0.0031712574418634176,0.019254581816494462,normal
2016-08-30,0.006261054426431656,0.019254581816494462,normal
2016-08-31,0.0043486845679581165,0.019254581816494462,normal
2016-09-01,0.0052659218199551105,0.019254581816494462,normal
2016-09-02,0.003300601150840521,0.019254581816494462,normal
2016-09-06,0.005470228847116232,0.019254581816494462,normal
2016-09-07,0.005117529071867466,0.019254581816494462,normal
2016-09-08,0.0026118627283722162,0.019254581816494462,normal
2016-09-09,0.03953847661614418,0.019254581816494462,abnormal
2016-09-12,0.015840502455830574,0.019254581816494462,normal
2016-09-13,0.016421595588326454,0.019254581816494462,normal
2016-09-14,0.007927948608994484,0.019254581816494462,normal
2016-09-15,0.011698721908032894,0.019254581816494462,normal
2016-09-16,0.009391210041940212,0.019254581816494462,normal
2016-09-19,0.011007431894540787,0.019254581816494462,normal
2016-09-20,0.01611345261335373,0.019254581816494462,normal
2016-09-21,0.013029122725129128,0.019254581816494462,normal
2016-09-22,0.015152685344219208,0.019254581816494462,normal
2016-09-23,0.008752785623073578,0.019254581816494462,normal
2016-09-26,0.007526503875851631,0.019254581816494462,normal
2016-09-27,0.019712170585989952,0.019254581816494462,abnormal
2016-09-28,0.007233739364892244,0.019254581816494462,normal
2016-09-29,0.010698333382606506,0.019254581816494462,normal
2016-09-30,0.006078615318983793,0.019254581816494462,normal
2016-10-03,0.006406206637620926,0.019254581816494462,normal
2016-10-04,0.005436609033495188,0.019254581816494462,normal
2016-10-05,0.010709359310567379,0.019254581816494462,normal
2016-10-06,0.011460607871413231,0.019254581816494462,normal
2016-10-07,0.006974577903747559,0.019254581816494462,normal
2016-10-10,0.004203753545880318,0.019254581816494462,normal
2016-10-11,0.004356516990810633,0.019254581816494462,normal
2016-10-12,0.004447547718882561,0.019254581816494462,normal
2016-10-13,0.0026300211902707815,0.019254581816494462,normal
2016-10-14,0.002754281973466277,0.019254581816494462,normal
2016-10-17,0.00830406229943037,0.019254581816494462,normal
2016-10-18,0.008596491999924183,0.019254581816494462,normal
2016-10-19,0.008190682157874107,0.019254581816494462,normal
2016-10-20,0.01149620022624731,0.019254581816494462,normal
2016-10-21,0.0074262917041778564,0.019254581816494462,normal
2016-10-24,0.0075786360539495945,0.019254581816494462,normal
2016-10-25,0.006569955963641405,0.019254581816494462,normal
2016-10-26,0.008423412218689919,0.019254581816494462,normal
2016-10-27,0.004744012840092182,0.019254581816494462,normal
2016-10-28,0.02103339694440365,0.019254581816494462,abnormal
2016-10-31,0.0056169000454247,0.019254581816494462,normal
2016-11-01,0.014562485739588737,0.019254581816494462,normal
2016-11-02,0.012347972020506859,0.019254581816494462,normal
2016-11-03,0.016241904348134995,0.019254581816494462,normal
2016-11-04,0.021101441234350204,0.019254581816494462,abnormal
2016-11-07,0.015935949981212616,0.019254581816494462,normal
2016-11-08,0.02312272973358631,0.019254581816494462,abnormal
2016-11-09,0.12087000161409378,0.019254581816494462,abnormal
2016-11-10,0.02950100600719452,0.019254581816494462,abnormal
2016-11-11,0.01864023506641388,0.019254581816494462,normal
2016-11-14,0.0065499525517225266,0.019254581816494462,normal
2016-11-15,0.008561385795474052,0.019254581816494462,normal
2016-11-16,0.007556941360235214,0.019254581816494462,normal
2016-11-17,0.006625700742006302,0.019254581816494462,normal
2016-11-18,0.004827534779906273,0.019254581816494462,normal
2016-11-21,0.007203060667961836,0.019254581816494462,normal
2016-11-22,0.004206248093396425,0.019254581816494462,normal
2016-11-23,0.004834732040762901,0.019254581816494462,normal
2016-11-25,0.011195780709385872,0.019254581816494462,normal
2016-11-28,0.003769021248444915,0.019254581816494462,normal
2016-11-29,0.002473970642313361,0.019254581816494462,normal
2016-11-30,0.00434073805809021,0.019254581816494462,normal
2016-12-01,0.0045459638349711895,0.019254581816494462,normal
2016-12-02,0.004863344598561525,0.019254581816494462,normal
2016-12-05,0.00822496134787798,0.019254581816494462,normal
2016-12-06,0.0038876032922416925,0.019254581816494462,normal
2016-12-07,0.009669643826782703,0.019254581816494462,normal
2016-12-08,0.009720881469547749,0.019254581816494462,normal
2016-12-09,0.0071798572316765785,0.019254581816494462,normal
2016-12-12,0.00534931430593133,0.019254581816494462,normal
2016-12-13,0.011031963862478733,0.019254581816494462,normal
2016-12-14,0.0120554743334651,0.019254581816494462,normal
2016-12-15,0.006059180945158005,0.019254581816494462,normal
2016-12-16,0.006334300152957439,0.019254581816494462,normal
2016-12-19,0.003062424948439002,0.019254581816494462,normal
2016-12-20,0.0032585742883384228,0.019254581816494462,normal
2016-12-21,0.0019316204125061631,0.019254581816494462,normal
2016-12-22,0.001983008114621043,0.019254581816494462,normal
2016-12-23,0.006097542122006416,0.019254581816494462,normal
2016-12-27,0.0033454177901148796,0.019254581816494462,normal
2016-12-28,0.0066445148549973965,0.019254581816494462,normal
2016-12-29,0.006237047258764505,0.019254581816494462,normal
2016-12-30,0.00544006610289216,0.019254581816494462,normal
2017-01-03,0.004848146811127663,0.019254581816494462,normal
2017-01-04,0.00875733233988285,0.019254581816494462,normal
2017-01-05,0.008955373428761959,0.019254581816494462,normal
2017-01-06,0.005621232092380524,0.019254581816494462,normal
2017-01-09,0.008311303332448006,0.019254581816494462,normal
2017-01-10,0.004596496466547251,0.019254581816494462,normal
2017-01-11,0.0044496506452560425,0.019254581816494462,normal
2017-01-12,0.002971972804516554,0.019254581816494462,normal
2017-01-13,0.003733605146408081,0.019254581816494462,normal
2017-01-17,0.0021273933816701174,0.019254581816494462,normal
2017-01-18,0.002278269035741687,0.019254581816494462,normal
2017-01-19,0.00573750352486968,0.019254581816494462,normal
2017-01-20,0.009659581817686558,0.019254581816494462,normal
2017-01-23,0.007940815761685371,0.019254581816494462,normal
2017-01-24,0.0032633920200169086,0.019254581816494462,normal
2017-01-25,0.004480194300413132,0.019254581816494462,normal
2017-01-26,0.0032218918204307556,0.019254581816494462,normal
2017-01-27,0.0021362686529755592,0.019254581816494462,normal
2017-01-30,0.004316072911024094,0.019254581816494462,normal
2017-01-31,0.006556648761034012,0.019254581816494462,normal
2017-02-01,0.005663152784109116,0.019254581816494462,normal
2017-02-02,0.004595685750246048,0.019254581816494462,normal
2017-02-03,0.003320007584989071,0.019254581816494462,normal
2017-02-06,0.0028260170947760344,0.019254581816494462,normal
2017-02-07,0.0016848555533215404,0.019254581816494462,normal
2017-02-08,0.0038010929711163044,0.019254581816494462,normal
2017-02-09,0.0023961085826158524,0.019254581816494462,normal
2017-02-10,0.005333808716386557,0.019254581816494462,normal
2017-02-13,0.0031314275693148375,0.019254581816494462,normal
2017-02-14,0.003950787708163261,0.019254581816494462,normal
2017-02-15,0.004909668583422899,0.019254581816494462,normal
2017-02-16,0.0027904752641916275,0.019254581816494462,normal
2017-02-17,0.006329916883260012,0.019254581816494462,normal
2017-02-21,0.008719400502741337,0.019254581816494462,normal
2017-02-22,0.003589651081711054,0.019254581816494462,normal
2017-02-23,0.003726710332557559,0.019254581816494462,normal
2017-02-24,0.0037573312874883413,0.019254581816494462,normal
2017-02-27,0.004563939291983843,0.019254581816494462,normal
2017-02-28,0.0073448726907372475,0.019254581816494462,normal
2017-03-01,0.06358494609594345,0.019254581816494462,abnormal
2017-03-02,0.003857481060549617,0.019254581816494462,normal
2017-03-03,0.002836802741512656,0.019254581816494462,normal
2017-03-06,0.0035308911465108395,0.019254581816494462,normal
2017-03-07,0.007848493754863739,0.019254581816494462,normal
2017-03-08,0.0023507915902882814,0.019254581816494462,normal
2017-03-09,0.0025808534119278193,0.019254581816494462,normal
2017-03-10,0.0038865935057401657,0.019254581816494462,normal
2017-03-13,0.0044923401437699795,0.019254581816494462,normal
2017-03-14,0.0035387950483709574,0.019254581816494462,normal
2017-03-15,0.004456165246665478,0.019254581816494462,normal
2017-03-16,0.0028041196055710316,0.019254581816494462,normal
2017-03-17,0.003301323624327779,0.019254581816494462,normal
2017-03-20,0.003882608376443386,0.019254581816494462,normal
2017-03-21,0.0108427032828331,0.019254581816494462,normal
2017-03-22,0.007923144847154617,0.019254581816494462,normal
2017-03-23,0.010166441090404987,0.019254581816494462,normal
2017-03-24,0.012782622128725052,0.019254581816494462,normal
2017-03-27,0.01164019200950861,0.019254581816494462,normal
2017-03-28,0.02063845470547676,0.019254581816494462,abnormal
2017-03-29,0.015530386008322239,0.019254581816494462,normal
2017-03-30,0.01540933083742857,0.019254581816494462,normal
2017-03-31,0.010516315698623657,0.019254581816494462,normal
2017-04-03,0.007150721736252308,0.019254581816494462,normal
2017-04-04,0.015696419402956963,0.019254581816494462,normal
2017-04-05,0.012585463002324104,0.019254581816494462,normal
2017-04-06,0.007771050091832876,0.019254581816494462,normal
2017-04-07,0.007415506988763809,0.019254581816494462,normal
2017-04-10,0.006083817221224308,0.019254581816494462,normal
2017-04-11,0.005866466090083122,0.019254581816494462,normal
2017-04-12,0.0037579063791781664,0.019254581816494462,normal
2017-04-13,0.005398914683610201,0.019254581816494462,normal
2017-04-17,0.006294589024037123,0.019254581816494462,normal
2017-04-18,0.008172623813152313,0.019254581816494462,normal
2017-04-19,0.005551829002797604,0.019254581816494462,normal
2017-04-20,0.005950340535491705,0.019254581816494462,normal
2017-04-21,0.003843252779915929,0.019254581816494462,normal
2017-04-24,0.007006778381764889,0.019254581816494462,normal
2017-04-25,0.004166604485362768,0.019254581816494462,normal
2017-04-26,0.0035533830523490906,0.019254581816494462,normal
2017-04-27,0.0029372412245720625,0.019254581816494462,normal
2017-04-28,0.0061503308825194836,0.019254581816494462,normal
2017-05-01,0.004124065861105919,0.019254581816494462,normal
2017-05-02,0.004978423472493887,0.019254581816494462,normal
2017-05-03,0.002242639660835266,0.019254581816494462,normal
2017-05-04,0.0033027399331331253,0.019254581816494462,normal
2017-05-05,0.0012632969301193953,0.019254581816494462,normal
2017-05-08,0.00307704065926373,0.019254581816494462,normal
2017-05-09,0.003233648370951414,0.019254581816494462,normal
2017-05-10,0.002509390702471137,0.019254581816494462,normal
2017-05-11,0.004284274764358997,0.019254581816494462,normal
2017-05-12,0.0034069479443132877,0.019254581816494462,normal
2017-05-15,0.002513579558581114,0.019254581816494462,normal
2017-05-16,0.002409538021311164,0.019254581816494462,normal
2017-05-17,0.020198369398713112,0.019254581816494462,abnormal
2017-05-18,0.009513124823570251,0.019254581816494462,normal
2017-05-19,0.007698521018028259,0.019254581816494462,normal
2017-05-22,0.005262200254946947,0.019254581816494462,normal
2017-05-23,0.009360446594655514,0.019254581816494462,normal
2017-05-24,0.009001940488815308,0.019254581816494462,normal
2017-05-25,0.007503708358854055,0.019254581816494462,normal
2017-05-26,0.0034802760928869247,0.019254581816494462,normal
2017-05-30,0.003580724122002721,0.019254581816494462,normal
2017-05-31,0.002697040094062686,0.019254581816494462,normal
2017-06-01,0.0030278912745416164,0.019254581816494462,normal
2017-06-02,0.005936593748629093,0.019254581816494462,normal
2017-06-05,0.00458850571885705,0.019254581816494462,normal
2017-06-06,0.0035946774296462536,0.019254581816494462,normal
2017-06-07,0.011863567866384983,0.019254581816494462,normal
2017-06-08,0.007910008542239666,0.019254581816494462,normal
2017-06-09,0.025884293019771576,0.019254581816494462,abnormal
2017-06-12,0.005220072343945503,0.019254581816494462,normal
2017-06-13,0.004513304214924574,0.019254581816494462,normal
2017-06-14,0.003790853312239051,0.019254581816494462,normal
2017-06-15,0.0023231327068060637,0.019254581816494462,normal
2017-06-16,0.0032106537837535143,0.019254581816494462,normal
2017-06-19,0.004613667726516724,0.019254581816494462,normal
2017-06-20,0.003889534855261445,0.019254581816494462,normal
2017-06-21,0.0014415527693927288,0.019254581816494462,normal
2017-06-22,0.002730801235884428,0.019254581816494462,normal
2017-06-23,0.002965557621791959,0.019254581816494462,normal
2017-06-26,0.00466423062607646,0.019254581816494462,normal
2017-06-27,0.004391041584312916,0.019254581816494462,normal
2017-06-28,0.0037433444522321224,0.019254581816494462,normal
2017-06-29,0.00757567398250103,0.019254581816494462,normal
2017-06-30,0.005271953530609608,0.019254581816494462,normal
2017-07-03,0.003609516192227602,0.019254581816494462,normal
2017-07-05,0.004108723718672991,0.019254581816494462,normal
2017-07-06,0.0073924134485423565,0.019254581816494462,normal
2017-07-07,0.0069747138768434525,0.019254581816494462,normal
2017-07-10,0.007146876305341721,0.019254581816494462,normal
2017-07-11,0.004120009485632181,0.019254581816494462,normal
2017-07-12,0.005131560377776623,0.019254581816494462,normal
2017-07-13,0.004241288639605045,0.019254581816494462,normal
2017-07-14,0.004055539146065712,0.019254581816494462,normal
2017-07-17,0.002855578437447548,0.019254581816494462,normal
2017-07-18,0.0025554895401000977,0.019254581816494462,normal
2017-07-19,0.00262430589646101,0.019254581816494462,normal
2017-07-20,0.0033559496514499187,0.019254581816494462,normal
2017-07-21,0.003715689992532134,0.019254581816494462,normal
2017-07-24,0.0027014855295419693,0.019254581816494462,normal
2017-07-25,0.0021865402814000845,0.019254581816494462,normal
2017-07-26,0.0151517353951931,0.019254581816494462,normal
2017-07-27,0.01235930621623993,0.019254581816494462,normal
2017-07-28,0.008273881860077381,0.019254581816494462,normal
2017-07-31,0.013262431137263775,0.019254581816494462,normal
2017-08-01,0.006876995321363211,0.019254581816494462,normal
2017-08-02,0.006640398874878883,0.019254581816494462,normal
2017-08-03,0.003409173572435975,0.019254581816494462,normal
2017-08-04,0.0044216881506145,0.019254581816494462,normal
2017-08-07,0.00565743213519454,0.019254581816494462,normal
2017-08-08,0.003731771372258663,0.019254581816494462,normal
2017-08-09,0.0036905824672430754,0.019254581816494462,normal
2017-08-10,0.015522400848567486,0.019254581816494462,normal
2017-08-11,0.009452443569898605,0.019254581816494462,normal
2017-08-14,0.00506789144128561,0.019254581816494462,normal
2017-08-15,0.005688709672540426,0.019254581816494462,normal
2017-08-16,0.007660863921046257,0.019254581816494462,normal
2017-08-17,0.009761140681803226,0.019254581816494462,normal
2017-08-18,0.013324741274118423,0.019254581816494462,normal
2017-08-21,0.007247623521834612,0.019254581816494462,normal
2017-08-22,0.00956858228892088,0.019254581816494462,normal
2017-08-23,0.015474734827876091,0.019254581816494462,normal
2017-08-24,0.010328173637390137,0.019254581816494462,normal
2017-08-25,0.010354585014283657,0.019254581816494462,normal
2017-08-28,0.013761487789452076,0.019254581816494462,normal
2017-08-29,0.009889143519103527,0.019254581816494462,normal
2017-08-30,0.00685493927448988,0.019254581816494462,normal
2017-08-31,0.008995242416858673,0.019254581816494462,normal
2017-09-01,0.009129899553954601,0.019254581816494462,normal
2017-09-05,0.007864151149988174,0.019254581816494462,normal
2017-09-06,0.010279213078320026,0.019254581816494462,normal
2017-09-07,0.005552059505134821,0.019254581816494462,normal
2017-09-08,0.007353412918746471,0.019254581816494462,normal
2017-09-11,0.004824988078325987,0.019254581816494462,normal
2017-09-12,0.004426096100360155,0.019254581816494462,normal
2017-09-13,0.0037425116170197725,0.019254581816494462,normal
2017-09-14,0.006147377192974091,0.019254581816494462,normal
2017-09-15,0.0048041208647191525,0.019254581816494462,normal
2017-09-18,0.005204102490097284,0.019254581816494462,normal
2017-09-19,0.005383721552789211,0.019254581816494462,normal
2017-09-20,0.0022481868509203196,0.019254581816494462,normal
2017-09-21,0.0026185011956840754,0.019254581816494462,normal
2017-09-22,0.0021055990364402533,0.019254581816494462,normal
2017-09-25,0.004845330957323313,0.019254581816494462,normal
2017-09-26,0.0051636784337460995,0.019254581816494462,normal
2017-09-27,0.006496686954051256,0.019254581816494462,normal
2017-09-28,0.00781154353171587,0.019254581816494462,normal
2017-09-29,0.004288466181606054,0.019254581816494462,normal
2017-10-02,0.00465972488746047,0.019254581816494462,normal
2017-10-03,0.0037399630527943373,0.019254581816494462,normal
2017-10-04,0.0024869071785360575,0.019254581816494462,normal
2017-10-05,0.006324343383312225,0.019254581816494462,normal
2017-10-06,0.005319373682141304,0.019254581816494462,normal
2017-10-09,0.0026968237943947315,0.019254581816494462,normal
2017-10-10,0.001867157407104969,0.019254581816494462,normal
2017-10-11,0.0027289034333080053,0.019254581816494462,normal
2017-10-12,0.0031970811542123556,0.019254581816494462,normal
2017-10-13,0.0057321349158883095,0.019254581816494462,normal
2017-10-16,0.005121198017150164,0.019254581816494462,normal
2017-10-17,0.004711749963462353,0.019254581816494462,normal
2017-10-18,0.004977812524884939,0.019254581816494462,normal
2017-10-19,0.005911226850003004,0.019254581816494462,normal
2017-10-20,0.016223857179284096,0.019254581816494462,normal
2017-10-23,0.002973213791847229,0.019254581816494462,normal
2017-10-24,0.0027582691982388496,0.019254581816494462,normal
2017-10-25,0.003556021023541689,0.019254581816494462,normal
2017-10-26,0.003980632405728102,0.019254581816494462,normal
2017-10-27,0.007270283531397581,0.019254581816494462,normal
2017-10-30,0.002960747107863426,0.019254581816494462,normal
2017-10-31,0.0027275646571069956,0.019254581816494462,normal
2017-11-01,0.0035187460016459227,0.019254581816494462,normal
2017-11-02,0.002455491106957197,0.019254581816494462,normal
2017-11-03,0.003516765544191003,0.019254581816494462,normal
2017-11-06,0.0031500281766057014,0.019254581816494462,normal
2017-11-07,0.0025545095559209585,0.019254581816494462,normal
2017-11-08,0.0021982239559292793,0.019254581816494462,normal
2017-11-09,0.001937764580361545,0.019254581816494462,normal
2017-11-10,0.00323204486630857,0.019254581816494462,normal
2017-11-13,0.0028569574933499098,0.019254581816494462,normal
2017-11-14,0.006329211872071028,0.019254581816494462,normal
2017-11-15,0.0066246213391423225,0.019254581816494462,normal
2017-11-16,0.002476358087733388,0.019254581816494462,normal
2017-11-17,0.0038581350818276405,0.019254581816494462,normal
2017-11-20,0.002601904794573784,0.019254581816494462,normal
2017-11-21,0.002988894935697317,0.019254581816494462,normal
2017-11-22,0.002760268747806549,0.019254581816494462,normal
2017-11-24,0.0030408331658691168,0.019254581816494462,normal
2017-11-27,0.0017144482117146254,0.019254581816494462,normal
2017-11-28,0.009499512612819672,0.019254581816494462,normal
2017-11-29,0.0054399860091507435,0.019254581816494462,normal
2017-11-30,0.034835923463106155,0.019254581816494462,abnormal
2017-12-01,0.0550498366355896,0.019254581816494462,abnormal
2017-12-04,0.004507829435169697,0.019254581816494462,normal
2017-12-05,0.002520230831578374,0.019254581816494462,normal
2017-12-06,0.004345126450061798,0.019254581816494462,normal
2017-12-07,0.0026011348236352205,0.019254581816494462,normal
2017-12-08,0.003984940703958273,0.019254581816494462,normal
2017-12-11,0.005940828938037157,0.019254581816494462,normal
2017-12-12,0.004516268614679575,0.019254581816494462,normal
2017-12-13,0.0052120015025138855,0.019254581816494462,normal
2017-12-14,0.00429717730730772,0.019254581816494462,normal
2017-12-15,0.008784018456935883,0.019254581816494462,normal
2017-12-18,0.00255911354906857,0.019254581816494462,normal
2017-12-19,0.003766737412661314,0.019254581816494462,normal
2017-12-20,0.0015925311017781496,0.019254581816494462,normal
2017-12-21,0.0022699441760778427,0.019254581816494462,normal
2017-12-22,0.002232298720628023,0.019254581816494462,normal
2017-12-26,0.008612747304141521,0.019254581816494462,normal
2017-12-27,0.0060981460846960545,0.019254581816494462,normal
2017-12-28,0.005557326599955559,0.019254581816494462,normal
2017-12-29,0.0027810309547930956,0.019254581816494462,normal
2018-01-02,0.0019241884583607316,0.019254581816494462,normal
2018-01-03,0.003473123535513878,0.019254581816494462,normal
2018-01-04,0.003939888905733824,0.019254581816494462,normal
2018-01-05,0.0055022817105054855,0.019254581816494462,normal
2018-01-08,0.003761889412999153,0.019254581816494462,normal
2018-01-09,0.0021321175154298544,0.019254581816494462,normal
2018-01-10,0.0020407570991665125,0.019254581816494462,normal
2018-01-11,0.0023848519194871187,0.019254581816494462,normal
2018-01-12,0.007520134095102549,0.019254581816494462,normal
2018-01-16,0.008297598920762539,0.019254581816494462,normal
2018-01-17,0.01983475126326084,0.019254581816494462,abnormal
2018-01-18,0.011401196010410786,0.019254581816494462,normal
2018-01-19,0.03002927266061306,0.019254581816494462,abnormal
2018-01-22,0.012056782841682434,0.019254581816494462,normal
2018-01-23,0.011852899566292763,0.019254581816494462,normal
2018-01-24,0.021684585139155388,0.019254581816494462,abnormal
2018-01-25,0.007376440335065126,0.019254581816494462,normal
2018-01-26,0.012427177280187607,0.019254581816494462,normal
2018-01-29,0.008487887680530548,0.019254581816494462,normal
2018-01-30,0.013160020112991333,0.019254581816494462,normal
2018-01-31,0.008886762894690037,0.019254581816494462,normal
2018-02-01,0.006469292566180229,0.019254581816494462,normal
2018-02-02,0.01638634130358696,0.019254581816494462,normal
2018-02-05,0.10566183924674988,0.019254581816494462,abnormal
2018-02-06,0.1894868165254593,0.019254581816494462,abnormal
2018-02-07,0.05843367800116539,0.019254581816494462,abnormal
2018-02-08,0.2508142292499542,0.019254581816494462,abnormal
2018-02-09,0.14620442688465118,0.019254581816494462,abnormal
2018-02-12,0.16043715178966522,0.019254581816494462,abnormal
2018-02-13,0.11087844520807266,0.019254581816494462,abnormal
2018-02-14,0.10874258726835251,0.019254581816494462,abnormal
2018-02-15,0.18900766968727112,0.019254581816494462,abnormal
2018-02-16,0.1013442799448967,0.019254581816494462,abnormal
2018-02-20,0.07952117919921875,0.019254581816494462,abnormal
2018-02-21,0.07102946937084198,0.019254581816494462,abnormal
2018-02-22,0.037017758935689926,0.019254581816494462,abnormal
2018-02-23,0.04788034036755562,0.019254581816494462,abnormal
2018-02-26,0.036924898624420166,0.019254581816494462,abnormal
2018-02-27,0.03371841460466385,0.019254581816494462,abnormal
2018-02-28,0.02478495053946972,0.019254581816494462,abnormal
2018-03-01,0.05193289741873741,0.019254581816494462,abnormal
2018-03-02,0.03839859366416931,0.019254581816494462,abnormal
2018-03-05,0.030326807871460915,0.019254581816494462,abnormal
2018-03-06,0.02443779446184635,0.019254581816494462,abnormal
2018-03-07,0.013107763603329659,0.019254581816494462,normal
2018-03-08,0.025231996551156044,0.019254581816494462,abnormal
2018-03-09,0.02508070506155491,0.019254581816494462,abnormal
2018-03-12,0.014591365121304989,0.019254581816494462,normal
2018-03-13,0.006375178694725037,0.019254581816494462,normal
2018-03-14,0.011670973151922226,0.019254581816494462,normal
2018-03-15,0.014417476020753384,0.019254581816494462,normal
2018-03-16,0.006056847050786018,0.019254581816494462,normal
2018-03-19,0.00794960930943489,0.019254581816494462,normal
2018-03-20,0.004802307579666376,0.019254581816494462,normal
2018-03-21,0.015000184066593647,0.019254581816494462,normal
2018-03-22,0.027324600145220757,0.019254581816494462,abnormal
2018-03-23,0.032250091433525085,0.019254581816494462,abnormal
2018-03-26,0.04159371182322502,0.019254581816494462,abnormal
2018-03-27,0.0382852703332901,0.019254581816494462,abnormal
2018-03-28,0.03430943563580513,0.019254581816494462,abnormal
2018-03-29,0.05251960828900337,0.019254581816494462,abnormal
2018-04-02,0.04497315734624863,0.019254581816494462,abnormal
2018-04-03,0.031032176688313484,0.019254581816494462,abnormal
2018-04-04,0.04124878719449043,0.019254581816494462,abnormal
2018-04-05,0.04570140689611435,0.019254581816494462,abnormal
2018-04-06,0.047096941620111465,0.019254581816494462,abnormal
2018-04-09,0.05965854227542877,0.019254581816494462,abnormal
2018-04-10,0.03061862289905548,0.019254581816494462,abnormal
2018-04-11,0.011930588632822037,0.019254581816494462,normal
2018-04-12,0.00883693341165781,0.019254581816494462,normal
2018-04-13,0.018870308995246887,0.019254581816494462,normal
2018-04-16,0.019786352291703224,0.019254581816494462,abnormal
2018-04-17,0.014832822605967522,0.019254581816494462,normal
2018-04-18,0.01994495838880539,0.019254581816494462,abnormal
2018-04-19,0.011533319018781185,0.019254581816494462,normal
2018-04-20,0.013315914198756218,0.019254581816494462,normal
2018-04-23,0.022434279322624207,0.019254581816494462,abnormal
2018-04-24,0.006548317614942789,0.019254581816494462,normal
2018-04-25,0.008455452509224415,0.019254581816494462,normal
2018-04-26,0.007239683996886015,0.019254581816494462,normal
2018-04-27,0.00644712382927537,0.019254581816494462,normal
2018-04-30,0.005076221190392971,0.019254581816494462,normal
2018-05-01,0.009662424214184284,0.019254581816494462,normal
2018-05-02,0.004984001629054546,0.019254581816494462,normal
2018-05-03,0.004948512651026249,0.019254581816494462,normal
2018-05-04,0.004172398708760738,0.019254581816494462,normal
2018-05-07,0.006310120224952698,0.019254581816494462,normal
2018-05-08,0.011041688732802868,0.019254581816494462,normal
2018-05-09,0.00811269786208868,0.019254581816494462,normal
2018-05-10,0.012479504570364952,0.019254581816494462,normal
2018-05-11,0.009233993478119373,0.019254581816494462,normal
2018-05-14,0.005993031430989504,0.019254581816494462,normal
2018-05-15,0.007002586964517832,0.019254581816494462,normal
2018-05-16,0.013356479816138744,0.019254581816494462,normal
2018-05-17,0.007188187912106514,0.019254581816494462,normal
2018-05-18,0.004424313548952341,0.019254581816494462,normal
2018-05-21,0.003675024723634124,0.019254581816494462,normal
2018-05-22,0.003105712356045842,0.019254581816494462,normal
2018-05-23,0.0031328522600233555,0.019254581816494462,normal
2018-05-24,0.0025289992336183786,0.019254581816494462,normal
2018-05-25,0.0031019742600619793,0.019254581816494462,normal
2018-05-29,0.004172999411821365,0.019254581816494462,normal
2018-05-30,0.00683831050992012,0.019254581816494462,normal
2018-05-31,0.004248510580509901,0.019254581816494462,normal
2018-06-01,0.0020872654858976603,0.019254581816494462,normal
2018-06-04,0.005633199121803045,0.019254581816494462,normal
2018-06-05,0.005917223170399666,0.019254581816494462,normal
2018-06-06,0.0031741999555379152,0.019254581816494462,normal
2018-06-07,0.0036421502009034157,0.019254581816494462,normal
2018-06-08,0.0021698575001209974,0.019254581816494462,normal
2018-06-11,0.002959229052066803,0.019254581816494462,normal
2018-06-12,0.002384970197454095,0.019254581816494462,normal
2018-06-13,0.0031616094056516886,0.019254581816494462,normal
2018-06-14,0.001334118191152811,0.019254581816494462,normal
2018-06-15,0.0020681049209088087,0.019254581816494462,normal
2018-06-18,0.005583103280514479,0.019254581816494462,normal
2018-06-19,0.0024506354238837957,0.019254581816494462,normal
2018-06-20,0.0056606768630445,0.019254581816494462,normal
2018-06-21,0.004599712789058685,0.019254581816494462,normal
2018-06-22,0.005046214908361435,0.019254581816494462,normal
2018-06-25,0.00872010923922062,0.019254581816494462,normal
2018-06-26,0.007340686395764351,0.019254581816494462,normal
2018-06-27,0.010271345265209675,0.019254581816494462,normal
2018-06-28,0.007549992296844721,0.019254581816494462,normal
2018-06-29,0.02350875549018383,0.019254581816494462,abnormal
2018-07-02,0.026504958048462868,0.019254581816494462,abnormal
2018-07-03,0.031580206006765366,0.019254581816494462,abnormal
2018-07-05,0.038752298802137375,0.019254581816494462,abnormal
2018-07-06,0.026198672130703926,0.019254581816494462,abnormal
2018-07-09,0.021363895386457443,0.019254581816494462,abnormal
2018-07-10,0.014788689091801643,0.019254581816494462,normal
2018-07-11,0.011265674605965614,0.019254581816494462,normal
2018-07-12,0.018215255811810493,0.019254581816494462,normal
2018-07-13,0.010484287515282631,0.019254581816494462,normal
2018-07-16,0.0056222593411803246,0.019254581816494462,normal
2018-07-17,0.005553043447434902,0.019254581816494462,normal
2018-07-18,0.0035813194699585438,0.019254581816494462,normal
2018-07-19,0.0035730241797864437,0.019254581816494462,normal
2018-07-20,0.0021787630394101143,0.019254581816494462,normal
2018-07-23,0.003797943005338311,0.019254581816494462,normal
2018-07-24,0.0021531404927372932,0.019254581816494462,normal
2018-07-25,0.009087390266358852,0.019254581816494462,normal
2018-07-26,0.005339684430509806,0.019254581816494462,normal
2018-07-27,0.005433100741356611,0.019254581816494462,normal
2018-07-30,0.007454259321093559,0.019254581816494462,normal
2018-07-31,0.005389390513300896,0.019254581816494462,normal
2018-08-01,0.004668888635933399,0.019254581816494462,normal
2018-08-02,0.003877591574564576,0.019254581816494462,normal
2018-08-03,0.004597575403749943,0.019254581816494462,normal
2018-08-06,0.0033633208367973566,0.019254581816494462,normal
2018-08-07,0.0029292386025190353,0.019254581816494462,normal
2018-08-08,0.003037798684090376,0.019254581816494462,normal
2018-08-09,0.0019588947761803865,0.019254581816494462,normal
2018-08-10,0.002123477403074503,0.019254581816494462,normal
2018-08-13,0.002615781966596842,0.019254581816494462,normal
2018-08-14,0.0032972488552331924,0.019254581816494462,normal
2018-08-15,0.008365824818611145,0.019254581816494462,normal
2018-08-16,0.0019980287179350853,0.019254581816494462,normal
2018-08-17,0.005021532066166401,0.019254581816494462,normal
2018-08-20,0.0035855371970683336,0.019254581816494462,normal
2018-08-21,0.003963832277804613,0.019254581816494462,normal
2018-08-22,0.003290414810180664,0.019254581816494462,normal
2018-08-23,0.0014194544637575746,0.019254581816494462,normal
2018-08-24,0.0018085874617099762,0.019254581816494462,normal
2018-08-27,0.0030377088114619255,0.019254581816494462,normal
2018-08-28,0.004525469150394201,0.019254581816494462,normal
2018-08-29,0.0032314106356352568,0.019254581816494462,normal
2018-08-30,0.002453810768201947,0.019254581816494462,normal
2018-08-31,0.0031466223299503326,0.019254581816494462,normal
2018-09-04,0.0017089804168790579,0.019254581816494462,normal
2018-09-05,0.003230513073503971,0.019254581816494462,normal
2018-09-06,0.002375146374106407,0.019254581816494462,normal
2018-09-07,0.001337546156719327,0.019254581816494462,normal
2018-09-10,0.0024015293456614017,0.019254581816494462,normal
2018-09-11,0.003773381235077977,0.019254581816494462,normal
2018-09-12,0.004831199999898672,0.019254581816494462,normal
2018-09-13,0.008969753980636597,0.019254581816494462,normal
2018-09-14,0.0055642141960561275,0.019254581816494462,normal
2018-09-17,0.0021462757140398026,0.019254581816494462,normal
2018-09-18,0.003281107870861888,0.019254581816494462,normal
2018-09-19,0.003685502102598548,0.019254581816494462,normal
2018-09-20,0.007849903777241707,0.019254581816494462,normal
2018-09-21,0.006324168294668198,0.019254581816494462,normal
2018-09-24,0.0030328361317515373,0.019254581816494462,normal
2018-09-25,0.0031881954055279493,0.019254581816494462,normal
2018-09-26,0.0038866386748850346,0.019254581816494462,normal
2018-09-27,0.004383073188364506,0.019254581816494462,normal
2018-09-28,0.004375654738396406,0.019254581816494462,normal
2018-10-01,0.002506890567019582,0.019254581816494462,normal
2018-10-02,0.0026396680623292923,0.019254581816494462,normal
2018-10-03,0.0019417378352954984,0.019254581816494462,normal
2018-10-04,0.004077822435647249,0.019254581816494462,normal
2018-10-05,0.0038146371953189373,0.019254581816494462,normal
2018-10-08,0.003524989355355501,0.019254581816494462,normal
2018-10-09,0.004404571373015642,0.019254581816494462,normal
2018-10-10,0.05749623477458954,0.019254581816494462,abnormal
2018-10-11,0.05408130958676338,0.019254581816494462,abnormal
2018-10-12,0.04791766777634621,0.019254581816494462,abnormal
2018-10-15,0.0466509610414505,0.019254581816494462,abnormal
2018-10-16,0.04161714389920235,0.019254581816494462,abnormal
2018-10-17,0.05974144861102104,0.019254581816494462,abnormal
2018-10-18,0.04962509125471115,0.019254581816494462,abnormal
2018-10-19,0.04577728733420372,0.019254581816494462,abnormal
2018-10-22,0.06941905617713928,0.019254581816494462,abnormal
2018-10-23,0.04956604540348053,0.019254581816494462,abnormal
2018-10-24,0.08977030962705612,0.019254581816494462,abnormal
2018-10-25,0.04788976162672043,0.019254581816494462,abnormal
2018-10-26,0.07287798076868057,0.019254581816494462,abnormal
2018-10-29,0.0497262142598629,0.019254581816494462,abnormal
2018-10-30,0.022279350087046623,0.019254581816494462,abnormal
2018-10-31,0.03887086361646652,0.019254581816494462,abnormal
2018-11-01,0.030255893245339394,0.019254581816494462,abnormal
2018-11-02,0.027473116293549538,0.019254581816494462,abnormal
2018-11-05,0.038494773209095,0.019254581816494462,abnormal
2018-11-06,0.01583252288401127,0.019254581816494462,normal
2018-11-07,0.017033033072948456,0.019254581816494462,normal
2018-11-08,0.017574243247509003,0.019254581816494462,normal
2018-11-09,0.010102799162268639,0.019254581816494462,normal
2018-11-12,0.025442909449338913,0.019254581816494462,abnormal
2018-11-13,0.04796665534377098,0.019254581816494462,abnormal
2018-11-14,0.015349442139267921,0.019254581816494462,normal
2018-11-15,0.023278096690773964,0.019254581816494462,abnormal
2018-11-16,0.02021428383886814,0.019254581816494462,abnormal
2018-11-19,0.012411455623805523,0.019254581816494462,normal
2018-11-20,0.02050859108567238,0.019254581816494462,abnormal
2018-11-21,0.05344676971435547,0.019254581816494462,abnormal
2018-11-23,0.03832339867949486,0.019254581816494462,abnormal
2018-11-26,0.018200483173131943,0.019254581816494462,normal
2018-11-27,0.029084572568535805,0.019254581816494462,abnormal
2018-11-28,0.07207727432250977,0.019254581816494462,abnormal
2018-11-29,0.033717066049575806,0.019254581816494462,abnormal
2018-11-30,0.04727105796337128,0.019254581816494462,abnormal
2018-12-03,0.03145185485482216,0.019254581816494462,abnormal
2018-12-04,0.019691376015543938,0.019254581816494462,abnormal
2018-12-06,0.02814115583896637,0.019254581816494462,abnormal
2018-12-07,0.052415501326322556,0.019254581816494462,abnormal
2018-12-10,0.04957649111747742,0.019254581816494462,abnormal
2018-12-11,0.0385143980383873,0.019254581816494462,abnormal
2018-12-12,0.01783256232738495,0.019254581816494462,normal
2018-12-13,0.025983069092035294,0.019254581816494462,abnormal
2018-12-14,0.03815598413348198,0.019254581816494462,abnormal
2018-12-17,0.036169614642858505,0.019254581816494462,abnormal
2018-12-18,0.031634554266929626,0.019254581816494462,abnormal
2018-12-19,0.08191817998886108,0.019254581816494462,abnormal
2018-12-20,0.1827365756034851,0.019254581816494462,abnormal
2018-12-21,0.2610890567302704,0.019254581816494462,abnormal
2018-12-24,0.3141837418079376,0.019254581816494462,abnormal
2018-12-26,0.21008449792861938,0.019254581816494462,abnormal
2018-12-27,0.17365580797195435,0.019254581816494462,abnormal
2018-12-28,0.16550809144973755,0.019254581816494462,abnormal
2018-12-31,0.14857865869998932,0.019254581816494462,abnormal
2019-01-02,0.22444559633731842,0.019254581816494462,abnormal
2019-01-03,0.08874758332967758,0.019254581816494462,abnormal
2019-01-04,0.08294880390167236,0.019254581816494462,abnormal
2019-01-07,0.0324067659676075,0.019254581816494462,abnormal
2019-01-08,0.03503886237740517,0.019254581816494462,abnormal
2019-01-09,0.03429644927382469,0.019254581816494462,abnormal
2019-01-10,0.061697930097579956,0.019254581816494462,abnormal
2019-01-11,0.025295427069067955,0.019254581816494462,abnormal
2019-01-14,0.02591521479189396,0.019254581816494462,abnormal
2019-01-15,0.041471317410469055,0.019254581816494462,abnormal
2019-01-16,0.031743090599775314,0.019254581816494462,abnormal
2019-01-17,0.0361410416662693,0.019254581816494462,abnormal
2019-01-18,0.03834277018904686,0.019254581816494462,abnormal
2019-01-22,0.06548501551151276,0.019254581816494462,abnormal
2019-01-23,0.04967048019170761,0.019254581816494462,abnormal
2019-01-24,0.11371079087257385,0.019254581816494462,abnormal
2019-01-25,0.008951378986239433,0.019254581816494462,normal
2019-01-28,0.0278606154024601,0.019254581816494462,abnormal
2019-01-29,0.010324877686798573,0.019254581816494462,normal
2019-01-30,0.012697960250079632,0.019254581816494462,normal
2019-01-31,0.013005602173507214,0.019254581816494462,normal
2019-02-01,0.018324607983231544,0.019254581816494462,normal
2019-02-04,0.020604291930794716,0.019254581816494462,abnormal
2019-02-05,0.0175230260938406,0.019254581816494462,normal
2019-02-06,0.01022180076688528,0.019254581816494462,normal
2019-02-07,0.008333917707204819,0.019254581816494462,normal
2019-02-08,0.01560575794428587,0.019254581816494462,normal
2019-02-11,0.005109685473144054,0.019254581816494462,normal
2019-02-12,0.0071428813971579075,0.019254581816494462,normal
2019-02-13,0.012661422602832317,0.019254581816494462,normal
2019-02-14,0.005517732352018356,0.019254581816494462,normal
2019-02-15,0.007082276977598667,0.019254581816494462,normal
2019-02-19,0.006774780806154013,0.019254581816494462,normal
2019-02-20,0.002731580287218094,0.019254581816494462,normal
2019-02-21,0.0022555424366146326,0.019254581816494462,normal
2019-02-22,0.005148103926330805,0.019254581816494462,normal
2019-02-25,0.0034820311702787876,0.019254581816494462,normal
2019-02-26,0.0022126473486423492,0.019254581816494462,normal
2019-02-27,0.0034121389035135508,0.019254581816494462,normal
2019-02-28,0.009642439894378185,0.019254581816494462,normal
2019-03-01,0.006042635068297386,0.019254581816494462,normal
2019-03-04,0.011908520944416523,0.019254581816494462,normal
2019-03-05,0.0035266175400465727,0.019254581816494462,normal
2019-03-06,0.0034218435175716877,0.019254581816494462,normal
2019-03-07,0.007482775021344423,0.019254581816494462,normal
2019-03-08,0.006056416779756546,0.019254581816494462,normal
2019-03-11,0.005939037073403597,0.019254581816494462,normal
2019-03-12,0.013299234211444855,0.019254581816494462,normal
2019-03-13,0.011273550800979137,0.019254581816494462,normal
2019-03-14,0.006715842522680759,0.019254581816494462,normal
2019-03-15,0.009843071922659874,0.019254581816494462,normal
2019-03-18,0.004377393051981926,0.019254581816494462,normal
2019-03-19,0.0035064062103629112,0.019254581816494462,normal
2019-03-20,0.005350951105356216,0.019254581816494462,normal
2019-03-21,0.003548847045749426,0.019254581816494462,normal
2019-03-22,0.013367041945457458,0.019254581816494462,normal
2019-03-25,0.008800311014056206,0.019254581816494462,normal
2019-03-26,0.005200599320232868,0.019254581816494462,normal
2019-03-27,0.005800182465463877,0.019254581816494462,normal
2019-03-28,0.012795296497642994,0.019254581816494462,normal
2019-03-29,0.005434336140751839,0.019254581816494462,normal
2019-04-01,0.006075843703001738,0.019254581816494462,normal
2019-04-02,0.0068367356434464455,0.019254581816494462,normal
2019-04-03,0.0038181114941835403,0.019254581816494462,normal
2019-04-04,0.0033280495554208755,0.019254581816494462,normal
2019-04-05,0.00239059841260314,0.019254581816494462,normal
2019-04-08,0.004127982072532177,0.019254581816494462,normal
2019-04-09,0.002042702864855528,0.019254581816494462,normal
2019-04-10,0.004999291151762009,0.019254581816494462,normal
2019-04-11,0.004015881568193436,0.019254581816494462,normal
2019-04-12,0.0036769569851458073,0.019254581816494462,normal
2019-04-15,0.004590998403728008,0.019254581816494462,normal
2019-04-16,0.008387838490307331,0.019254581816494462,normal
2019-04-17,0.006860256195068359,0.019254581816494462,normal
2019-04-18,0.004884961061179638,0.019254581816494462,normal
2019-04-22,0.001996496692299843,0.019254581816494462,normal
2019-04-23,0.003983743488788605,0.019254581816494462,normal
2019-04-24,0.003922003321349621,0.019254581816494462,normal
2019-04-25,0.003176442114636302,0.019254581816494462,normal
2019-04-26,0.002779684029519558,0.019254581816494462,normal
2019-04-29,0.002571600256487727,0.019254581816494462,normal
2019-04-30,0.009635837748646736,0.019254581816494462,normal
2019-05-01,0.0035919155925512314,0.019254581816494462,normal
2019-05-02,0.005735043436288834,0.019254581816494462,normal
2019-05-03,0.0018158750608563423,0.019254581816494462,normal
2019-05-06,0.00908155832439661,0.019254581816494462,normal
2019-05-07,0.011950529180467129,0.019254581816494462,normal
2019-05-08,0.0113531444221735,0.019254581816494462,normal
2019-05-09,0.008329684846103191,0.019254581816494462,normal
2019-05-10,0.01598137430846691,0.019254581816494462,normal
2019-05-13,0.0313357412815094,0.019254581816494462,abnormal
2019-05-14,0.01856159418821335,0.019254581816494462,normal
2019-05-15,0.009238753467798233,0.019254581816494462,normal
2019-05-16,0.015083271078765392,0.019254581816494462,normal
2019-05-17,0.029591914266347885,0.019254581816494462,abnormal
2019-05-20,0.025396866723895073,0.019254581816494462,abnormal
2019-05-21,0.021990468725562096,0.019254581816494462,abnormal
2019-05-22,0.011348551139235497,0.019254581816494462,normal
2019-05-23,0.014384400099515915,0.019254581816494462,normal
2019-05-24,0.009370081126689911,0.019254581816494462,normal
2019-05-28,0.011136619374155998,0.019254581816494462,normal
2019-05-29,0.011498897336423397,0.019254581816494462,normal
2019-05-30,0.011982961557805538,0.019254581816494462,normal
2019-05-31,0.018198709934949875,0.019254581816494462,normal
2019-06-03,0.020201759412884712,0.019254581816494462,abnormal
2019-06-04,0.01712017133831978,0.019254581816494462,normal
2019-06-05,0.020051561295986176,0.019254581816494462,abnormal
2019-06-06,0.02595057524740696,0.019254581816494462,abnormal
2019-06-07,0.03131365031003952,0.019254581816494462,abnormal
2019-06-10,0.030019016936421394,0.019254581816494462,abnormal
2019-06-11,0.010852329432964325,0.019254581816494462,normal
2019-06-12,0.006938687060028315,0.019254581816494462,normal
2019-06-13,0.009328295476734638,0.019254581816494462,normal
2019-06-14,0.007063400000333786,0.019254581816494462,normal
2019-06-17,0.005308285355567932,0.019254581816494462,normal
2019-06-18,0.00896964967250824,0.019254581816494462,normal
2019-06-19,0.009625072591006756,0.019254581816494462,normal
2019-06-20,0.04115987569093704,0.019254581816494462,abnormal
2019-06-21,0.013009261339902878,0.019254581816494462,normal
2019-06-24,0.01629168540239334,0.019254581816494462,normal
2019-06-25,0.01292223110795021,0.019254581816494462,normal
2019-06-26,0.017714018002152443,0.019254581816494462,normal
2019-06-27,0.010203360579907894,0.019254581816494462,normal
2019-06-28,0.0038736641872674227,0.019254581816494462,normal
2019-07-01,0.012186081148684025,0.019254581816494462,normal
2019-07-02,0.010895566083490849,0.019254581816494462,normal
2019-07-03,0.009514699690043926,0.019254581816494462,normal
2019-07-05,0.00649753725156188,0.019254581816494462,normal
2019-07-08,0.006455500144511461,0.019254581816494462,normal
2019-07-09,0.006566013675183058,0.019254581816494462,normal
2019-07-10,0.005554100964218378,0.019254581816494462,normal
2019-07-11,0.009124238044023514,0.019254581816494462,normal
2019-07-12,0.005407677963376045,0.019254581816494462,normal
2019-07-15,0.003067607060074806,0.019254581816494462,normal
2019-07-16,0.005896596238017082,0.019254581816494462,normal
2019-07-17,0.004729534033685923,0.019254581816494462,normal
2019-07-18,0.004113425966352224,0.019254581816494462,normal
2019-07-19,0.0022589967120438814,0.019254581816494462,normal
2019-07-22,0.0016018515452742577,0.019254581816494462,normal
2019-07-23,0.004191440995782614,0.019254581816494462,normal
2019-07-24,0.00601679552346468,0.019254581816494462,normal
2019-07-25,0.004109046421945095,0.019254581816494462,normal
2019-07-26,0.00640131114050746,0.019254581816494462,normal
2019-07-29,0.003352076280862093,0.019254581816494462,normal
2019-07-30,0.001963619375601411,0.019254581816494462,normal
2019-07-31,0.007592268753796816,0.019254581816494462,normal
2019-08-01,0.021812692284584045,0.019254581816494462,abnormal
2019-08-02,0.009047352708876133,0.019254581816494462,normal
2019-08-05,0.0417809896171093,0.019254581816494462,abnormal
2019-08-06,0.028109697625041008,0.019254581816494462,abnormal
2019-08-07,0.02509259060025215,0.019254581816494462,abnormal
2019-08-08,0.016344556584954262,0.019254581816494462,normal
2019-08-09,0.03753449395298958,0.019254581816494462,abnormal
2019-08-12,0.05040541663765907,0.019254581816494462,abnormal
2019-08-13,0.03743809089064598,0.019254581816494462,abnormal
2019-08-14,0.03396335616707802,0.019254581816494462,abnormal
2019-08-15,0.025595780462026596,0.019254581816494462,abnormal
2019-08-16,0.022063085809350014,0.019254581816494462,abnormal
2019-08-19,0.037324320524930954,0.019254581816494462,abnormal
2019-08-20,0.031278084963560104,0.019254581816494462,abnormal
2019-08-21,0.03525545075535774,0.019254581816494462,abnormal
2019-08-22,0.024789761751890182,0.019254581816494462,abnormal
2019-08-23,0.026088260114192963,0.019254581816494462,abnormal
2019-08-26,0.026242995634675026,0.019254581816494462,abnormal
2019-08-27,0.019632738083600998,0.019254581816494462,abnormal
2019-08-28,0.021116923540830612,0.019254581816494462,abnormal
2019-08-29,0.027666306123137474,0.019254581816494462,abnormal
2019-08-30,0.029925812035799026,0.019254581816494462,abnormal
2019-09-03,0.010261934250593185,0.019254581816494462,normal
2019-09-04,0.03514615818858147,0.019254581816494462,abnormal
2019-09-05,0.018413234502077103,0.019254581816494462,normal
2019-09-06,0.018040595576167107,0.019254581816494462,normal
2019-09-09,0.011424092575907707,0.019254581816494462,normal
2019-09-10,0.013310343027114868,0.019254581816494462,normal
2019-09-11,0.009867096319794655,0.019254581816494462,normal
2019-09-12,0.004420079756528139,0.019254581816494462,normal
2019-09-13,0.012501123361289501,0.019254581816494462,normal
2019-09-16,0.0044490015134215355,0.019254581816494462,normal
2019-09-17,0.00656935153529048,0.019254581816494462,normal
2019-09-18,0.003251686692237854,0.019254581816494462,normal
2019-09-19,0.004032615106552839,0.019254581816494462,normal
2019-09-20,0.004236601293087006,0.019254581816494462,normal
2019-09-23,0.008397325873374939,0.019254581816494462,normal
2019-09-24,0.003421052359044552,0.019254581816494462,normal
2019-09-25,0.0018907932098954916,0.019254581816494462,normal
2019-09-26,0.004348617047071457,0.019254581816494462,normal
2019-09-27,0.007759597152471542,0.019254581816494462,normal
2019-09-30,0.006967129185795784,0.019254581816494462,normal
2019-10-01,0.004650414921343327,0.019254581816494462,normal
2019-10-02,0.0065452889539301395,0.019254581816494462,normal
2019-10-03,0.009585868567228317,0.019254581816494462,normal
2019-10-04,0.010735878720879555,0.019254581816494462,normal
2019-10-07,0.02607876807451248,0.019254581816494462,abnormal
2019-10-08,0.01751135289669037,0.019254581816494462,normal
2019-10-09,0.038965675979852676,0.019254581816494462,abnormal
2019-10-10,0.017862727865576744,0.019254581816494462,normal
2019-10-11,0.017954418435692787,0.019254581816494462,normal
2019-10-14,0.011893777176737785,0.019254581816494462,normal
2019-10-15,0.019597752019762993,0.019254581816494462,abnormal
2019-10-16,0.004308357834815979,0.019254581816494462,normal
2019-10-17,0.005701171699911356,0.019254581816494462,normal
2019-10-18,0.00383936008438468,0.019254581816494462,normal
2019-10-21,0.007855204865336418,0.019254581816494462,normal
2019-10-22,0.00465044379234314,0.019254581816494462,normal
2019-10-23,0.005553686525672674,0.019254581816494462,normal
2019-10-24,0.007839553989470005,0.019254581816494462,normal
2019-10-25,0.0052508036606013775,0.019254581816494462,normal
2019-10-28,0.00686359778046608,0.019254581816494462,normal
2019-10-29,0.005495028104633093,0.019254581816494462,normal
2019-10-30,0.004406791180372238,0.019254581816494462,normal
2019-10-31,0.004805374424904585,0.019254581816494462,normal
2019-11-01,0.0077547538094222546,0.019254581816494462,normal
2019-11-04,0.007003858685493469,0.019254581816494462,normal
2019-11-05,0.00316208740696311,0.019254581816494462,normal
2019-11-06,0.001780952326953411,0.019254581816494462,normal
2019-11-07,0.005243683699518442,0.019254581816494462,normal
2019-11-08,0.0024041403084993362,0.019254581816494462,normal
2019-11-11,0.005596063565462828,0.019254581816494462,normal
2019-11-12,0.0037582814693450928,0.019254581816494462,normal
2019-11-13,0.005041531752794981,0.019254581816494462,normal
2019-11-14,0.004310283809900284,0.019254581816494462,normal
2019-11-15,0.005760410334914923,0.019254581816494462,normal
2019-11-18,0.006529020145535469,0.019254581816494462,normal
2019-11-19,0.006686701904982328,0.019254581816494462,normal
2019-11-20,0.009320509620010853,0.019254581816494462,normal
2019-11-21,0.004918284248560667,0.019254581816494462,normal
2019-11-22,0.0026734222192317247,0.019254581816494462,normal
2019-11-25,0.00438242731615901,0.019254581816494462,normal
2019-11-26,0.00729834008961916,0.019254581816494462,normal
2019-11-27,0.005629488732665777,0.019254581816494462,normal
2019-11-29,0.002989438595250249,0.019254581816494462,normal
2019-12-02,0.004102844744920731,0.019254581816494462,normal
2019-12-03,0.00371742295101285,0.019254581816494462,normal
2019-12-04,0.0037717644590884447,0.019254581816494462,normal
2019-12-05,0.004210956394672394,0.019254581816494462,normal
2019-12-06,0.006312043406069279,0.019254581816494462,normal
2019-12-09,0.005432585254311562,0.019254581816494462,normal
2019-12-10,0.004514856729656458,0.019254581816494462,normal
2019-12-11,0.0034421137534081936,0.019254581816494462,normal
2019-12-12,0.008798831142485142,0.019254581816494462,normal
2019-12-13,0.007306377869099379,0.019254581816494462,normal
2019-12-16,0.005555751733481884,0.019254581816494462,normal
2019-12-17,0.003368124132975936,0.019254581816494462,normal
2019-12-18,0.0043581812642514706,0.019254581816494462,normal
2019-12-19,0.0035647705662995577,0.019254581816494462,normal
2019-12-20,0.052997738122940063,0.019254581816494462,abnormal
2019-12-23,0.009491167962551117,0.019254581816494462,normal
2019-12-24,0.014924885705113411,0.019254581816494462,normal
2019-12-26,0.005979764275252819,0.019254581816494462,normal
2019-12-27,0.00356485927477479,0.019254581816494462,normal
2019-12-30,0.004037025384604931,0.019254581816494462,normal
2019-12-31,0.006537395995110273,0.019254581816494462,normal
2020-01-02,0.007695499807596207,0.019254581816494462,normal
2020-01-03,0.005089092534035444,0.019254581816494462,normal
2020-01-06,0.0021265726536512375,0.019254581816494462,normal
2020-01-07,0.0032614311203360558,0.019254581816494462,normal
2020-01-08,0.0031630778685212135,0.019254581816494462,normal
2020-01-09,0.0039575654082000256,0.019254581816494462,normal
2020-01-10,0.0021237493492662907,0.019254581816494462,normal
2020-01-13,0.0013022138737142086,0.019254581816494462,normal
2020-01-14,0.001970365410670638,0.019254581816494462,normal
2020-01-15,0.0017389690037816763,0.019254581816494462,normal
2020-01-16,0.0030481519643217325,0.019254581816494462,normal
2020-01-17,0.007825259119272232,0.019254581816494462,normal
2020-01-21,0.003731077304109931,0.019254581816494462,normal
2020-01-22,0.0014430155279114842,0.019254581816494462,normal
2020-01-23,0.002646356588229537,0.019254581816494462,normal
2020-01-24,0.0029641296714544296,0.019254581816494462,normal
2020-01-27,0.0025889792013913393,0.019254581816494462,normal
2020-01-28,0.009716478176414967,0.019254581816494462,normal
2020-01-29,0.003595842979848385,0.019254581816494462,normal
2020-01-30,0.00801803544163704,0.019254581816494462,normal
2020-01-31,0.010762474499642849,0.019254581816494462,normal
2020-02-03,0.028601625934243202,0.019254581816494462,abnormal
2020-02-04,0.006993469316512346,0.019254581816494462,normal
2020-02-05,0.01030084677040577,0.019254581816494462,normal
2020-02-06,0.019319111481308937,0.019254581816494462,abnormal
2020-02-07,0.011696125380694866,0.019254581816494462,normal
2020-02-10,0.01848820596933365,0.019254581816494462,normal
2020-02-11,0.0038969223387539387,0.019254581816494462,normal
2020-02-12,0.005421954672783613,0.019254581816494462,normal
2020-02-13,0.005733043886721134,0.019254581816494462,normal
2020-02-14,0.0016564808320254087,0.019254581816494462,normal
2020-02-18,0.0020489550661295652,0.019254581816494462,normal
2020-02-19,0.003050326369702816,0.019254581816494462,normal
2020-02-20,0.0038224186282604933,0.019254581816494462,normal
2020-02-21,0.008029547519981861,0.019254581816494462,normal
2020-02-24,0.03945259377360344,0.019254581816494462,abnormal
2020-02-25,0.12022144347429276,0.019254581816494462,abnormal
2020-02-26,0.12168355286121368,0.019254581816494462,abnormal
2020-02-27,0.37777385115623474,0.019254581816494462,abnormal
2020-02-28,0.3933084309101105,0.019254581816494462,abnormal
2020-03-02,0.2759309411048889,0.019254581816494462,abnormal
2020-03-03,0.33614039421081543,0.019254581816494462,abnormal
2020-03-04,0.284379243850708,0.019254581816494462,abnormal
2020-03-05,0.29087498784065247,0.019254581816494462,abnormal
2020-03-06,0.36288848519325256,0.019254581816494462,abnormal
2020-03-09,1.1203676462173462,0.019254581816494462,abnormal
2020-03-10,1.0521656274795532,0.019254581816494462,abnormal
2020-03-11,1.0884901285171509,0.019254581816494462,abnormal
2020-03-12,2.5177059173583984,0.019254581816494462,abnormal
2020-03-13,1.9104735851287842,0.019254581816494462,abnormal
2020-03-16,3.145448684692383,0.019254581816494462,abnormal
2020-03-17,2.125552177429199,0.019254581816494462,abnormal
2020-03-18,2.283820629119873,0.019254581816494462,abnormal
2020-03-19,1.8718938827514648,0.019254581816494462,abnormal
2020-03-20,2.2771434783935547,0.019254581816494462,abnormal
2020-03-23,2.0161635875701904,0.019254581816494462,abnormal
2020-03-24,1.7095378637313843,0.019254581816494462,abnormal
2020-03-25,1.0942761898040771,0.019254581816494462,abnormal
2020-03-26,1.6468684673309326,0.019254581816494462,abnormal
2020-03-27,1.3120657205581665,0.019254581816494462,abnormal
2020-03-30,1.5294840335845947,0.019254581816494462,abnormal
2020-03-31,0.6826087832450867,0.019254581816494462,abnormal
2020-04-01,0.7108379602432251,0.019254581816494462,abnormal
2020-04-02,0.9246247410774231,0.019254581816494462,abnormal
2020-04-03,0.609271228313446,0.019254581816494462,abnormal
2020-04-06,1.1969058513641357,0.019254581816494462,abnormal
2020-04-07,0.8596310615539551,0.019254581816494462,abnormal
2020-04-08,0.8602327704429626,0.019254581816494462,abnormal
2020-04-09,0.8111761808395386,0.019254581816494462,abnormal
2020-04-13,0.6395218968391418,0.019254581816494462,abnormal
2020-04-14,0.6322165727615356,0.019254581816494462,abnormal
2020-04-15,0.6244873404502869,0.019254581816494462,abnormal
2020-04-16,0.6997523903846741,0.019254581816494462,abnormal
2020-04-17,0.7286725044250488,0.019254581816494462,abnormal
2020-04-20,0.8809396624565125,0.019254581816494462,abnormal
2020-04-21,1.1961603164672852,0.019254581816494462,abnormal
2020-04-22,0.6159197092056274,0.019254581816494462,abnormal
2020-04-23,0.5077919960021973,0.019254581816494462,abnormal
2020-04-24,0.42309048771858215,0.019254581816494462,abnormal
2020-04-27,0.36388513445854187,0.019254581816494462,abnormal
2020-04-28,0.2521336078643799,0.019254581816494462,abnormal
2020-04-29,0.24268051981925964,0.019254581816494462,abnormal
2020-04-30,0.18686537444591522,0.019254581816494462,abnormal
2020-05-01,0.3193342089653015,0.019254581816494462,abnormal
2020-05-04,0.3310304582118988,0.019254581816494462,abnormal
2020-05-05,0.14549338817596436,0.019254581816494462,abnormal
2020-05-06,0.14960531890392303,0.019254581816494462,abnormal
2020-05-07,0.11971459537744522,0.019254581816494462,abnormal
2020-05-08,0.11348609626293182,0.019254581816494462,abnormal
2020-05-11,0.09754035621881485,0.019254581816494462,abnormal
2020-05-12,0.07160741090774536,0.019254581816494462,abnormal
2020-05-13,0.09786368161439896,0.019254581816494462,abnormal
2020-05-14,0.12084688991308212,0.019254581816494462,abnormal
2020-05-15,0.06756123155355453,0.019254581816494462,abnormal
2020-05-18,0.12929442524909973,0.019254581816494462,abnormal
2020-05-19,0.09449878334999084,0.019254581816494462,abnormal
2020-05-20,0.11081209033727646,0.019254581816494462,abnormal
2020-05-21,0.06688042730093002,0.019254581816494462,abnormal
2020-05-22,0.06900665909051895,0.019254581816494462,abnormal
2020-05-26,0.036953072994947433,0.019254581816494462,abnormal
2020-05-27,0.04136044532060623,0.019254581816494462,abnormal
2020-05-28,0.05251210555434227,0.019254581816494462,abnormal
2020-05-29,0.036417391151189804,0.019254581816494462,abnormal
2020-06-01,0.03983191400766373,0.019254581816494462,abnormal
2020-06-02,0.037868525832891464,0.019254581816494462,abnormal
2020-06-03,0.04568055644631386,0.019254581816494462,abnormal
2020-06-04,0.04280701279640198,0.019254581816494462,abnormal
2020-06-05,0.052831340581178665,0.019254581816494462,abnormal
2020-06-08,0.047220125794410706,0.019254581816494462,abnormal
2020-06-09,0.0628158301115036,0.019254581816494462,abnormal
2020-06-10,0.07805711776018143,0.019254581816494462,abnormal
2020-06-11,0.5924926996231079,0.019254581816494462,abnormal
2020-06-12,0.5585166215896606,0.019254581816494462,abnormal
2020-06-15,0.33882206678390503,0.019254581816494462,abnormal
2020-06-16,0.3105420768260956,0.019254581816494462,abnormal
2020-06-17,0.28908246755599976,0.019254581816494462,abnormal
2020-06-18,0.1328212022781372,0.019254581816494462,abnormal
2020-06-19,0.1450488120317459,0.019254581816494462,abnormal
2020-06-22,0.1055881530046463,0.019254581816494462,abnormal
2020-06-23,0.06905148923397064,0.019254581816494462,abnormal
2020-06-24,0.12294808775186539,0.019254581816494462,abnormal
2020-06-25,0.11999724805355072,0.019254581816494462,abnormal
2020-06-26,0.12793417274951935,0.019254581816494462,abnormal
2020-06-29,0.1458798348903656,0.019254581816494462,abnormal
2020-06-30,0.1337021291255951,0.019254581816494462,abnormal
2020-07-01,0.11355795711278915,0.019254581816494462,abnormal
2020-07-02,0.09163012355566025,0.019254581816494462,abnormal
2020-07-06,0.10395611077547073,0.019254581816494462,abnormal
2020-07-07,0.06925858557224274,0.019254581816494462,abnormal
2020-07-08,0.05658937245607376,0.019254581816494462,abnormal
2020-07-09,0.04760231822729111,0.019254581816494462,abnormal
2020-07-10,0.02082182466983795,0.019254581816494462,abnormal
2020-07-13,0.02524888701736927,0.019254581816494462,abnormal
2020-07-14,0.019838979467749596,0.019254581816494462,abnormal
2020-07-15,0.014049597084522247,0.019254581816494462,normal
2020-07-16,0.010200118646025658,0.019254581816494462,normal
2020-07-17,0.009992922656238079,0.019254581816494462,normal
2020-07-20,0.013243460096418858,0.019254581816494462,normal
2020-07-21,0.005965755321085453,0.019254581816494462,normal
2020-07-22,0.00743024330586195,0.019254581816494462,normal
2020-07-23,0.011729693971574306,0.019254581816494462,normal
2020-07-24,0.013509643264114857,0.019254581816494462,normal
2020-07-27,0.013193996623158455,0.019254581816494462,normal
2020-07-28,0.012940066866576672,0.019254581816494462,normal
2020-07-29,0.008258267305791378,0.019254581816494462,normal
2020-07-30,0.007056871894747019,0.019254581816494462,normal
2020-07-31,0.008007434196770191,0.019254581816494462,normal
2020-08-03,0.005526694003492594,0.019254581816494462,normal
2020-08-04,0.005488497205078602,0.019254581816494462,normal
2020-08-05,0.004941388964653015,0.019254581816494462,normal
2020-08-06,0.006085831206291914,0.019254581816494462,normal
2020-08-07,0.003953076899051666,0.019254581816494462,normal
2020-08-10,0.0033827568404376507,0.019254581816494462,normal
2020-08-11,0.0082860067486763,0.019254581816494462,normal
2020-08-12,0.00901033729314804,0.019254581816494462,normal
2020-08-13,0.0046181706711649895,0.019254581816494462,normal
2020-08-14,0.00271392660215497,0.019254581816494462,normal
2020-08-17,0.0022302959114313126,0.019254581816494462,normal
2020-08-18,0.006034224294126034,0.019254581816494462,normal
2020-08-19,0.005372421815991402,0.019254581816494462,normal
2020-08-20,0.004062073305249214,0.019254581816494462,normal
2020-08-21,0.004883153829723597,0.019254581816494462,normal
2020-08-24,0.005447292700409889,0.019254581816494462,normal
2020-08-25,0.007267937529832125,0.019254581816494462,normal
2020-08-26,0.009128205478191376,0.019254581816494462,normal
2020-08-27,0.006116979755461216,0.019254581816494462,normal
2020-08-28,0.005566079169511795,0.019254581816494462,normal
2020-08-31,0.009136342443525791,0.019254581816494462,normal
2020-09-01,0.006437832489609718,0.019254581816494462,normal
2020-09-02,0.018737198784947395,0.019254581816494462,normal
2020-09-03,0.179371178150177,0.019254581816494462,abnormal
2020-09-04,0.09819544106721878,0.019254581816494462,abnormal
2020-09-08,0.10739224404096603,0.019254581816494462,abnormal
2020-09-09,0.143030047416687,0.019254581816494462,abnormal
2020-09-10,0.10810954123735428,0.019254581816494462,abnormal
2020-09-11,0.0686553344130516,0.019254581816494462,abnormal
2020-09-14,0.06662201136350632,0.019254581816494462,abnormal
2020-09-15,0.07381195574998856,0.019254581816494462,abnormal
2020-09-16,0.04767851531505585,0.019254581816494462,abnormal
2020-09-17,0.05610818788409233,0.019254581816494462,abnormal
2020-09-18,0.07132524251937866,0.019254581816494462,abnormal
2020-09-21,0.07898955047130585,0.019254581816494462,abnormal
2020-09-22,0.04328760877251625,0.019254581816494462,abnormal
2020-09-23,0.0896696224808693,0.019254581816494462,abnormal
2020-09-24,0.04340549558401108,0.019254581816494462,abnormal
2020-09-25,0.041457269340753555,0.019254581816494462,abnormal
2020-09-28,0.06279172748327255,0.019254581816494462,abnormal
2020-09-29,0.048046864569187164,0.019254581816494462,abnormal
2020-09-30,0.03919196128845215,0.019254581816494462,abnormal
2020-10-01,0.03520987555384636,0.019254581816494462,abnormal
2020-10-02,0.0060262978076934814,0.019254581816494462,normal
2020-10-05,0.015184430405497551,0.019254581816494462,normal
2020-10-06,0.012627383694052696,0.019254581816494462,normal
2020-10-07,0.022427475079894066,0.019254581816494462,abnormal
2020-10-08,0.012068470008671284,0.019254581816494462,normal
2020-10-09,0.011946159414947033,0.019254581816494462,normal
2020-10-12,0.020161541178822517,0.019254581816494462,abnormal
2020-10-13,0.013941380195319653,0.019254581816494462,normal
2020-10-14,0.011378058232367039,0.019254581816494462,normal
2020-10-15,0.012745235115289688,0.019254581816494462,normal
2020-10-16,0.011405494064092636,0.019254581816494462,normal
2020-10-19,0.05123065412044525,0.019254581816494462,abnormal
2020-10-20,0.010961079970002174,0.019254581816494462,normal
2020-10-21,0.015002541244029999,0.019254581816494462,normal
2020-10-22,0.0072557516396045685,0.019254581816494462,normal
2020-10-23,0.007866859436035156,0.019254581816494462,normal
2020-10-26,0.018000788986682892,0.019254581816494462,normal
2020-10-27,0.017201336100697517,0.019254581816494462,normal
2020-10-28,0.05508635938167572,0.019254581816494462,abnormal
2020-10-29,0.06055298447608948,0.019254581816494462,abnormal
2020-10-30,0.05465304106473923,0.019254581816494462,abnormal
2020-11-02,0.03522706776857376,0.019254581816494462,abnormal
2020-11-03,0.06042683124542236,0.019254581816494462,abnormal
2020-11-04,0.0977792888879776,0.019254581816494462,abnormal
2020-11-05,0.07819800078868866,0.019254581816494462,abnormal
2020-11-06,0.06879816949367523,0.019254581816494462,abnormal
2020-11-09,0.0984523743391037,0.019254581816494462,abnormal
2020-11-10,0.04623837769031525,0.019254581816494462,abnormal
2020-11-11,0.046652983874082565,0.019254581816494462,abnormal
2020-11-12,0.04843926057219505,0.019254581816494462,abnormal
2020-11-13,0.04199399799108505,0.019254581816494462,abnormal
2020-11-16,0.03865664079785347,0.019254581816494462,abnormal
2020-11-17,0.031018158420920372,0.019254581816494462,abnormal
2020-11-18,0.040502190589904785,0.019254581816494462,abnormal
2020-11-19,0.042956288903951645,0.019254581816494462,abnormal
2020-11-20,0.03919688239693642,0.019254581816494462,abnormal
2020-11-23,0.02954115904867649,0.019254581816494462,abnormal
2020-11-24,0.033223990350961685,0.019254581816494462,abnormal
2020-11-25,0.027930457144975662,0.019254581816494462,abnormal
2020-11-27,0.024040119722485542,0.019254581816494462,abnormal
2020-11-30,0.016148865222930908,0.019254581816494462,normal
2020-12-01,0.014193898066878319,0.019254581816494462,normal
2020-12-02,0.006995532661676407,0.019254581816494462,normal
2020-12-03,0.0039753420278429985,0.019254581816494462,normal
2020-12-04,0.003910932224243879,0.019254581816494462,normal
2020-12-07,0.002282709116116166,0.019254581816494462,normal
2020-12-08,0.0030613611452281475,0.019254581816494462,normal
2020-12-09,0.004369030240923166,0.019254581816494462,normal
2020-12-10,0.006469440646469593,0.019254581816494462,normal
2020-12-11,0.011186765506863594,0.019254581816494462,normal
2020-12-14,0.006982842460274696,0.019254581816494462,normal
2020-12-15,0.0035911384038627148,0.019254581816494462,normal
2020-12-16,0.005928098689764738,0.019254581816494462,normal
2020-12-17,0.0063768429681658745,0.019254581816494462,normal
2020-12-18,0.024488216266036034,0.019254581816494462,abnormal
2020-12-21,0.015039242804050446,0.019254581816494462,normal
2020-12-22,0.008889293298125267,0.019254581816494462,normal
2020-12-23,0.007373939733952284,0.019254581816494462,normal
2020-12-24,0.009816584177315235,0.019254581816494462,normal
2020-12-28,0.007276990916579962,0.019254581816494462,normal
2020-12-29,0.008896656334400177,0.019254581816494462,normal
2020-12-30,0.008555957116186619,0.019254581816494462,normal
2020-12-31,0.007680736947804689,0.019254581816494462,normal
2021-01-04,0.011893242597579956,0.019254581816494462,normal
2021-01-05,0.009326426312327385,0.019254581816494462,normal
2021-01-06,0.0075420113280415535,0.019254581816494462,normal
2021-01-07,0.007770307827740908,0.019254581816494462,normal
2021-01-08,0.024096380919218063,0.019254581816494462,abnormal
2021-01-11,0.009608853608369827,0.019254581816494462,normal
2021-01-12,0.008023951202630997,0.019254581816494462,normal
2021-01-13,0.011267270892858505,0.019254581816494462,normal
2021-01-14,0.006778335198760033,0.019254581816494462,normal
2021-01-15,0.010672141797840595,0.019254581816494462,normal
2021-01-19,0.004840581212192774,0.019254581816494462,normal
2021-01-20,0.007616288494318724,0.019254581816494462,normal
2021-01-21,0.013209129683673382,0.019254581816494462,normal
2021-01-22,0.005419598892331123,0.019254581816494462,normal
2021-01-25,0.0112147843465209,0.019254581816494462,normal
2021-01-26,0.006762785837054253,0.019254581816494462,normal
2021-01-27,0.011601709760725498,0.019254581816494462,normal
2021-01-28,0.013396330177783966,0.019254581816494462,normal
2021-01-29,0.01479276455938816,0.019254581816494462,normal
2021-02-01,0.016863424330949783,0.019254581816494462,normal
2021-02-02,0.021938396617770195,0.019254581816494462,abnormal
2021-02-03,0.019085217267274857,0.019254581816494462,normal
2021-02-04,0.018911879509687424,0.019254581816494462,normal
2021-02-05,0.029562553390860558,0.019254581816494462,abnormal
2021-02-08,0.011208382435142994,0.019254581816494462,normal
2021-02-09,0.002451525768265128,0.019254581816494462,normal
2021-02-10,0.002705762628465891,0.019254581816494462,normal
2021-02-11,0.0019878351595252752,0.019254581816494462,normal
2021-02-12,0.0025012546684592962,0.019254581816494462,normal
2021-02-16,0.004843253642320633,0.019254581816494462,normal
2021-02-17,0.0051570674404501915,0.019254581816494462,normal
2021-02-18,0.0018031956860795617,0.019254581816494462,normal
2021-02-19,0.013860835693776608,0.019254581816494462,normal
2021-02-22,0.007928646169602871,0.019254581816494462,normal
2021-02-23,0.0060753533616662025,0.019254581816494462,normal
2021-02-24,0.006103015039116144,0.019254581816494462,normal
2021-02-25,0.027581144124269485,0.019254581816494462,abnormal
2021-02-26,0.016144679859280586,0.019254581816494462,normal
2021-03-01,0.04633791372179985,0.019254581816494462,abnormal
2021-03-02,0.013958879746496677,0.019254581816494462,normal
2021-03-03,0.020561086013913155,0.019254581816494462,abnormal
2021-03-04,0.024594217538833618,0.019254581816494462,abnormal
2021-03-05,0.06886807829141617,0.019254581816494462,abnormal
2021-03-08,0.03229247033596039,0.019254581816494462,abnormal
2021-03-09,0.022959239780902863,0.019254581816494462,abnormal
2021-03-10,0.014103345572948456,0.019254581816494462,normal
2021-03-11,0.03146752715110779,0.019254581816494462,abnormal
2021-03-12,0.018453562632203102,0.019254581816494462,normal
2021-03-15,0.01582344062626362,0.019254581816494462,normal
2021-03-16,0.006375178694725037,0.019254581816494462,normal
2021-03-17,0.004962929058820009,0.019254581816494462,normal
2021-03-18,0.010918431915342808,0.019254581816494462,normal
2021-03-19,0.007709456607699394,0.019254581816494462,normal
2021-03-22,0.0064548891969025135,0.019254581816494462,normal
2021-03-23,0.006173574831336737,0.019254581816494462,normal
2021-03-24,0.009834920056164265,0.019254581816494462,normal
2021-03-25,0.005271519999951124,0.019254581816494462,normal
2021-03-26,0.015350149013102055,0.019254581816494462,normal
2021-03-29,0.014959047548472881,0.019254581816494462,normal
2021-03-30,0.0063688182272017,0.019254581816494462,normal
2021-03-31,0.013695173896849155,0.019254581816494462,normal
2021-04-01,0.009387379512190819,0.019254581816494462,normal
2021-04-05,0.013455955311655998,0.019254581816494462,normal
2021-04-06,0.011521788313984871,0.019254581816494462,normal
2021-04-07,0.0057828836143016815,0.019254581816494462,normal
2021-04-08,0.007614111993461847,0.019254581816494462,normal
2021-04-09,0.00561122503131628,0.019254581816494462,normal
2021-04-12,0.007348875515162945,0.019254581816494462,normal
2021-04-13,0.003363243769854307,0.019254581816494462,normal
2021-04-14,0.0033552050590515137,0.019254581816494462,normal
2021-04-15,0.009250279515981674,0.019254581816494462,normal
2021-04-16,0.008574319072067738,0.019254581816494462,normal
2021-04-19,0.006173760164529085,0.019254581816494462,normal
2021-04-20,0.007802517153322697,0.019254581816494462,normal
2021-04-21,0.015481934882700443,0.019254581816494462,normal
2021-04-22,0.008278034627437592,0.019254581816494462,normal
2021-04-23,0.0040020206943154335,0.019254581816494462,normal
2021-04-26,0.00552178081125021,0.019254581816494462,normal
2021-04-27,0.005014133173972368,0.019254581816494462,normal
2021-04-28,0.002474256558343768,0.019254581816494462,normal
2021-04-29,0.007016653660684824,0.019254581816494462,normal
2021-04-30,0.0036171525716781616,0.019254581816494462,normal
2021-05-03,0.002333116950467229,0.019254581816494462,normal
2021-05-04,0.005418427288532257,0.019254581816494462,normal
2021-05-05,0.0027657996397465467,0.019254581816494462,normal
2021-05-06,0.0037399372085928917,0.019254581816494462,normal
2021-05-07,0.004811077378690243,0.019254581816494462,normal
2021-05-10,0.007147521246224642,0.019254581816494462,normal
2021-05-11,0.006034500431269407,0.019254581816494462,normal
2021-05-12,0.019857006147503853,0.019254581816494462,abnormal
2021-05-13,0.028251448646187782,0.019254581816494462,abnormal
2021-05-14,0.010430315509438515,0.019254581816494462,normal
2021-05-17,0.014508472755551338,0.019254581816494462,normal
2021-05-18,0.013084608130156994,0.019254581816494462,normal
2021-05-19,0.028004970401525497,0.019254581816494462,abnormal
2021-05-20,0.020977819338440895,0.019254581816494462,abnormal
2021-05-21,0.009689063765108585,0.019254581816494462,normal
2021-05-24,0.006412716116756201,0.019254581816494462,normal
2021-05-25,0.0050445315428078175,0.019254581816494462,normal
2021-05-26,0.006891172379255295,0.019254581816494462,normal
2021-05-27,0.0032335901632905006,0.019254581816494462,normal
2021-05-28,0.0030013187788426876,0.019254581816494462,normal
2021-06-01,0.0034351861104369164,0.019254581816494462,normal
2021-06-02,0.011381341144442558,0.019254581816494462,normal
2021-06-03,0.006140709854662418,0.019254581816494462,normal
2021-06-04,0.005723629146814346,0.019254581816494462,normal
2021-06-07,0.006276560015976429,0.019254581816494462,normal
2021-06-08,0.006297060754150152,0.019254581816494462,normal
2021-06-09,0.009053731337189674,0.019254581816494462,normal
2021-06-10,0.010439245961606503,0.019254581816494462,normal
2021-06-11,0.009149747900664806,0.019254581816494462,normal
2021-06-14,0.002535587875172496,0.019254581816494462,normal
2021-06-15,0.0024139827582985163,0.019254581816494462,normal
2021-06-16,0.0017310373950749636,0.019254581816494462,normal
2021-06-17,0.004754588007926941,0.019254581816494462,normal
2021-06-18,0.0038959479425102472,0.019254581816494462,normal
2021-06-21,0.005730714648962021,0.019254581816494462,normal
2021-06-22,0.0036359906662255526,0.019254581816494462,normal
2021-06-23,0.0044548227451741695,0.019254581816494462,normal
2021-06-24,0.005700297188013792,0.019254581816494462,normal
2021-06-25,0.012420808896422386,0.019254581816494462,normal
2021-06-28,0.004117827862501144,0.019254581816494462,normal
2021-06-29,0.0029128219466656446,0.019254581816494462,normal
2021-06-30,0.003765886416658759,0.019254581816494462,normal
2021-07-01,0.0029774487484246492,0.019254581816494462,normal
2021-07-02,0.006140843965113163,0.019254581816494462,normal
2021-07-06,0.0066812229342758656,0.019254581816494462,normal
2021-07-07,0.002754347398877144,0.019254581816494462,normal
2021-07-08,0.0024077610578387976,0.019254581816494462,normal
2021-07-09,0.006827738136053085,0.019254581816494462,normal
2021-07-12,0.0036867638118565083,0.019254581816494462,normal
2021-07-13,0.003513417672365904,0.019254581816494462,normal
2021-07-14,0.0024063833989202976,0.019254581816494462,normal
2021-07-15,0.00666358508169651,0.019254581816494462,normal
2021-07-16,0.0013418609742075205,0.019254581816494462,normal
2021-07-19,0.012359355576336384,0.019254581816494462,normal
2021-07-20,0.008861509151756763,0.019254581816494462,normal
2021-07-21,0.0055946605280041695,0.019254581816494462,normal
2021-07-22,0.00969176460057497,0.019254581816494462,normal
2021-07-23,0.009895126335322857,0.019254581816494462,normal
2021-07-26,0.013987858779728413,0.019254581816494462,normal
2021-07-27,0.00259124836884439,0.019254581816494462,normal
2021-07-28,0.0032098237425088882,0.019254581816494462,normal
2021-07-29,0.004600707441568375,0.019254581816494462,normal
2021-07-30,0.0032931978348642588,0.019254581816494462,normal
2021-08-02,0.0020491969771683216,0.019254581816494462,normal
2021-08-03,0.0014470095047727227,0.019254581816494462,normal
2021-08-04,0.0009225254179909825,0.019254581816494462,normal
2021-08-05,0.001976743573322892,0.019254581816494462,normal
2021-08-06,0.00657671270892024,0.019254581816494462,normal
2021-08-09,0.005386633332818747,0.019254581816494462,normal
2021-08-10,0.0036844045389443636,0.019254581816494462,normal
2021-08-11,0.00547616695985198,0.019254581816494462,normal
2021-08-12,0.005637090653181076,0.019254581816494462,normal
2021-08-13,0.005020197946578264,0.019254581816494462,normal
2021-08-16,0.006687580142170191,0.019254581816494462,normal
2021-08-17,0.0033288467675447464,0.019254581816494462,normal
2021-08-18,0.0019455020083114505,0.019254581816494462,normal
2021-08-19,0.007024363148957491,0.019254581816494462,normal
2021-08-20,0.0030338543001562357,0.019254581816494462,normal
2021-08-23,0.007841018959879875,0.019254581816494462,normal
2021-08-24,0.00824329536408186,0.019254581816494462,normal
2021-08-25,0.006122698076069355,0.019254581816494462,normal
2021-08-26,0.0040766955353319645,0.019254581816494462,normal
2021-08-27,0.004553555510938168,0.019254581816494462,normal
2021-08-30,0.0021622348576784134,0.019254581816494462,normal
2021-08-31,0.0032950693275779486,0.019254581816494462,normal
2021-09-01,0.0018243109807372093,0.019254581816494462,normal
2021-09-02,0.0035558282397687435,0.019254581816494462,normal
2021-09-03,0.002208177698776126,0.019254581816494462,normal
2021-09-07,0.0018745390698313713,0.019254581816494462,normal
2021-09-08,0.005750376731157303,0.019254581816494462,normal
2021-09-09,0.005022850353270769,0.019254581816494462,normal
2021-09-10,0.003937705419957638,0.019254581816494462,normal
2021-09-13,0.004230130463838577,0.019254581816494462,normal
2021-09-14,0.005485186353325844,0.019254581816494462,normal
2021-09-15,0.006673391442745924,0.019254581816494462,normal
2021-09-16,0.011342700570821762,0.019254581816494462,normal
2021-09-17,0.007369709201157093,0.019254581816494462,normal
2021-09-20,0.013650057837367058,0.019254581816494462,normal
2021-09-21,0.016749104484915733,0.019254581816494462,normal
2021-09-22,0.011166046373546124,0.019254581816494462,normal
2021-09-23,0.02628765068948269,0.019254581816494462,abnormal
2021-09-24,0.03228101134300232,0.019254581816494462,abnormal
2021-09-27,0.02428996004164219,0.019254581816494462,abnormal
2021-09-28,0.012711347080767155,0.019254581816494462,normal
2021-09-29,0.024962376803159714,0.019254581816494462,abnormal
2021-09-30,0.014642659574747086,0.019254581816494462,normal
2021-10-01,0.010288108140230179,0.019254581816494462,normal
2021-10-04,0.033515624701976776,0.019254581816494462,abnormal
2021-10-05,0.01263283472508192,0.019254581816494462,normal
2021-10-06,0.011623273603618145,0.019254581816494462,normal
2021-10-07,0.0118435462936759,0.019254581816494462,normal
2021-10-08,0.008792931213974953,0.019254581816494462,normal
2021-10-11,0.012131297029554844,0.019254581816494462,normal
2021-10-12,0.010154172778129578,0.019254581816494462,normal
2021-10-13,0.016222015023231506,0.019254581816494462,normal
2021-10-14,0.01359413843601942,0.019254581816494462,normal
2021-10-15,0.014154908247292042,0.019254581816494462,normal
2021-10-18,0.010230539366602898,0.019254581816494462,normal
2021-10-19,0.012942836619913578,0.019254581816494462,normal
2021-10-20,0.01477402076125145,0.019254581816494462,normal
2021-10-21,0.005070377141237259,0.019254581816494462,normal
2021-10-22,0.00276394234970212,0.019254581816494462,normal
2021-10-25,0.006920496001839638,0.019254581816494462,normal
2021-10-26,0.004385110456496477,0.019254581816494462,normal
2021-10-27,0.005501547362655401,0.019254581816494462,normal
2021-10-28,0.007383254356682301,0.019254581816494462,normal
2021-10-29,0.006475925911217928,0.019254581816494462,normal
2021-11-01,0.006704618688672781,0.019254581816494462,normal
2021-11-02,0.006502012722194195,0.019254581816494462,normal
2021-11-03,0.009472601115703583,0.019254581816494462,normal
2021-11-04,0.008708740584552288,0.019254581816494462,normal
2021-11-05,0.011009398847818375,0.019254581816494462,normal
2021-11-08,0.006940595339983702,0.019254581816494462,normal
2021-11-09,0.004445322323590517,0.019254581816494462,normal
2021-11-10,0.005494012031704187,0.019254581816494462,normal
2021-11-11,0.006083016283810139,0.019254581816494462,normal
2021-11-12,0.0038312156684696674,0.019254581816494462,normal
2021-11-15,0.00705848541110754,0.019254581816494462,normal
2021-11-16,0.008333439007401466,0.019254581816494462,normal
2021-11-17,0.006449494510889053,0.019254581816494462,normal
2021-11-18,0.007186288014054298,0.019254581816494462,normal
2021-11-19,0.00445510633289814,0.019254581816494462,normal
2021-11-22,0.0038086827844381332,0.019254581816494462,normal
2021-11-23,0.003109935438260436,0.019254581816494462,normal
2021-11-24,0.0034855518024414778,0.019254581816494462,normal
2021-11-26,0.01162455789744854,0.019254581816494462,normal
2021-11-29,0.010444079525768757,0.019254581816494462,normal
2021-11-30,0.011631433852016926,0.019254581816494462,normal
2021-12-01,0.016996070742607117,0.019254581816494462,normal
2021-12-02,0.015012784861028194,0.019254581816494462,normal
2021-12-03,0.01652972213923931,0.019254581816494462,normal
2021-12-06,0.015862466767430305,0.019254581816494462,normal
2021-12-07,0.018320567905902863,0.019254581816494462,normal
2021-12-08,0.017807217314839363,0.019254581816494462,normal
2021-12-09,0.008823786862194538,0.019254581816494462,normal
2021-12-10,0.029607018455863,0.019254581816494462,abnormal
2021-12-13,0.013586691580712795,0.019254581816494462,normal
2021-12-14,0.007244243752211332,0.019254581816494462,normal
2021-12-15,0.01742676831781864,0.019254581816494462,normal
2021-12-16,0.007464585825800896,0.019254581816494462,normal
2021-12-17,0.016263414174318314,0.019254581816494462,normal
2021-12-20,0.02333693951368332,0.019254581816494462,abnormal
2021-12-21,0.03437618538737297,0.019254581816494462,abnormal
2021-12-22,0.02055792137980461,0.019254581816494462,abnormal
2021-12-23,0.024379562586545944,0.019254581816494462,abnormal
2021-12-27,0.027766522020101547,0.019254581816494462,abnormal
2021-12-28,0.02937518060207367,0.019254581816494462,abnormal
2021-12-29,0.006960088852792978,0.019254581816494462,normal
2021-12-30,0.006004371680319309,0.019254581816494462,normal
2021-12-31,0.0066771600395441055,0.019254581816494462,normal
2022-01-03,0.006222838535904884,0.019254581816494462,normal
2022-01-04,0.004701932892203331,0.019254581816494462,normal
2022-01-05,0.005840549245476723,0.019254581816494462,normal
2022-01-06,0.006080659572035074,0.019254581816494462,normal
2022-01-07,0.008509800769388676,0.019254581816494462,normal
2022-01-10,0.010511594824492931,0.019254581816494462,normal
2022-01-11,0.010433852672576904,0.019254581816494462,normal
2022-01-12,0.01453980803489685,0.019254581816494462,normal
2022-01-13,0.012613333761692047,0.019254581816494462,normal
2022-01-14,0.017023326829075813,0.019254581816494462,normal
2022-01-18,0.014494690112769604,0.019254581816494462,normal
2022-01-19,0.0184676181524992,0.019254581816494462,normal
2022-01-20,0.028636202216148376,0.019254581816494462,abnormal
2022-01-21,0.06592148542404175,0.019254581816494462,abnormal
2022-01-24,0.12579083442687988,0.019254581816494462,abnormal
2022-01-25,0.11192148923873901,0.019254581816494462,abnormal
2022-01-26,0.1257678121328354,0.019254581816494462,abnormal
2022-01-27,0.1356022208929062,0.019254581816494462,abnormal
2022-01-28,0.10012012720108032,0.019254581816494462,abnormal
2022-01-31,0.10482822358608246,0.019254581816494462,abnormal
2022-02-01,0.0860494077205658,0.019254581816494462,abnormal
2022-02-02,0.07679583877325058,0.019254581816494462,abnormal
2022-02-03,0.07363659888505936,0.019254581816494462,abnormal
2022-02-04,0.08013715595006943,0.019254581816494462,abnormal
2022-02-07,0.038562990725040436,0.019254581816494462,abnormal
2022-02-08,0.026000244542956352,0.019254581816494462,abnormal
2022-02-09,0.03503357991576195,0.019254581816494462,abnormal
2022-02-10,0.035313885658979416,0.019254581816494462,abnormal
2022-02-11,0.024643801152706146,0.019254581816494462,abnormal
2022-02-14,0.048500776290893555,0.019254581816494462,abnormal
2022-02-15,0.028390981256961823,0.019254581816494462,abnormal
2022-02-16,0.02957165241241455,0.019254581816494462,abnormal
2022-02-17,0.02917393296957016,0.019254581816494462,abnormal
2022-02-18,0.028124766424298286,0.019254581816494462,abnormal
2022-02-22,0.035359956324100494,0.019254581816494462,abnormal
2022-02-23,0.06344158202409744,0.019254581816494462,abnormal
2022-02-24,0.06701607257127762,0.019254581816494462,abnormal
2022-02-25,0.05199987068772316,0.019254581816494462,abnormal
2022-02-28,0.04025408625602722,0.019254581816494462,abnormal
2022-03-01,0.016041850671172142,0.019254581816494462,normal
2022-03-02,0.09158168733119965,0.019254581816494462,abnormal
2022-03-03,0.015559433028101921,0.019254581816494462,normal
2022-03-04,0.007503612898290157,0.019254581816494462,normal
2022-03-07,0.04141739010810852,0.019254581816494462,abnormal
2022-03-08,0.05557403713464737,0.019254581816494462,abnormal
2022-03-09,0.04005522280931473,0.019254581816494462,abnormal
2022-03-10,0.035858817398548126,0.019254581816494462,abnormal
2022-03-11,0.04225509986281395,0.019254581816494462,abnormal
2022-03-14,0.03127541393041611,0.019254581816494462,abnormal
2022-03-15,0.07746592164039612,0.019254581816494462,abnormal
2022-03-16,0.020476290956139565,0.019254581816494462,abnormal
2022-03-17,0.03789546713232994,0.019254581816494462,abnormal
2022-03-18,0.043624311685562134,0.019254581816494462,abnormal
2022-03-21,0.06007285788655281,0.019254581816494462,abnormal
2022-03-22,0.054145317524671555,0.019254581816494462,abnormal
2022-03-23,0.03730156645178795,0.019254581816494462,abnormal
2022-03-24,0.03171638026833534,0.019254581816494462,abnormal
2022-03-25,0.02156829461455345,0.019254581816494462,abnormal
2022-03-28,0.017198408022522926,0.019254581816494462,normal
2022-03-29,0.015671083703637123,0.019254581816494462,normal
2022-03-30,0.020232440903782845,0.019254581816494462,abnormal
2022-03-31,0.03520459681749344,0.019254581816494462,abnormal
2022-04-01,0.03599895164370537,0.019254581816494462,abnormal
2022-04-04,0.021544598042964935,0.019254581816494462,abnormal
2022-04-05,0.0873260572552681,0.019254581816494462,abnormal
2022-04-06,0.05374576151371002,0.019254581816494462,abnormal
2022-04-07,0.031269948929548264,0.019254581816494462,abnormal
2022-04-08,0.03037070855498314,0.019254581816494462,abnormal
2022-04-11,0.0736026018857956,0.019254581816494462,abnormal
2022-04-12,0.04208962991833687,0.019254581816494462,abnormal
2022-04-13,0.026570364832878113,0.019254581816494462,abnormal
2022-04-14,0.024793589487671852,0.019254581816494462,abnormal
2022-04-18,0.01507246121764183,0.019254581816494462,normal
2022-04-19,0.0329325832426548,0.019254581816494462,abnormal
2022-04-20,0.020275697112083435,0.019254581816494462,abnormal
2022-04-21,0.01926167868077755,0.019254581816494462,abnormal
2022-04-22,0.033791761845350266,0.019254581816494462,abnormal
2022-04-25,0.061976321041584015,0.019254581816494462,abnormal
2022-04-26,0.07535041868686676,0.019254581816494462,abnormal
2022-04-27,0.03320113196969032,0.019254581816494462,abnormal
2022-04-28,0.019719071686267853,0.019254581816494462,abnormal
2022-04-29,0.10089288651943207,0.019254581816494462,abnormal
2022-05-02,0.03886004909873009,0.019254581816494462,abnormal
2022-05-03,0.06120296195149422,0.019254581816494462,abnormal
2022-05-04,0.05571026727557182,0.019254581816494462,abnormal
2022-05-05,0.146021768450737,0.019254581816494462,abnormal
2022-05-06,0.06262130290269852,0.019254581816494462,abnormal
2022-05-09,0.13280686736106873,0.019254581816494462,abnormal
2022-05-10,0.15400628745555878,0.019254581816494462,abnormal
2022-05-11,0.17486794292926788,0.019254581816494462,abnormal
2022-05-12,0.085154689848423,0.019254581816494462,abnormal
2022-05-13,0.0710330680012703,0.019254581816494462,abnormal
2022-05-16,0.07584146410226822,0.019254581816494462,abnormal
2022-05-17,0.043319862335920334,0.019254581816494462,abnormal
2022-05-18,0.07139169424772263,0.019254581816494462,abnormal
2022-05-19,0.13571317493915558,0.019254581816494462,abnormal
2022-05-20,0.06132917478680611,0.019254581816494462,abnormal
2022-05-23,0.05821795016527176,0.019254581816494462,abnormal
2022-05-24,0.11634629964828491,0.019254581816494462,abnormal
2022-05-25,0.03877834975719452,0.019254581816494462,abnormal
2022-05-26,0.03855302184820175,0.019254581816494462,abnormal
2022-05-27,0.06854568421840668,0.019254581816494462,abnormal
2022-05-31,0.0459974929690361,0.019254581816494462,abnormal
2022-06-01,0.030509483069181442,0.019254581816494462,abnormal
2022-06-02,0.07674140483140945,0.019254581816494462,abnormal
2022-06-03,0.041818100959062576,0.019254581816494462,abnormal
2022-06-06,0.030741818249225616,0.019254581816494462,abnormal
2022-06-07,0.04755546897649765,0.019254581816494462,abnormal
2022-06-08,0.04292925074696541,0.019254581816494462,abnormal
2022-06-09,0.06657583266496658,0.019254581816494462,abnormal
2022-06-10,0.10503509640693665,0.019254581816494462,abnormal
2022-06-13,0.23901787400245667,0.019254581816494462,abnormal
2022-06-14,0.2141369879245758,0.019254581816494462,abnormal
2022-06-15,0.14007054269313812,0.019254581816494462,abnormal
2022-06-16,0.33110642433166504,0.019254581816494462,abnormal
2022-06-17,0.22916477918624878,0.019254581816494462,abnormal
2022-06-21,0.24748675525188446,0.019254581816494462,abnormal
2022-06-22,0.17981424927711487,0.019254581816494462,abnormal
2022-06-23,0.1914902925491333,0.019254581816494462,abnormal
2022-06-24,0.29162195324897766,0.019254581816494462,abnormal
2022-06-27,0.18488885462284088,0.019254581816494462,abnormal
2022-06-28,0.1147332638502121,0.019254581816494462,abnormal
2022-06-29,0.14472436904907227,0.019254581816494462,abnormal
2022-06-30,0.11790788918733597,0.019254581816494462,abnormal
2022-07-01,0.07300582528114319,0.019254581816494462,abnormal
2022-07-05,0.06302182376384735,0.019254581816494462,abnormal
2022-07-06,0.047732871025800705,0.019254581816494462,abnormal
2022-07-07,0.03933635726571083,0.019254581816494462,abnormal
2022-07-08,0.05184444785118103,0.019254581816494462,abnormal
2022-07-11,0.019086414948105812,0.019254581816494462,normal
2022-07-12,0.015528766438364983,0.019254581816494462,normal
2022-07-13,0.020477617159485817,0.019254581816494462,abnormal
2022-07-14,0.01893298327922821,0.019254581816494462,normal
2022-07-15,0.03362257406115532,0.019254581816494462,abnormal
2022-07-18,0.025290388613939285,0.019254581816494462,abnormal
2022-07-19,0.0247638002038002,0.019254581816494462,abnormal
2022-07-20,0.03352188691496849,0.019254581816494462,abnormal
2022-07-21,0.04591573774814606,0.019254581816494462,abnormal
2022-07-22,0.025487348437309265,0.019254581816494462,abnormal
2022-07-25,0.039160776883363724,0.019254581816494462,abnormal
2022-07-26,0.015838027000427246,0.019254581816494462,normal
2022-07-27,0.03384336456656456,0.019254581816494462,abnormal
2022-07-28,0.03702249750494957,0.019254581816494462,abnormal
2022-07-29,0.022137321531772614,0.019254581816494462,abnormal
2022-08-01,0.018084010109305382,0.019254581816494462,normal
2022-08-02,0.03309961035847664,0.019254581816494462,abnormal
2022-08-03,0.016169141978025436,0.019254581816494462,normal
2022-08-04,0.016223467886447906,0.019254581816494462,normal
2022-08-05,0.018500374630093575,0.019254581816494462,normal
2022-08-08,0.010990606620907784,0.019254581816494462,normal
2022-08-09,0.01651674509048462,0.019254581816494462,normal
2022-08-10,0.019136203452944756,0.019254581816494462,normal
2022-08-11,0.015331774950027466,0.019254581816494462,normal
2022-08-12,0.012465433217585087,0.019254581816494462,normal
2022-08-15,0.019542453810572624,0.019254581816494462,abnormal
2022-08-16,0.010678112506866455,0.019254581816494462,normal
2022-08-17,0.005708759184926748,0.019254581816494462,normal
2022-08-18,0.013390825130045414,0.019254581816494462,normal
2022-08-19,0.027466554194688797,0.019254581816494462,abnormal
2022-08-22,0.08948738127946854,0.019254581816494462,abnormal
2022-08-23,0.07302939146757126,0.019254581816494462,abnormal
2022-08-24,0.021975386887788773,0.019254581816494462,abnormal
2022-08-25,0.022784417495131493,0.019254581816494462,abnormal
2022-08-26,0.07823711633682251,0.019254581816494462,abnormal
2022-08-29,0.09162106364965439,0.019254581816494462,abnormal
2022-08-30,0.08752061426639557,0.019254581816494462,abnormal
2022-08-31,0.07337217032909393,0.019254581816494462,abnormal
2022-09-01,0.08048990368843079,0.019254581816494462,abnormal
2022-09-02,0.1134699285030365,0.019254581816494462,abnormal
2022-09-06,0.1176493763923645,0.019254581816494462,abnormal
2022-09-07,0.11778157204389572,0.019254581816494462,abnormal
2022-09-08,0.12037377059459686,0.019254581816494462,abnormal
2022-09-09,0.10737980157136917,0.019254581816494462,abnormal
2022-09-12,0.09847396612167358,0.019254581816494462,abnormal
2022-09-13,0.09358981251716614,0.019254581816494462,abnormal
2022-09-14,0.13749563694000244,0.019254581816494462,abnormal
2022-09-15,0.09625402092933655,0.019254581816494462,abnormal
2022-09-16,0.06865441054105759,0.019254581816494462,abnormal
2022-09-19,0.04721752926707268,0.019254581816494462,abnormal
2022-09-20,0.0322616845369339,0.019254581816494462,abnormal
2022-09-21,0.05715065076947212,0.019254581816494462,abnormal
2022-09-22,0.0452328622341156,0.019254581816494462,abnormal
2022-09-23,0.05190889537334442,0.019254581816494462,abnormal
2022-09-26,0.10778960585594177,0.019254581816494462,abnormal
2022-09-27,0.10559291392564774,0.019254581816494462,abnormal
2022-09-28,0.07468012720346451,0.019254581816494462,abnormal
2022-09-29,0.1499367654323578,0.019254581816494462,abnormal
2022-09-30,0.14972227811813354,0.019254581816494462,abnormal
2022-10-03,0.12864863872528076,0.019254581816494462,abnormal
2022-10-04,0.11728889495134354,0.019254581816494462,abnormal
2022-10-05,0.10101219266653061,0.019254581816494462,abnormal
2022-10-06,0.0550667867064476,0.019254581816494462,abnormal
2022-10-07,0.0991162583231926,0.019254581816494462,abnormal
2022-10-10,0.14084123075008392,0.019254581816494462,abnormal
2022-10-11,0.04590637981891632,0.019254581816494462,abnormal
2022-10-12,0.046939026564359665,0.019254581816494462,abnormal
2022-10-13,0.04410916194319725,0.019254581816494462,abnormal
2022-10-14,0.05301322788000107,0.019254581816494462,abnormal
2022-10-17,0.042642444372177124,0.019254581816494462,abnormal
2022-10-18,0.040048956871032715,0.019254581816494462,abnormal
2022-10-19,0.0515015609562397,0.019254581816494462,abnormal
2022-10-20,0.02710883319377899,0.019254581816494462,abnormal
2022-10-21,0.08887553960084915,0.019254581816494462,abnormal
2022-10-24,0.03454964980483055,0.019254581816494462,abnormal
2022-10-25,0.06202654913067818,0.019254581816494462,abnormal
2022-10-26,0.03804202377796173,0.019254581816494462,abnormal
2022-10-27,0.07138825953006744,0.019254581816494462,abnormal
2022-10-28,0.056151133030653,0.019254581816494462,abnormal
2022-10-31,0.038011208176612854,0.019254581816494462,abnormal
2022-11-01,0.0483410619199276,0.019254581816494462,abnormal
2022-11-02,0.06239890307188034,0.019254581816494462,abnormal
2022-11-03,0.08022449910640717,0.019254581816494462,abnormal
2022-11-04,0.07908829301595688,0.019254581816494462,abnormal
2022-11-07,0.05833921208977699,0.019254581816494462,abnormal
2022-11-08,0.06700689345598221,0.019254581816494462,abnormal
2022-11-09,0.08691750466823578,0.019254581816494462,abnormal
2022-11-10,0.19690673053264618,0.019254581816494462,abnormal
2022-11-11,0.12114127725362778,0.019254581816494462,abnormal
2022-11-14,0.1313059777021408,0.019254581816494462,abnormal
2022-11-15,0.1044272780418396,0.019254581816494462,abnormal
2022-11-16,0.21129266917705536,0.019254581816494462,abnormal
2022-11-17,0.046184007078409195,0.019254581816494462,abnormal
2022-11-18,0.041869357228279114,0.019254581816494462,abnormal
2022-11-21,0.02889542281627655,0.019254581816494462,abnormal
2022-11-22,0.02552076429128647,0.019254581816494462,abnormal
2022-11-23,0.027501055970788002,0.019254581816494462,abnormal
2022-11-25,0.03379535675048828,0.019254581816494462,abnormal
2022-11-28,0.03720622882246971,0.019254581816494462,abnormal
2022-11-29,0.04582097753882408,0.019254581816494462,abnormal
2022-11-30,0.09136004000902176,0.019254581816494462,abnormal
2022-12-01,0.04531408101320267,0.019254581816494462,abnormal
2022-12-02,0.0359271802008152,0.019254581816494462,abnormal
2022-12-05,0.0687713772058487,0.019254581816494462,abnormal
2022-12-06,0.13425233960151672,0.019254581816494462,abnormal
2022-12-07,0.06705230474472046,0.019254581816494462,abnormal
2022-12-08,0.09849490970373154,0.019254581816494462,abnormal
2022-12-09,0.03204422444105148,0.019254581816494462,abnormal
2022-12-12,0.016600359231233597,0.019254581816494462,normal
2022-12-13,0.021666841581463814,0.019254581816494462,abnormal
2022-12-14,0.017395786941051483,0.019254581816494462,normal
2022-12-15,0.03780658170580864,0.019254581816494462,abnormal
2022-12-16,0.08795839548110962,0.019254581816494462,abnormal
2022-12-19,0.08046429604291916,0.019254581816494462,abnormal
2022-12-20,0.0376407615840435,0.019254581816494462,abnormal
2022-12-21,0.04394213855266571,0.019254581816494462,abnormal
2022-12-22,0.05957787111401558,0.019254581816494462,abnormal
2022-12-23,0.04314231872558594,0.019254581816494462,abnormal
2022-12-27,0.05859876051545143,0.019254581816494462,abnormal
2022-12-28,0.051929179579019547,0.019254581816494462,abnormal
2022-12-29,0.020418602973222733,0.019254581816494462,abnormal
2022-12-30,0.021836481988430023,0.019254581816494462,abnormal
2023-01-03,0.02510547824203968,0.019254581816494462,abnormal
2023-01-04,0.017654450610280037,0.019254581816494462,normal
2023-01-05,0.0220231544226408,0.019254581816494462,abnormal
2023-01-06,0.018752997741103172,0.019254581816494462,normal
2023-01-09,0.007374183274805546,0.019254581816494462,normal
2023-01-10,0.010028022341430187,0.019254581816494462,normal
2023-01-11,0.006616081576794386,0.019254581816494462,normal
2023-01-12,0.013726363889873028,0.019254581816494462,normal
2023-01-13,0.006654811091721058,0.019254581816494462,normal
2023-01-17,0.005745274014770985,0.019254581816494462,normal
2023-01-18,0.011798241175711155,0.019254581816494462,normal
2023-01-19,0.01769976317882538,0.019254581816494462,normal
2023-01-20,0.01348965149372816,0.019254581816494462,normal
2023-01-23,0.014227628707885742,0.019254581816494462,normal
2023-01-24,0.020561804994940758,0.019254581816494462,abnormal
2023-01-25,0.009657161310315132,0.019254581816494462,normal
2023-01-26,0.028373386710882187,0.019254581816494462,abnormal
2023-01-27,0.00825448241084814,0.019254581816494462,normal
2023-01-30,0.008019846864044666,0.019254581816494462,normal
2023-01-31,0.010206224396824837,0.019254581816494462,normal
2023-02-01,0.005588193889707327,0.019254581816494462,normal
2023-02-02,0.014666170813143253,0.019254581816494462,normal
2023-02-03,0.016620147973299026,0.019254581816494462,normal
2023-02-06,0.01991724967956543,0.019254581816494462,abnormal
2023-02-07,0.015350176952779293,0.019254581816494462,normal
2023-02-08,0.013149883598089218,0.019254581816494462,normal
2023-02-09,0.0170307457447052,0.019254581816494462,normal
2023-02-10,0.006972981616854668,0.019254581816494462,normal
2023-02-13,0.010161229409277439,0.019254581816494462,normal
2023-02-14,0.01693258248269558,0.019254581816494462,normal
2023-02-15,0.010694893077015877,0.019254581816494462,normal
2023-02-16,0.033862028270959854,0.019254581816494462,abnormal
2023-02-17,0.031046545132994652,0.019254581816494462,abnormal
2023-02-21,0.030583098530769348,0.019254581816494462,abnormal
2023-02-22,0.023018861189484596,0.019254581816494462,abnormal
2023-02-23,0.01690448261797428,0.019254581816494462,normal
2023-02-24,0.02439270354807377,0.019254581816494462,abnormal
2023-02-27,0.02269754745066166,0.019254581816494462,abnormal
2023-02-28,0.03118458203971386,0.019254581816494462,abnormal
2023-03-01,0.0279094111174345,0.019254581816494462,abnormal
2023-03-02,0.030185449868440628,0.019254581816494462,abnormal
2023-03-03,0.03444806858897209,0.019254581816494462,abnormal
2023-03-06,0.030736513435840607,0.019254581816494462,abnormal
2023-03-07,0.02103714644908905,0.019254581816494462,abnormal
2023-03-08,0.03829309344291687,0.019254581816494462,abnormal
2023-03-09,0.02256166562438011,0.019254581816494462,abnormal
2023-03-10,0.025670839473605156,0.019254581816494462,abnormal
2023-03-13,0.023115504533052444,0.019254581816494462,abnormal
2023-03-14,0.008753976784646511,0.019254581816494462,normal
2023-03-15,0.055867671966552734,0.019254581816494462,abnormal
2023-03-16,0.014674792997539043,0.019254581816494462,normal
2023-03-17,0.010604651644825935,0.019254581816494462,normal
2023-03-20,0.034034207463264465,0.019254581816494462,abnormal
2023-03-21,0.009130642749369144,0.019254581816494462,normal
2023-03-22,0.010952766984701157,0.019254581816494462,normal
2023-03-23,0.012673722580075264,0.019254581816494462,normal
2023-03-24,0.01736828312277794,0.019254581816494462,normal
2023-03-27,0.006426751613616943,0.019254581816494462,normal
2023-03-28,0.0102563900873065,0.019254581816494462,normal
2023-03-29,0.010963104665279388,0.019254581816494462,normal
2023-03-30,0.013915132731199265,0.019254581816494462,normal
2023-03-31,0.009639840573072433,0.019254581816494462,normal
2023-04-03,0.013087310828268528,0.019254581816494462,normal
2023-04-04,0.01287162210792303,0.019254581816494462,normal
2023-04-05,0.008449234999716282,0.019254581816494462,normal
2023-04-06,0.010189303196966648,0.019254581816494462,normal
2023-04-10,0.0057757641188800335,0.019254581816494462,normal
2023-04-11,0.008344280533492565,0.019254581816494462,normal
2023-04-12,0.0025368724018335342,0.019254581816494462,normal
2023-04-13,0.007518058177083731,0.019254581816494462,normal
2023-04-14,0.00573361711576581,0.019254581816494462,normal
2023-04-17,0.00547649385407567,0.019254581816494462,normal
2023-04-18,0.005284082144498825,0.019254581816494462,normal
2023-04-19,0.008992648683488369,0.019254581816494462,normal
2023-04-20,0.0033386051654815674,0.019254581816494462,normal
2023-04-21,0.004106234759092331,0.019254581816494462,normal
2023-04-24,0.003905627643689513,0.019254581816494462,normal
2023-04-25,0.004334915429353714,0.019254581816494462,normal
2023-04-26,0.01008137222379446,0.019254581816494462,normal
2023-04-27,0.009486045688390732,0.019254581816494462,normal
2023-04-28,0.012491155415773392,0.019254581816494462,normal
2023-05-01,0.013173695653676987,0.019254581816494462,normal
2023-05-02,0.0068000261671841145,0.019254581816494462,normal
2023-05-03,0.0285972710698843,0.019254581816494462,abnormal
2023-05-04,0.005787265952676535,0.019254581816494462,normal
2023-05-05,0.003872284898534417,0.019254581816494462,normal
2023-05-08,0.015260722488164902,0.019254581816494462,normal
2023-05-09,0.005229347851127386,0.019254581816494462,normal
2023-05-10,0.007699843496084213,0.019254581816494462,normal
2023-05-11,0.011428295634686947,0.019254581816494462,normal
2023-05-12,0.002890494652092457,0.019254581816494462,normal
2023-05-15,0.0048756408505141735,0.019254581816494462,normal
2023-05-16,0.006385130807757378,0.019254581816494462,normal
2023-05-17,0.0029559750109910965,0.019254581816494462,normal
2023-05-18,0.007062769029289484,0.019254581816494462,normal
2023-05-19,0.006912984885275364,0.019254581816494462,normal
2023-05-22,0.003102206625044346,0.019254581816494462,normal
2023-05-23,0.009873260743916035,0.019254581816494462,normal
2023-05-24,0.020642902702093124,0.019254581816494462,abnormal
2023-05-25,0.0048883818089962006,0.019254581816494462,normal
2023-05-26,0.0061726924031972885,0.019254581816494462,normal
2023-05-30,0.013661724515259266,0.019254581816494462,normal
2023-05-31,0.00312759424559772,0.019254581816494462,normal
2023-06-01,0.010579431429505348,0.019254581816494462,normal
2023-06-02,0.005196752026677132,0.019254581816494462,normal
2023-06-05,0.009176388382911682,0.019254581816494462,normal
2023-06-06,0.0031496724113821983,0.019254581816494462,normal
2023-06-07,0.005459161940962076,0.019254581816494462,normal
2023-06-08,0.011393636465072632,0.019254581816494462,normal
2023-06-09,0.007480112835764885,0.019254581816494462,normal
2023-06-12,0.006763134617358446,0.019254581816494462,normal
2023-06-13,0.007132233120501041,0.019254581816494462,normal
2023-06-14,0.008215002715587616,0.019254581816494462,normal
2023-06-15,0.01223157998174429,0.019254581816494462,normal
2023-06-16,0.009071611799299717,0.019254581816494462,normal
2023-06-20,0.006992227863520384,0.019254581816494462,normal
2023-06-21,0.008372187614440918,0.019254581816494462,normal
2023-06-22,0.00826667807996273,0.019254581816494462,normal
2023-06-23,0.015096845105290413,0.019254581816494462,normal
2023-06-26,0.004307676572352648,0.019254581816494462,normal
2023-06-27,0.004509118385612965,0.019254581816494462,normal
2023-06-28,0.007001904770731926,0.019254581816494462,normal
2023-06-29,0.0075630913488566875,0.019254581816494462,normal
2023-06-30,0.01058376207947731,0.019254581816494462,normal
2023-07-03,0.010777427814900875,0.019254581816494462,normal
2023-07-05,0.0033277468755841255,0.019254581816494462,normal
2023-07-06,0.003257541451603174,0.019254581816494462,normal
2023-07-07,0.009630818851292133,0.019254581816494462,normal
2023-07-10,0.0037057679146528244,0.019254581816494462,normal
2023-07-11,0.004102545790374279,0.019254581816494462,normal
2023-07-12,0.008778762072324753,0.019254581816494462,normal
2023-07-13,0.007760737091302872,0.019254581816494462,normal
2023-07-14,0.005333281587809324,0.019254581816494462,normal
2023-07-17,0.00423022685572505,0.019254581816494462,normal
2023-07-18,0.004332796670496464,0.019254581816494462,normal
2023-07-19,0.002774344990029931,0.019254581816494462,normal
2023-07-20,0.003915144596248865,0.019254581816494462,normal
2023-07-21,0.006376433186233044,0.019254581816494462,normal
2023-07-24,0.005319846328347921,0.019254581816494462,normal
2023-07-25,0.00406453525647521,0.019254581816494462,normal
2023-07-26,0.007616530638188124,0.019254581816494462,normal
2023-07-27,0.009551752358675003,0.019254581816494462,normal
2023-07-28,0.007600621320307255,0.019254581816494462,normal
2023-07-31,0.0038854896556586027,0.019254581816494462,normal
2023-08-01,0.0031944182701408863,0.019254581816494462,normal
2023-08-02,0.006272518076002598,0.019254581816494462,normal
2023-08-03,0.016206849366426468,0.019254581816494462,normal
2023-08-04,0.006581414025276899,0.019254581816494462,normal
2023-08-07,0.003977625165134668,0.019254581816494462,normal
2023-08-08,0.011307774111628532,0.019254581816494462,normal
2023-08-09,0.010323681868612766,0.019254581816494462,normal
2023-08-10,0.011942773126065731,0.019254581816494462,normal
2023-08-11,0.011884286999702454,0.019254581816494462,normal
2023-08-14,0.012603485956788063,0.019254581816494462,normal
2023-08-15,0.020374590530991554,0.019254581816494462,abnormal
2023-08-16,0.012622285634279251,0.019254581816494462,normal
2023-08-17,0.014810011722147465,0.019254581816494462,normal
2023-08-18,0.021264243870973587,0.019254581816494462,abnormal
2023-08-21,0.02809971757233143,0.019254581816494462,abnormal
2023-08-22,0.038785241544246674,0.019254581816494462,abnormal
2023-08-23,0.031767282634973526,0.019254581816494462,abnormal
2023-08-24,0.023053452372550964,0.019254581816494462,abnormal
2023-08-25,0.02577940747141838,0.019254581816494462,abnormal
2023-08-28,0.020195815712213516,0.019254581816494462,abnormal
2023-08-29,0.014398646540939808,0.019254581816494462,normal
2023-08-30,0.02004561573266983,0.019254581816494462,abnormal
2023-08-31,0.008597363717854023,0.019254581816494462,normal
2023-09-01,0.010380778461694717,0.019254581816494462,normal
2023-09-05,0.010379953309893608,0.019254581816494462,normal
2023-09-06,0.006395936477929354,0.019254581816494462,normal
2023-09-07,0.005774039775133133,0.019254581816494462,normal
2023-09-08,0.002622217871248722,0.019254581816494462,normal
2023-09-11,0.003615383291617036,0.019254581816494462,normal
2023-09-12,0.004699162673205137,0.019254581816494462,normal
2023-09-13,0.003371615195646882,0.019254581816494462,normal
2023-09-14,0.003547066356986761,0.019254581816494462,normal
2023-09-15,0.004696620628237724,0.019254581816494462,normal
2023-09-18,0.005957046058028936,0.019254581816494462,normal
2023-09-19,0.006647103000432253,0.019254581816494462,normal
2023-09-20,0.005728495307266712,0.019254581816494462,normal
2023-09-21,0.015288910828530788,0.019254581816494462,normal
2023-09-22,0.01574900932610035,0.019254581816494462,normal
2023-09-25,0.016933877021074295,0.019254581816494462,normal
2023-09-26,0.03827979415655136,0.019254581816494462,abnormal
2023-09-27,0.0370468907058239,0.019254581816494462,abnormal
2023-09-28,0.048422832041978836,0.019254581816494462,abnormal
2023-09-29,0.06693628430366516,0.019254581816494462,abnormal
2023-10-02,0.06693605333566666,0.019254581816494462,abnormal
2023-10-03,0.06618455797433853,0.019254581816494462,abnormal
2023-10-04,0.07536581158638,0.019254581816494462,abnormal
2023-10-05,0.07651354372501373,0.019254581816494462,abnormal
2023-10-06,0.06358843296766281,0.019254581816494462,abnormal
2023-10-09,0.0635145753622055,0.019254581816494462,abnormal
2023-10-10,0.05204261839389801,0.019254581816494462,abnormal
2023-10-11,0.025485815480351448,0.019254581816494462,abnormal
2023-10-12,0.017694437876343727,0.019254581816494462,normal
2023-10-13,0.01887155883014202,0.019254581816494462,normal
2023-10-16,0.010760270059108734,0.019254581816494462,normal
2023-10-17,0.005971495062112808,0.019254581816494462,normal
2023-10-18,0.017530815675854683,0.019254581816494462,normal
2023-10-19,0.01027023047208786,0.019254581816494462,normal
2023-10-20,0.010508652776479721,0.019254581816494462,normal
2023-10-23,0.008639838546514511,0.019254581816494462,normal
2023-10-24,0.01303115300834179,0.019254581816494462,normal
2023-10-25,0.020631788298487663,0.019254581816494462,abnormal
2023-10-26,0.016786664724349976,0.019254581816494462,normal
2023-10-27,0.026540014892816544,0.019254581816494462,abnormal
2023-10-30,0.021000904962420464,0.019254581816494462,abnormal
2023-10-31,0.038010839372873306,0.019254581816494462,abnormal
2023-11-01,0.050076596438884735,0.019254581816494462,abnormal
2023-11-02,0.07040654867887497,0.019254581816494462,abnormal
2023-11-03,0.08094102144241333,0.019254581816494462,abnormal
2023-11-06,0.044007621705532074,0.019254581816494462,abnormal
2023-11-07,0.03255646675825119,0.019254581816494462,abnormal
2023-11-08,0.02608758583664894,0.019254581816494462,abnormal
2023-11-09,0.011466055177152157,0.019254581816494462,normal
2023-11-10,0.02056545950472355,0.019254581816494462,abnormal
2023-11-13,0.018572384491562843,0.019254581816494462,normal
2023-11-14,0.02427000366151333,0.019254581816494462,abnormal
2023-11-15,0.01667065918445587,0.019254581816494462,normal
2023-11-16,0.014428763650357723,0.019254581816494462,normal
2023-11-17,0.011794212274253368,0.019254581816494462,normal
2023-11-20,0.0180180836468935,0.019254581816494462,normal
2023-11-21,0.013743781484663486,0.019254581816494462,normal
2023-11-22,0.01371817011386156,0.019254581816494462,normal
2023-11-24,0.022111741825938225,0.019254581816494462,abnormal
2023-11-27,0.008169732987880707,0.019254581816494462,normal
2023-11-28,0.00349862570874393,0.019254581816494462,normal
2023-11-29,0.0037547568790614605,0.019254581816494462,normal
2023-11-30,0.012048840522766113,0.019254581816494462,normal
2023-12-01,0.008397860452532768,0.019254581816494462,normal
2023-12-04,0.007602327968925238,0.019254581816494462,normal
2023-12-05,0.005279300734400749,0.019254581816494462,normal
2023-12-06,0.005338164046406746,0.019254581816494462,normal
2023-12-07,0.005630603525787592,0.019254581816494462,normal
2023-12-08,0.011064818128943443,0.019254581816494462,normal
2023-12-11,0.0060427626594901085,0.019254581816494462,normal
2023-12-12,0.009122097864747047,0.019254581816494462,normal
2023-12-13,0.012751850299537182,0.019254581816494462,normal
2023-12-14,0.025137171149253845,0.019254581816494462,abnormal
2023-12-15,0.02272678166627884,0.019254581816494462,abnormal
2023-12-18,0.006630871444940567,0.019254581816494462,normal
2023-12-19,0.007872435264289379,0.019254581816494462,normal
2023-12-20,0.016105707734823227,0.019254581816494462,normal
2023-12-21,0.009692740626633167,0.019254581816494462,normal
2023-12-22,0.00458466587588191,0.019254581816494462,normal
2023-12-26,0.004357564263045788,0.019254581816494462,normal
2023-12-27,0.006483092438429594,0.019254581816494462,normal
2023-12-28,0.005350836552679539,0.019254581816494462,normal
2023-12-29,0.005634414963424206,0.019254581816494462,normal
2024-01-02,0.004965622443705797,0.019254581816494462,normal
2024-01-03,0.0041353520937263966,0.019254581816494462,normal
2024-01-04,0.0037522788625210524,0.019254581816494462,normal
2024-01-05,0.0047220936976373196,0.019254581816494462,normal
2024-01-08,0.00832968670874834,0.019254581816494462,normal
2024-01-09,0.011736448854207993,0.019254581816494462,normal
2024-01-10,0.008169296197593212,0.019254581816494462,normal
2024-01-11,0.013979405164718628,0.019254581816494462,normal
2024-01-12,0.009199381805956364,0.019254581816494462,normal
2024-01-16,0.0034237573854625225,0.019254581816494462,normal
2024-01-17,0.006331519223749638,0.019254581816494462,normal
2024-01-18,0.003847674932330847,0.019254581816494462,normal
2024-01-19,0.005038554314523935,0.019254581816494462,normal
2024-01-22,0.009238089434802532,0.019254581816494462,normal
2024-01-23,0.003448265139013529,0.019254581816494462,normal
2024-01-24,0.006903677713125944,0.019254581816494462,normal
2024-01-25,0.004805577453225851,0.019254581816494462,normal
2024-01-26,0.0034515573643147945,0.019254581816494462,normal
2024-01-29,0.002936798380687833,0.019254581816494462,normal
2024-01-30,0.002605369547381997,0.019254581816494462,normal
2024-01-31,0.015659332275390625,0.019254581816494462,normal
2024-02-01,0.01066737249493599,0.019254581816494462,normal
2024-02-02,0.006645784247666597,0.019254581816494462,normal
2024-02-05,0.007974124513566494,0.019254581816494462,normal
2024-02-06,0.0031059703323990107,0.019254581816494462,normal
2024-02-07,0.011900467798113823,0.019254581816494462,normal
2024-02-08,0.0038923081010580063,0.019254581816494462,normal
2024-02-09,0.005736446473747492,0.019254581816494462,normal
2024-02-12,0.002927069552242756,0.019254581816494462,normal
2024-02-13,0.009769837372004986,0.019254581816494462,normal
2024-02-14,0.006720846053212881,0.019254581816494462,normal
2024-02-15,0.0019205048447474837,0.019254581816494462,normal
2024-02-16,0.0064627728424966335,0.019254581816494462,normal
2024-02-20,0.002215186832472682,0.019254581816494462,normal
2024-02-21,0.014253484085202217,0.019254581816494462,normal
2024-02-22,0.004995111376047134,0.019254581816494462,normal
2024-02-23,0.014310524798929691,0.019254581816494462,normal
2024-02-26,0.004498348571360111,0.019254581816494462,normal
2024-02-27,0.009747792966663837,0.019254581816494462,normal
2024-02-28,0.015525992959737778,0.019254581816494462,normal
2024-02-29,0.004104006569832563,0.019254581816494462,normal
2024-03-01,0.004434025380760431,0.019254581816494462,normal
2024-03-04,0.0035046495031565428,0.019254581816494462,normal
2024-03-05,0.00353879202157259,0.019254581816494462,normal
2024-03-06,0.0068921721540391445,0.019254581816494462,normal
2024-03-07,0.0031593700405210257,0.019254581816494462,normal
2024-03-08,0.006465858314186335,0.019254581816494462,normal
2024-03-11,0.002408650005236268,0.019254581816494462,normal
2024-03-12,0.005748179741203785,0.019254581816494462,normal
2024-03-13,0.00179064751137048,0.019254581816494462,normal
2024-03-14,0.004325753543525934,0.019254581816494462,normal
2024-03-15,0.003001576056703925,0.019254581816494462,normal
2024-03-18,0.008241658098995686,0.019254581816494462,normal
2024-03-19,0.004300644621253014,0.019254581816494462,normal
2024-03-20,0.0065152449533343315,0.019254581816494462,normal
2024-03-21,0.009110210463404655,0.019254581816494462,normal
2024-03-22,0.003565325401723385,0.019254581816494462,normal
2024-03-25,0.004264425951987505,0.019254581816494462,normal
2024-03-26,0.004766144324094057,0.019254581816494462,normal
2024-03-27,0.0014908579178154469,0.019254581816494462,normal
2024-03-28,0.005573690868914127,0.019254581816494462,normal
2024-04-01,0.0021233719307929277,0.019254581816494462,normal
2024-04-02,0.001095338724553585,0.019254581816494462,normal
2024-04-03,0.005662146955728531,0.019254581816494462,normal
2024-04-04,0.004275568760931492,0.019254581816494462,normal
2024-04-05,0.005528849549591541,0.019254581816494462,normal
2024-04-08,0.0058994172140955925,0.019254581816494462,normal
2024-04-09,0.005076021887362003,0.019254581816494462,normal
2024-04-10,0.004294888582080603,0.019254581816494462,normal
2024-04-11,0.013509662821888924,0.019254581816494462,normal
2024-04-12,0.0038117608055472374,0.019254581816494462,normal
2024-04-15,0.011929170228540897,0.019254581816494462,normal
2024-04-16,0.009671255014836788,0.019254581816494462,normal
2024-04-17,0.008434150367975235,0.019254581816494462,normal
2024-04-18,0.02290012687444687,0.019254581816494462,abnormal
2024-04-19,0.03552273288369179,0.019254581816494462,abnormal
2024-04-22,0.02726435661315918,0.019254581816494462,abnormal
2024-04-23,0.03498917073011398,0.019254581816494462,abnormal
2024-04-24,0.036132726818323135,0.019254581816494462,abnormal
2024-04-25,0.032684776932001114,0.019254581816494462,abnormal
2024-04-26,0.04009947180747986,0.019254581816494462,abnormal
2024-04-29,0.02637811005115509,0.019254581816494462,abnormal
2024-04-30,0.01935208961367607,0.019254581816494462,abnormal
2024-05-01,0.016454380005598068,0.019254581816494462,normal
2024-05-02,0.018213260918855667,0.019254581816494462,normal
2024-05-03,0.012412020936608315,0.019254581816494462,normal
2024-05-06,0.01904834806919098,0.019254581816494462,normal
2024-05-07,0.00812357198446989,0.019254581816494462,normal
2024-05-08,0.009980655275285244,0.019254581816494462,normal
2024-05-09,0.011662410572171211,0.019254581816494462,normal
2024-05-10,0.0032885854598134756,0.019254581816494462,normal
2024-05-13,0.005833532195538282,0.019254581816494462,normal
2024-05-14,0.004839757457375526,0.019254581816494462,normal
2024-05-15,0.006255263928323984,0.019254581816494462,normal
2024-05-16,0.007822825573384762,0.019254581816494462,normal
2024-05-17,0.005675379186868668,0.019254581816494462,normal
2024-05-20,0.007757333107292652,0.019254581816494462,normal
2024-05-21,0.008924383670091629,0.019254581816494462,normal
2024-05-22,0.0028450104873627424,0.019254581816494462,normal
2024-05-23,0.004153039306402206,0.019254581816494462,normal
2024-05-24,0.005649348720908165,0.019254581816494462,normal
2024-05-28,0.0029919357039034367,0.019254581816494462,normal
2024-05-29,0.0034442555624991655,0.019254581816494462,normal
2024-05-30,0.0023955218493938446,0.019254581816494462,normal
2024-05-31,0.012899644672870636,0.019254581816494462,normal
2024-06-03,0.005205957684665918,0.019254581816494462,normal
2024-06-04,0.006531798746436834,0.019254581816494462,normal
2024-06-05,0.008306062780320644,0.019254581816494462,normal
2024-06-06,0.006614156067371368,0.019254581816494462,normal
2024-06-07,0.0036422074772417545,0.019254581816494462,normal
2024-06-10,0.003338959999382496,0.019254581816494462,normal
2024-06-11,0.003943103365600109,0.019254581816494462,normal
2024-06-12,0.006956304889172316,0.019254581816494462,normal
2024-06-13,0.007319760508835316,0.019254581816494462,normal
2024-06-14,0.00392370717599988,0.019254581816494462,normal
2024-06-17,0.005287073086947203,0.019254581816494462,normal
2024-06-18,0.003546689637005329,0.019254581816494462,normal
2024-06-20,0.015629054978489876,0.019254581816494462,normal
2024-06-21,0.004675612784922123,0.019254581816494462,normal
2024-06-24,0.006612177938222885,0.019254581816494462,normal
2024-06-25,0.0026828874833881855,0.019254581816494462,normal
2024-06-26,0.0030737528577446938,0.019254581816494462,normal
2024-06-27,0.004427647218108177,0.019254581816494462,normal
2024-06-28,0.010107473470270634,0.019254581816494462,normal
2024-07-01,0.007561712525784969,0.019254581816494462,normal
2024-07-02,0.006996174808591604,0.019254581816494462,normal
2024-07-03,0.0053639961406588554,0.019254581816494462,normal
2024-07-05,0.006478193681687117,0.019254581816494462,normal
2024-07-08,0.004805457778275013,0.019254581816494462,normal
2024-07-09,0.003091776045039296,0.019254581816494462,normal
2024-07-10,0.0030468462500721216,0.019254581816494462,normal
2024-07-11,0.0032688239589333534,0.019254581816494462,normal
2024-07-12,0.003432361874729395,0.019254581816494462,normal
2024-07-15,0.0026072475593537092,0.019254581816494462,normal
2024-07-16,0.0024800936225801706,0.019254581816494462,normal
2024-07-17,0.008897092193365097,0.019254581816494462,normal
2024-07-18,0.010184070095419884,0.019254581816494462,normal
2024-07-19,0.007420800160616636,0.019254581816494462,normal
2024-07-22,0.005367209669202566,0.019254581816494462,normal
2024-07-23,0.011948296800255775,0.019254581816494462,normal
2024-07-24,0.0138999093323946,0.019254581816494462,normal
2024-07-25,0.022191805765032768,0.019254581816494462,abnormal
2024-07-26,0.024148687720298767,0.019254581816494462,abnormal
2024-07-29,0.015456869266927242,0.019254581816494462,normal
2024-07-30,0.0220732893794775,0.019254581816494462,abnormal
2024-07-31,0.038023870438337326,0.019254581816494462,abnormal
2024-08-01,0.014021387323737144,0.019254581816494462,normal
2024-08-02,0.01592160575091839,0.019254581816494462,normal
2024-08-05,0.05611847713589668,0.019254581816494462,abnormal
2024-08-06,0.07044854015111923,0.019254581816494462,abnormal
2024-08-07,0.04792172834277153,0.019254581816494462,abnormal
2024-08-08,0.02559494972229004,0.019254581816494462,abnormal
2024-08-09,0.038592178374528885,0.019254581816494462,abnormal
2024-08-12,0.05354531854391098,0.019254581816494462,abnormal
2024-08-13,0.032619085162878036,0.019254581816494462,abnormal
2024-08-14,0.03676944598555565,0.019254581816494462,abnormal
2024-08-15,0.020497584715485573,0.019254581816494462,abnormal
2024-08-16,0.016911599785089493,0.019254581816494462,normal
2024-08-19,0.02064759097993374,0.019254581816494462,abnormal
2024-08-20,0.01902705989778042,0.019254581816494462,normal
2024-08-21,0.013486861251294613,0.019254581816494462,normal
2024-08-22,0.006899879314005375,0.019254581816494462,normal
2024-08-23,0.010551820509135723,0.019254581816494462,normal
2024-08-26,0.013860573060810566,0.019254581816494462,normal
2024-08-27,0.017178423702716827,0.019254581816494462,normal
2024-08-28,0.02093067392706871,0.019254581816494462,abnormal
2024-08-29,0.022752979770302773,0.019254581816494462,abnormal
2024-08-30,0.013727745972573757,0.019254581816494462,normal
2024-09-03,0.059414688497781754,0.019254581816494462,abnormal
2024-09-04,0.029074033722281456,0.019254581816494462,abnormal
2024-09-05,0.029843691736459732,0.019254581816494462,abnormal
2024-09-06,0.01881720870733261,0.019254581816494462,normal
2024-09-09,0.012144580483436584,0.019254581816494462,normal
2024-09-10,0.015428157523274422,0.019254581816494462,normal
2024-09-11,0.029035815969109535,0.019254581816494462,abnormal
2024-09-12,0.02597186714410782,0.019254581816494462,abnormal
2024-09-13,0.029231136664748192,0.019254581816494462,abnormal
2024-09-16,0.013907150365412235,0.019254581816494462,normal
2024-09-17,0.010477514937520027,0.019254581816494462,normal
2024-09-18,0.007437075022608042,0.019254581816494462,normal
2024-09-19,0.012039507739245892,0.019254581816494462,normal
2024-09-20,0.016075486317276955,0.019254581816494462,normal
2024-09-23,0.0036967366468161345,0.019254581816494462,normal
2024-09-24,0.0034171976149082184,0.019254581816494462,normal
2024-09-25,0.005620250944048166,0.019254581816494462,normal
2024-09-26,0.0032897095661610365,0.019254581816494462,normal
2024-09-27,0.0026896430645138025,0.019254581816494462,normal
2024-09-30,0.0013810404343530536,0.019254581816494462,normal
2024-10-01,0.003931534476578236,0.019254581816494462,normal
2024-10-02,0.0043646045960485935,0.019254581816494462,normal
2024-10-03,0.0019339332357048988,0.019254581816494462,normal
2024-10-04,0.0036745285615324974,0.019254581816494462,normal
2024-10-07,0.0076627484522759914,0.019254581816494462,normal
2024-10-08,0.006931010168045759,0.019254581816494462,normal
2024-10-09,0.0027345106936991215,0.019254581816494462,normal
2024-10-10,0.002249686047434807,0.019254581816494462,normal
2024-10-11,0.001953290542587638,0.019254581816494462,normal
2024-10-14,0.0039391471073031425,0.019254581816494462,normal
2024-10-15,0.0018688186537474394,0.019254581816494462,normal
2024-10-16,0.0024092476814985275,0.019254581816494462,normal
2024-10-17,0.0031653176993131638,0.019254581816494462,normal
2024-10-18,0.0030495026148855686,0.019254581816494462,normal
2024-10-21,0.0043695587664842606,0.019254581816494462,normal
2024-10-22,0.0014839326031506062,0.019254581816494462,normal
2024-10-23,0.0029574697837233543,0.019254581816494462,normal
2024-10-24,0.003360316390171647,0.019254581816494462,normal
2024-10-25,0.0045563881285488605,0.019254581816494462,normal
2024-10-28,0.002526414580643177,0.019254581816494462,normal
2024-10-29,0.004843587521463633,0.019254581816494462,normal
2024-10-30,0.0054521942511200905,0.019254581816494462,normal
2024-10-31,0.004002070520073175,0.019254581816494462,normal
2024-11-01,0.014900666661560535,0.019254581816494462,normal
2024-11-04,0.005543229170143604,0.019254581816494462,normal
2024-11-05,0.00431784987449646,0.019254581816494462,normal
2024-11-06,0.018013838678598404,0.019254581816494462,normal
2024-11-07,0.025124268606305122,0.019254581816494462,abnormal
2024-11-08,0.015250728465616703,0.019254581816494462,normal
2024-11-11,0.015467412769794464,0.019254581816494462,normal
2024-11-12,0.016369067132472992,0.019254581816494462,normal
2024-11-13,0.0064410497434437275,0.019254581816494462,normal
2024-11-14,0.00652442779392004,0.019254581816494462,normal
2024-11-15,0.007631979417055845,0.019254581816494462,normal
2024-11-18,0.005900906398892403,0.019254581816494462,normal
2024-11-19,0.0037359162233769894,0.019254581816494462,normal
2024-11-20,0.007568736094981432,0.019254581816494462,normal
2024-11-21,0.00884110014885664,0.019254581816494462,normal
2024-11-22,0.012511554174125195,0.019254581816494462,normal
2024-11-25,0.008866597898304462,0.019254581816494462,normal
2024-11-26,0.012501402758061886,0.019254581816494462,normal
2024-11-27,0.009927230887115002,0.019254581816494462,normal
2024-11-29,0.006928953342139721,0.019254581816494462,normal
2024-12-02,0.0034937162417918444,0.019254581816494462,normal
2024-12-03,0.0035694760736078024,0.019254581816494462,normal
2024-12-04,0.004276531748473644,0.019254581816494462,normal
2024-12-05,0.0019717570394277573,0.019254581816494462,normal
2024-12-06,0.007350638508796692,0.019254581816494462,normal
2024-12-09,0.003632430685684085,0.019254581816494462,normal
2024-12-10,0.003325557801872492,0.019254581816494462,normal
2024-12-11,0.0015853994991630316,0.019254581816494462,normal
2024-12-12,0.0030966545455157757,0.019254581816494462,normal
2024-12-13,0.001738517777994275,0.019254581816494462,normal
2024-12-16,0.002676085103303194,0.019254581816494462,normal
2024-12-17,0.002870428841561079,0.019254581816494462,normal
2024-12-18,0.02466491423547268,0.019254581816494462,abnormal
2024-12-19,0.026416422799229622,0.019254581816494462,abnormal
2024-12-20,0.024009089916944504,0.019254581816494462,abnormal
2024-12-23,0.011719738133251667,0.019254581816494462,normal
2024-12-24,0.025075845420360565,0.019254581816494462,abnormal
2024-12-26,0.030530940741300583,0.019254581816494462,abnormal
2024-12-27,0.013274536468088627,0.019254581816494462,normal
2024-12-30,0.013714974746108055,0.019254581816494462,normal
2024-12-31,0.012024372816085815,0.019254581816494462,normal
2025-01-02,0.006246525794267654,0.019254581816494462,normal
2025-01-03,0.008888487704098225,0.019254581816494462,normal
2025-01-06,0.016098877415060997,0.019254581816494462,normal
2025-01-07,0.013147841207683086,0.019254581816494462,normal
2025-01-08,0.008204535581171513,0.019254581816494462,normal
2025-01-10,0.010768516920506954,0.019254581816494462,normal
2025-01-13,0.009091838262975216,0.019254581816494462,normal
2025-01-14,0.008627541363239288,0.019254581816494462,normal
2025-01-15,0.006397402845323086,0.019254581816494462,normal
2025-01-16,0.017557457089424133,0.019254581816494462,normal
2025-01-17,0.011796372011303902,0.019254581816494462,normal
2025-01-21,0.01127704232931137,0.019254581816494462,normal
2025-01-22,0.013069326989352703,0.019254581816494462,normal
2025-01-23,0.006518665701150894,0.019254581816494462,normal
2025-01-24,0.003939902409911156,0.019254581816494462,normal
2025-01-27,0.009786314330995083,0.019254581816494462,normal
2025-01-28,0.022452229633927345,0.019254581816494462,abnormal
2025-01-29,0.007213881704956293,0.019254581816494462,normal
2025-01-30,0.005722508765757084,0.019254581816494462,normal
2025-01-31,0.007344393990933895,0.019254581816494462,normal
2025-02-03,0.006534113548696041,0.019254581816494462,normal
2025-02-04,0.002142326207831502,0.019254581816494462,normal
2025-02-05,0.00487694563344121,0.019254581816494462,normal
2025-02-06,0.0046446435153484344,0.019254581816494462,normal
2025-02-07,0.005177526269108057,0.019254581816494462,normal
2025-02-10,0.01172536239027977,0.019254581816494462,normal
2025-02-11,0.0017265229253098369,0.019254581816494462,normal
2025-02-12,0.0022622416727244854,0.019254581816494462,normal
2025-02-13,0.0032138486858457327,0.019254581816494462,normal
2025-02-14,0.005739742890000343,0.019254581816494462,normal
2025-02-18,0.0025352677330374718,0.019254581816494462,normal
2025-02-19,0.0023491401225328445,0.019254581816494462,normal
2025-02-20,0.0034874342381954193,0.019254581816494462,normal
2025-02-21,0.005351325962692499,0.019254581816494462,normal
2025-02-24,0.011002764105796814,0.019254581816494462,normal
2025-02-25,0.003774109063670039,0.019254581816494462,normal
2025-02-26,0.003980726003646851,0.019254581816494462,normal
2025-02-27,0.022245323285460472,0.019254581816494462,abnormal
2025-02-28,0.010630415752530098,0.019254581816494462,normal
2025-03-03,0.015552794560790062,0.019254581816494462,normal
2025-03-04,0.015544244088232517,0.019254581816494462,normal
2025-03-05,0.010369563475251198,0.019254581816494462,normal
2025-03-06,0.02208908088505268,0.019254581816494462,abnormal
2025-03-07,0.0239956546574831,0.019254581816494462,abnormal
2025-03-10,0.060398053377866745,0.019254581816494462,abnormal
2025-03-11,0.06406374275684357,0.019254581816494462,abnormal
2025-03-12,0.0449686199426651,0.019254581816494462,abnormal
2025-03-13,0.08474258333444595,0.019254581816494462,abnormal
2025-03-14,0.05090857669711113,0.019254581816494462,abnormal
2025-03-17,0.07151439040899277,0.019254581816494462,abnormal
2025-03-18,0.06431639939546585,0.019254581816494462,abnormal
2025-03-19,0.040355127304792404,0.019254581816494462,abnormal
2025-03-20,0.043365806341171265,0.019254581816494462,abnormal
2025-03-21,0.03360263258218765,0.019254581816494462,abnormal
2025-03-24,0.018294382840394974,0.019254581816494462,normal
2025-03-25,0.015171811915934086,0.019254581816494462,normal
2025-03-26,0.010204445570707321,0.019254581816494462,normal
2025-03-27,0.017395664006471634,0.019254581816494462,normal
2025-03-28,0.03226856142282486,0.019254581816494462,abnormal
2025-03-31,0.017790870741009712,0.019254581816494462,normal
2025-04-01,0.010957605205476284,0.019254581816494462,normal
2025-04-02,0.013302132487297058,0.019254581816494462,normal
2025-04-03,0.1297704428434372,0.019254581816494462,abnormal
2025-04-04,0.31988435983657837,0.019254581816494462,abnormal
2025-04-07,0.4049678146839142,0.019254581816494462,abnormal
2025-04-08,0.3976180851459503,0.019254581816494462,abnormal
2025-04-09,1.1301729679107666,0.019254581816494462,abnormal
2025-04-10,0.839854896068573,0.019254581816494462,abnormal
2025-04-11,0.6513166427612305,0.019254581816494462,abnormal
2025-04-14,0.7345995903015137,0.019254581816494462,abnormal
2025-04-15,0.9248668551445007,0.019254581816494462,abnormal
2025-04-16,0.3129546642303467,0.019254581816494462,abnormal
2025-04-17,0.2541618049144745,0.019254581816494462,abnormal
2025-04-21,0.2815834581851959,0.019254581816494462,abnormal
2025-04-22,0.3206273913383484,0.019254581816494462,abnormal
2025-04-23,0.29871752858161926,0.019254581816494462,abnormal
2025-04-24,0.33360686898231506,0.019254581816494462,abnormal
2025-04-25,0.331342875957489,0.019254581816494462,abnormal
2025-04-28,0.34337273240089417,0.019254581816494462,abnormal
2025-04-29,0.2774842381477356,0.019254581816494462,abnormal
2025-04-30,0.20712488889694214,0.019254581816494462,abnormal
2025-05-01,0.2556057870388031,0.019254581816494462,abnormal
2025-05-02,0.22356244921684265,0.019254581816494462,abnormal
2025-05-05,0.2261376827955246,0.019254581816494462,abnormal
2025-05-06,0.2527158260345459,0.019254581816494462,abnormal
2025-05-07,0.2985963523387909,0.019254581816494462,abnormal
2025-05-08,0.02047554962337017,0.019254581816494462,abnormal
2025-05-09,0.038784947246313095,0.019254581816494462,abnormal
2025-05-12,0.013448511250317097,0.019254581816494462,normal
2025-05-13,0.030534544959664345,0.019254581816494462,abnormal
2025-05-14,0.018163621425628662,0.019254581816494462,normal
2025-05-15,0.012855282053351402,0.019254581816494462,normal
2025-05-16,0.03054042160511017,0.019254581816494462,abnormal
2025-05-19,0.010542833246290684,0.019254581816494462,normal
2025-05-20,0.007540829945355654,0.019254581816494462,normal
2025-05-21,0.054247234016656876,0.019254581816494462,abnormal
2025-05-22,0.02501242235302925,0.019254581816494462,abnormal
2025-05-23,0.030921487137675285,0.019254581816494462,abnormal
2025-05-27,0.01525051798671484,0.019254581816494462,normal
2025-05-28,0.023271679878234863,0.019254581816494462,abnormal
2025-05-29,0.011762646026909351,0.019254581816494462,normal
2025-05-30,0.013864762149751186,0.019254581816494462,normal
2025-06-02,0.02270328812301159,0.019254581816494462,abnormal
2025-06-03,0.007992994040250778,0.019254581816494462,normal
2025-06-04,0.0047843921929597855,0.019254581816494462,normal
2025-06-05,0.00527912937104702,0.019254581816494462,normal
2025-06-06,0.0069073098711669445,0.019254581816494462,normal
2025-06-09,0.007276312913745642,0.019254581816494462,normal
2025-06-10,0.005200290586799383,0.019254581816494462,normal
2025-06-11,0.004977668635547161,0.019254581816494462,normal
2025-06-12,0.004915372934192419,0.019254581816494462,normal
2025-06-13,0.0069061750546097755,0.019254581816494462,normal
2025-06-16,0.004557047039270401,0.019254581816494462,normal
2025-06-17,0.0029873251914978027,0.019254581816494462,normal
2025-06-18,0.0026244884356856346,0.019254581816494462,normal
2025-06-20,0.007914653047919273,0.019254581816494462,normal
2025-06-23,0.008488134481012821,0.019254581816494462,normal
2025-06-24,0.01022760197520256,0.019254581816494462,normal
2025-06-25,0.0070459614507853985,0.019254581816494462,normal
2025-06-26,0.006128096021711826,0.019254581816494462,normal
2025-06-27,0.0057989452034235,0.019254581816494462,normal
2025-06-30,0.004382046405225992,0.019254581816494462,normal
2025-07-01,0.005868303123861551,0.019254581816494462,normal
2025-07-02,0.005012237932533026,0.019254581816494462,normal
2025-07-03,0.007875826209783554,0.019254581816494462,normal
2025-07-07,0.006651163101196289,0.019254581816494462,normal
2025-07-08,0.006505575962364674,0.019254581816494462,normal
2025-07-09,0.005665375851094723,0.019254581816494462,normal
2025-07-10,0.0041335937567055225,0.019254581816494462,normal
2025-07-11,0.008080585859715939,0.019254581816494462,normal
2025-07-14,0.005646813660860062,0.019254581816494462,normal
2025-07-15,0.006972253322601318,0.019254581816494462,normal
2025-07-16,0.004770422820001841,0.019254581816494462,normal
2025-07-17,0.005306235980242491,0.019254581816494462,normal
2025-07-18,0.005143232177942991,0.019254581816494462,normal
2025-07-21,0.004978553857654333,0.019254581816494462,normal
2025-07-22,0.005552809685468674,0.019254581816494462,normal
2025-07-23,0.0033015969675034285,0.019254581816494462,normal
2025-07-24,0.004004975315183401,0.019254581816494462,normal
2025-07-25,0.004879223182797432,0.019254581816494462,normal
2025-07-28,0.0047000558115541935,0.019254581816494462,normal
2025-07-29,0.003190128831192851,0.019254581816494462,normal
2025-07-30,0.0024963568430393934,0.019254581816494462,normal
2025-07-31,0.0054527511820197105,0.019254581816494462,normal
2025-08-01,0.003914607223123312,0.019254581816494462,normal
2025-08-04,0.00920057576149702,0.019254581816494462,normal
2025-08-05,0.0036668565589934587,0.019254581816494462,normal
2025-08-06,0.003322493750602007,0.019254581816494462,normal
2025-08-07,0.004802222829312086,0.019254581816494462,normal
2025-08-08,0.013440890237689018,0.019254581816494462,normal
2025-08-11,0.00397005258128047,0.019254581816494462,normal
2025-08-12,0.00429663946852088,0.019254581816494462,normal
2025-08-13,0.003045565215870738,0.019254581816494462,normal
2025-08-14,0.0019358366262167692,0.019254581816494462,normal
2025-08-15,0.001667021308094263,0.019254581816494462,normal
2025-08-18,0.004407048225402832,0.019254581816494462,normal
2025-08-19,0.002136755967512727,0.019254581816494462,normal
2025-08-20,0.002876928076148033,0.019254581816494462,normal
2025-08-21,0.00758672459051013,0.019254581816494462,normal
2025-08-22,0.002810716163367033,0.019254581816494462,normal
2025-08-25,0.007148385513573885,0.019254581816494462,normal
2025-08-26,0.004688537213951349,0.019254581816494462,normal
2025-08-27,0.006722607649862766,0.019254581816494462,normal
2025-08-28,0.01067537534981966,0.019254581816494462,normal
2025-08-29,0.004974800162017345,0.019254581816494462,normal
2025-09-02,0.002183379139751196,0.019254581816494462,normal
2025-09-03,0.003987838048487902,0.019254581816494462,normal
2025-09-04,0.0019743896555155516,0.019254581816494462,normal
2025-09-05,0.009075010195374489,0.019254581816494462,normal
2025-09-08,0.0018630976555868983,0.019254581816494462,normal
2025-09-09,0.005139670800417662,0.019254581816494462,normal
2025-09-10,0.0022760694846510887,0.019254581816494462,normal
2025-09-11,0.003637680085375905,0.019254581816494462,normal
2025-09-12,0.004280615597963333,0.019254581816494462,normal
2025-09-15,0.0020806079264730215,0.019254581816494462,normal
2025-09-16,0.0021870173513889313,0.019254581816494462,normal
2025-09-17,0.002392504131421447,0.019254581816494462,normal
2025-09-18,0.001582424622029066,0.019254581816494462,normal
2025-09-19,0.0025634525809437037,0.019254581816494462,normal
2025-09-22,0.0052392445504665375,0.019254581816494462,normal
2025-09-23,0.004444901831448078,0.019254581816494462,normal
2025-09-24,0.0032036222983151674,0.019254581816494462,normal
2025-09-25,0.0025483090430498123,0.019254581816494462,normal
2025-09-26,0.0019398473668843508,0.019254581816494462,normal
2025-09-29,0.004102943930774927,0.019254581816494462,normal
2025-09-30,0.006143946200609207,0.019254581816494462,normal
2025-10-01,0.0053197056986391544,0.019254581816494462,normal
2025-10-02,0.0050494191236793995,0.019254581816494462,normal
2025-10-03,0.003506956622004509,0.019254581816494462,normal
2025-10-06,0.0038476651534438133,0.019254581816494462,normal
2025-10-07,0.003337717615067959,0.019254581816494462,normal
2025-10-08,0.0023910519666969776,0.019254581816494462,normal
2025-10-09,0.0024760751985013485,0.019254581816494462,normal
2025-10-10,0.012848461046814919,0.019254581816494462,normal
2025-10-13,0.020495884120464325,0.019254581816494462,abnormal
2025-10-14,0.0034400641452521086,0.019254581816494462,normal
2025-10-15,0.006086333189159632,0.019254581816494462,normal
2025-10-16,0.012658290565013885,0.019254581816494462,normal
2025-10-17,0.02382991649210453,0.019254581816494462,abnormal
2025-10-20,0.004033856559544802,0.019254581816494462,normal
2025-10-21,0.003372680163010955,0.019254581816494462,normal
2025-10-22,0.0029198213014751673,0.019254581816494462,normal
2025-10-23,0.007492289878427982,0.019254581816494462,normal
2025-10-24,0.0022007394582033157,0.019254581816494462,normal
2025-10-27,0.006680635269731283,0.019254581816494462,normal
2025-10-28,0.010209309868514538,0.019254581816494462,normal
2025-10-29,0.00436891196295619,0.019254581816494462,normal
2025-10-30,0.007395496126264334,0.019254581816494462,normal
2025-10-31,0.010652415454387665,0.019254581816494462,normal
2025-11-03,0.003186458721756935,0.019254581816494462,normal
2025-11-04,0.0036713748704642057,0.019254581816494462,normal
2025-11-05,0.002374795498326421,0.019254581816494462,normal
2025-11-06,0.0046375710517168045,0.019254581816494462,normal
2025-11-07,0.0037622246891260147,0.019254581816494462,normal
2025-11-10,0.005006413906812668,0.019254581816494462,normal
2025-11-11,0.009749713353812695,0.019254581816494462,normal
2025-11-12,0.007881796918809414,0.019254581816494462,normal
2025-11-13,0.007124136667698622,0.019254581816494462,normal
2025-11-14,0.02467268332839012,0.019254581816494462,abnormal
2025-11-17,0.00416414812207222,0.019254581816494462,normal
2025-11-18,0.006226139608770609,0.019254581816494462,normal
2025-11-19,0.01087427418678999,0.019254581816494462,normal
2025-11-20,0.025318920612335205,0.019254581816494462,abnormal
2025-11-21,0.014421241357922554,0.019254581816494462,normal
2025-11-24,0.014400879852473736,0.019254581816494462,normal
2025-11-25,0.015703260898590088,0.019254581816494462,normal
2025-11-26,0.01286209374666214,0.019254581816494462,normal
2025-11-28,0.027798090130090714,0.019254581816494462,abnormal
2025-12-01,0.009063376113772392,0.019254581816494462,normal
2025-12-02,0.007557546254247427,0.019254581816494462,normal
2025-12-03,0.006039515137672424,0.019254581816494462,normal
2025-12-04,0.0034807906486094,0.019254581816494462,normal
2025-12-05,0.005492059979587793,0.019254581816494462,normal
2025-12-08,0.0020157350227236748,0.019254581816494462,normal
2025-12-09,0.0018128377851098776,0.019254581816494462,normal
2025-12-10,0.003207665402442217,0.019254581816494462,normal
2025-12-11,0.0026499100495129824,0.019254581816494462,normal
2025-12-12,0.004577408079057932,0.019254581816494462,normal
2025-12-15,0.005156452767550945,0.019254581816494462,normal
2025-12-16,0.00684873852878809,0.019254581816494462,normal
2025-12-17,0.004935747478157282,0.019254581816494462,normal
2025-12-18,0.006181817501783371,0.019254581816494462,normal
2025-12-19,0.00608391547575593,0.019254581816494462,normal
2025-12-22,0.009671182371675968,0.019254581816494462,normal
2025-12-23,0.008581796661019325,0.019254581816494462,normal
2025-12-24,0.01039667334407568,0.019254581816494462,normal
2025-12-26,0.00490849744528532,0.019254581816494462,normal
2025-12-29,0.002811122452840209,0.019254581816494462,normal
2025-12-30,0.0032650388311594725,0.019254581816494462,normal
2025-12-31,0.0022931122221052647,0.019254581816494462,normal
2026-01-02,0.003079176414757967,0.019254581816494462,normal
2026-01-05,0.0026162981521338224,0.019254581816494462,normal
2026-01-06,0.004437176510691643,0.019254581816494462,normal
2026-01-07,0.005022005643695593,0.019254581816494462,normal
2026-01-08,0.006592173594981432,0.019254581816494462,normal
2026-01-09,0.005305344704538584,0.019254581816494462,normal
2026-01-12,0.002468844410032034,0.019254581816494462,normal
2026-01-13,0.002830353332683444,0.019254581816494462,normal
2026-01-14,0.0017607127083465457,0.019254581816494462,normal
2026-01-15,0.00444470951333642,0.019254581816494462,normal
2026-01-16,0.0024391671176999807,0.019254581816494462,normal
2026-01-20,0.004905312787741423,0.019254581816494462,normal
2026-01-21,0.00767658744007349,0.019254581816494462,normal
2026-01-22,0.003035166533663869,0.019254581816494462,normal
2026-01-23,0.003303954377770424,0.019254581816494462,normal
2026-01-26,0.004864241927862167,0.019254581816494462,normal
2026-01-27,0.011086767539381981,0.019254581816494462,normal
2026-01-28,0.0032585232984274626,0.019254581816494462,normal
2026-01-29,0.0017120621632784605,0.019254581816494462,normal
2026-01-30,0.0017030290327966213,0.019254581816494462,normal
2026-02-02,0.002006487688049674,0.019254581816494462,normal
2026-02-03,0.007031515706330538,0.019254581816494462,normal
2026-02-04,0.005817325320094824,0.019254581816494462,normal
2026-02-05,0.004465167410671711,0.019254581816494462,normal
2026-02-06,0.00843360461294651,0.019254581816494462,normal
2026-02-09,0.00968112237751484,0.019254581816494462,normal
2026-02-10,0.004461607430130243,0.019254581816494462,normal
2026-02-11,0.003133098827674985,0.019254581816494462,normal
2026-02-12,0.010957366786897182,0.019254581816494462,normal
2026-02-13,0.006033510435372591,0.019254581816494462,normal
2026-02-17,0.003947232384234667,0.019254581816494462,normal
2026-02-18,0.00704654585570097,0.019254581816494462,normal
2026-02-19,0.01448348630219698,0.019254581816494462,normal
2026-02-20,0.009865658357739449,0.019254581816494462,normal
2026-02-23,0.005533304996788502,0.019254581816494462,normal
2026-02-24,0.005581940058618784,0.019254581816494462,normal
2026-02-25,0.0022991634905338287,0.019254581816494462,normal
2026-02-26,0.004039276856929064,0.019254581816494462,normal
2026-02-27,0.0031265735160559416,0.019254581816494462,normal
2026-03-02,0.004922796506434679,0.019254581816494462,normal
2026-03-03,0.004711018409579992,0.019254581816494462,normal
2026-03-04,0.003464187029749155,0.019254581816494462,normal
2026-03-05,0.013048505410552025,0.019254581816494462,normal
2026-03-06,0.011279514990746975,0.019254581816494462,normal
2026-03-09,0.006501421332359314,0.019254581816494462,normal
2026-03-10,0.006290936376899481,0.019254581816494462,normal
2026-03-11,0.010754182934761047,0.019254581816494462,normal
2026-03-12,0.011891709640622139,0.019254581816494462,normal
2026-03-13,0.013853652402758598,0.019254581816494462,normal
2026-03-16,0.00402729120105505,0.019254581816494462,normal
2026-03-17,0.0873388946056366,0.019254581816494462,abnormal
2026-03-18,0.12690801918506622,0.021264536492526527,abnormal
2026-03-19,0.0872255191206932,0.021264536492526527,abnormal
2026-03-20,0.12838241457939148,0.021264536492526527,abnormal
2026-03-23,0.11187592893838882,0.021264536492526527,abnormal
2026-03-24,0.12279493361711502,0.021264536492526527,abnormal
2026-03-25,0.05745662376284599,0.021264536492526527,abnormal
2026-03-26,0.08295401930809021,0.021264536492526527,abnormal
2026-03-27,0.12406033277511597,0.021264536492526527,abnormal
2026-03-30,0.10929454118013382,0.021264536492526527,abnormal
2026-03-31,0.21407051384449005,0.021264536492526527,abnormal
2026-04-01,0.2349652647972107,0.021264536492526527,abnormal
2026-04-02,0.16291199624538422,0.021264536492526527,abnormal
2026-04-06,0.22379876673221588,0.021264536492526527,abnormal
2026-04-07,0.1891353875398636,0.021264536492526527,abnormal
2026-04-08,0.14728128910064697,0.021264536492526527,abnormal
2026-04-09,0.1810191422700882,0.021264536492526527,abnormal
2026-04-10,0.1256103366613388,0.021264536492526527,abnormal
2026-04-13,0.14199049770832062,0.021264536492526527,abnormal
2026-04-14,0.1322140246629715,0.021264536492526527,abnormal
2026-04-15,0.14349676668643951,0.021264536492526527,abnormal
2026-04-16,0.10211627930402756,0.021264536492526527,abnormal
2026-04-17,0.09434020519256592,0.021264536492526527,abnormal
2026-04-20,0.09645894914865494,0.021264536492526527,abnormal
2026-04-21,0.08836795389652252,0.021264536492526527,abnormal
2026-04-22,0.07734496146440506,0.021264536492526527,abnormal
2026-04-23,0.09047342091798782,0.021264536492526527,abnormal
2026-04-24,0.04551605135202408,0.021264536492526527,abnormal
2026-04-27,0.040942415595054626,0.021264536492526527,abnormal
2026-04-28,0.06078571453690529,0.021264536492526527,abnormal
2026-04-29,0.028857199475169182,0.021264536492526527,abnormal
