date,hyg_shy_ratio,indicator_value,signal,spy_close,trend5d
2008-01-09,0.5059100385874469,0.9894179894179894,RED,100.2392578125,0.0
2008-01-10,0.5096666635870619,0.9841269841269842,RED,100.89628601074219,0.0
2008-01-11,0.5093447017279727,0.9841269841269842,RED,100.08216857910156,0.0
2008-01-14,0.507391468042459,0.9841269841269842,RED,100.88911437988281,0.0
2008-01-15,0.508262433541222,0.9788359788359788,RED,98.66826629638672,-0.010582010582010581
2008-01-16,0.5072633449616729,0.9841269841269842,RED,97.81846618652344,-0.005291005291005235
2008-01-17,0.5028328002576435,0.9947089947089947,RED,95.28337097167969,0.01058201058201047
2008-01-18,0.506345791787473,0.9788359788359788,RED,94.3050537109375,-0.005291005291005346
2008-01-22,0.5007185303319468,0.9947089947089947,RED,93.34815216064453,0.01058201058201047
2008-01-23,0.5019380628812821,0.9894179894179894,RED,95.5904312133789,0.010582010582010581
2008-01-24,0.5098201099260337,0.9365079365079365,RED,96.39742279052734,-0.04761904761904767
2008-01-25,0.5092512723379022,0.9470899470899471,RED,95.00486755371094,-0.04761904761904756
2008-01-28,0.507171646930459,0.962962962962963,RED,96.57589721679688,-0.015873015873015817
2008-01-29,0.507991717453898,0.9470899470899471,RED,97.05438232421875,-0.04761904761904756
2008-01-30,0.5095890759210393,0.9259259259259259,RED,96.34027099609375,-0.06349206349206349
2008-01-31,0.5101332604079336,0.91005291005291,RED,98.09695434570312,-0.02645502645502651
2008-02-01,0.5098568226123585,0.91005291005291,RED,99.67515563964844,-0.03703703703703709
2008-02-04,0.509899654488003,0.9047619047619048,RED,98.41831970214844,-0.05820105820105825
2008-02-05,0.5046518134928872,0.9788359788359788,RED,95.78327178955078,0.031746031746031744
2008-02-06,0.5034362042753819,0.9788359788359788,RED,95.01202392578125,0.05291005291005291
2008-02-07,0.5019743700360147,0.9841269841269842,RED,95.64043426513672,0.07407407407407418
2008-02-08,0.49729950259979844,0.9947089947089947,RED,95.02630615234375,0.08465608465608465
2008-02-11,0.49319265781968513,0.9947089947089947,RED,95.51190185546875,0.08994708994708989
2008-02-12,0.4948760908134691,0.9894179894179894,RED,96.39742279052734,0.010582010582010581
2008-02-13,0.49340722914921875,0.9894179894179894,RED,97.38285827636719,0.010582010582010581
2008-02-14,0.49619069154313156,0.9788359788359788,RED,96.52594757080078,-0.005291005291005346
2008-02-15,0.495483015237909,0.9788359788359788,RED,96.50450897216797,-0.015873015873015817
2008-02-19,0.49330105245360556,0.9894179894179894,RED,96.77586364746094,-0.005291005291005235
2008-02-20,0.4951889710913856,0.9735449735449735,RED,97.06147766113281,-0.015873015873015928
2008-02-21,0.4955336962267049,0.962962962962963,RED,96.25453186035156,-0.026455026455026398
2008-02-22,0.49694754945936853,0.9523809523809523,RED,96.8472671508789,-0.02645502645502651
2008-02-25,0.49922466448484876,0.9417989417989419,RED,98.06841278076172,-0.03703703703703698
2008-02-26,0.5017183414655232,0.9312169312169312,RED,98.80392456054688,-0.05820105820105825
2008-02-27,0.5010147823940424,0.9312169312169312,RED,98.70394897460938,-0.042328042328042326
2008-02-28,0.4990987899358464,0.9417989417989419,RED,97.7398681640625,-0.021164021164021163
2008-02-29,0.49547727924201745,0.9682539682539683,RED,95.56190490722656,0.015873015873015928
2008-03-03,0.4955942363172152,0.9523809523809523,RED,95.33338165283203,0.01058201058201047
2008-03-04,0.4951425676884037,0.9735449735449735,RED,94.96916961669922,0.042328042328042326
2008-03-05,0.4968359928967834,0.9365079365079365,RED,95.56903076171875,0.005291005291005346
2008-03-06,0.4940704541331356,0.9788359788359788,RED,93.59095001220703,0.03703703703703698
2008-03-07,0.4932716207154065,0.9894179894179894,RED,92.62687683105469,0.021164021164021163
2008-03-10,0.49160986918192745,0.9947089947089947,RED,91.40575408935547,0.042328042328042326
2008-03-11,0.4953174135989008,0.9470899470899471,RED,94.690673828125,-0.026455026455026398
2008-03-12,0.49362397409588726,0.9682539682539683,RED,93.80519104003906,0.031746031746031744
2008-03-13,0.49039398759069625,0.9947089947089947,RED,94.01228332519531,0.015873015873015817
2008-03-14,0.4860010660762417,0.9947089947089947,RED,92.55548095703125,0.005291005291005235
2008-03-17,0.48264525409156495,0.9947089947089947,RED,91.62003326416016,0.0
2008-03-18,0.49148888355268194,0.9788359788359788,RED,95.42621612548828,0.031746031746031744
2008-03-19,0.49147889955136825,0.9788359788359788,RED,93.06255340576172,0.010582010582010581
2008-03-20,0.4943864648291436,0.9312169312169312,RED,94.78630065917969,-0.06349206349206349
2008-03-24,0.5002358442265799,0.8518518518518519,RED,96.68087768554688,-0.1428571428571428
2008-03-25,0.5011728533572003,0.835978835978836,RED,96.77413940429688,-0.1587301587301586
2008-03-26,0.49891131044416703,0.8624338624338624,RED,95.59004974365234,-0.1164021164021164
2008-03-27,0.49677698446238316,0.8783068783068784,RED,95.28862762451172,-0.10052910052910047
2008-03-28,0.49679881826208505,0.873015873015873,RED,94.377197265625,-0.05820105820105814
2008-03-31,0.4989004710256933,0.8518518518518519,RED,94.70731353759766,0.0
2008-04-01,0.5029108341957267,0.7883597883597884,RED,98.0372085571289,-0.04761904761904767
2008-04-02,0.5035921905890749,0.7777777777777778,RED,98.10179901123047,-0.08465608465608465
2008-04-03,0.5030668615035457,0.783068783068783,RED,98.34583282470703,-0.09523809523809534
2008-04-04,0.5040941238509193,0.7671957671957672,RED,98.23817443847656,-0.10582010582010581
2008-04-07,0.5090805973400948,0.7142857142857143,RED,98.28839111328125,-0.13756613756613756
2008-04-08,0.5104986829070075,0.6666666666666667,RED,98.18789672851562,-0.12169312169312163
2008-04-09,0.505096569904107,0.7566137566137566,RED,97.47742462158203,-0.021164021164021163
2008-04-10,0.5071008554492431,0.7354497354497355,RED,97.61380004882812,-0.04761904761904756
2008-04-11,0.5021967352450012,0.7936507936507937,RED,95.71923065185547,0.02645502645502651
2008-04-14,0.5042667236768276,0.7566137566137566,RED,95.39629364013672,0.042328042328042326
2008-04-15,0.5048765484985025,0.746031746031746,RED,95.61875915527344,0.0793650793650793
2008-04-16,0.5081580266937195,0.6931216931216931,RED,98.20944213867188,-0.06349206349206349
2008-04-17,0.5095948332628963,0.6613756613756614,RED,98.35297393798828,-0.07407407407407407
2008-04-18,0.5133570544790744,0.5925925925925926,RED,99.37922668457031,-0.20105820105820116
2008-04-21,0.513010338696759,0.5978835978835979,RED,99.42943572998047,-0.15873015873015872
2008-04-22,0.5135067424397302,0.5820105820105821,RED,98.99166870117188,-0.16402116402116396
2008-04-23,0.5156026774356648,0.544973544973545,RED,98.83377075195312,-0.14814814814814814
2008-04-24,0.5171873197431187,0.5343915343915344,RED,99.26437377929688,-0.12698412698412698
2008-04-25,0.5195943261407389,0.5026455026455027,RED,100.18295288085938,-0.08994708994708989
2008-04-28,0.5220758019801932,0.47089947089947093,RED,100.2044906616211,-0.12698412698412698
2008-04-29,0.5206790608564272,0.4973544973544973,RED,99.80976104736328,-0.08465608465608476
2008-04-30,0.5202039242063063,0.5079365079365079,RED,99.22130584716797,-0.03703703703703709
2008-05-01,0.5322058024169083,0.328042328042328,RED,101.27376556396484,-0.2063492063492064
2008-05-02,0.5275202925664878,0.4285714285714286,YELLOW,101.55363464355469,-0.07407407407407407
2008-05-05,0.5261033888697523,0.4444444444444444,RED,101.065673828125,-0.02645502645502651
2008-05-06,0.5220405278448808,0.4920634920634921,RED,101.9411849975586,-0.005291005291005235
2008-05-07,0.5217816423170528,0.4973544973544973,RED,100.12554931640625,-0.010582010582010581
2008-05-08,0.5202375710381788,0.5291005291005291,RED,99.86720275878906,0.20105820105820105
2008-05-09,0.5211552746612736,0.5026455026455027,RED,99.68058013916016,0.07407407407407407
2008-05-12,0.5214726514336809,0.4973544973544973,RED,100.80014038085938,0.05291005291005291
2008-05-13,0.5221934207106411,0.47619047619047616,RED,100.81444549560547,-0.015873015873015928
2008-05-14,0.5218314228658144,0.4920634920634921,RED,101.02261352539062,-0.005291005291005235
2008-05-15,0.5227649894080773,0.47619047619047616,RED,102.2856674194336,-0.05291005291005291
2008-05-16,0.5233783009624182,0.47089947089947093,RED,102.37895202636719,-0.031746031746031744
2008-05-19,0.524869628609782,0.4656084656084656,RED,102.6588363647461,-0.031746031746031744
2008-05-20,0.5231114847103967,0.4814814814814815,RED,101.82636260986328,0.005291005291005346
2008-05-21,0.5227288699421625,0.4920634920634921,RED,100.10398864746094,0.0
2008-05-22,0.5233857848138274,0.47089947089947093,RED,100.11840057373047,-0.005291005291005235
2008-05-23,0.519263064086993,0.5661375661375662,RED,98.7763442993164,0.09523809523809523
2008-05-27,0.5169210067232849,0.5873015873015873,RED,99.50838470458984,0.12169312169312174
2008-05-28,0.5203980947475196,0.5396825396825398,RED,99.96766662597656,0.05820105820105825
2008-05-29,0.5200562651464864,0.5502645502645502,RED,100.4699935913086,0.05820105820105814
2008-05-30,0.5193565173748876,0.5555555555555556,RED,100.72116088867188,0.08465608465608465
2008-06-02,0.5140537293622184,0.6084656084656085,RED,99.68058013916016,0.042328042328042326
2008-06-03,0.5136818725475172,0.6084656084656085,RED,99.09931945800781,0.021164021164021163
2008-06-04,0.5133366941232281,0.6190476190476191,RED,99.04910278320312,0.0793650793650793
2008-06-05,0.5162497846604366,0.5714285714285714,RED,101.0297622680664,0.021164021164021163
2008-06-06,0.5141325461562634,0.5925925925925926,RED,97.80757904052734,0.03703703703703698
2008-06-09,0.5184027400719858,0.544973544973545,RED,98.04440307617188,-0.06349206349206349
2008-06-10,0.519812833603659,0.5132275132275133,RED,97.55638885498047,-0.09523809523809523
2008-06-11,0.518824116613158,0.5396825396825398,RED,96.12110900878906,-0.0793650793650793
2008-06-12,0.5204944912456448,0.4814814814814815,RED,96.4870834350586,-0.08994708994708989
2008-06-13,0.5222275834451832,0.42328042328042326,RED,97.70706939697266,-0.1693121693121693
2008-06-16,0.5146828656355195,0.5873015873015873,RED,97.76444244384766,0.042328042328042326
2008-06-17,0.5145915908534491,0.5873015873015873,RED,97.2908935546875,0.07407407407407407
2008-06-18,0.5152133090243901,0.5608465608465609,RED,96.34353637695312,0.021164021164021163
2008-06-19,0.5129534242668872,0.6243386243386244,RED,96.46558380126953,0.1428571428571429
2008-06-20,0.5099911143574687,0.6402116402116402,RED,94.8997802734375,0.21693121693121697
2008-06-23,0.5086779670295664,0.6878306878306879,RED,94.80597686767578,0.10052910052910058
2008-06-24,0.5056193014376168,0.7354497354497355,RED,94.6185073852539,0.14814814814814814
2008-06-25,0.5069576466984697,0.7195767195767195,RED,95.06566619873047,0.1587301587301586
2008-06-26,0.5015027600835323,0.8095238095238095,RED,92.4836196899414,0.18518518518518512
2008-06-27,0.4998791327709505,0.8306878306878307,RED,91.9787826538086,0.19047619047619047
2008-06-30,0.49904663552358897,0.8412698412698413,RED,92.3033447265625,0.15343915343915338
2008-07-01,0.4986439977981927,0.8518518518518519,RED,92.59182739257812,0.1164021164021164
2008-07-02,0.4982092442880372,0.8518518518518519,RED,91.00511932373047,0.13227513227513232
2008-07-03,0.4971537863263077,0.8571428571428572,RED,91.09886932373047,0.04761904761904767
2008-07-07,0.49728067014133903,0.8518518518518519,RED,90.16848754882812,0.021164021164021163
2008-07-08,0.49588700885643483,0.8835978835978836,RED,91.76962280273438,0.042328042328042326
2008-07-09,0.4933464958824309,0.9470899470899471,RED,90.00259399414062,0.09523809523809523
2008-07-10,0.49458138989664535,0.9206349206349207,RED,90.37045288085938,0.06878306878306883
2008-07-11,0.49495691536858366,0.91005291005291,RED,89.31743621826172,0.052910052910052796
2008-07-14,0.4926492913272319,0.962962962962963,RED,88.50965118408203,0.11111111111111116
2008-07-15,0.4843270225497472,0.9894179894179894,RED,87.26191711425781,0.10582010582010581
2008-07-16,0.48639219853861726,0.9788359788359788,RED,89.40396118164062,0.031746031746031744
2008-07-17,0.4885371078188145,0.9735449735449735,RED,90.29832458496094,0.052910052910052796
2008-07-18,0.4972807793535492,0.8042328042328042,RED,90.86087036132812,-0.10582010582010581
2008-07-21,0.49949736264758776,0.7566137566137566,RED,90.911376953125,-0.2063492063492064
2008-07-22,0.5016313042371778,0.7195767195767195,RED,91.9427261352539,-0.2698412698412699
2008-07-23,0.5005367122344151,0.7407407407407407,RED,92.44039154052734,-0.23809523809523814
2008-07-24,0.5003210791068416,0.7407407407407407,RED,90.52188873291016,-0.2328042328042328
2008-07-25,0.502054520515244,0.6878306878306879,RED,90.50025177001953,-0.11640211640211628
2008-07-28,0.49931866284572324,0.7566137566137566,RED,89.1731948852539,0.0
2008-07-29,0.49984807332073616,0.746031746031746,RED,91.0772476196289,0.02645502645502651
2008-07-30,0.499833484224061,0.746031746031746,RED,92.70002746582031,0.005291005291005346
2008-07-31,0.4998220397848812,0.746031746031746,RED,91.4738998413086,0.005291005291005346
2008-08-01,0.4974901247988553,0.7936507936507937,RED,90.99068450927734,0.10582010582010581
2008-08-04,0.4941197323798655,0.9047619047619048,RED,90.14683532714844,0.14814814814814814
2008-08-05,0.497844825240658,0.783068783068783,RED,92.5774154663086,0.03703703703703698
2008-08-06,0.4944599271580944,0.8941798941798942,RED,92.98851776123047,0.14814814814814814
2008-08-07,0.4927975017955573,0.9417989417989419,RED,91.6037368774414,0.1957671957671958
2008-08-08,0.49407112846651063,0.8994708994708995,RED,93.30585479736328,0.10582010582010581
2008-08-11,0.49333366704898873,0.9206349206349207,RED,94.27229309082031,0.015873015873015928
2008-08-12,0.4943673064501023,0.8835978835978836,RED,93.29146575927734,0.10052910052910058
2008-08-13,0.4951768705126328,0.8465608465608465,RED,92.72884368896484,-0.04761904761904767
2008-08-14,0.49499714329325495,0.8518518518518519,RED,93.42847442626953,-0.08994708994709
2008-08-15,0.4957626789103017,0.8042328042328042,RED,93.8828353881836,-0.09523809523809534
2008-08-18,0.49422275801320653,0.8835978835978836,RED,92.59903717041016,-0.03703703703703709
2008-08-19,0.49482733121326555,0.8571428571428572,RED,91.58932495117188,-0.026455026455026398
2008-08-20,0.4940663929424428,0.8994708994708995,RED,92.01483154296875,0.05291005291005302
2008-08-21,0.4937880392274833,0.8994708994708995,RED,92.17347717285156,0.04761904761904767
2008-08-22,0.4918476005522269,0.9470899470899471,RED,93.50782012939453,0.1428571428571429
2008-08-25,0.49368746653303647,0.8941798941798942,RED,91.61094665527344,0.010582010582010581
2008-08-26,0.4911966785511411,0.962962962962963,RED,91.8778076171875,0.10582010582010581
2008-08-27,0.4914346377229908,0.9576719576719577,RED,92.77214050292969,0.05820105820105814
2008-08-28,0.4923653293143127,0.9312169312169312,RED,93.89726257324219,0.03174603174603163
2008-08-29,0.49303525152322103,0.9153439153439153,RED,92.88751983642578,-0.031746031746031744
2008-09-02,0.49251906343165863,0.9259259259259259,RED,92.310546875,0.031746031746031744
2008-09-03,0.49395029207101954,0.8571428571428572,RED,92.23123168945312,-0.10582010582010581
2008-09-04,0.4957969291986035,0.7354497354497355,RED,89.45443725585938,-0.2222222222222222
2008-09-05,0.4955470049607087,0.746031746031746,RED,89.7357406616211,-0.18518518518518512
2008-09-08,0.4951957677412037,0.7671957671957672,RED,91.58932495117188,-0.14814814814814814
2008-09-09,0.49549289337315633,0.746031746031746,RED,88.87027740478516,-0.17989417989417988
2008-09-10,0.4926427148179037,0.9206349206349207,RED,89.23089599609375,0.06349206349206349
2008-09-11,0.4928205319857875,0.9047619047619048,RED,90.52188873291016,0.1693121693121693
2008-09-12,0.4927611763714442,0.91005291005291,RED,90.9402084350586,0.16402116402116396
2008-09-15,0.47131384845039875,0.9947089947089947,RED,86.6128158569336,0.22751322751322745
2008-09-16,0.4612901668750158,0.9947089947089947,RED,88.06249237060547,0.2486772486772486
2008-09-17,0.4315207874914967,0.9947089947089947,RED,84.10292053222656,0.07407407407407396
2008-09-18,0.46706398835533386,0.9841269841269842,RED,86.59837341308594,0.07936507936507942
2008-09-19,0.47569212424370194,0.9735449735449735,RED,90.03753662109375,0.06349206349206349
2008-09-22,0.4749221093909578,0.9735449735449735,RED,87.9991226196289,-0.021164021164021163
2008-09-23,0.4699332055731516,0.9788359788359788,RED,85.9970474243164,-0.015873015873015817
2008-09-24,0.4731314303833753,0.9682539682539683,RED,86.27267456054688,-0.026455026455026398
2008-09-25,0.46191394500113503,0.9841269841269842,RED,87.6219253540039,0.0
2008-09-26,0.4603119762213618,0.9894179894179894,RED,87.66545104980469,0.015873015873015928
2008-09-29,0.4206179792183138,0.9947089947089947,RED,80.79583740234375,0.021164021164021163
2008-09-30,0.43709770463839426,0.9841269841269842,RED,84.13997650146484,0.005291005291005346
2008-10-01,0.45470731207164317,0.9788359788359788,RED,84.19074249267578,0.010582010582010581
2008-10-02,0.44191281581178476,0.9788359788359788,RED,81.13677978515625,-0.005291005291005346
2008-10-03,0.4391017794789602,0.9788359788359788,RED,80.04141998291016,-0.010582010582010581
2008-10-06,0.4223016337538611,0.9894179894179894,RED,75.96466064453125,-0.005291005291005235
2008-10-07,0.41507146163265823,0.9947089947089947,RED,72.56250762939453,0.01058201058201047
2008-10-08,0.3994350465860641,0.9947089947089947,RED,70.73444366455078,0.015873015873015817
2008-10-09,0.3899046832764255,0.9947089947089947,RED,65.79444885253906,0.015873015873015817
2008-10-10,0.36333287860233693,0.9947089947089947,RED,64.19853973388672,0.015873015873015817
2008-10-13,0.40971528548764685,0.9788359788359788,RED,73.52005767822266,-0.010582010582010581
2008-10-14,0.4122946346700331,0.9735449735449735,RED,72.43189239501953,-0.021164021164021163
2008-10-15,0.39298770785913606,0.9841269841269842,RED,65.30116271972656,-0.01058201058201047
2008-10-16,0.37832378572467074,0.9894179894179894,RED,68.02140808105469,-0.005291005291005235
2008-10-17,0.3735177338666815,0.9894179894179894,RED,67.61518859863281,-0.005291005291005235
2008-10-20,0.3812608820325413,0.9788359788359788,RED,71.67748260498047,0.0
2008-10-21,0.37830445653236483,0.9841269841269842,RED,69.53754425048828,0.010582010582010692
2008-10-22,0.3746251764874672,0.9841269841269842,RED,65.75091552734375,0.0
2008-10-23,0.3811844211369754,0.9682539682539683,RED,66.51258087158203,-0.021164021164021163
2008-10-24,0.3713438833015366,0.9894179894179894,RED,63.13944625854492,0.0
2008-10-27,0.3533393927276371,0.9947089947089947,RED,60.89793014526367,0.015873015873015817
2008-10-28,0.3569143473285292,0.9894179894179894,RED,68.01415252685547,0.005291005291005235
2008-10-29,0.37294024476628707,0.9735449735449735,RED,67.52088928222656,-0.010582010582010692
2008-10-30,0.38284319377591364,0.9365079365079365,RED,69.85671997070312,-0.031746031746031744
2008-10-31,0.3828207666666627,0.9365079365079365,RED,70.24116516113281,-0.05291005291005291
2008-11-03,0.38521333856323653,0.9259259259259259,RED,70.44429779052734,-0.06878306878306872
2008-11-04,0.38969217435266923,0.9206349206349207,RED,72.83811950683594,-0.06878306878306872
2008-11-05,0.3857878936814421,0.9206349206349207,RED,69.77693176269531,-0.052910052910052796
2008-11-06,0.3856505026482759,0.9206349206349207,RED,65.9104995727539,-0.015873015873015817
2008-11-07,0.3903571931166114,0.8994708994708995,RED,68.08667755126953,-0.03703703703703698
2008-11-10,0.38920691644127636,0.91005291005291,RED,67.19448852539062,-0.015873015873015928
2008-11-11,0.38823625104454734,0.91005291005291,RED,65.11980438232422,-0.010582010582010692
2008-11-12,0.38214883228876234,0.9365079365079365,RED,62.25445556640625,0.015873015873015817
2008-11-13,0.38107135486594534,0.9470899470899471,RED,66.13534545898438,0.026455026455026398
2008-11-14,0.3765118578747799,0.9576719576719577,RED,62.834739685058594,0.05820105820105814
2008-11-17,0.37002758776070344,0.9788359788359788,RED,62.000545501708984,0.06878306878306883
2008-11-18,0.36185255864357985,0.9841269841269842,RED,63.16845703125,0.07407407407407418
2008-11-19,0.3489936085239346,0.9947089947089947,RED,59.12068176269531,0.05820105820105814
2008-11-20,0.33675518368531476,0.9947089947089947,RED,54.731964111328125,0.04761904761904756
2008-11-21,0.3406644775807101,0.9894179894179894,RED,57.684383392333984,0.031746031746031744
2008-11-24,0.34305866168710586,0.9841269841269842,RED,61.681373596191406,0.005291005291005346
2008-11-25,0.3463447362760572,0.9788359788359788,RED,62.138362884521484,-0.005291005291005346
2008-11-26,0.3533047575275156,0.9682539682539683,RED,64.53947448730469,-0.026455026455026398
2008-11-28,0.3517689797577281,0.9682539682539683,RED,65.35191345214844,-0.026455026455026398
2008-12-01,0.34394789845771545,0.9788359788359788,RED,59.56320571899414,-0.010582010582010581
2008-12-02,0.3476859253558164,0.9682539682539683,RED,61.8554801940918,-0.015873015873015928
2008-12-03,0.34745229794790294,0.9682539682539683,RED,63.342529296875,-0.010582010582010581
2008-12-04,0.34533624875545504,0.9735449735449735,RED,61.877220153808594,0.005291005291005235
2008-12-05,0.3459046119001579,0.9682539682539683,RED,63.78506851196289,0.0
2008-12-08,0.3504209440513009,0.9417989417989419,RED,66.01203918457031,-0.03703703703703698
2008-12-09,0.34672477368338506,0.9576719576719577,RED,64.92393493652344,-0.010582010582010581
2008-12-10,0.3469074746061586,0.9523809523809523,RED,65.36646270751953,-0.015873015873015928
2008-12-11,0.3434176087562603,0.9788359788359788,RED,63.792354583740234,0.005291005291005346
2008-12-12,0.34800989804916355,0.9312169312169312,RED,64.55397033691406,-0.03703703703703709
2008-12-15,0.34594957623151,0.9576719576719577,RED,63.65447235107422,0.015873015873015817
2008-12-16,0.35218901967678623,0.9047619047619048,RED,66.65042114257812,-0.05291005291005291
2008-12-17,0.361972108051221,0.8783068783068784,RED,66.00482177734375,-0.07407407407407396
2008-12-18,0.3828039266110491,0.8042328042328042,RED,64.77159118652344,-0.17460317460317465
2008-12-19,0.3805977538491879,0.8253968253968254,RED,64.49298095703125,-0.10582010582010581
2008-12-22,0.39659168369234615,0.7354497354497355,RED,63.666622161865234,-0.2222222222222222
2008-12-23,0.40228483385517794,0.7248677248677249,RED,63.00844955444336,-0.17989417989417988
2008-12-24,0.39586863696643787,0.7354497354497355,RED,63.374107360839844,-0.1428571428571429
2008-12-26,0.40294566212390576,0.7142857142857143,RED,63.73975372314453,-0.08994708994708989
2008-12-29,0.40476923593531394,0.7089947089947091,RED,63.55696105957031,-0.11640211640211628
2008-12-30,0.4056226176971928,0.7037037037037037,RED,65.06340026855469,-0.031746031746031744
2008-12-31,0.40844758732774217,0.6984126984126984,RED,65.99212646484375,-0.02645502645502651
2009-01-02,0.4093333436858707,0.6931216931216931,RED,67.98128509521484,-0.042328042328042326
2009-01-05,0.4282418563385835,0.6613756613756614,RED,67.90084075927734,-0.05291005291005291
2009-01-06,0.43164881161814456,0.6507936507936508,RED,68.35424041748047,-0.05820105820105825
2009-01-07,0.424136668071098,0.6613756613756614,RED,66.30656433105469,-0.042328042328042326
2009-01-08,0.41789011714269336,0.671957671957672,RED,66.57717895507812,-0.026455026455026398
2009-01-09,0.4237348107071604,0.656084656084656,RED,65.15111541748047,-0.03703703703703709
2009-01-12,0.4144238267755712,0.6772486772486772,RED,63.58619689941406,0.015873015873015817
2009-01-13,0.4128667485646894,0.6772486772486772,RED,63.703182220458984,0.026455026455026398
2009-01-14,0.407106391928335,0.6984126984126984,RED,61.699424743652344,0.03703703703703698
2009-01-15,0.405925271886509,0.6984126984126984,RED,61.72138214111328,0.026455026455026398
2009-01-16,0.4090163945868502,0.6825396825396826,RED,62.20402145385742,0.02645502645502651
2009-01-20,0.4018290120630311,0.7195767195767195,RED,58.920528411865234,0.042328042328042326
2009-01-21,0.40250153660687854,0.7089947089947091,RED,61.465423583984375,0.031746031746031855
2009-01-22,0.401233935253537,0.7195767195767195,RED,60.5147590637207,0.021164021164021163
2009-01-23,0.39491851446688675,0.7354497354497355,RED,60.77800369262695,0.03703703703703709
2009-01-26,0.3964578799424945,0.7248677248677249,RED,61.19486618041992,0.042328042328042326
2009-01-27,0.3996995144578462,0.7089947089947091,RED,61.81643295288086,-0.01058201058201047
2009-01-28,0.41401798521467315,0.6243386243386244,RED,63.907936096191406,-0.08465608465608465
2009-01-29,0.4044889956972543,0.6772486772486772,RED,61.831077575683594,-0.042328042328042326
2009-01-30,0.4060845141330865,0.656084656084656,RED,60.57321548461914,-0.07936507936507942
2009-02-02,0.39706438655637877,0.7142857142857143,RED,60.39042282104492,-0.010582010582010581
2009-02-03,0.3981979646604425,0.7089947089947091,RED,61.23872375488281,0.0
2009-02-04,0.3985340312728933,0.7037037037037037,RED,60.938880920410156,0.0793650793650793
2009-02-05,0.3951627148992239,0.7301587301587302,RED,61.8457145690918,0.05291005291005302
2009-02-06,0.40337517729344036,0.656084656084656,RED,63.60810852050781,0.0
2009-02-09,0.4066345263964424,0.6243386243386244,RED,63.695858001708984,-0.08994708994708989
2009-02-10,0.40304399549764564,0.656084656084656,RED,60.77800369262695,-0.05291005291005302
2009-02-11,0.40221268713414327,0.671957671957672,RED,61.13632583618164,-0.031746031746031744
2009-02-12,0.400482335989619,0.6825396825396826,RED,61.18019485473633,-0.04761904761904767
2009-02-13,0.4028274194648461,0.6507936507936508,RED,60.52204513549805,-0.005291005291005235
2009-02-17,0.39154083019166824,0.7407407407407407,RED,57.93326187133789,0.11640211640211628
2009-02-18,0.3898471780419332,0.7513227513227514,RED,57.7943229675293,0.09523809523809534
2009-02-19,0.39195057567712077,0.7301587301587302,RED,57.1727180480957,0.05820105820105825
2009-02-20,0.3859014201901245,0.7671957671957672,RED,56.616912841796875,0.08465608465608465
2009-02-23,0.37624377746778515,0.8412698412698413,RED,54.59123611450195,0.19047619047619047
2009-02-24,0.38185873275749477,0.798941798941799,RED,56.66082763671875,0.05820105820105825
2009-02-25,0.3807280992077664,0.8148148148148149,RED,56.2147216796875,0.06349206349206349
2009-02-26,0.37300788209284913,0.8518518518518519,RED,55.30059814453125,0.12169312169312163
2009-02-27,0.36716247480414255,0.8677248677248677,RED,54.06471252441406,0.10052910052910047
2009-03-02,0.3587330355769186,0.8835978835978836,RED,51.62948989868164,0.042328042328042326
2009-03-03,0.360464408235227,0.8783068783068784,RED,51.24189758300781,0.07936507936507942
2009-03-04,0.36079582212477385,0.873015873015873,RED,52.45586395263672,0.05820105820105814
2009-03-05,0.343285244604481,0.9788359788359788,RED,50.31315231323242,0.12698412698412698
2009-03-06,0.3418762928256333,0.9841269841269842,RED,50.40089797973633,0.1164021164021165
2009-03-09,0.340215288205823,0.9894179894179894,RED,49.808570861816406,0.10582010582010581
2009-03-10,0.3572624181543357,0.8677248677248677,RED,52.777626037597656,-0.010582010582010692
2009-03-11,0.36277788988479126,0.835978835978836,RED,53.1213264465332,-0.03703703703703698
2009-03-12,0.36866235255407465,0.8201058201058201,RED,55.21282958984375,-0.15873015873015872
2009-03-13,0.3691824679617053,0.8148148148148149,RED,55.64430236816406,-0.1693121693121693
2009-03-16,0.37176427178294014,0.798941798941799,RED,55.476104736328125,-0.19047619047619047
2009-03-17,0.36975506319119295,0.8095238095238095,RED,57.1727180480957,-0.05820105820105814
2009-03-18,0.3768205742487582,0.7566137566137566,RED,58.45247268676758,-0.07936507936507942
2009-03-19,0.3739642007928488,0.7724867724867726,RED,57.72848892211914,-0.04761904761904756
2009-03-20,0.3728047989952353,0.7883597883597884,RED,56.499237060546875,-0.02645502645502651
2009-03-23,0.38082267467980335,0.7195767195767195,RED,60.55751419067383,-0.07936507936507942
2009-03-24,0.3820380392322978,0.6931216931216931,RED,59.36433792114258,-0.1164021164021164
2009-03-25,0.38416982648561293,0.6666666666666667,RED,59.99037551879883,-0.08994708994708989
2009-03-26,0.3896146208718226,0.6296296296296297,RED,61.213008880615234,-0.1428571428571429
2009-03-27,0.3854660036023306,0.656084656084656,RED,60.108219146728516,-0.13227513227513232
2009-03-30,0.3670622728496531,0.8253968253968254,RED,58.03121566772461,0.10582010582010581
2009-03-31,0.37230653468605746,0.783068783068783,RED,58.56890106201172,0.08994708994708989
2009-04-01,0.3729794935548299,0.7671957671957672,RED,59.703125,0.10052910052910047
2009-04-02,0.3871863043259273,0.6190476190476191,RED,61.44868850708008,-0.010582010582010581
2009-04-03,0.39353321010813874,0.5608465608465609,RED,62.06002426147461,-0.09523809523809512
2009-04-06,0.3919686733261392,0.5661375661375662,RED,61.57390213012695,-0.2592592592592592
2009-04-07,0.38731330849709844,0.6137566137566137,RED,60.13771438598633,-0.1693121693121693
2009-04-08,0.39188446370382324,0.5661375661375662,RED,60.78583908081055,-0.20105820105820105
2009-04-09,0.40351495063382414,0.43386243386243384,RED,63.20164108276367,-0.18518518518518523
2009-04-13,0.40246680241020116,0.46031746031746035,RED,63.21640396118164,-0.10052910052910058
2009-04-14,0.40007281143404355,0.48677248677248675,RED,62.126285552978516,-0.07936507936507942
2009-04-15,0.4032755292822092,0.4285714285714286,RED,62.7891960144043,-0.18518518518518512
2009-04-16,0.41025897754848184,0.35449735449735453,RED,63.70989227294922,-0.21164021164021163
2009-04-17,0.419678492802028,0.31746031746031744,RED,64.13706970214844,-0.1164021164021164
2009-04-20,0.4039556267584312,0.4126984126984127,GREEN,61.44868850708008,-0.04761904761904767
2009-04-21,0.4084758777998852,0.3650793650793651,RED,62.64922332763672,-0.12169312169312163
2009-04-22,0.4104261040046843,0.3386243386243386,RED,62.266273498535156,-0.08994708994709
2009-04-23,0.4102730680877363,0.3386243386243386,YELLOW,62.87757110595703,-0.015873015873015928
2009-04-24,0.4166287591683478,0.3015873015873016,YELLOW,63.827693939208984,-0.015873015873015817
2009-04-27,0.412847843071301,0.3227513227513228,GREEN,63.223731994628906,-0.08994708994708989
2009-04-28,0.4141329858757635,0.30687830687830686,YELLOW,63.02488327026367,-0.05820105820105825
2009-04-29,0.42162375135824837,0.2698412698412699,GREEN,64.36534118652344,-0.06878306878306872
2009-04-30,0.4245570195762477,0.24867724867724872,GREEN,64.3874740600586,-0.08994708994708989
2009-05-01,0.4242079435299513,0.24867724867724872,GREEN,64.73362731933594,-0.05291005291005291
2009-05-04,0.42329843865505534,0.2592592592592593,GREEN,66.93588256835938,-0.06349206349206349
2009-05-05,0.4270503266445476,0.2328042328042328,GREEN,66.70756530761719,-0.07407407407407407
2009-05-06,0.430332726125077,0.2222222222222222,GREEN,67.8638916015625,-0.04761904761904767
2009-05-07,0.4238660512771452,0.24867724867724872,GREEN,66.92113494873047,0.0
2009-05-08,0.4311463665292708,0.21164021164021163,GREEN,68.48258209228516,-0.03703703703703709
2009-05-11,0.42818344013926846,0.2222222222222222,GREEN,67.20099639892578,-0.03703703703703709
2009-05-12,0.429916958095378,0.21164021164021163,GREEN,67.00215911865234,-0.021164021164021163
2009-05-13,0.4241062754324757,0.24338624338624337,GREEN,65.31548309326172,0.021164021164021163
2009-05-14,0.41947138646141935,0.28042328042328046,GREEN,65.87528228759766,0.031746031746031744
2009-05-15,0.41363611460269356,0.3121693121693122,RED,65.33757019042969,0.10052910052910058
2009-05-18,0.42283861711734577,0.24867724867724872,RED,67.19364929199219,0.02645502645502651
2009-05-19,0.42539019150216906,0.2063492063492064,GREEN,67.11262512207031,-0.005291005291005235
2009-05-20,0.4311046850463198,0.17460317460317465,GREEN,66.663330078125,-0.06878306878306872
2009-05-21,0.4261188278563377,0.20105820105820105,GREEN,65.70586395263672,-0.07936507936507942
2009-05-22,0.4319031938705234,0.14814814814814814,GREEN,65.56592559814453,-0.16402116402116407
2009-05-26,0.4313476759642386,0.15873015873015872,GREEN,67.24520874023438,-0.08994708994709
2009-05-27,0.4322362270248454,0.13756613756613756,GREEN,66.04467010498047,-0.06878306878306883
2009-05-28,0.4338039909792026,0.13227513227513232,GREEN,66.96533203125,-0.042328042328042326
2009-05-29,0.43643540169049916,0.12698412698412698,GREEN,68.151123046875,-0.07407407407407407
2009-06-01,0.4471311603323833,0.10582010582010581,GREEN,69.80094909667969,-0.042328042328042326
2009-06-02,0.4459882050025636,0.10582010582010581,GREEN,69.85989379882812,-0.05291005291005291
2009-06-03,0.44264568691648887,0.10582010582010581,GREEN,68.97606658935547,-0.031746031746031744
2009-06-04,0.4444267123340292,0.10052910052910058,GREEN,69.62419891357422,-0.031746031746031744
2009-06-05,0.448788943391146,0.08465608465608465,GREEN,69.63894653320312,-0.042328042328042326
2009-06-08,0.4507784268208768,0.07936507936507942,GREEN,69.3516845703125,-0.026455026455026398
2009-06-09,0.45060354556425863,0.07936507936507942,GREEN,69.7052001953125,-0.026455026455026398
2009-06-10,0.4512280920787709,0.06878306878306883,GREEN,69.52848052978516,-0.03703703703703698
2009-06-11,0.4521996906463419,0.06349206349206349,GREEN,69.83777618408203,-0.03703703703703709
2009-06-12,0.4540458251142168,0.05820105820105825,GREEN,70.02928924560547,-0.026455026455026398
2009-06-15,0.4470046448249831,0.08994708994709,GREEN,68.42363739013672,0.010582010582010581
2009-06-16,0.44225964428939696,0.10582010582010581,GREEN,67.49560546875,0.026455026455026398
2009-06-17,0.43922751688696937,0.11111111111111116,GREEN,67.42932891845703,0.042328042328042326
2009-06-18,0.4441742168232833,0.09523809523809523,GREEN,67.92282104492188,0.031746031746031744
2009-06-19,0.4443626267306097,0.08994708994709,GREEN,68.17315673828125,0.031746031746031744
2009-06-22,0.43776030875790656,0.12169312169312174,GREEN,66.12886810302734,0.031746031746031744
2009-06-23,0.43849806180060535,0.1164021164021164,GREEN,66.18072509765625,0.010582010582010581
2009-06-24,0.4407645939445545,0.10052910052910058,GREEN,66.75103759765625,-0.010582010582010581
2009-06-25,0.4441151351395438,0.07936507936507942,GREEN,68.20278930664062,-0.015873015873015817
2009-06-26,0.4437900968379981,0.07936507936507942,GREEN,68.02501678466797,-0.010582010582010581
2009-06-29,0.4493402131106761,0.031746031746031744,GREEN,68.66203308105469,-0.08994708994709
2009-06-30,0.4514891695962503,0.015873015873015928,GREEN,68.10649871826172,-0.10052910052910047
2009-07-01,0.4521605785823081,0.015873015873015928,GREEN,68.3879623413086,-0.08465608465608465
2009-07-02,0.4438023501986085,0.08465608465608465,GREEN,66.52141571044922,0.005291005291005235
2009-07-06,0.4370288990704166,0.13227513227513232,GREEN,66.51399993896484,0.05291005291005291
2009-07-07,0.4309788261105514,0.17460317460317465,GREEN,65.22520446777344,0.1428571428571429
2009-07-08,0.4329302187807396,0.1428571428571429,GREEN,65.18074798583984,0.12698412698412698
2009-07-09,0.4393463592742415,0.11111111111111116,GREEN,65.30667114257812,0.09523809523809523
2009-07-10,0.43556982020717233,0.1428571428571429,GREEN,65.15110778808594,0.05820105820105825
2009-07-13,0.4367977417265374,0.13756613756613756,GREEN,66.73621368408203,0.005291005291005235
2009-07-14,0.4388198158036437,0.12169312169312174,GREEN,67.11397552490234,-0.05291005291005291
2009-07-15,0.4495802659888749,0.03703703703703709,GREEN,69.0768051147461,-0.10582010582010581
2009-07-16,0.4502518658223373,0.03703703703703709,GREEN,68.96571350097656,-0.07407407407407407
2009-07-17,0.4508126216313656,0.02645502645502651,GREEN,69.72120666503906,-0.1164021164021164
2009-07-20,0.45714346343576223,0.0,GREEN,70.46186828613281,-0.13756613756613756
2009-07-21,0.4588205990117471,0.0,GREEN,70.78776550292969,-0.12169312169312174
2009-07-22,0.45961002324307065,0.0,GREEN,70.77298736572266,-0.03703703703703709
2009-07-23,0.46511878776901877,0.0,GREEN,72.33583068847656,-0.03703703703703709
2009-07-24,0.4675807505345988,0.0,GREEN,72.63212585449219,-0.02645502645502651
2009-07-27,0.4687738940628638,0.0,GREEN,72.84693145751953,0.0
2009-07-28,0.46956876584764456,0.0,GREEN,72.50621795654297,0.0
2009-07-29,0.4714512677725519,0.0,GREEN,72.32843780517578,0.0
2009-07-30,0.4752842114218321,0.0,GREEN,73.08395385742188,0.0
2009-07-31,0.4821971174637199,0.0,GREEN,73.1876220703125,0.0
2009-08-03,0.4837963105902727,0.0,GREEN,74.39492797851562,0.0
2009-08-04,0.48316332396666806,0.005291005291005346,GREEN,74.5875473022461,0.005291005291005346
2009-08-05,0.48177853278271837,0.015873015873015928,GREEN,74.37275695800781,0.015873015873015928
2009-08-06,0.47796818931872015,0.021164021164021163,GREEN,73.98757934570312,0.021164021164021163
2009-08-07,0.4821257434863445,0.015873015873015928,GREEN,74.9578628540039,0.015873015873015928
2009-08-10,0.4835679835122478,0.005291005291005346,GREEN,74.8023452758789,0.005291005291005346
2009-08-11,0.48189344429554853,0.02645502645502651,GREEN,73.86907958984375,0.021164021164021163
2009-08-12,0.4805093609284496,0.03703703703703709,GREEN,74.66162109375,0.021164021164021163
2009-08-13,0.47360336196102687,0.05291005291005291,GREEN,75.23194885253906,0.031746031746031744
2009-08-14,0.4709055074139986,0.06349206349206349,GREEN,74.65418243408203,0.04761904761904756
2009-08-17,0.4589083859133837,0.09523809523809523,GREEN,72.8172836303711,0.08994708994708989
2009-08-18,0.46694820665872255,0.08465608465608465,GREEN,73.3950424194336,0.05820105820105814
2009-08-19,0.46862097641399664,0.07936507936507942,GREEN,74.03945922851562,0.042328042328042326
2009-08-20,0.4672967662543462,0.08994708994709,GREEN,74.8023452758789,0.03703703703703709
2009-08-21,0.47441049572878935,0.05291005291005291,GREEN,76.2688980102539,-0.010582010582010581
2009-08-24,0.4713726854424534,0.06878306878306883,GREEN,76.2614974975586,-0.026455026455026398
2009-08-25,0.47131479283330147,0.07407407407407407,GREEN,76.40963745117188,-0.010582010582010581
2009-08-26,0.47287223701719433,0.06349206349206349,GREEN,76.41703033447266,-0.015873015873015928
2009-08-27,0.47051541500911853,0.08994708994709,GREEN,76.5874252319336,0.0
2009-08-28,0.4723637017403942,0.06878306878306883,GREEN,76.57258605957031,0.015873015873015928
2009-08-31,0.4720834509903525,0.07407407407407407,GREEN,75.89115142822266,0.005291005291005235
2009-09-01,0.4672677428732755,0.13227513227513232,GREEN,74.21720123291016,0.05820105820105825
2009-09-02,0.464283962974978,0.14814814814814814,GREEN,73.93572998046875,0.08465608465608465
2009-09-03,0.46773190424686967,0.12169312169312174,GREEN,74.55050659179688,0.031746031746031744
2009-09-04,0.4715399661949855,0.07936507936507942,GREEN,75.59488677978516,0.010582010582010581
2009-09-08,0.47818974299409317,0.042328042328042326,GREEN,76.24669647216797,-0.031746031746031744
2009-09-09,0.47362357435757657,0.06349206349206349,GREEN,76.83183288574219,-0.06878306878306883
2009-09-10,0.480677901925226,0.03703703703703709,GREEN,77.6169662475586,-0.11111111111111105
2009-09-11,0.4854153674682135,0.0,GREEN,77.6021499633789,-0.12169312169312174
2009-09-14,0.48628311521393247,0.0,GREEN,77.9798812866211,-0.07936507936507942
2009-09-15,0.4895182101192813,0.0,GREEN,78.30581665039062,-0.042328042328042326
2009-09-16,0.4964695013677871,0.0,GREEN,79.49092864990234,-0.06349206349206349
2009-09-17,0.49662614537354927,0.0,GREEN,79.37242889404297,-0.03703703703703709
2009-09-18,0.49571134898389974,0.010582010582010581,GREEN,79.42300415039062,0.010582010582010581
2009-09-21,0.4958237926366053,0.010582010582010581,GREEN,79.22209167480469,0.010582010582010581
2009-09-22,0.49536277888700436,0.021164021164021163,GREEN,79.68350219726562,0.021164021164021163
2009-09-23,0.4960973573221531,0.010582010582010581,GREEN,79.02113342285156,0.010582010582010581
2009-09-24,0.4969028813109453,0.0,GREEN,78.15039825439453,0.0
2009-09-25,0.4954636947491568,0.031746031746031744,GREEN,77.73362731933594,0.021164021164021163
2009-09-28,0.4994501564254058,0.0,GREEN,79.12532043457031,-0.010582010582010581
2009-09-29,0.4989321786783595,0.005291005291005346,GREEN,78.8871841430664,-0.015873015873015817
2009-09-30,0.4982818729446025,0.010582010582010581,GREEN,78.58203887939453,0.0
2009-10-01,0.4846771621281106,0.07407407407407407,GREEN,76.63217163085938,0.07407407407407407
2009-10-02,0.484678529820425,0.07407407407407407,GREEN,76.27494812011719,0.042328042328042326
2009-10-05,0.49118621378796673,0.05820105820105825,GREEN,77.41361236572266,0.05820105820105825
2009-10-06,0.48979254737792444,0.06349206349206349,GREEN,78.52254486083984,0.05820105820105814
2009-10-07,0.49275157181554935,0.05820105820105825,GREEN,78.73834228515625,0.04761904761904767
2009-10-08,0.4963588826416729,0.031746031746031744,GREEN,79.34114837646484,-0.042328042328042326
2009-10-09,0.49898999978954717,0.005291005291005346,GREEN,79.82486724853516,-0.06878306878306872
2009-10-12,0.4982792281739514,0.021164021164021163,GREEN,80.13744354248047,-0.03703703703703709
2009-10-13,0.4978667343531085,0.02645502645502651,GREEN,79.97372436523438,-0.03703703703703698
2009-10-14,0.5004969291983091,0.0,GREEN,81.35050964355469,-0.05820105820105825
2009-10-15,0.5006789649017588,0.0,GREEN,81.64823150634766,-0.031746031746031744
2009-10-16,0.5003229259635017,0.010582010582010581,GREEN,81.03794860839844,0.005291005291005235
2009-10-19,0.5004385043326863,0.010582010582010581,GREEN,81.70774841308594,-0.010582010582010581
2009-10-20,0.5011307993539016,0.0,GREEN,81.27613067626953,-0.02645502645502651
2009-10-21,0.5022421047838118,0.0,GREEN,80.54676055908203,0.0
2009-10-22,0.506021146703595,0.0,GREEN,81.36544036865234,0.0
2009-10-23,0.5059923669424014,0.005291005291005346,GREEN,80.43513488769531,-0.005291005291005235
2009-10-26,0.5068280641926683,0.0,GREEN,79.5644302368164,-0.010582010582010581
2009-10-27,0.5018433590617586,0.021164021164021163,GREEN,79.19976806640625,0.021164021164021163
2009-10-28,0.49287291604162065,0.13227513227513232,GREEN,77.70388793945312,0.13227513227513232
2009-10-29,0.5002065963349175,0.05291005291005291,GREEN,79.37095642089844,0.05291005291005291
2009-10-30,0.49490456051011883,0.13756613756613756,GREEN,77.07124328613281,0.1322751322751322
2009-11-02,0.49872932138940457,0.07407407407407407,GREEN,77.63690948486328,0.07407407407407407
2009-11-03,0.4999018176717801,0.05820105820105825,GREEN,77.88250732421875,0.03703703703703709
2009-11-04,0.5007230913442283,0.031746031746031744,GREEN,78.08342742919922,-0.10052910052910058
2009-11-05,0.5006546947647141,0.042328042328042326,GREEN,79.51976013183594,-0.010582010582010581
2009-11-06,0.5007659162761877,0.031746031746031744,GREEN,79.72818756103516,-0.10582010582010581
2009-11-09,0.5027547051983066,0.015873015873015928,GREEN,81.54403686523438,-0.05820105820105814
2009-11-10,0.5026985239253403,0.021164021164021163,GREEN,81.55894470214844,-0.03703703703703709
2009-11-11,0.5024528642604486,0.02645502645502651,GREEN,81.9757080078125,-0.005291005291005235
2009-11-12,0.5030968381889088,0.015873015873015928,GREEN,81.14215850830078,-0.026455026455026398
2009-11-13,0.5019833828353785,0.042328042328042326,GREEN,81.58126068115234,0.010582010582010581
2009-11-16,0.5040216030688704,0.015873015873015928,GREEN,82.76455688476562,0.0
2009-11-17,0.5037846083962654,0.021164021164021163,GREEN,82.86129760742188,0.0
2009-11-18,0.5024998883952713,0.042328042328042326,GREEN,82.80919647216797,0.015873015873015817
2009-11-19,0.5033712746216396,0.02645502645502651,GREEN,81.73011016845703,0.010582010582010581
2009-11-20,0.503135439487024,0.031746031746031744,GREEN,81.4398193359375,-0.010582010582010581
2009-11-23,0.5026696518067473,0.05291005291005291,GREEN,82.47430419921875,0.03703703703703698
2009-11-24,0.5025436209768612,0.05820105820105825,GREEN,82.60081481933594,0.03703703703703709
2009-11-25,0.5025378177512292,0.06349206349206349,GREEN,82.89106750488281,0.021164021164021163
2009-11-27,0.49868605666075794,0.1693121693121693,GREEN,81.54403686523438,0.1428571428571428
2009-11-30,0.5002571114467095,0.13756613756613756,GREEN,81.81942749023438,0.10582010582010581
2009-12-01,0.5026071851383678,0.05820105820105825,GREEN,82.83154296875,0.005291005291005346
2009-12-02,0.5035551654618236,0.02645502645502651,GREEN,82.79432678222656,-0.031746031746031744
2009-12-03,0.5045025063136078,0.015873015873015928,GREEN,82.1468505859375,-0.04761904761904756
2009-12-04,0.507833371228011,0.0,GREEN,82.6156997680664,-0.1693121693121693
2009-12-07,0.5073860166161381,0.005291005291005346,GREEN,82.48920440673828,-0.1322751322751322
2009-12-08,0.5074881002657246,0.005291005291005346,GREEN,81.57379150390625,-0.05291005291005291
2009-12-09,0.5078522089623377,0.0,GREEN,81.8789291381836,-0.02645502645502651
2009-12-10,0.5105610534121303,0.0,GREEN,82.34033203125,-0.015873015873015928
2009-12-11,0.5114057235860822,0.0,GREEN,82.69015502929688,0.0
2009-12-14,0.5160788666742926,0.0,GREEN,83.25575256347656,-0.005291005291005346
2009-12-15,0.5156723043216004,0.005291005291005346,GREEN,82.86873626708984,0.0
2009-12-16,0.5164792303678353,0.0,GREEN,82.99525451660156,0.0
2009-12-17,0.5151975996513799,0.015873015873015928,GREEN,81.99801635742188,0.015873015873015928
2009-12-18,0.5152727935557435,0.015873015873015928,GREEN,82.4619140625,0.015873015873015928
2009-12-21,0.5176071457613594,0.0,GREEN,83.2999267578125,0.0
2009-12-22,0.5193480690851234,0.0,GREEN,83.59920501708984,-0.005291005291005346
2009-12-23,0.5205858505554304,0.0,GREEN,83.76385498046875,0.0
2009-12-24,0.5231589204903965,0.0,GREEN,84.16039276123047,-0.015873015873015928
2009-12-28,0.5223768958828954,0.005291005291005346,GREEN,84.33995819091797,-0.010582010582010581
2009-12-29,0.5192372154871102,0.021164021164021163,GREEN,84.22024536132812,0.021164021164021163
2009-12-30,0.521625661333309,0.010582010582010581,GREEN,84.19031524658203,0.010582010582010581
2009-12-31,0.5230882743357199,0.005291005291005346,GREEN,83.38224029541016,0.005291005291005346
2010-01-04,0.5264990930173024,0.0,GREEN,84.7963638305664,0.0
2010-01-05,0.5283603305838549,0.0,GREEN,85.02083587646484,-0.005291005291005346
2010-01-06,0.529663234443381,0.0,GREEN,85.08069610595703,-0.021164021164021163
2010-01-07,0.5319293962182202,0.0,GREEN,85.43986511230469,-0.010582010582010581
2010-01-08,0.5322492447246643,0.0,GREEN,85.72419738769531,-0.005291005291005346
2010-01-11,0.5315185516393283,0.010582010582010581,GREEN,85.84390258789062,0.010582010582010581
2010-01-12,0.5283453234095319,0.02645502645502651,GREEN,85.04328918457031,0.02645502645502651
2010-01-13,0.5299757568225655,0.015873015873015928,GREEN,85.7615737915039,0.015873015873015928
2010-01-14,0.5300602855000951,0.015873015873015928,GREEN,85.99354553222656,0.015873015873015928
2010-01-15,0.5274838543669131,0.042328042328042326,GREEN,85.02832794189453,0.042328042328042326
2010-01-19,0.5275942064200715,0.042328042328042326,GREEN,86.09078979492188,0.031746031746031744
2010-01-20,0.5268249842353171,0.05291005291005291,GREEN,85.21540069580078,0.026455026455026398
2010-01-21,0.5181613606703066,0.10052910052910058,GREEN,83.57676696777344,0.08465608465608465
2010-01-22,0.5128216024895486,0.13756613756613756,GREEN,81.71369934082031,0.12169312169312163
2010-01-25,0.514020626994512,0.13756613756613756,GREEN,82.13267517089844,0.09523809523809523
2010-01-26,0.5146098470063083,0.13756613756613756,GREEN,81.78849029541016,0.09523809523809523
2010-01-27,0.5149728208003319,0.13756613756613756,GREEN,82.17760467529297,0.08465608465608465
2010-01-28,0.5125371928465615,0.15873015873015872,GREEN,81.23480987548828,0.05820105820105814
2010-01-29,0.5094472722295985,0.17460317460317465,GREEN,80.3519287109375,0.03703703703703709
2010-02-01,0.5121275377194732,0.16402116402116407,GREEN,81.60142517089844,0.02645502645502651
2010-02-02,0.5136140396334216,0.1534391534391535,GREEN,82.58912658691406,0.015873015873015928
2010-02-03,0.5166057918274738,0.11111111111111116,GREEN,82.17760467529297,-0.026455026455026398
2010-02-04,0.5085438695635607,0.1957671957671958,GREEN,79.64110565185547,0.03703703703703709
2010-02-05,0.5047829076283131,0.23809523809523814,GREEN,79.80574035644531,0.06349206349206349
2010-02-08,0.5029448035111965,0.28042328042328046,GREEN,79.22957611083984,0.1164021164021164
2010-02-09,0.5044385374646584,0.24867724867724872,RED,80.2247085571289,0.09523809523809523
2010-02-10,0.4981895887940309,0.4444444444444444,GREEN,80.0676040649414,0.33333333333333326
2010-02-11,0.5000358379792526,0.4021164021164021,RED,80.90558624267578,0.20634920634920628
2010-02-12,0.49931964888006036,0.417989417989418,RED,80.83827209472656,0.17989417989417988
2010-02-16,0.5041989005054517,0.25396825396825395,RED,82.1102523803711,-0.02645502645502651
2010-02-17,0.5084922361521801,0.20105820105820105,GREEN,82.49933624267578,-0.04761904761904767
2010-02-18,0.5136236926229983,0.15873015873015872,GREEN,82.98566436767578,-0.2857142857142857
2010-02-19,0.5172657392790252,0.11111111111111116,GREEN,83.15774536132812,-0.29100529100529093
2010-02-22,0.5177357151418709,0.10582010582010581,GREEN,83.17272186279297,-0.3121693121693122
2010-02-23,0.5135506125344889,0.17989417989417988,GREEN,82.16263580322266,-0.07407407407407407
2010-02-24,0.5152691656333623,0.14814814814814814,GREEN,82.9183349609375,-0.05291005291005291
2010-02-25,0.5148972311737267,0.16402116402116407,GREEN,82.80609130859375,0.005291005291005346
2010-02-26,0.5181606821334979,0.10582010582010581,GREEN,82.85848236083984,-0.005291005291005346
2010-03-01,0.5186486873206262,0.10052910052910058,GREEN,83.71891784667969,-0.005291005291005235
2010-03-02,0.5220027314810993,0.07936507936507942,GREEN,83.95088195800781,-0.10052910052910047
2010-03-03,0.522604089959759,0.07407407407407407,GREEN,84.0257339477539,-0.07407407407407407
2010-03-04,0.5232119063546992,0.06349206349206349,GREEN,84.28010559082031,-0.10052910052910058
2010-03-05,0.5267691610392804,0.05820105820105825,GREEN,85.48472595214844,-0.04761904761904756
2010-03-08,0.5271413050756797,0.05291005291005291,GREEN,85.49969482421875,-0.04761904761904767
2010-03-09,0.5290412642810085,0.031746031746031744,GREEN,85.64189147949219,-0.04761904761904767
2010-03-10,0.5293482816826123,0.031746031746031744,GREEN,86.02347564697266,-0.042328042328042326
2010-03-11,0.5295027204297515,0.031746031746031744,GREEN,86.38259887695312,-0.031746031746031744
2010-03-12,0.5295591795004285,0.031746031746031744,GREEN,86.39010620117188,-0.02645502645502651
2010-03-15,0.5287684123732849,0.05291005291005291,GREEN,86.41254425048828,0.0
2010-03-16,0.530441708079874,0.015873015873015928,GREEN,87.10091400146484,-0.015873015873015817
2010-03-17,0.5303147082728652,0.021164021164021163,GREEN,87.61719512939453,-0.010582010582010581
2010-03-18,0.5314130143036649,0.015873015873015928,GREEN,87.57229614257812,-0.015873015873015817
2010-03-19,0.5291528744973534,0.06349206349206349,GREEN,87.12904357910156,0.031746031746031744
2010-03-22,0.5314842502887325,0.015873015873015928,GREEN,87.5948257446289,-0.03703703703703698
2010-03-23,0.531615572974661,0.010582010582010581,GREEN,88.21088409423828,-0.005291005291005346
2010-03-24,0.5321454338999896,0.005291005291005346,GREEN,87.78264617919922,-0.015873015873015817
2010-03-25,0.5332164473135115,0.0,GREEN,87.63990783691406,-0.015873015873015928
2010-03-26,0.5327154636134098,0.005291005291005346,GREEN,87.5873031616211,-0.05820105820105814
2010-03-29,0.5331212376016512,0.005291005291005346,GREEN,88.1432876586914,-0.010582010582010581
2010-03-30,0.5327088441843671,0.015873015873015928,GREEN,88.2033920288086,0.005291005291005346
2010-03-31,0.5306436848512935,0.05820105820105825,GREEN,87.9028549194336,0.05291005291005291
2010-04-01,0.5295517020255697,0.09523809523809523,GREEN,88.5039291381836,0.09523809523809523
2010-04-05,0.5307762703547082,0.05820105820105825,GREEN,89.22515869140625,0.05291005291005291
2010-04-06,0.5338495483454696,0.0,GREEN,89.43553924560547,-0.005291005291005346
2010-04-07,0.533802001752258,0.005291005291005346,GREEN,88.92462921142578,-0.010582010582010581
2010-04-08,0.5348395731893386,0.0,GREEN,89.232666015625,-0.05820105820105825
2010-04-09,0.5354980061623525,0.0,GREEN,89.8187484741211,-0.09523809523809523
2010-04-12,0.5353617775220563,0.005291005291005346,GREEN,89.9614486694336,-0.05291005291005291
2010-04-13,0.5369431460421393,0.0,GREEN,90.02906799316406,0.0
2010-04-14,0.5383957835386689,0.0,GREEN,91.05084228515625,-0.005291005291005346
2010-04-15,0.5394596570104607,0.0,GREEN,91.12596130371094,0.0
2010-04-16,0.5342709310846318,0.031746031746031744,GREEN,89.67593383789062,0.031746031746031744
2010-04-19,0.5337555301488589,0.04761904761904767,GREEN,90.0140380859375,0.042328042328042326
2010-04-20,0.5394346233588239,0.005291005291005346,GREEN,90.81793975830078,0.005291005291005346
2010-04-21,0.5394300182328574,0.010582010582010581,GREEN,90.65264892578125,0.010582010582010581
2010-04-22,0.5382457837040524,0.021164021164021163,GREEN,90.92308807373047,0.021164021164021163
2010-04-23,0.5419495710567083,0.0,GREEN,91.51664733886719,-0.031746031746031744
2010-04-26,0.5419495710567083,0.002645502645502673,GREEN,91.17106628417969,-0.044973544973545
2010-04-27,0.534086233653466,0.06349206349206349,GREEN,89.01481628417969,0.05820105820105814
2010-04-28,0.5345764520048715,0.05820105820105825,GREEN,89.69097900390625,0.04761904761904767
2010-04-29,0.5381321220106745,0.03703703703703709,GREEN,90.80290222167969,0.015873015873015928
2010-04-30,0.5392370496953773,0.02645502645502651,GREEN,89.26271057128906,0.02645502645502651
2010-05-03,0.539706897368539,0.010582010582010581,GREEN,90.41973876953125,0.007936507936507908
2010-05-04,0.5338522338873485,0.08994708994709,GREEN,88.29354858398438,0.02645502645502651
2010-05-05,0.5258665627094815,0.2857142857142857,GREEN,87.76761627197266,0.22751322751322745
2010-05-06,0.5117141414075638,0.4656084656084656,RED,84.8525390625,0.4285714285714285
2010-05-07,0.5118369078474664,0.4656084656084656,RED,83.59039306640625,0.4391534391534391
2010-05-10,0.5220957862087781,0.31746031746031744,RED,87.27176666259766,0.30687830687830686
2010-05-11,0.5211769443368759,0.33333333333333337,RED,87.02384948730469,0.24338624338624337
2010-05-12,0.5276696813427167,0.25396825396825395,RED,88.2409439086914,-0.031746031746031744
2010-05-13,0.5240814811359625,0.2962962962962963,GREEN,87.14404296875,-0.1693121693121693
2010-05-14,0.5203672929032169,0.35449735449735453,GREEN,85.56629943847656,-0.11111111111111105
2010-05-17,0.5198872656898538,0.35978835978835977,RED,85.61139678955078,0.042328042328042326
2010-05-18,0.5182404854758514,0.38095238095238093,RED,84.44683074951172,0.04761904761904756
2010-05-19,0.5154619046243827,0.43386243386243384,RED,83.96601104736328,0.17989417989417988
2010-05-20,0.49949572172960494,0.7619047619047619,RED,80.7955322265625,0.4656084656084656
2010-05-21,0.509893631016036,0.5291005291005291,RED,81.97503662109375,0.17460317460317454
2010-05-24,0.5107411540651534,0.5238095238095238,RED,80.92323303222656,0.16402116402116407
2010-05-25,0.510196522833704,0.5343915343915344,RED,81.0058822631836,0.1534391534391535
2010-05-26,0.5045072822375902,0.6031746031746033,RED,80.51748657226562,0.1693121693121694
2010-05-27,0.5118374671391016,0.5079365079365079,RED,83.2147216796875,-0.25396825396825395
2010-05-28,0.5117076427317437,0.5238095238095238,RED,82.17039489746094,-0.005291005291005235
2010-06-01,0.5092821744057667,0.5608465608465609,RED,80.78797149658203,0.03703703703703709
2010-06-02,0.5122697456970983,0.5026455026455027,RED,82.89163970947266,-0.031746031746031744
2010-06-03,0.512574473614736,0.4973544973544973,RED,83.17715454101562,-0.10582010582010593
2010-06-04,0.5085531500335352,0.5767195767195767,RED,80.25454711914062,0.06878306878306883
2010-06-07,0.5052038338748449,0.6296296296296297,RED,79.25533294677734,0.10582010582010581
2010-06-08,0.506055569695901,0.6190476190476191,RED,80.10429382324219,0.05820105820105814
2010-06-09,0.5070913555235323,0.6137566137566137,RED,79.67609405517578,0.11111111111111105
2010-06-10,0.5129389884535615,0.4920634920634921,RED,82.00511169433594,-0.005291005291005235
2010-06-11,0.5131192960604607,0.4920634920634921,RED,82.4033203125,-0.08465608465608465
2010-06-14,0.5136665388677993,0.47619047619047616,RED,82.27555847167969,-0.1534391534391535
2010-06-15,0.5189066208834344,0.3756613756613757,RED,84.14633178710938,-0.24338624338624337
2010-06-16,0.5192089321198065,0.3756613756613757,RED,84.11630249023438,-0.23809523809523803
2010-06-17,0.5227943487733372,0.31746031746031744,RED,84.25154113769531,-0.17460317460317465
2010-06-18,0.5249839776924824,0.2962962962962963,GREEN,84.34286499023438,-0.1957671957671958
2010-06-21,0.5268077584938258,0.28042328042328046,GREEN,84.101318359375,-0.1957671957671957
2010-06-22,0.5227856328598653,0.33333333333333337,GREEN,82.71231079101562,-0.042328042328042326
2010-06-23,0.5220478567337838,0.35449735449735453,YELLOW,82.45565032958984,-0.021164021164021163
2010-06-24,0.5183386789181199,0.417989417989418,RED,81.08930969238281,0.10052910052910058
2010-06-25,0.5205226595803224,0.38095238095238093,RED,81.42901611328125,0.08465608465608465
2010-06-28,0.521367142109446,0.37037037037037035,RED,81.17232513427734,0.08994708994708989
2010-06-29,0.5159006404755904,0.4814814814814815,RED,78.66615295410156,0.14814814814814814
2010-06-30,0.515233973123889,0.5079365079365079,RED,77.91880798339844,0.15343915343915338
2010-07-01,0.5178645599717897,0.44973544973544977,RED,77.57157897949219,0.031746031746031744
2010-07-02,0.5179868378541868,0.44973544973544977,RED,77.14884948730469,0.06878306878306883
2010-07-06,0.5220842833260356,0.35449735449735453,RED,77.65460205078125,-0.015873015873015817
2010-07-07,0.5284460642005796,0.24338624338624337,RED,80.10043334960938,-0.23809523809523814
2010-07-08,0.5308294815610977,0.1693121693121693,GREEN,80.89305877685547,-0.3386243386243386
2010-07-09,0.5297958387900614,0.2063492063492064,GREEN,81.4969711303711,-0.24338624338624337
2010-07-12,0.5293045755776562,0.23809523809523814,GREEN,81.5498046875,-0.21164021164021163
2010-07-13,0.5337837199919329,0.10582010582010581,GREEN,82.78024291992188,-0.24867724867724872
2010-07-14,0.5327235126851065,0.12698412698412698,GREEN,82.7727279663086,-0.1164021164021164
2010-07-15,0.5333908909406408,0.1164021164021164,GREEN,82.79537200927734,-0.05291005291005291
2010-07-16,0.5296465875222403,0.2328042328042328,GREEN,80.51561737060547,0.026455026455026398
2010-07-19,0.531607263709032,0.1693121693121693,GREEN,80.99118041992188,-0.06878306878306883
2010-07-20,0.5356934719864571,0.05820105820105825,GREEN,81.88949584960938,-0.04761904761904756
2010-07-21,0.5351945545838782,0.07407407407407407,GREEN,80.82510375976562,-0.05291005291005291
2010-07-22,0.54014890728133,0.010582010582010581,GREEN,82.62926483154297,-0.10582010582010581
2010-07-23,0.5428498183527783,0.0,GREEN,83.34639739990234,-0.2328042328042328
2010-07-26,0.5432882275878165,0.0,GREEN,84.21453094482422,-0.1693121693121693
2010-07-27,0.5428772053912727,0.005291005291005346,GREEN,84.20697784423828,-0.05291005291005291
2010-07-28,0.5412000126702896,0.02645502645502651,GREEN,83.6634521484375,-0.04761904761904756
2010-07-29,0.54239818970134,0.015873015873015928,GREEN,83.25584411621094,0.005291005291005346
2010-07-30,0.5407374823955818,0.03703703703703709,GREEN,83.24070739746094,0.03703703703703709
2010-08-02,0.5436788194810666,0.0,GREEN,85.12036895751953,0.0
2010-08-03,0.5432918781490025,0.005291005291005346,GREEN,84.71276092529297,0.0
2010-08-04,0.5434366836318498,0.005291005291005346,GREEN,85.27892303466797,-0.021164021164021163
2010-08-05,0.5425465749144496,0.031746031746031744,GREEN,85.18832397460938,0.015873015873015817
2010-08-06,0.5422941248092241,0.042328042328042326,GREEN,84.84107971191406,0.005291005291005235
2010-08-09,0.5416342638669439,0.05820105820105825,GREEN,85.29403686523438,0.05820105820105825
2010-08-10,0.5411929475433664,0.06878306878306883,GREEN,84.8335189819336,0.06349206349206349
2010-08-11,0.534007998084736,0.17460317460317465,GREEN,82.50849914550781,0.1693121693121693
2010-08-12,0.5322939491727247,0.23809523809523814,GREEN,82.00272369384766,0.2063492063492064
2010-08-13,0.5346895115216311,0.15873015873015872,GREEN,81.76116180419922,0.1164021164021164
2010-08-16,0.5348563243921721,0.1534391534391535,GREEN,81.7234115600586,0.09523809523809523
2010-08-17,0.5370077495755247,0.12698412698412698,GREEN,82.72742462158203,0.05820105820105814
2010-08-18,0.5377999525768914,0.12698412698412698,GREEN,82.87838745117188,-0.04761904761904767
2010-08-19,0.5365684588725348,0.1428571428571429,GREEN,81.4365463256836,-0.09523809523809523
2010-08-20,0.5380479150149621,0.12698412698412698,GREEN,81.17232513427734,-0.031746031746031744
2010-08-23,0.5379841557017233,0.13227513227513232,GREEN,80.86282348632812,-0.021164021164021163
2010-08-24,0.534782271850996,0.19047619047619047,GREEN,79.66261291503906,0.06349206349206349
2010-08-25,0.5345540682724313,0.2063492063492064,GREEN,79.97210693359375,0.07936507936507942
2010-08-26,0.5338179299189495,0.23809523809523814,GREEN,79.4361343383789,0.09523809523809523
2010-08-27,0.5341376228876934,0.21693121693121697,GREEN,80.66657257080078,0.08994708994709
2010-08-30,0.5344842042706427,0.21164021164021163,GREEN,79.49652862548828,0.0793650793650793
2010-08-31,0.5341103095186898,0.22751322751322756,GREEN,79.49652862548828,0.03703703703703709
2010-09-01,0.5402025432158933,0.07936507936507942,GREEN,81.87439727783203,-0.12698412698412698
2010-09-02,0.5411955302531842,0.06878306878306883,GREEN,82.63683319091797,-0.1693121693121693
2010-09-03,0.5430594761598253,0.021164021164021163,GREEN,83.70874786376953,-0.1957671957671958
2010-09-07,0.541677542379641,0.06349206349206349,GREEN,82.76514434814453,-0.14814814814814814
2010-09-08,0.5421867990850757,0.05291005291005291,GREEN,83.34639739990234,-0.17460317460317465
2010-09-09,0.5449317657374382,0.0,GREEN,83.73139953613281,-0.07936507936507942
2010-09-10,0.5464196126081182,0.0,GREEN,84.15412902832031,-0.06878306878306883
2010-09-13,0.548807535382844,0.0,GREEN,85.09017181396484,-0.021164021164021163
2010-09-14,0.5482940741786204,0.005291005291005346,GREEN,85.03733825683594,-0.05820105820105814
2010-09-15,0.5476698029408936,0.010582010582010581,GREEN,85.36195373535156,-0.042328042328042326
2010-09-16,0.5484655437133211,0.005291005291005346,GREEN,85.33930206298828,0.005291005291005346
2010-09-17,0.5493230049385607,0.0,GREEN,85.37117767333984,0.0
2010-09-20,0.5501215635358473,0.0,GREEN,86.67650604248047,0.0
2010-09-21,0.5488051412838247,0.015873015873015928,GREEN,86.50198364257812,0.010582010582010581
2010-09-22,0.5466495787101799,0.03703703703703709,GREEN,86.07697296142578,0.02645502645502651
2010-09-23,0.5451667059178239,0.04761904761904767,GREEN,85.37873840332031,0.042328042328042326
2010-09-24,0.5473900329647092,0.03703703703703709,GREEN,87.13948059082031,0.03703703703703709
2010-09-27,0.5481853243810564,0.031746031746031744,GREEN,86.72206115722656,0.031746031746031744
2010-09-28,0.5488566895368298,0.010582010582010581,GREEN,87.025634765625,-0.005291005291005346
2010-09-29,0.5502820948020681,0.0,GREEN,86.87384796142578,-0.03703703703703709
2010-09-30,0.5529918708262175,0.0,GREEN,86.61580657958984,-0.04761904761904767
2010-10-01,0.5536186803041481,0.0,GREEN,86.98009490966797,-0.03703703703703709
2010-10-04,0.5516300063205156,0.010582010582010581,GREEN,86.32743072509766,-0.021164021164021163
2010-10-05,0.5533529414221798,0.005291005291005346,GREEN,88.06536102294922,-0.005291005291005235
2010-10-06,0.5527909000707757,0.015873015873015928,GREEN,88.0577392578125,0.015873015873015928
2010-10-07,0.5534481288508102,0.005291005291005346,GREEN,87.95153045654297,0.005291005291005346
2010-10-08,0.5553065670115976,0.0,GREEN,88.44482421875,0.0
2010-10-11,0.5564178373640689,0.0,GREEN,88.5282974243164,-0.010582010582010581
2010-10-12,0.55631714555369,0.005291005291005346,GREEN,88.8014907836914,0.0
2010-10-13,0.5581114167567693,0.0,GREEN,89.49214935302734,-0.015873015873015928
2010-10-14,0.5557098181975001,0.015873015873015928,GREEN,89.14302062988281,0.010582010582010581
2010-10-15,0.5569373868858005,0.005291005291005346,GREEN,89.32518768310547,0.005291005291005346
2010-10-18,0.5560621092181446,0.021164021164021163,GREEN,89.76530456542969,0.021164021164021163
2010-10-19,0.5557363496073918,0.02645502645502651,GREEN,88.5890121459961,0.021164021164021163
2010-10-20,0.5574048962069438,0.005291005291005346,GREEN,89.45418548583984,0.005291005291005346
2010-10-21,0.5564725601045746,0.015873015873015928,GREEN,89.65149688720703,0.0
2010-10-22,0.5591439011638634,0.0,GREEN,89.81847381591797,-0.005291005291005346
2010-10-25,0.561179499356105,0.0,GREEN,90.08406829833984,-0.021164021164021163
2010-10-26,0.5625787503920239,0.0,GREEN,90.0992660522461,-0.02645502645502651
2010-10-27,0.5622255446935432,0.005291005291005346,GREEN,89.84123229980469,0.0
2010-10-28,0.5618028631043018,0.010582010582010581,GREEN,89.85640716552734,-0.005291005291005346
2010-10-29,0.5619175012764199,0.010582010582010581,GREEN,89.9247055053711,0.010582010582010581
2010-11-01,0.5606184575161749,0.02645502645502651,GREEN,89.9550552368164,0.02645502645502651
2010-11-02,0.5636938509856362,0.0,GREEN,90.66845703125,0.0
2010-11-03,0.5653632996979476,0.0,GREEN,91.03274536132812,-0.005291005291005346
2010-11-04,0.5725818565106535,0.0,GREEN,92.78582000732422,-0.010582010582010581
2010-11-05,0.5724335928786205,0.005291005291005346,GREEN,93.13493347167969,-0.005291005291005235
2010-11-08,0.5710207210034072,0.010582010582010581,GREEN,92.96039581298828,-0.015873015873015928
2010-11-09,0.5701420991896993,0.015873015873015928,GREEN,92.29253387451172,0.015873015873015928
2010-11-10,0.5651210292055362,0.02645502645502651,GREEN,92.6644287109375,0.02645502645502651
2010-11-11,0.5637421220527563,0.031746031746031744,GREEN,92.31531524658203,0.031746031746031744
2010-11-12,0.5616786542756823,0.06349206349206349,GREEN,91.22245788574219,0.05820105820105814
2010-11-15,0.5609487843170535,0.07407407407407407,GREEN,91.09344482421875,0.06349206349206349
2010-11-16,0.5544908812973969,0.1428571428571429,GREEN,89.67428588867188,0.12698412698412698
2010-11-17,0.5569741526076055,0.10052910052910058,GREEN,89.71983337402344,0.07407407407407407
2010-11-18,0.5639704733057125,0.031746031746031744,GREEN,91.0403060913086,0.0
2010-11-19,0.5641175653047915,0.031746031746031744,GREEN,91.2907485961914,-0.031746031746031744
2010-11-22,0.559645766568052,0.09523809523809523,GREEN,91.21490478515625,0.021164021164021163
2010-11-23,0.5516340467044692,0.1957671957671958,GREEN,89.8943099975586,0.05291005291005291
2010-11-24,0.5559334261533131,0.14814814814814814,GREEN,91.22245788574219,0.04761904761904756
2010-11-26,0.5535367480486787,0.17989417989417988,GREEN,90.15996551513672,0.14814814814814814
2010-11-29,0.5550400761833533,0.1693121693121693,GREEN,90.43318176269531,0.13756613756613756
2010-11-30,0.5558942673849709,0.1534391534391535,GREEN,89.9247055053711,0.05820105820105825
2010-12-01,0.561878796065566,0.06878306878306883,GREEN,91.83720397949219,-0.12698412698412698
2010-12-02,0.5621932516552051,0.06349206349206349,GREEN,93.01353454589844,-0.08465608465608465
2010-12-03,0.5624021117535495,0.05820105820105825,GREEN,93.26397705078125,-0.12169312169312163
2010-12-06,0.5617542764930052,0.08994708994709,GREEN,93.16529846191406,-0.0793650793650793
2010-12-07,0.5656531606180808,0.021164021164021163,GREEN,93.21842956542969,-0.13227513227513232
2010-12-08,0.5647001156068316,0.03703703703703709,GREEN,93.55992889404297,-0.031746031746031744
2010-12-09,0.5635686181818511,0.06349206349206349,GREEN,93.92424011230469,0.0
2010-12-10,0.5640236043986038,0.04761904761904767,GREEN,94.47064971923828,-0.010582010582010581
2010-12-13,0.5608494507401629,0.13227513227513232,GREEN,94.53133392333984,0.042328042328042326
2010-12-14,0.5638923198245013,0.05820105820105825,GREEN,94.6148681640625,0.03703703703703709
2010-12-15,0.5618855337576267,0.10582010582010581,GREEN,94.18228912353516,0.06878306878306872
2010-12-16,0.5638341403455398,0.06349206349206349,GREEN,94.72866821289062,0.0
2010-12-17,0.5641840483210142,0.042328042328042326,GREEN,94.83014678955078,-0.005291005291005346
2010-12-20,0.5650574786046797,0.03703703703703709,GREEN,95.05902862548828,-0.09523809523809523
2010-12-21,0.56639003326985,0.021164021164021163,GREEN,95.6617202758789,-0.03703703703703709
2010-12-22,0.568101207633042,0.021164021164021163,GREEN,95.95924377441406,-0.08465608465608465
2010-12-23,0.5694147303190024,0.021164021164021163,GREEN,95.82194519042969,-0.042328042328042326
2010-12-27,0.5695176644820821,0.021164021164021163,GREEN,95.86009216308594,-0.021164021164021163
2010-12-28,0.5706416947672617,0.015873015873015928,GREEN,95.99744415283203,-0.021164021164021163
2010-12-29,0.5711849103456961,0.010582010582010581,GREEN,96.06604766845703,-0.010582010582010581
2010-12-30,0.5720243929406338,0.010582010582010581,GREEN,95.9134750366211,-0.010582010582010581
2010-12-31,0.5723565455310965,0.010582010582010581,GREEN,95.93638610839844,-0.010582010582010581
2011-01-03,0.5729373403074427,0.0,GREEN,96.92816162109375,-0.021164021164021163
2011-01-04,0.5756742080034196,0.0,GREEN,96.87479400634766,-0.015873015873015928
2011-01-05,0.5781656313798177,0.0,GREEN,97.37826538085938,-0.010582010582010581
2011-01-06,0.578243842856735,0.0,GREEN,97.18756103515625,-0.010582010582010581
2011-01-07,0.5751997525773942,0.015873015873015928,GREEN,96.99684143066406,0.005291005291005346
2011-01-10,0.5744828983584744,0.021164021164021163,GREEN,96.87479400634766,0.021164021164021163
2011-01-11,0.5770429014422291,0.010582010582010581,GREEN,97.21808624267578,0.010582010582010581
2011-01-12,0.578247238594633,0.0,GREEN,98.09542846679688,0.0
2011-01-13,0.5779143249650901,0.015873015873015928,GREEN,97.93523406982422,0.015873015873015928
2011-01-14,0.5788647279207884,0.0,GREEN,98.64474487304688,-0.015873015873015928
2011-01-18,0.5789386936738004,0.0,GREEN,98.81258392333984,-0.021164021164021163
2011-01-19,0.5768894040818615,0.03703703703703709,GREEN,97.84365844726562,0.02645502645502651
2011-01-20,0.5763663938855497,0.042328042328042326,GREEN,97.7140121459961,0.042328042328042326
2011-01-21,0.5785751500320931,0.010582010582010581,GREEN,97.93523406982422,-0.005291005291005346
2011-01-24,0.5794684376884395,0.0,GREEN,98.49215698242188,0.0
2011-01-25,0.5799418550404494,0.0,GREEN,98.54553985595703,0.0
2011-01-26,0.5812841292063653,0.0,GREEN,98.9269790649414,-0.03703703703703709
2011-01-27,0.5816290334030728,0.0,GREEN,99.17115783691406,-0.042328042328042326
2011-01-28,0.5778704018815728,0.05820105820105825,GREEN,97.4393081665039,0.04761904761904767
2011-01-31,0.5810410066654124,0.010582010582010581,GREEN,98.17170715332031,0.010582010582010581
2011-02-01,0.5828199687727736,0.0,GREEN,99.74331665039062,0.0
2011-02-02,0.5838059148873264,0.0,GREEN,99.55260467529297,0.0
2011-02-03,0.5843629295290421,0.0,GREEN,99.77385711669922,0.0
2011-02-04,0.5874089048212648,0.0,GREEN,100.05609130859375,-0.05820105820105825
2011-02-07,0.5887778564239879,0.0,GREEN,100.68172454833984,-0.010582010582010581
2011-02-08,0.590192866907543,0.0,GREEN,101.13945770263672,0.0
2011-02-09,0.5864413053936726,0.015873015873015928,GREEN,100.91057586669922,0.015873015873015928
2011-02-10,0.5873621005777647,0.015873015873015928,GREEN,100.94876861572266,0.015873015873015928
2011-02-11,0.5888348486899668,0.005291005291005346,GREEN,101.55143737792969,0.005291005291005346
2011-02-14,0.5892832319208883,0.005291005291005346,GREEN,101.7955551147461,0.005291005291005346
2011-02-15,0.5878497234814524,0.021164021164021163,GREEN,101.47515869140625,0.021164021164021163
2011-02-16,0.5881114779693206,0.021164021164021163,GREEN,102.11599731445312,0.005291005291005235
2011-02-17,0.58875156897402,0.021164021164021163,GREEN,102.42113494873047,0.005291005291005235
2011-02-18,0.5903305612280466,0.0,GREEN,102.6347427368164,-0.005291005291005346
2011-02-22,0.5848442845686853,0.05820105820105825,GREEN,100.57490539550781,0.05291005291005291
2011-02-23,0.5855590473824945,0.05820105820105825,GREEN,99.9569320678711,0.03703703703703709
2011-02-24,0.5857256613555059,0.05820105820105825,GREEN,99.8882827758789,0.03703703703703709
2011-02-25,0.5873738004228166,0.04761904761904767,GREEN,100.95638275146484,0.02645502645502651
2011-02-28,0.5900984945013196,0.010582010582010581,GREEN,101.58194732666016,0.010582010582010581
2011-03-01,0.5888346138368554,0.02645502645502651,GREEN,99.8882827758789,-0.031746031746031744
2011-03-02,0.5896293617344764,0.015873015873015928,GREEN,100.10189056396484,-0.042328042328042326
2011-03-03,0.5929490641875957,0.0,GREEN,101.82604217529297,-0.05820105820105825
2011-03-04,0.5903870023925758,0.005291005291005346,GREEN,101.0631332397461,-0.042328042328042326
2011-03-07,0.5909383989543227,0.005291005291005346,GREEN,100.26972198486328,-0.005291005291005235
2011-03-08,0.5906360480437696,0.010582010582010581,GREEN,101.1470947265625,-0.015873015873015928
2011-03-09,0.5885442871060438,0.06878306878306883,GREEN,101.00210571289062,0.05291005291005291
2011-03-10,0.5848348896461498,0.12169312169312174,GREEN,99.13301086425781,0.12169312169312174
2011-03-11,0.5846375497482234,0.12698412698412698,GREEN,99.81963348388672,0.12169312169312163
2011-03-14,0.5819183785298956,0.14814814814814814,GREEN,99.2169418334961,0.1428571428571428
2011-03-15,0.5791823750565795,0.17989417989417988,GREEN,98.08019256591797,0.1693121693121693
2011-03-16,0.5745655148331588,0.25396825396825395,GREEN,96.26443481445312,0.18518518518518512
2011-03-17,0.5810493222272975,0.16402116402116407,YELLOW,97.53850555419922,0.042328042328042326
2011-03-18,0.5840806828101228,0.13756613756613756,GREEN,97.8932876586914,0.010582010582010581
2011-03-21,0.5882973202427052,0.07407407407407407,GREEN,99.410400390625,-0.07407407407407407
2011-03-22,0.5887584793930739,0.06349206349206349,GREEN,99.06558990478516,-0.1164021164021164
2011-03-23,0.58798329686606,0.08994708994709,GREEN,99.34910583496094,-0.16402116402116396
2011-03-24,0.5889172797278099,0.04761904761904767,GREEN,100.2991943359375,-0.1164021164021164
2011-03-25,0.5895311344381915,0.042328042328042326,GREEN,100.60572814941406,-0.09523809523809523
2011-03-28,0.5900053837087208,0.03703703703703709,GREEN,100.36051177978516,-0.03703703703703698
2011-03-29,0.5905384020281909,0.015873015873015928,GREEN,101.03480529785156,-0.04761904761904756
2011-03-30,0.5910856403764031,0.005291005291005346,GREEN,101.73204040527344,-0.08465608465608465
2011-03-31,0.5911167862613381,0.005291005291005346,GREEN,101.59412384033203,-0.042328042328042326
2011-04-01,0.5899332189602189,0.05820105820105825,GREEN,102.02323913574219,0.015873015873015928
2011-04-04,0.5934108931995391,0.0,GREEN,102.10749053955078,-0.03703703703703709
2011-04-05,0.5934020742358697,0.005291005291005346,GREEN,102.09220886230469,-0.010582010582010581
2011-04-06,0.5946956252304754,0.0,GREEN,102.41399383544922,-0.005291005291005346
2011-04-07,0.5948509707524986,0.0,GREEN,102.15351867675781,-0.005291005291005346
2011-04-08,0.5950646583526868,0.0,GREEN,101.8010025024414,-0.05820105820105825
2011-04-11,0.5945537034209645,0.015873015873015928,GREEN,101.49455261230469,0.015873015873015928
2011-04-12,0.591688491902406,0.03703703703703709,GREEN,100.7359619140625,0.031746031746031744
2011-04-13,0.5942459020191672,0.021164021164021163,GREEN,100.72828674316406,0.021164021164021163
2011-04-14,0.5924233086012156,0.042328042328042326,GREEN,100.80490112304688,0.042328042328042326
2011-04-15,0.59206827382925,0.04761904761904767,GREEN,101.1727294921875,0.04761904761904767
2011-04-18,0.5898646091936065,0.1164021164021164,GREEN,100.0386962890625,0.10052910052910047
2011-04-19,0.5917859585446616,0.05291005291005291,GREEN,100.61335754394531,0.015873015873015817
2011-04-20,0.5941115479649612,0.02645502645502651,GREEN,101.98492431640625,0.005291005291005346
2011-04-21,0.5956715425239157,0.0,GREEN,102.5059585571289,-0.042328042328042326
2011-04-25,0.5949561573827815,0.010582010582010581,GREEN,102.39866638183594,-0.03703703703703709
2011-04-26,0.5957416802263868,0.0,GREEN,103.27982330322266,-0.1164021164021164
2011-04-27,0.595915329169915,0.0,GREEN,103.95411682128906,-0.05291005291005291
2011-04-28,0.5962373655809423,0.0,GREEN,104.29127502441406,-0.02645502645502651
2011-04-29,0.5973694915559823,0.0,GREEN,104.53644561767578,0.0
2011-05-02,0.5971642504776082,0.005291005291005346,GREEN,104.37555694580078,-0.005291005291005235
2011-05-03,0.597080473382914,0.010582010582010581,GREEN,104.00009155273438,0.010582010582010581
2011-05-04,0.5966026838223495,0.015873015873015928,GREEN,103.31046295166016,0.015873015873015928
2011-05-05,0.5940032795356637,0.07936507936507942,GREEN,102.37570190429688,0.07936507936507942
2011-05-06,0.596971963365882,0.015873015873015928,GREEN,102.82774353027344,0.015873015873015928
2011-05-09,0.5974643079884149,0.0,GREEN,103.22620391845703,-0.005291005291005346
2011-05-10,0.5993261437159886,0.0,GREEN,104.10734558105469,-0.010582010582010581
2011-05-11,0.5978523753174777,0.005291005291005346,GREEN,103.01165771484375,-0.010582010582010581
2011-05-12,0.5987180265062538,0.005291005291005346,GREEN,103.50206756591797,-0.07407407407407407
2011-05-13,0.5959778042140129,0.05291005291005291,GREEN,102.70515441894531,0.03703703703703698
2011-05-16,0.5968575735884132,0.042328042328042326,GREEN,102.0538558959961,0.042328042328042326
2011-05-17,0.5978200391502806,0.015873015873015928,GREEN,102.03854370117188,0.015873015873015928
2011-05-18,0.5988156964518032,0.005291005291005346,GREEN,102.95037841796875,0.0
2011-05-19,0.5984853001457409,0.015873015873015928,GREEN,103.19556427001953,0.010582010582010581
2011-05-20,0.5978200391502806,0.02910052910052907,GREEN,102.37570190429688,-0.023809523809523836
2011-05-23,0.5949068863510896,0.11111111111111116,GREEN,101.18804931640625,0.06878306878306883
2011-05-24,0.593938364982117,0.14814814814814814,GREEN,101.1037368774414,0.1322751322751322
2011-05-25,0.5936564206174871,0.1534391534391535,GREEN,101.4408950805664,0.14814814814814814
2011-05-26,0.5927882258913044,0.17460317460317465,GREEN,101.90829467773438,0.15873015873015872
2011-05-27,0.5943831125561253,0.13227513227513232,GREEN,102.29907989501953,0.10317460317460325
2011-05-31,0.5959956172029388,0.07936507936507942,GREEN,103.36412811279297,-0.031746031746031744
2011-06-01,0.5921372921989917,0.1957671957671958,GREEN,101.04247283935547,0.04761904761904767
2011-06-02,0.592099406024317,0.20105820105820105,GREEN,100.93518829345703,0.04761904761904756
2011-06-03,0.5895527044680173,0.29100529100529104,GREEN,99.93141174316406,0.1164021164021164
2011-06-06,0.5880559026103132,0.35449735449735453,RED,98.8740234375,0.2222222222222222
2011-06-07,0.5871840798184492,0.3862433862433863,RED,98.81273651123047,0.30687830687830686
2011-06-08,0.5843269538456433,0.4285714285714286,RED,98.39896392822266,0.2328042328042328
2011-06-09,0.5853411797453919,0.40740740740740744,RED,99.1498794555664,0.2063492063492064
2011-06-10,0.5810308766168953,0.4814814814814815,RED,97.7706527709961,0.19047619047619047
2011-06-13,0.579031934528898,0.5026455026455027,RED,97.84730529785156,0.14814814814814814
2011-06-14,0.583147638973786,0.44973544973544977,RED,99.08856964111328,0.06349206349206349
2011-06-15,0.579855605479511,0.4973544973544973,RED,97.3262710571289,0.06878306878306872
2011-06-16,0.5694835094946149,0.6507936507936508,RED,97.54076385498047,0.24338624338624337
2011-06-17,0.5756333263431681,0.5820105820105821,RED,97.83187103271484,0.10052910052910058
2011-06-20,0.5796501681954804,0.5026455026455027,RED,98.3323974609375,0.0
2011-06-21,0.5834675538594882,0.44973544973544977,RED,99.67993927001953,0.0
2011-06-22,0.5793949019846539,0.5185185185185186,RED,99.07928466796875,0.021164021164021274
2011-06-23,0.5821600199321375,0.4656084656084656,RED,98.7944107055664,-0.18518518518518523
2011-06-24,0.5790329135863012,0.5343915343915344,RED,97.64705657958984,-0.04761904761904767
2011-06-27,0.5794514724996599,0.5238095238095238,RED,98.5171890258789,0.021164021164021163
2011-06-28,0.5828186692955314,0.4656084656084656,RED,99.80316162109375,0.015873015873015817
2011-06-29,0.588594851821552,0.3386243386243386,RED,100.65784454345703,-0.17989417989418
2011-06-30,0.5926233846667921,0.19047619047619047,YELLOW,101.62040710449219,-0.2751322751322751
2011-07-01,0.5959768171939145,0.08994708994709,GREEN,103.1219482421875,-0.4444444444444444
2011-07-05,0.5960537432605245,0.07936507936507942,GREEN,103.03723907470703,-0.4444444444444444
2011-07-06,0.596101747548165,0.07936507936507942,GREEN,103.16046142578125,-0.38624338624338617
2011-07-07,0.5990195580995623,0.005291005291005346,GREEN,104.23078155517578,-0.33333333333333326
2011-07-08,0.5965363093423247,0.07936507936507942,GREEN,103.49156188964844,-0.11111111111111105
2011-07-11,0.5902481073298843,0.29100529100529104,GREEN,101.62040710449219,0.20105820105820105
2011-07-12,0.588688601870494,0.3756613756613757,RED,101.18145751953125,0.2962962962962963
2011-07-13,0.5931102907436272,0.2063492063492064,RED,101.52031707763672,0.12698412698412698
2011-07-14,0.5929954150838163,0.21164021164021163,GREEN,100.81957244873047,0.20634920634920628
2011-07-15,0.5926590375523091,0.22751322751322756,GREEN,101.40477752685547,0.14814814814814814
2011-07-18,0.5916168606391936,0.2698412698412699,GREEN,100.57316589355469,-0.021164021164021163
2011-07-19,0.5942878870344747,0.1693121693121693,GREEN,102.20562744140625,-0.2063492063492064
2011-07-20,0.5950209618822508,0.13756613756613756,GREEN,102.14400482177734,-0.06878306878306883
2011-07-21,0.598172961334466,0.02645502645502651,GREEN,103.56085968017578,-0.18518518518518512
2011-07-22,0.5988845010491957,0.010582010582010581,GREEN,103.63015747070312,-0.21693121693121697
2011-07-25,0.5959713770256074,0.12698412698412698,GREEN,103.05265808105469,-0.1428571428571429
2011-07-26,0.5968574727572247,0.08465608465608465,GREEN,102.66763305664062,-0.08465608465608465
2011-07-27,0.5925139507673806,0.2698412698412699,GREEN,100.56546783447266,0.13227513227513232
2011-07-28,0.5930755503530415,0.24338624338624337,YELLOW,100.27284240722656,0.21693121693121686
2011-07-29,0.5930299344077468,0.24867724867724872,GREEN,99.58753204345703,0.23809523809523814
2011-08-01,0.5945507211575884,0.19047619047619047,GREEN,99.16398620605469,0.06349206349206349
2011-08-02,0.5864450982655546,0.5132275132275133,GREEN,96.63063049316406,0.4285714285714286
2011-08-03,0.586187026698683,0.5238095238095238,RED,97.15425109863281,0.25396825396825395
2011-08-04,0.5687568614254419,0.835978835978836,RED,92.60337829589844,0.5925925925925927
2011-08-05,0.5683017202504305,0.835978835978836,RED,92.46478271484375,0.5873015873015873
2011-08-08,0.5439010585306845,0.9947089947089947,RED,86.44318389892578,0.8042328042328042
2011-08-09,0.5599178544733301,0.9470899470899471,RED,90.46273040771484,0.43386243386243384
2011-08-10,0.5500549494801663,0.9894179894179894,RED,86.46627807617188,0.4656084656084656
2011-08-11,0.5601763060920296,0.9365079365079365,RED,90.34722137451172,0.10052910052910047
2011-08-12,0.5574977695751645,0.9470899470899471,RED,90.95553588867188,0.11111111111111105
2011-08-15,0.5667749509339239,0.8306878306878307,RED,92.8805923461914,-0.16402116402116396
2011-08-16,0.5631824079507467,0.8941798941798942,RED,92.08748626708984,-0.05291005291005291
2011-08-17,0.5692534243587238,0.8148148148148149,RED,92.1490707397461,-0.17460317460317454
2011-08-18,0.5623978189168479,0.91005291005291,RED,88.17574310302734,-0.02645502645502651
2011-08-19,0.5574994875253573,0.9523809523809523,RED,86.73579406738281,0.005291005291005235
2011-08-22,0.5582179344013403,0.9470899470899471,RED,86.80509948730469,0.1164021164021164
2011-08-23,0.5626644892388266,0.8941798941798942,RED,89.66191101074219,0.0
2011-08-24,0.5601157888119794,0.9417989417989419,RED,90.92472839355469,0.12698412698412698
2011-08-25,0.5552787454754654,0.9735449735449735,RED,89.53868865966797,0.06349206349206349
2011-08-26,0.5608290271410338,0.9365079365079365,RED,90.84004211425781,-0.015873015873015817
2011-08-29,0.5666443759105376,0.8412698412698413,RED,93.45042419433594,-0.10582010582010581
2011-08-30,0.5675554012332077,0.835978835978836,RED,93.69684600830078,-0.05820105820105814
2011-08-31,0.5748693358457329,0.7619047619047619,RED,94.1126480102539,-0.17989417989418
2011-09-01,0.5743317277226679,0.7777777777777778,RED,93.12702178955078,-0.1957671957671957
2011-09-02,0.5719080572137055,0.798941798941799,RED,90.74761199951172,-0.13756613756613756
2011-09-06,0.5650706556675898,0.8783068783068784,RED,90.08540344238281,0.03703703703703709
2011-09-07,0.567965367240624,0.8518518518518519,RED,92.6264877319336,0.015873015873015817
2011-09-08,0.5695384476350023,0.8148148148148149,RED,91.66395568847656,0.05291005291005302
2011-09-09,0.5642121194546558,0.8941798941798942,RED,89.261474609375,0.1164021164021164
2011-09-12,0.5597476485048369,0.962962962962963,RED,89.83897399902344,0.16402116402116407
2011-09-13,0.563953903617873,0.9047619047619048,RED,90.66292572021484,0.026455026455026398
2011-09-14,0.5677006714809744,0.8624338624338624,RED,91.9180908203125,0.010582010582010581
2011-09-15,0.5714465763348008,0.8042328042328042,RED,93.50432586669922,-0.010582010582010692
2011-09-16,0.5709826349068938,0.8148148148148149,RED,94.0577392578125,-0.0793650793650793
2011-09-19,0.5698589694227278,0.8253968253968254,RED,93.12118530273438,-0.13756613756613767
2011-09-20,0.571048398252558,0.8148148148148149,RED,93.01282501220703,-0.08994708994708989
2011-09-21,0.566722370919521,0.8994708994708995,RED,90.27283477783203,0.03703703703703709
2011-09-22,0.5589595255022868,0.962962962962963,RED,87.35481262207031,0.15873015873015883
2011-09-23,0.5604057586873524,0.9365079365079365,RED,87.88114929199219,0.12169312169312163
2011-09-26,0.5627108283424773,0.9153439153439153,RED,89.9709701538086,0.08994708994709
2011-09-27,0.5635679507568656,0.9047619047619048,RED,90.97718811035156,0.08994708994708989
2011-09-28,0.5574478108645052,0.9788359788359788,RED,89.11956787109375,0.0793650793650793
2011-09-29,0.5562624076085025,0.9788359788359788,RED,89.82389831542969,0.015873015873015817
2011-09-30,0.5449470780512464,0.9894179894179894,RED,87.57929992675781,0.05291005291005291
2011-10-03,0.538257033253508,0.9947089947089947,RED,85.0869140625,0.0793650793650793
2011-10-04,0.5369185425497112,0.9947089947089947,RED,86.95230865478516,0.08994708994708989
2011-10-05,0.5434770196878335,0.9841269841269842,RED,88.5622787475586,0.005291005291005346
2011-10-06,0.5520214082076716,0.962962962962963,RED,90.16448211669922,-0.015873015873015817
2011-10-07,0.552681302066587,0.9576719576719577,RED,89.56072998046875,-0.031746031746031744
2011-10-10,0.5650139129031785,0.8465608465608465,RED,92.55614471435547,-0.14814814814814814
2011-10-11,0.5585135876883215,0.9206349206349207,RED,92.6490478515625,-0.07407407407407396
2011-10-12,0.5715097727213759,0.7513227513227514,RED,93.4617691040039,-0.2328042328042328
2011-10-13,0.5689882609499226,0.7883597883597884,RED,93.2759780883789,-0.17460317460317465
2011-10-14,0.5726948682215072,0.7354497354497355,RED,94.87042999267578,-0.2222222222222222
2011-10-17,0.5693140734519503,0.7777777777777778,RED,93.05927276611328,-0.06878306878306872
2011-10-18,0.572361553213453,0.7301587301587302,RED,94.87822723388672,-0.19047619047619047
2011-10-19,0.5703040209503528,0.7566137566137566,RED,93.75586700439453,0.005291005291005235
2011-10-20,0.5752693372279235,0.6984126984126984,RED,94.16609191894531,-0.08994708994709
2011-10-21,0.5824291717094431,0.6031746031746033,RED,95.95406341552734,-0.1322751322751322
2011-10-24,0.5981953713122183,0.031746031746031744,RED,97.13053131103516,-0.746031746031746
2011-10-25,0.5872494496607963,0.5132275132275133,GREEN,95.24195861816406,-0.21693121693121697
2011-10-26,0.5901136702891232,0.38095238095238093,RED,96.20946502685547,-0.3756613756613757
2011-10-27,0.5992171730413868,0.005291005291005346,RED,99.56094360351562,-0.693121693121693
2011-10-28,0.5971452184126679,0.07936507936507942,GREEN,99.53775787353516,-0.5238095238095238
2011-10-31,0.5910188238538574,0.35449735449735453,GREEN,97.13829803466797,0.3227513227513228
2011-11-01,0.580416241733693,0.6507936507936508,RED,94.42926788330078,0.13756613756613756
2011-11-02,0.5858044573877454,0.5608465608465609,RED,95.96954345703125,0.17989417989418
2011-11-03,0.5915255962377896,0.34391534391534395,RED,97.71882629394531,0.3386243386243386
2011-11-04,0.5909269115918717,0.37037037037037035,RED,97.12283325195312,0.29100529100529093
2011-11-07,0.5890687680634367,0.44973544973544977,RED,97.72653198242188,0.09523809523809523
2011-11-08,0.5904707280490371,0.3862433862433863,RED,98.98046112060547,-0.26455026455026454
2011-11-09,0.5778157688367704,0.6878306878306879,RED,95.32711029052734,0.12698412698412698
2011-11-10,0.5783466103422842,0.6825396825396826,RED,96.22496795654297,0.3386243386243386
2011-11-11,0.5862779180957909,0.5396825396825398,RED,98.0361557006836,0.1693121693121694
2011-11-14,0.5820740904753173,0.6190476190476191,RED,97.10733795166016,0.1693121693121693
2011-11-15,0.5806116535694618,0.6349206349206349,RED,97.58721923828125,0.2486772486772486
2011-11-16,0.5750895778245553,0.6984126984126984,RED,96.03923797607422,0.01058201058201047
2011-11-17,0.5722252814382635,0.7248677248677249,RED,94.51439666748047,0.042328042328042326
2011-11-18,0.5720288865279953,0.7248677248677249,RED,94.41378784179688,0.18518518518518512
2011-11-21,0.5655014608245891,0.8306878306878307,RED,92.61807250976562,0.21164021164021163
2011-11-22,0.5611067850282926,0.8783068783068784,RED,92.2542953491211,0.24338624338624348
2011-11-23,0.5509204866650242,0.962962962962963,RED,90.21864318847656,0.26455026455026465
2011-11-25,0.5509204866650242,0.9603174603174603,RED,90.04837036132812,0.23544973544973546
2011-11-28,0.5631702862842207,0.8465608465608465,RED,92.65678405761719,0.12169312169312163
2011-11-29,0.5667648608439038,0.7936507936507937,RED,92.91995239257812,-0.03703703703703698
2011-11-30,0.5764161327572181,0.6402116402116402,RED,96.7435531616211,-0.23809523809523814
2011-12-01,0.578920946925038,0.6243386243386244,RED,96.72808074951172,-0.3386243386243386
2011-12-02,0.5823404737664399,0.544973544973545,RED,96.64295196533203,-0.41534391534391535
2011-12-05,0.585554356515725,0.4920634920634921,RED,97.69562530517578,-0.3544973544973544
2011-12-06,0.5881668719692204,0.4444444444444444,RED,97.72653198242188,-0.3492063492063493
2011-12-07,0.5860831366199695,0.48677248677248675,RED,98.09031677246094,-0.1534391534391535
2011-12-08,0.5821973585763162,0.544973544973545,RED,95.93859100341797,-0.07936507936507942
2011-12-09,0.5872196244140987,0.4656084656084656,RED,97.56400299072266,-0.07936507936507942
2011-12-12,0.5840722649397642,0.5238095238095238,RED,96.13984680175781,0.031746031746031744
2011-12-13,0.5818628606450494,0.5714285714285714,RED,95.24195861816406,0.12698412698412698
2011-12-14,0.5809954800610752,0.5820105820105821,RED,94.2280044555664,0.09523809523809534
2011-12-15,0.5831405629167711,0.5343915343915344,RED,94.5685806274414,-0.010582010582010581
2011-12-16,0.5856095304021774,0.4973544973544973,RED,94.70879364013672,0.031746031746031744
2011-12-19,0.5849428408462525,0.5079365079365079,RED,93.69620513916016,-0.015873015873015928
2011-12-20,0.5923809660895231,0.30687830687830686,RED,96.5314712524414,-0.26455026455026454
2011-12-21,0.5942662855330132,0.2222222222222222,GREEN,96.7184066772461,-0.3597883597883599
2011-12-22,0.5966147582269979,0.10582010582010581,GREEN,97.57520294189453,-0.4285714285714286
2011-12-23,0.5992201739586183,0.005291005291005346,GREEN,98.4476089477539,-0.492063492063492
2011-12-27,0.6018326586026488,0.0,GREEN,98.52550506591797,-0.5079365079365079
2011-12-28,0.5988601905304496,0.031746031746031744,GREEN,97.23249816894531,-0.2751322751322751
2011-12-29,0.6023606435155965,0.0,GREEN,98.2373046875,-0.2222222222222222
2011-12-30,0.6023413681187239,0.005291005291005346,GREEN,97.75434875488281,-0.10052910052910047
2012-01-03,0.6046519219919541,0.0,GREEN,99.31222534179688,-0.005291005291005346
2012-01-04,0.6035701655447371,0.005291005291005346,GREEN,99.46797943115234,0.005291005291005346
2012-01-05,0.6008714611535869,0.02645502645502651,GREEN,99.73280334472656,-0.005291005291005235
2012-01-06,0.599055552561065,0.04761904761904767,GREEN,99.47579193115234,0.04761904761904767
2012-01-09,0.5997216899428486,0.031746031746031744,GREEN,99.71723937988281,0.026455026455026398
2012-01-10,0.6017387719995961,0.02645502645502651,GREEN,100.58185577392578,0.02645502645502651
2012-01-11,0.6009195111329931,0.031746031746031744,GREEN,100.63636779785156,0.026455026455026398
2012-01-12,0.6001820502248052,0.042328042328042326,GREEN,100.87779998779297,0.015873015873015817
2012-01-13,0.5993676073110683,0.05291005291005291,GREEN,100.35594940185547,0.005291005291005235
2012-01-17,0.6005081061290037,0.042328042328042326,GREEN,100.74540710449219,0.010582010582010581
2012-01-18,0.6022628541354457,0.021164021164021163,GREEN,101.85926055908203,-0.005291005291005346
2012-01-19,0.603138157425248,0.010582010582010581,GREEN,102.39673614501953,-0.021164021164021163
2012-01-20,0.603280294554877,0.010582010582010581,GREEN,102.77839660644531,-0.031746031746031744
2012-01-23,0.605296430963064,0.0,GREEN,102.51356506347656,-0.05291005291005291
2012-01-24,0.6068453424762177,0.0,GREEN,102.39673614501953,-0.042328042328042326
2012-01-25,0.6118030777118051,0.0,GREEN,103.2535171508789,-0.021164021164021163
2012-01-26,0.6132110290695038,0.0,GREEN,102.7238998413086,-0.010582010582010581
2012-01-27,0.6108460697820316,0.010582010582010581,GREEN,102.6771240234375,0.0
2012-01-30,0.6091107067926431,0.015873015873015928,GREEN,102.32662963867188,0.015873015873015928
2012-01-31,0.6106582001264965,0.015873015873015928,GREEN,102.28768920898438,0.015873015873015928
2012-02-01,0.6119986937946214,0.005291005291005346,GREEN,103.18342590332031,0.005291005291005346
2012-02-02,0.612332185764566,0.005291005291005346,GREEN,103.34703063964844,0.005291005291005346
2012-02-03,0.6140924439602927,0.0,GREEN,104.79581451416016,-0.010582010582010581
2012-02-06,0.6143731830015752,0.0,GREEN,104.72571563720703,-0.015873015873015928
2012-02-07,0.6157380196482253,0.0,GREEN,104.99048614501953,-0.015873015873015928
2012-02-08,0.6162796585349641,0.0,GREEN,105.30209350585938,-0.005291005291005346
2012-02-09,0.6168427664127705,0.0,GREEN,105.4344711303711,-0.005291005291005346
2012-02-10,0.6113450295007133,0.04761904761904767,GREEN,104.65557098388672,0.04761904761904767
2012-02-13,0.6134695408354616,0.02645502645502651,GREEN,105.4344711303711,0.02645502645502651
2012-02-14,0.6133242004271173,0.031746031746031744,GREEN,105.30209350585938,0.031746031746031744
2012-02-15,0.6112867341563508,0.06349206349206349,GREEN,104.81137084960938,0.06349206349206349
2012-02-16,0.6140794385012412,0.02645502645502651,GREEN,105.9719467163086,0.02645502645502651
2012-02-17,0.6140218672823655,0.031746031746031744,GREEN,106.25235748291016,-0.015873015873015928
2012-02-21,0.6164732137572568,0.005291005291005346,GREEN,106.29912567138672,-0.021164021164021163
2012-02-22,0.6181460740628293,0.0,GREEN,105.95641326904297,-0.031746031746031744
2012-02-23,0.620456260563396,0.0,GREEN,106.42372131347656,-0.06349206349206349
2012-02-24,0.622501591165403,0.0,GREEN,106.65740966796875,-0.02645502645502651
2012-02-27,0.6224899026772138,0.005291005291005346,GREEN,106.8365707397461,-0.026455026455026398
2012-02-28,0.6235624214211136,0.0,GREEN,107.14813232421875,-0.005291005291005346
2012-02-29,0.6243755402516422,0.0,GREEN,106.72753143310547,0.0
2012-03-01,0.6255571620028966,0.0,GREEN,107.28053283691406,0.0
2012-03-02,0.6228183078666802,0.015873015873015928,GREEN,106.95343017578125,0.015873015873015928
2012-03-05,0.6193418742486448,0.03703703703703709,GREEN,106.51721954345703,0.031746031746031744
2012-03-06,0.611093986524823,0.13227513227513232,GREEN,104.95936584472656,0.13227513227513232
2012-03-07,0.6129439519304122,0.10582010582010581,GREEN,105.69154357910156,0.10582010582010581
2012-03-08,0.6179364187797873,0.04761904761904767,GREEN,106.74311065673828,0.04761904761904767
2012-03-09,0.6186183161439885,0.042328042328042326,GREEN,107.15591430664062,0.026455026455026398
2012-03-12,0.6185446170580535,0.04761904761904767,GREEN,107.16372680664062,0.010582010582010581
2012-03-13,0.6234152184167032,0.015873015873015928,GREEN,109.09541320800781,-0.1164021164021164
2012-03-14,0.6227326185415499,0.02645502645502651,GREEN,108.9786148071289,-0.0793650793650793
2012-03-15,0.620246116779177,0.04761904761904767,GREEN,109.60958862304688,0.0
2012-03-16,0.6176253207694086,0.07936507936507942,GREEN,109.76129913330078,0.03703703703703709
2012-03-19,0.6203880897077378,0.04761904761904767,GREEN,110.19159698486328,0.0
2012-03-20,0.6200570316368543,0.05820105820105825,GREEN,109.87086486816406,0.042328042328042326
2012-03-21,0.6177086039501825,0.08994708994709,GREEN,109.6908950805664,0.06349206349206349
2012-03-22,0.6191376765378298,0.06878306878306883,GREEN,108.90072631835938,0.021164021164021163
2012-03-23,0.6177666717964588,0.09523809523809523,GREEN,109.25273895263672,0.015873015873015817
2012-03-26,0.6213743653941793,0.042328042328042326,GREEN,110.78618621826172,-0.005291005291005346
2012-03-27,0.6222437729286516,0.042328042328042326,GREEN,110.44190216064453,-0.015873015873015928
2012-03-28,0.620344807091295,0.06349206349206349,GREEN,109.89430236816406,-0.02645502645502651
2012-03-29,0.6200559654299109,0.07936507936507942,GREEN,109.70655059814453,0.010582010582010581
2012-03-30,0.6189008320632813,0.09523809523809523,GREEN,110.1603012084961,0.0
2012-04-02,0.6198182836385483,0.08465608465608465,GREEN,110.9660415649414,0.042328042328042326
2012-04-03,0.6197098761196755,0.08994708994709,GREEN,110.51232147216797,0.04761904761904767
2012-04-04,0.6172979915342705,0.14814814814814814,GREEN,109.41707611083984,0.08465608465608465
2012-04-05,0.6155679863517363,0.17460317460317465,GREEN,109.36228942871094,0.09523809523809523
2012-04-09,0.6119756419298966,0.2328042328042328,GREEN,108.1340103149414,0.13756613756613756
2012-04-10,0.6086702167294833,0.2751322751322751,GREEN,106.31900787353516,0.19047619047619047
2012-04-11,0.6124436892965597,0.2222222222222222,YELLOW,107.17958068847656,0.1322751322751322
2012-04-12,0.6178547716583355,0.13227513227513232,GREEN,108.5799789428711,-0.015873015873015817
2012-04-13,0.61579439120996,0.17460317460317465,GREEN,107.28910827636719,0.0
2012-04-16,0.6167538165095211,0.16402116402116407,GREEN,107.21871185302734,-0.06878306878306872
2012-04-17,0.6194264773721964,0.09523809523809523,GREEN,108.80683898925781,-0.17989417989417988
2012-04-18,0.6190742191799182,0.11111111111111116,GREEN,108.43917083740234,-0.11111111111111105
2012-04-19,0.6178362764793387,0.14814814814814814,GREEN,107.74285888671875,0.015873015873015817
2012-04-20,0.6187954720350399,0.12169312169312174,GREEN,107.92281341552734,-0.05291005291005291
2012-04-23,0.617347705409593,0.17460317460317465,GREEN,107.01528930664062,0.010582010582010581
2012-04-24,0.6190053068100252,0.1164021164021164,GREEN,107.42214965820312,0.021164021164021163
2012-04-25,0.6233802740591008,0.021164021164021163,GREEN,108.89290618896484,-0.08994708994709
2012-04-26,0.6237176043071642,0.010582010582010581,GREEN,109.6517562866211,-0.13756613756613756
2012-04-27,0.6235908365884437,0.015873015873015928,GREEN,109.83169555664062,-0.10582010582010581
2012-04-30,0.6246761824079544,0.005291005291005346,GREEN,109.42488861083984,-0.1693121693121693
2012-05-01,0.625166357611317,0.005291005291005346,GREEN,110.10549926757812,-0.11111111111111105
2012-05-02,0.6275029408335717,0.0,GREEN,109.77693939208984,-0.021164021164021163
2012-05-03,0.6271640423436484,0.005291005291005346,GREEN,108.93982696533203,-0.005291005291005235
2012-05-04,0.6257014649753356,0.010582010582010581,GREEN,107.17958068847656,-0.005291005291005346
2012-05-07,0.6267344961197119,0.010582010582010581,GREEN,107.2578353881836,0.005291005291005235
2012-05-08,0.6265229718601385,0.015873015873015928,GREEN,106.82756805419922,0.010582010582010581
2012-05-09,0.6243933637290346,0.042328042328042326,GREEN,106.1938705444336,0.042328042328042326
2012-05-10,0.6237790466943698,0.05291005291005291,GREEN,106.41292572021484,0.04761904761904756
2012-05-11,0.6252884419521296,0.031746031746031744,GREEN,106.09214782714844,0.021164021164021163
2012-05-14,0.6207491266307656,0.12169312169312174,GREEN,104.9186782836914,0.11111111111111116
2012-05-15,0.6177920040981076,0.23809523809523814,GREEN,104.31626892089844,0.2222222222222222
2012-05-16,0.6118037963924406,0.37037037037037035,GREEN,103.91727447509766,0.328042328042328
2012-05-17,0.603617054876346,0.43386243386243384,RED,102.37606811523438,0.38095238095238093
2012-05-18,0.6035455714702129,0.4444444444444444,RED,101.4998550415039,0.4126984126984127
2012-05-21,0.6097441128700192,0.40740740740740744,RED,103.24446105957031,0.2857142857142857
2012-05-22,0.6098920023565718,0.40740740740740744,RED,103.42436981201172,0.1693121693121693
2012-05-23,0.6089822629702127,0.42328042328042326,RED,103.47917175292969,0.05291005291005291
2012-05-24,0.6093371513406595,0.417989417989418,RED,103.68257141113281,-0.015873015873015817
2012-05-25,0.6071198103643063,0.4391534391534392,RED,103.3461685180664,-0.005291005291005235
2012-05-29,0.6139465337400637,0.328042328042328,RED,104.59788513183594,-0.07936507936507942
2012-05-30,0.6109009809307001,0.4021164021164021,YELLOW,103.08014678955078,-0.005291005291005346
2012-05-31,0.6042137147513271,0.47089947089947093,RED,102.85330200195312,0.04761904761904767
2012-06-01,0.5989057983098451,0.5767195767195767,RED,100.26374053955078,0.15873015873015872
2012-06-04,0.5994620867708863,0.5555555555555556,RED,100.21685028076172,0.1164021164021164
2012-06-05,0.6031282868140718,0.5026455026455027,RED,100.9757080078125,0.17460317460317465
2012-06-06,0.6097862018034271,0.42328042328042326,RED,103.24446105957031,0.021164021164021163
2012-06-07,0.61214440879274,0.3650793650793651,RED,103.30702209472656,-0.10582010582010581
2012-06-08,0.6145004188833832,0.30687830687830686,RED,104.12850952148438,-0.2698412698412699
2012-06-11,0.6104818574129433,0.4285714285714286,GREEN,102.80632781982422,-0.12698412698412698
2012-06-12,0.6150691011400055,0.30687830687830686,RED,103.9876708984375,-0.1957671957671958
2012-06-13,0.6133397104410998,0.3492063492063492,GREEN,103.32269287109375,-0.07407407407407407
2012-06-14,0.6178411849974236,0.2328042328042328,YELLOW,104.41796875,-0.13227513227513232
2012-06-15,0.6187306742213546,0.2063492063492064,GREEN,105.48587036132812,-0.10052910052910047
2012-06-18,0.6190855150458712,0.18518518518518523,GREEN,105.69036102294922,-0.24338624338624337
2012-06-19,0.6235259943413345,0.07936507936507942,GREEN,106.712646484375,-0.22751322751322745
2012-06-20,0.6261745073479167,0.021164021164021163,GREEN,106.53961181640625,-0.328042328042328
2012-06-21,0.6209695612334303,0.13227513227513232,GREEN,104.14899444580078,-0.10052910052910047
2012-06-22,0.6251249646263416,0.04761904761904767,GREEN,104.9511489868164,-0.15873015873015872
2012-06-25,0.6241545723505882,0.06878306878306883,GREEN,103.26827239990234,-0.1164021164021164
2012-06-26,0.6234003786796044,0.10582010582010581,GREEN,103.78726959228516,0.026455026455026398
2012-06-27,0.6271451289528183,0.010582010582010581,GREEN,104.72309875488281,-0.010582010582010581
2012-06-28,0.6270021373900068,0.015873015873015928,GREEN,104.42428588867188,-0.1164021164021164
2012-06-29,0.6329646269592603,0.0,GREEN,107.02719116210938,-0.04761904761904767
2012-07-02,0.6334526277604743,0.0,GREEN,107.349609375,-0.06878306878306883
2012-07-03,0.6359035927477347,0.0,GREEN,108.0573501586914,-0.10582010582010581
2012-07-05,0.6357480067276737,0.005291005291005346,GREEN,107.56977844238281,-0.005291005291005235
2012-07-06,0.6346851485113212,0.010582010582010581,GREEN,106.54751586914062,-0.005291005291005346
2012-07-09,0.6348943523433782,0.010582010582010581,GREEN,106.41378784179688,0.010582010582010581
2012-07-10,0.6321071221675724,0.031746031746031744,GREEN,105.48587036132812,0.031746031746031744
2012-07-11,0.6340529020971503,0.021164021164021163,GREEN,105.50160217285156,0.021164021164021163
2012-07-12,0.6325103626449553,0.03703703703703709,GREEN,104.99044036865234,0.031746031746031744
2012-07-13,0.6343096304667335,0.021164021164021163,GREEN,106.7519760131836,0.010582010582010581
2012-07-16,0.631648028131353,0.05291005291005291,GREEN,106.50033569335938,0.042328042328042326
2012-07-17,0.6347163757661627,0.015873015873015928,GREEN,107.23165130615234,-0.015873015873015817
2012-07-18,0.6372108075738502,0.0,GREEN,108.0259017944336,-0.021164021164021163
2012-07-19,0.638661030018169,0.0,GREEN,108.30899047851562,-0.03703703703703709
2012-07-20,0.6355929846003069,0.021164021164021163,GREEN,107.31816864013672,0.0
2012-07-23,0.6344745587079055,0.042328042328042326,GREEN,106.23294830322266,-0.010582010582010581
2012-07-24,0.6307282473742212,0.08465608465608465,GREEN,105.32073974609375,0.06878306878306872
2012-07-25,0.6293315079339559,0.08994708994709,GREEN,105.34436798095703,0.08994708994709
2012-07-26,0.6358020027690318,0.015873015873015928,GREEN,107.08224487304688,0.015873015873015928
2012-07-27,0.6400138872851727,0.0,GREEN,109.05603790283203,-0.021164021164021163
2012-07-30,0.6397110870318152,0.005291005291005346,GREEN,109.05603790283203,-0.03703703703703698
2012-07-31,0.6380284885588562,0.015873015873015928,GREEN,108.29328918457031,-0.06878306878306872
2012-08-01,0.6415982389924508,0.0,GREEN,108.19889068603516,-0.08994708994709
2012-08-02,0.6389330615283356,0.015873015873015928,GREEN,107.45186614990234,0.0
2012-08-03,0.6418199954183372,0.0,GREEN,109.58295440673828,0.0
2012-08-06,0.641324251227086,0.010582010582010581,GREEN,109.79527282714844,0.005291005291005235
2012-08-07,0.6403682023668769,0.015873015873015928,GREEN,110.34574890136719,0.0
2012-08-08,0.6410156642484821,0.015873015873015928,GREEN,110.47945404052734,0.015873015873015928
2012-08-09,0.6410852846158593,0.015873015873015928,GREEN,110.57377624511719,0.0
2012-08-10,0.6403732637458143,0.02645502645502651,GREEN,110.75466918945312,0.02645502645502651
2012-08-13,0.6406482553976742,0.02645502645502651,GREEN,110.69962310791016,0.015873015873015928
2012-08-14,0.641779905173807,0.005291005291005346,GREEN,110.71533203125,-0.010582010582010581
2012-08-15,0.6389256602494159,0.06349206349206349,GREEN,110.84115600585938,0.04761904761904756
2012-08-16,0.6413843428556274,0.015873015873015928,GREEN,111.65896606445312,0.0
2012-08-17,0.6413080210194146,0.02645502645502651,GREEN,111.80844116210938,0.0
2012-08-20,0.6420782604733012,0.0,GREEN,111.81627655029297,-0.02645502645502651
2012-08-21,0.6434791871004446,0.0,GREEN,111.4781723022461,-0.005291005291005346
2012-08-22,0.6424684887447634,0.005291005291005346,GREEN,111.52531433105469,-0.05820105820105814
2012-08-23,0.6422520588119043,0.010582010582010581,GREEN,110.61307525634766,-0.005291005291005346
2012-08-24,0.6451225656250643,0.0,GREEN,111.28155517578125,-0.02645502645502651
2012-08-27,0.6447093027269705,0.005291005291005346,GREEN,111.30513000488281,0.005291005291005346
2012-08-28,0.6440724643893597,0.010582010582010581,GREEN,111.19501495361328,0.010582010582010581
2012-08-29,0.6449819991393434,0.005291005291005346,GREEN,111.28155517578125,0.0
2012-08-30,0.6446261951195726,0.015873015873015928,GREEN,110.47945404052734,0.005291005291005346
2012-08-31,0.6459238161740262,0.0,GREEN,111.00631713867188,0.0
2012-09-04,0.6459555875317158,0.0,GREEN,110.90409851074219,-0.005291005291005346
2012-09-05,0.6460265213467389,0.0,GREEN,110.80970001220703,-0.010582010582010581
2012-09-06,0.6501333686890327,0.0,GREEN,113.05873107910156,-0.005291005291005346
2012-09-07,0.6511042080985611,0.0,GREEN,113.49918365478516,-0.015873015873015928
2012-09-10,0.6502031672517167,0.005291005291005346,GREEN,112.85430145263672,0.005291005291005346
2012-09-11,0.6544817897398668,0.0,GREEN,113.16886901855469,0.0
2012-09-12,0.656530034010217,0.0,GREEN,113.54627990722656,0.0
2012-09-13,0.6605178824982189,0.0,GREEN,115.2763442993164,0.0
2012-09-14,0.6607606173131828,0.0,GREEN,115.78751373291016,0.0
2012-09-17,0.6601984438816773,0.010582010582010581,GREEN,115.39434051513672,0.005291005291005235
2012-09-18,0.6604004423387408,0.010582010582010581,GREEN,115.30000305175781,0.010582010582010581
2012-09-19,0.6595560027671216,0.021164021164021163,GREEN,115.3629150390625,0.021164021164021163
2012-09-20,0.6566147179785213,0.02645502645502651,GREEN,115.37078094482422,0.02645502645502651
2012-09-21,0.6556228530958446,0.03703703703703709,GREEN,115.32251739501953,0.03703703703703709
2012-09-24,0.6547002387004102,0.042328042328042326,GREEN,115.14857482910156,0.031746031746031744
2012-09-25,0.6490125184536971,0.06878306878306883,GREEN,113.92320251464844,0.05820105820105825
2012-09-26,0.645621998505131,0.08994708994709,GREEN,113.28284454345703,0.06878306878306883
2012-09-27,0.6525823730705198,0.05291005291005291,GREEN,114.35012817382812,0.026455026455026398
2012-09-28,0.649178192016875,0.07407407407407407,GREEN,113.82044219970703,0.03703703703703698
2012-10-01,0.6480677156351795,0.08465608465608465,GREEN,114.12088012695312,0.042328042328042326
2012-10-02,0.6498469035734517,0.07407407407407407,GREEN,114.23943328857422,0.005291005291005235
2012-10-03,0.6514738347475425,0.05820105820105825,GREEN,114.70587158203125,-0.031746031746031744
2012-10-04,0.6542313395545111,0.05291005291005291,GREEN,115.52809143066406,0.0
2012-10-05,0.6541876882817219,0.05820105820105825,GREEN,115.53600311279297,-0.015873015873015817
2012-10-08,0.6531914327616083,0.06349206349206349,GREEN,115.14069366455078,-0.021164021164021163
2012-10-09,0.6513519403686798,0.07936507936507942,GREEN,114.00225067138672,0.005291005291005346
2012-10-10,0.649871805347173,0.10052910052910058,GREEN,113.27490997314453,0.042328042328042326
2012-10-11,0.6534870656260399,0.06349206349206349,GREEN,113.338134765625,0.010582010582010581
2012-10-12,0.6543867181861475,0.05291005291005291,GREEN,112.96656799316406,-0.005291005291005346
2012-10-15,0.6575133910869763,0.02645502645502651,GREEN,113.90735626220703,-0.03703703703703698
2012-10-16,0.6599191002240401,0.021164021164021163,GREEN,115.0616226196289,-0.05820105820105825
2012-10-17,0.6617971663494614,0.0,GREEN,115.58344268798828,-0.10052910052910058
2012-10-18,0.6613650277487809,0.005291005291005346,GREEN,115.28299713134766,-0.05820105820105814
2012-10-19,0.6580377467172398,0.042328042328042326,GREEN,113.36185455322266,-0.010582010582010581
2012-10-22,0.658412924488793,0.042328042328042326,GREEN,113.37770080566406,0.015873015873015817
2012-10-23,0.6556236338422816,0.06878306878306883,GREEN,111.8044204711914,0.04761904761904767
2012-10-24,0.6551354595574784,0.07936507936507942,GREEN,111.48819732666016,0.07936507936507942
2012-10-25,0.6564300855848865,0.06878306878306883,GREEN,111.81233978271484,0.06349206349206349
2012-10-26,0.6547173840086461,0.08994708994709,GREEN,111.74905395507812,0.04761904761904767
2012-10-31,0.6551078489280118,0.08994708994709,GREEN,111.74905395507812,0.04761904761904767
2012-11-01,0.6549093973309674,0.09523809523809523,GREEN,112.91912078857422,0.026455026455026398
2012-11-02,0.6540667332515147,0.13227513227513232,GREEN,111.91512298583984,0.05291005291005291
2012-11-05,0.653005043083975,0.14814814814814814,GREEN,112.14435577392578,0.0793650793650793
2012-11-06,0.6542289385770719,0.12698412698412698,GREEN,113.02191925048828,0.03703703703703698
2012-11-07,0.6497952755660114,0.20105820105820105,GREEN,110.4604263305664,0.11111111111111105
2012-11-08,0.6476732894996946,0.2222222222222222,GREEN,109.13227081298828,0.12698412698412698
2012-11-09,0.6465411999992876,0.22751322751322756,GREEN,109.22714233398438,0.09523809523809523
2012-11-12,0.6467534598240124,0.22751322751322756,GREEN,109.31404113769531,0.07936507936507942
2012-11-13,0.6451912387501462,0.2592592592592593,GREEN,108.93460083007812,0.13227513227513232
2012-11-14,0.6415020106319096,0.328042328042328,YELLOW,107.46411895751953,0.12698412698412698
2012-11-15,0.6412190612422424,0.3492063492063492,RED,107.28228759765625,0.12698412698412698
2012-11-16,0.6430577315781644,0.2962962962962963,RED,107.81197357177734,0.06878306878306872
2012-11-19,0.6512679599092139,0.17460317460317465,RED,109.99395751953125,-0.05291005291005291
2012-11-20,0.651493187205374,0.16402116402116407,GREEN,110.04143524169922,-0.09523809523809523
2012-11-21,0.6513578547722452,0.17460317460317465,GREEN,110.24695587158203,-0.15343915343915338
2012-11-23,0.653551056448171,0.1428571428571429,GREEN,111.74905395507812,-0.20634920634920628
2012-11-26,0.6537700156677393,0.1428571428571429,GREEN,111.51189422607422,-0.15343915343915338
2012-11-27,0.6543292857099919,0.12169312169312174,GREEN,110.94270324707031,-0.05291005291005291
2012-11-28,0.6543940900275503,0.1164021164021164,GREEN,111.83600616455078,-0.04761904761904767
2012-11-29,0.657294714585667,0.05820105820105825,GREEN,112.35789489746094,-0.1164021164021164
2012-11-30,0.6582066630986321,0.04761904761904767,GREEN,112.38155364990234,-0.09523809523809523
2012-12-03,0.6614633437954333,0.005291005291005346,GREEN,111.82815551757812,-0.13756613756613756
2012-12-04,0.6614633437954333,0.007936507936507908,GREEN,111.67005157470703,-0.11375661375661383
2012-12-05,0.6623730465381993,0.0,GREEN,111.86769104003906,-0.1164021164021164
2012-12-06,0.66358141987622,0.0,GREEN,112.24716186523438,-0.05820105820105825
2012-12-07,0.6625864852206089,0.005291005291005346,GREEN,112.58712005615234,-0.042328042328042326
2012-12-10,0.6631554325345747,0.005291005291005346,GREEN,112.6345443725586,0.0
2012-12-11,0.6637946916792846,0.0,GREEN,113.40148162841797,-0.007936507936507908
2012-12-12,0.6658641970638214,0.0,GREEN,113.45674896240234,0.0
2012-12-13,0.6635182627713446,0.015873015873015928,GREEN,112.76105499267578,0.015873015873015928
2012-12-14,0.6628629762626892,0.02645502645502651,GREEN,112.3420639038086,0.021164021164021163
2012-12-17,0.6655797452985626,0.005291005291005346,GREEN,113.66230773925781,0.0
2012-12-18,0.6663290342160689,0.0,GREEN,114.92721557617188,0.0
2012-12-19,0.6654604667087254,0.015873015873015928,GREEN,114.07342529296875,0.015873015873015928
2012-12-20,0.6678867945993922,0.0,GREEN,114.72957611083984,-0.015873015873015928
2012-12-21,0.6658873792390172,0.010582010582010581,GREEN,113.68815612792969,-0.015873015873015928
2012-12-24,0.6634694325953477,0.04761904761904767,GREEN,113.33785247802734,0.042328042328042326
2012-12-26,0.6650700626932381,0.031746031746031744,GREEN,112.86013793945312,0.031746031746031744
2012-12-27,0.6661919002196032,0.010582010582010581,GREEN,112.70886993408203,-0.005291005291005346
2012-12-28,0.6644050448747199,0.042328042328042326,GREEN,111.49068450927734,0.042328042328042326
2012-12-31,0.6672638799089009,0.005291005291005346,GREEN,113.38563537597656,-0.005291005291005235
2013-01-02,0.6737142679077107,0.0,GREEN,116.29170227050781,-0.04761904761904767
2013-01-03,0.6716404696706729,0.005291005291005346,GREEN,116.02897644042969,-0.026455026455026398
2013-01-04,0.6719899778690553,0.005291005291005346,GREEN,116.53855895996094,-0.005291005291005235
2013-01-07,0.672561556697415,0.005291005291005346,GREEN,116.22005462646484,-0.03703703703703698
2013-01-08,0.6719820036034183,0.015873015873015928,GREEN,115.88565063476562,0.010582010582010581
2013-01-09,0.6730294919286623,0.005291005291005346,GREEN,116.18025970458984,0.005291005291005346
2013-01-10,0.6742526590138386,0.0,GREEN,117.10379028320312,-0.005291005291005346
2013-01-11,0.6755470344372145,0.0,GREEN,117.09589385986328,-0.005291005291005346
2013-01-14,0.6746176955644497,0.005291005291005346,GREEN,117.01628112792969,0.0
2013-01-15,0.6746813160164877,0.005291005291005346,GREEN,117.09589385986328,-0.010582010582010581
2013-01-16,0.6735377857226683,0.02645502645502651,GREEN,117.07992553710938,0.021164021164021163
2013-01-17,0.6760470540174673,0.0,GREEN,117.8363037109375,0.0
2013-01-18,0.6769761147616415,0.0,GREEN,118.09908294677734,0.0
2013-01-22,0.6772455958975683,0.0,GREEN,118.73603820800781,-0.005291005291005346
2013-01-23,0.6764596227351065,0.010582010582010581,GREEN,118.92711639404297,0.005291005291005235
2013-01-24,0.6779599956177256,0.0,GREEN,118.95896911621094,-0.02645502645502651
2013-01-25,0.678066584677125,0.0,GREEN,119.62775421142578,0.0
2013-01-28,0.6779501974438387,0.010582010582010581,GREEN,119.4844741821289,0.010582010582010581
2013-01-29,0.6767249544821224,0.02645502645502651,GREEN,119.95419311523438,0.02645502645502651
2013-01-30,0.6716240094521583,0.10052910052910058,GREEN,119.4844741821289,0.08994708994709
2013-01-31,0.6694716491289903,0.10582010582010581,GREEN,119.18984985351562,0.10582010582010581
2013-02-01,0.6717644789049542,0.09523809523809523,GREEN,120.41600036621094,0.09523809523809523
2013-02-04,0.6688028250640113,0.1164021164021164,GREEN,119.06246185302734,0.10582010582010581
2013-02-05,0.6703115325856575,0.11111111111111116,GREEN,120.26472473144531,0.08465608465608465
2013-02-06,0.6691471465066005,0.12169312169312174,GREEN,120.352294921875,0.021164021164021163
2013-02-07,0.6678543224751313,0.13756613756613756,GREEN,120.19303131103516,0.031746031746031744
2013-02-08,0.6679193626512342,0.13227513227513232,GREEN,120.86185455322266,0.03703703703703709
2013-02-11,0.668084567711857,0.13227513227513232,GREEN,120.83796691894531,0.015873015873015928
2013-02-12,0.6705425839084819,0.11111111111111116,GREEN,121.03699493408203,0.0
2013-02-13,0.6716279504004787,0.10582010582010581,GREEN,121.14051818847656,-0.015873015873015928
2013-02-14,0.671261401302828,0.1164021164021164,GREEN,121.25196075439453,-0.021164021164021163
2013-02-15,0.6712530678636299,0.12169312169312174,GREEN,121.10865783691406,-0.010582010582010581
2013-02-19,0.6719797736434512,0.09523809523809523,GREEN,122.01630401611328,-0.03703703703703709
2013-02-20,0.6713328324253681,0.12169312169312174,GREEN,120.49562072753906,0.010582010582010581
2013-02-21,0.6718125078899352,0.10052910052910058,GREEN,119.76312255859375,-0.005291005291005235
2013-02-22,0.6734642362792984,0.07407407407407407,GREEN,120.93352508544922,-0.042328042328042326
2013-02-25,0.6712235422112567,0.14814814814814814,GREEN,118.63253021240234,0.026455026455026398
2013-02-26,0.674366991508748,0.05820105820105825,GREEN,119.44466400146484,-0.03703703703703698
2013-02-27,0.6755150559079681,0.04761904761904767,GREEN,120.94941711425781,-0.07407407407407407
2013-02-28,0.6753089730576894,0.05291005291005291,GREEN,120.71057891845703,-0.04761904761904767
2013-03-01,0.6765071241178432,0.031746031746031744,GREEN,121.10865783691406,-0.042328042328042326
2013-03-04,0.6766591520597279,0.031746031746031744,GREEN,121.75360107421875,-0.1164021164021164
2013-03-05,0.6781118170377034,0.0,GREEN,122.84436798095703,-0.05820105820105825
2013-03-06,0.6777585117326731,0.021164021164021163,GREEN,123.01153564453125,-0.02645502645502651
2013-03-07,0.6789297922979232,0.0,GREEN,123.23446655273438,-0.05291005291005291
2013-03-08,0.679643886143836,0.0,GREEN,123.75997161865234,-0.031746031746031744
2013-03-11,0.6792908890175655,0.005291005291005346,GREEN,124.22972869873047,-0.026455026455026398
2013-03-12,0.6788416012689272,0.015873015873015928,GREEN,123.95103454589844,0.015873015873015928
2013-03-13,0.6791466282920531,0.010582010582010581,GREEN,124.12627410888672,-0.010582010582010581
2013-03-14,0.6817463800790731,0.0,GREEN,124.7870864868164,0.0
2013-03-15,0.6814330854640386,0.005291005291005346,GREEN,124.622314453125,0.005291005291005346
2013-03-18,0.6814154216028007,0.010582010582010581,GREEN,123.93453979492188,0.005291005291005235
2013-03-19,0.6803410055847041,0.015873015873015928,GREEN,123.64664459228516,0.0
2013-03-20,0.6826601457684487,0.0,GREEN,124.51036834716797,-0.010582010582010581
2013-03-21,0.6813517976690414,0.021164021164021163,GREEN,123.44670867919922,0.021164021164021163
2013-03-22,0.6810080027417511,0.02645502645502651,GREEN,124.43840789794922,0.021164021164021163
2013-03-25,0.6799970821078613,0.03703703703703709,GREEN,123.91852569580078,0.02645502645502651
2013-03-26,0.6811443326903386,0.02645502645502651,GREEN,124.91023254394531,0.010582010582010581
2013-03-27,0.6798274920461792,0.04761904761904767,GREEN,124.91023254394531,0.04761904761904767
2013-03-28,0.680974107638555,0.03703703703703709,GREEN,125.29411315917969,0.015873015873015928
2013-04-01,0.6821280163949184,0.005291005291005346,GREEN,124.79827880859375,-0.021164021164021163
2013-04-02,0.6816201762409271,0.015873015873015928,GREEN,125.41403198242188,-0.021164021164021163
2013-04-03,0.681701090226993,0.015873015873015928,GREEN,124.14247131347656,-0.010582010582010581
2013-04-04,0.6812412701767181,0.042328042328042326,GREEN,124.64635467529297,-0.005291005291005346
2013-04-05,0.6818942117917489,0.010582010582010581,GREEN,124.08646392822266,-0.02645502645502651
2013-04-08,0.6827810569343326,0.0,GREEN,124.92623138427734,-0.005291005291005346
2013-04-09,0.6849569511142032,0.0,GREEN,125.35807800292969,-0.015873015873015928
2013-04-10,0.6871335121155913,0.0,GREEN,126.89353942871094,-0.015873015873015928
2013-04-11,0.6871335121155913,0.002645502645502673,GREEN,127.30945587158203,-0.03968253968253965
2013-04-12,0.6872703833673354,0.0,GREEN,126.99754333496094,-0.010582010582010581
2013-04-15,0.6828370965948036,0.021164021164021163,GREEN,124.05448913574219,0.021164021164021163
2013-04-16,0.6875506872803551,0.0,GREEN,125.88587951660156,0.0
2013-04-17,0.6864633586587792,0.021164021164021163,GREEN,124.04656982421875,0.021164021164021163
2013-04-18,0.6853750855968513,0.02645502645502651,GREEN,123.27079772949219,0.023809523809523836
2013-04-19,0.6850130316101963,0.031746031746031744,GREEN,124.34245300292969,0.031746031746031744
2013-04-22,0.6865275148006894,0.021164021164021163,GREEN,124.89421844482422,0.0
2013-04-23,0.6892921797338878,0.0,GREEN,126.18181610107422,0.0
2013-04-24,0.6904432579969939,0.0,GREEN,126.26174926757812,-0.021164021164021163
2013-04-25,0.6924105551098167,0.0,GREEN,126.77363586425781,-0.02645502645502651
2013-04-26,0.6915218006856346,0.005291005291005346,GREEN,126.5496826171875,-0.026455026455026398
2013-04-29,0.692662928527156,0.0,GREEN,127.39739227294922,-0.021164021164021163
2013-04-30,0.6949197149691194,0.0,GREEN,127.70125579833984,0.0
2013-05-01,0.6934538057483085,0.005291005291005346,GREEN,126.58171844482422,0.005291005291005346
2013-05-02,0.6979801490029799,0.0,GREEN,127.7573013305664,0.0
2013-05-03,0.6993219694217409,0.0,GREEN,129.05284118652344,-0.005291005291005346
2013-05-06,0.6997590984953072,0.0,GREEN,129.3807373046875,0.0
2013-05-07,0.6992493645546483,0.010582010582010581,GREEN,130.03652954101562,0.010582010582010581
2013-05-08,0.7016428406303729,0.0,GREEN,130.6283416748047,-0.005291005291005346
2013-05-09,0.6996863269758801,0.010582010582010581,GREEN,130.2604522705078,0.010582010582010581
2013-05-10,0.6961248119107732,0.031746031746031744,GREEN,130.684326171875,0.031746031746031744
2013-05-13,0.693445916914122,0.04761904761904767,GREEN,130.7882537841797,0.04761904761904767
2013-05-14,0.6941755018181551,0.042328042328042326,GREEN,132.13980102539062,0.031746031746031744
2013-05-15,0.6941663994968131,0.04761904761904767,GREEN,132.8515625,0.04761904761904767
2013-05-16,0.6956781161264576,0.03703703703703709,GREEN,132.22776794433594,0.02645502645502651
2013-05-17,0.6958427074298408,0.03703703703703709,GREEN,133.50732421875,0.005291005291005346
2013-05-20,0.6964887677591676,0.031746031746031744,GREEN,133.4993438720703,-0.015873015873015928
2013-05-21,0.6978004755260109,0.031746031746031744,GREEN,133.69134521484375,-0.010582010582010581
2013-05-22,0.6937475268214821,0.07407407407407407,GREEN,132.69961547851562,0.026455026455026398
2013-05-23,0.6916875262886801,0.10052910052910058,GREEN,132.31576538085938,0.06349206349206349
2013-05-24,0.6905386749543156,0.11111111111111116,GREEN,132.20382690429688,0.07407407407407407
2013-05-28,0.6884758272100434,0.12698412698412698,GREEN,132.99551391601562,0.09523809523809523
2013-05-29,0.6857032307322842,0.16402116402116407,GREEN,132.1317901611328,0.13227513227513232
2013-05-30,0.6869268957645334,0.1534391534391535,GREEN,132.61965942382812,0.07936507936507942
2013-05-31,0.6778890583016199,0.33333333333333337,GREEN,130.71630859375,0.2328042328042328
2013-06-03,0.6770786624290573,0.3492063492063492,RED,131.43605041503906,0.23809523809523803
2013-06-04,0.6770786624290573,0.35185185185185186,RED,130.80421447753906,0.22486772486772488
2013-06-05,0.671134563294492,0.5185185185185186,RED,128.97288513183594,0.35449735449735453
2013-06-06,0.6764921089629662,0.38095238095238093,RED,130.1404571533203,0.22751322751322745
2013-06-07,0.6770117997265652,0.35978835978835977,RED,131.7958984375,0.026455026455026398
2013-06-10,0.6758592815173896,0.4021164021164021,RED,131.7958984375,0.05291005291005291
2013-06-11,0.6717585956199621,0.4973544973544973,RED,130.43634033203125,0.14550264550264547
2013-06-12,0.6723515450159853,0.47089947089947093,RED,129.35671997070312,-0.04761904761904767
2013-06-13,0.6797323535518542,0.2857142857142857,RED,131.32412719726562,-0.09523809523809523
2013-06-14,0.6800543211303418,0.2751322751322751,GREEN,130.50033569335938,-0.08465608465608465
2013-06-17,0.6799810854001961,0.2857142857142857,GREEN,131.50802612304688,-0.1164021164021164
2013-06-18,0.6816666185096362,0.22751322751322756,GREEN,132.54769897460938,-0.26984126984126977
2013-06-19,0.6722779998473465,0.4973544973544973,GREEN,130.71630859375,0.026455026455026398
2013-06-20,0.6657539389687954,0.6507936507936508,RED,127.47740936279297,0.3650793650793651
2013-06-21,0.6619758896866016,0.7195767195767195,RED,127.88658905029297,0.4444444444444444
2013-06-24,0.6541352424224428,0.8571428571428572,RED,126.27059173583984,0.5714285714285715
2013-06-25,0.663543804482796,0.6878306878306879,RED,127.48458862304688,0.46031746031746035
2013-06-26,0.6687370420541937,0.6031746031746033,RED,128.74685668945312,0.10582010582010593
2013-06-27,0.671569071624663,0.5502645502645502,RED,129.50262451171875,-0.10052910052910058
2013-06-28,0.6670985139510386,0.6402116402116402,RED,128.9719696044922,-0.0793650793650793
2013-07-01,0.6704194351868328,0.5873015873015873,RED,129.7276611328125,-0.2698412698412699
2013-07-02,0.6682756131367296,0.6190476190476191,RED,129.6071014404297,-0.06878306878306883
2013-07-03,0.6699027597456974,0.5978835978835979,RED,129.663330078125,-0.005291005291005346
2013-07-05,0.6634567996955673,0.7354497354497355,RED,131.06224060058594,0.18518518518518523
2013-07-08,0.6721341969853813,0.5026455026455027,RED,131.80990600585938,-0.13756613756613756
2013-07-09,0.6725829258807616,0.48677248677248675,RED,132.75865173339844,-0.10052910052910058
2013-07-10,0.6752396758549045,0.4444444444444444,RED,132.80682373046875,-0.17460317460317465
2013-07-11,0.6831589147588638,0.19047619047619047,RED,134.6157684326172,-0.40740740740740744
2013-07-12,0.682899716512204,0.1957671957671958,GREEN,134.67201232910156,-0.5396825396825397
2013-07-15,0.6854523456556627,0.17460317460317465,GREEN,135.18661499023438,-0.328042328042328
2013-07-16,0.6836752401638981,0.1957671957671958,GREEN,134.68003845214844,-0.29100529100529093
2013-07-17,0.6884442188289704,0.13227513227513232,GREEN,135.0257568359375,-0.3121693121693121
2013-07-18,0.6926532745749517,0.09523809523809523,GREEN,135.76544189453125,-0.09523809523809523
2013-07-19,0.6918831137070626,0.10582010582010581,GREEN,136.00668334960938,-0.08994708994709
2013-07-22,0.6923989605028431,0.10582010582010581,GREEN,136.27195739746094,-0.06878306878306883
2013-07-23,0.6907868508289995,0.12698412698412698,GREEN,135.98248291015625,-0.06878306878306883
2013-07-24,0.6852899515102238,0.21164021164021163,GREEN,135.4840545654297,0.0793650793650793
2013-07-25,0.6833360419782906,0.2328042328042328,GREEN,135.81369018554688,0.13756613756613756
2013-07-26,0.6835501067472628,0.2328042328042328,GREEN,135.95840454101562,0.12698412698412698
2013-07-29,0.6821575035171625,0.2698412698412699,GREEN,135.5403594970703,0.16402116402116407
2013-07-30,0.6830339319360601,0.24867724867724872,YELLOW,135.5403594970703,0.12169312169312174
2013-07-31,0.6850236613466427,0.21693121693121697,GREEN,135.6367645263672,0.005291005291005346
2013-08-01,0.6787879650451168,0.4126984126984127,GREEN,137.2045135498047,0.17989417989417988
2013-08-02,0.6824497516150384,0.28042328042328046,RED,137.43763732910156,0.04761904761904767
2013-08-05,0.6790515721361047,0.40740740740740744,RED,137.23667907714844,0.13756613756613756
2013-08-06,0.6784656885321403,0.4285714285714286,RED,136.4568634033203,0.17989417989417988
2013-08-07,0.6761585437060087,0.5185185185185186,RED,136.01463317871094,0.3015873015873016
2013-08-08,0.6776396645266897,0.4656084656084656,RED,136.51319885253906,0.05291005291005291
2013-08-09,0.677874100003023,0.46031746031746035,RED,136.11920166015625,0.17989417989417988
2013-08-12,0.6772812333848421,0.47619047619047616,RED,135.95840454101562,0.06878306878306872
2013-08-13,0.677602947272352,0.47619047619047616,RED,136.36038208007812,0.04761904761904756
2013-08-14,0.6762701011037261,0.5396825396825398,RED,135.66091918945312,0.021164021164021163
2013-08-15,0.6730279217533311,0.6243386243386244,RED,133.76358032226562,0.15873015873015883
2013-08-16,0.6706519156955173,0.7354497354497355,RED,133.32139587402344,0.2751322751322751
2013-08-19,0.6663648996871383,0.8201058201058201,RED,132.46920776367188,0.34391534391534395
2013-08-20,0.6723552084389898,0.6402116402116402,RED,133.12042236328125,0.16402116402116407
2013-08-21,0.6703087288862142,0.7619047619047619,RED,132.3003692626953,0.2222222222222221
2013-08-22,0.6741808913272077,0.6031746031746033,RED,133.50633239746094,-0.021164021164021163
2013-08-23,0.676999031713013,0.5079365079365079,RED,133.95651245117188,-0.22751322751322756
2013-08-26,0.6768318237378913,0.5185185185185186,RED,133.45806884765625,-0.3015873015873015
2013-08-27,0.6721394123335519,0.671957671957672,RED,131.3114776611328,0.031746031746031744
2013-08-28,0.6750588341353176,0.5925925925925926,RED,131.77777099609375,-0.1693121693121693
2013-08-29,0.6776408290067808,0.47089947089947093,RED,131.98681640625,-0.13227513227513232
2013-08-30,0.6769671209357323,0.5238095238095238,RED,131.56874084472656,0.015873015873015928
2013-09-03,0.6736469587066862,0.6402116402116402,RED,132.16371154785156,0.12169312169312163
2013-09-04,0.6768237911085696,0.5343915343915344,RED,133.25709533691406,-0.13756613756613756
2013-09-05,0.6740329856013745,0.6402116402116402,RED,133.42593383789062,0.04761904761904767
2013-09-06,0.6756300869593699,0.5873015873015873,RED,133.490234375,0.1164021164021164
2013-09-09,0.6771851205031634,0.4973544973544973,RED,134.76852416992188,-0.02645502645502651
2013-09-10,0.6798138403393619,0.3862433862433863,RED,135.76544189453125,-0.25396825396825395
2013-09-11,0.6803863082220294,0.35978835978835977,RED,136.19155883789062,-0.17460317460317465
2013-09-12,0.6795653793066889,0.40740740740740744,RED,135.82974243164062,-0.2328042328042328
2013-09-13,0.67904346607848,0.4285714285714286,RED,136.1352996826172,-0.15873015873015872
2013-09-16,0.6822867109629376,0.2857142857142857,RED,136.92312622070312,-0.21164021164021163
2013-09-17,0.6842780557700138,0.2328042328042328,GREEN,137.53414916992188,-0.1534391534391535
2013-09-18,0.6899330447288764,0.1428571428571429,GREEN,139.1260528564453,-0.21693121693121686
2013-09-19,0.6881687553924156,0.16402116402116407,GREEN,138.89285278320312,-0.24338624338624337
2013-09-20,0.6872690487419671,0.17989417989417988,GREEN,137.9218292236328,-0.24867724867724872
2013-09-23,0.6870316311299515,0.1957671957671958,GREEN,137.2835693359375,-0.08994708994708989
2013-09-24,0.6854623646501343,0.2222222222222222,GREEN,136.96044921875,-0.010582010582010581
2013-09-25,0.6840284795437231,0.26455026455026454,GREEN,136.56454467773438,0.12169312169312163
2013-09-26,0.6839817304823969,0.2698412698412699,YELLOW,137.0896759033203,0.10582010582010581
2013-09-27,0.6828332641766639,0.3121693121693122,YELLOW,136.45953369140625,0.13227513227513232
2013-09-30,0.6807388180593951,0.4126984126984127,RED,135.73243713378906,0.21693121693121686
2013-10-01,0.6838666089564277,0.2751322751322751,RED,136.806884765625,0.05291005291005291
2013-10-02,0.6840847525013659,0.26455026455026454,YELLOW,136.6776123046875,0.0
2013-10-03,0.6845326829339782,0.2592592592592593,GREEN,135.41734313964844,-0.010582010582010581
2013-10-04,0.6859716205765647,0.21693121693121697,GREEN,136.44337463378906,-0.09523809523809523
2013-10-07,0.6841787618684914,0.2751322751322751,GREEN,135.2638397216797,-0.13756613756613756
2013-10-08,0.684447594379293,0.2698412698412699,GREEN,133.68850708007812,-0.005291005291005235
2013-10-09,0.6848020058869871,0.26455026455026454,GREEN,133.78541564941406,0.0
2013-10-10,0.6879421768518508,0.1693121693121693,GREEN,136.66958618164062,-0.08994708994709
2013-10-11,0.6892134127302486,0.1534391534391535,GREEN,137.5501708984375,-0.06349206349206349
2013-10-14,0.6905058587380198,0.13756613756613756,GREEN,138.09950256347656,-0.13756613756613756
2013-10-15,0.6900358463960815,0.14814814814814814,GREEN,137.09771728515625,-0.12169312169312174
2013-10-16,0.6934525521970375,0.08465608465608465,GREEN,139.012451171875,-0.17989417989417988
2013-10-17,0.6965685429748814,0.03703703703703709,GREEN,139.94143676757812,-0.1322751322751322
2013-10-18,0.6979877218431626,0.02645502645502651,GREEN,140.88671875,-0.12698412698412698
2013-10-21,0.696418585924446,0.05291005291005291,GREEN,140.8948516845703,-0.08465608465608465
2013-10-22,0.6979324060077385,0.03703703703703709,GREEN,141.71080017089844,-0.11111111111111105
2013-10-23,0.6987778596111774,0.02645502645502651,GREEN,141.03216552734375,-0.05820105820105814
2013-10-24,0.6990845377623317,0.02645502645502651,GREEN,141.50071716308594,-0.010582010582010581
2013-10-25,0.6991429150387927,0.02645502645502651,GREEN,142.14700317382812,0.0
2013-10-28,0.6988284077828782,0.03703703703703709,GREEN,142.37326049804688,-0.015873015873015817
2013-10-29,0.6999482435824539,0.005291005291005346,GREEN,143.1326446533203,-0.031746031746031744
2013-10-30,0.6971110710471937,0.07407407407407407,GREEN,142.4217071533203,0.04761904761904756
2013-10-31,0.6974017593538194,0.07407407407407407,GREEN,142.01780700683594,0.04761904761904756
2013-11-01,0.6964571729405512,0.09523809523809523,GREEN,142.35708618164062,0.06878306878306872
2013-11-04,0.6974932721375964,0.07407407407407407,GREEN,142.85794067382812,0.03703703703703698
2013-11-05,0.6956178139240125,0.12698412698412698,GREEN,142.40554809570312,0.12169312169312163
2013-11-06,0.6974779499620871,0.07936507936507942,GREEN,143.1326446533203,0.005291005291005346
2013-11-07,0.6977622719458159,0.07407407407407407,GREEN,141.32301330566406,0.0
2013-11-08,0.6970579850245313,0.10052910052910058,GREEN,143.2295684814453,0.005291005291005346
2013-11-11,0.6942675261703196,0.1534391534391535,GREEN,143.2538299560547,0.07936507936507942
2013-11-12,0.6934559423522249,0.17460317460317465,GREEN,142.96299743652344,0.04761904761904767
2013-11-13,0.6960821370266593,0.13227513227513232,GREEN,144.1102294921875,0.05291005291005291
2013-11-14,0.6976952628816168,0.07936507936507942,GREEN,144.8291778564453,0.005291005291005346
2013-11-15,0.6987448418023322,0.05291005291005291,GREEN,145.4593505859375,-0.04761904761904767
2013-11-18,0.6963907933898077,0.13756613756613756,GREEN,144.95034790039062,-0.015873015873015928
2013-11-19,0.696337991995377,0.1428571428571429,GREEN,144.63531494140625,-0.031746031746031744
2013-11-20,0.6955807804443391,0.17460317460317465,GREEN,144.18289184570312,0.042328042328042326
2013-11-21,0.6976492525941012,0.08994708994709,GREEN,145.34622192382812,0.010582010582010581
2013-11-22,0.6983394703048621,0.05820105820105825,GREEN,146.07330322265625,0.005291005291005346
2013-11-25,0.6993893292077277,0.021164021164021163,GREEN,145.9279022216797,-0.1164021164021164
2013-11-26,0.6998305106914268,0.010582010582010581,GREEN,145.9683074951172,-0.13227513227513232
2013-11-27,0.6993806008729071,0.031746031746031744,GREEN,146.32379150390625,-0.1428571428571429
2013-11-29,0.7000474904063284,0.005291005291005346,GREEN,146.226806640625,-0.08465608465608465
2013-12-02,0.700696451283398,0.005291005291005346,GREEN,145.84710693359375,-0.05291005291005291
2013-12-03,0.6998524540654072,0.021164021164021163,GREEN,145.21694946289062,0.0
2013-12-04,0.6982096559895288,0.09523809523809523,GREEN,145.20083618164062,0.08465608465608465
2013-12-05,0.697599235970844,0.13756613756613756,GREEN,144.5625457763672,0.10582010582010581
2013-12-06,0.6998077377219964,0.031746031746031744,GREEN,146.17831420898438,0.026455026455026398
2013-12-09,0.7023697188187755,0.0,GREEN,146.55001831054688,-0.005291005291005346
2013-12-10,0.702119331543236,0.005291005291005346,GREEN,146.0248260498047,-0.015873015873015817
2013-12-11,0.7002597476353781,0.021164021164021163,GREEN,144.38485717773438,-0.07407407407407407
2013-12-12,0.6992267167268155,0.08465608465608465,GREEN,143.908203125,-0.05291005291005291
2013-12-13,0.7001918523648683,0.02645502645502651,GREEN,143.89202880859375,-0.005291005291005235
2013-12-16,0.700794843881719,0.015873015873015928,GREEN,144.78878784179688,0.015873015873015928
2013-12-17,0.7007036317522229,0.021164021164021163,GREEN,144.32833862304688,0.015873015873015817
2013-12-18,0.7019091065977372,0.010582010582010581,GREEN,146.79229736328125,-0.010582010582010581
2013-12-19,0.7015709635857388,0.021164021164021163,GREEN,146.6227569580078,-0.06349206349206349
2013-12-20,0.702273290671897,0.005291005291005346,GREEN,147.47560119628906,-0.021164021164021163
2013-12-23,0.7028839449480169,0.0,GREEN,148.263427734375,-0.015873015873015928
2013-12-24,0.7027568885004991,0.005291005291005346,GREEN,148.58839416503906,-0.015873015873015817
2013-12-26,0.7034917154442691,0.0,GREEN,149.34381103515625,-0.010582010582010581
2013-12-27,0.7030826937192228,0.005291005291005346,GREEN,149.33570861816406,-0.015873015873015817
2013-12-30,0.7035225782045905,0.0,GREEN,149.3113250732422,-0.005291005291005346
2013-12-31,0.7041438845022956,0.0,GREEN,150.0180206298828,0.0
2014-01-02,0.7050230986543199,0.0,GREEN,148.58026123046875,-0.005291005291005346
2014-01-03,0.7050453067162111,0.0,GREEN,148.5558624267578,0.0
2014-01-06,0.7064782898164702,0.0,GREEN,148.12539672851562,-0.005291005291005346
2014-01-07,0.7064782898164702,0.002645502645502673,GREEN,149.0352020263672,0.002645502645502673
2014-01-08,0.7066940504674486,0.0,GREEN,149.06761169433594,0.0
2014-01-09,0.7075878121808212,0.0,GREEN,149.16514587402344,0.0
2014-01-10,0.7090390762269464,0.0,GREEN,149.57118225097656,0.0
2014-01-13,0.7081128575601782,0.005291005291005346,GREEN,147.58119201660156,0.005291005291005346
2014-01-14,0.7093420348677653,0.0,GREEN,149.189453125,-0.002645502645502673
2014-01-15,0.7110340815032433,0.0,GREEN,149.99362182617188,0.0
2014-01-16,0.7105625939157625,0.005291005291005346,GREEN,149.79869079589844,0.005291005291005346
2014-01-17,0.7107140910907563,0.005291005291005346,GREEN,149.16514587402344,0.005291005291005346
2014-01-21,0.7117085607078611,0.0,GREEN,149.6036834716797,-0.005291005291005346
2014-01-22,0.7109834992367904,0.010582010582010581,GREEN,149.7012176513672,0.010582010582010581
2014-01-23,0.7094006805297033,0.02645502645502651,GREEN,148.4746551513672,0.02645502645502651
2014-01-24,0.704453904909571,0.07936507936507942,GREEN,145.30682373046875,0.07407407407407407
2014-01-27,0.7043096561596893,0.08465608465608465,GREEN,144.59202575683594,0.0793650793650793
2014-01-28,0.7074156726829607,0.05291005291005291,GREEN,145.45303344726562,0.05291005291005291
2014-01-29,0.7047941726086581,0.08465608465608465,GREEN,144.05589294433594,0.07407407407407407
2014-01-30,0.7060878758515506,0.07407407407407407,GREEN,145.58297729492188,0.04761904761904756
2014-01-31,0.7055271179170862,0.07936507936507942,GREEN,144.73007202148438,0.0
2014-02-03,0.7032225876009945,0.12698412698412698,GREEN,141.47291564941406,0.042328042328042326
2014-02-04,0.7039745504894865,0.1164021164021164,GREEN,142.46388244628906,0.06349206349206349
2014-02-05,0.7043085854897149,0.11111111111111116,GREEN,142.28518676757812,0.02645502645502651
2014-02-06,0.7067338449746015,0.05820105820105825,GREEN,144.16148376464844,-0.015873015873015817
2014-02-07,0.7101393126265998,0.02645502645502651,GREEN,145.948486328125,-0.05291005291005291
2014-02-10,0.7107634465383774,0.015873015873015928,GREEN,146.21656799316406,-0.11111111111111105
2014-02-11,0.712148035221192,0.0,GREEN,147.81671142578125,-0.1164021164021164
2014-02-12,0.7113451905510225,0.010582010582010581,GREEN,147.88980102539062,-0.10052910052910058
2014-02-13,0.7129776055900865,0.0,GREEN,148.65333557128906,-0.05820105820105825
2014-02-14,0.7141179759760937,0.0,GREEN,149.4737548828125,-0.02645502645502651
2014-02-18,0.7148529277208022,0.0,GREEN,149.65245056152344,-0.015873015873015928
2014-02-19,0.7132816748097157,0.010582010582010581,GREEN,148.6614990234375,0.010582010582010581
2014-02-20,0.7154016682374303,0.0,GREEN,149.53872680664062,-0.010582010582010581
2014-02-21,0.7159253248497768,0.0,GREEN,149.3681640625,0.0
2014-02-24,0.7175216971810365,0.0,GREEN,150.1967010498047,0.0
2014-02-25,0.7184433285239084,0.0,GREEN,150.13983154296875,0.0
2014-02-26,0.7193195294057192,0.0,GREEN,150.14796447753906,-0.010582010582010581
2014-02-27,0.7207720005320902,0.0,GREEN,150.93582153320312,0.0
2014-02-28,0.7215323668503323,0.0,GREEN,151.31761169433594,0.0
2014-03-03,0.720459763065949,0.010582010582010581,GREEN,150.2534942626953,0.010582010582010581
2014-03-04,0.7236532071581966,0.0,GREEN,152.36544799804688,0.0
2014-03-05,0.7220983550710586,0.005291005291005346,GREEN,152.50363159179688,0.005291005291005346
2014-03-06,0.7214557456414521,0.015873015873015928,GREEN,152.85275268554688,0.015873015873015928
2014-03-07,0.7192154936238896,0.03703703703703709,GREEN,152.9177703857422,0.03703703703703709
2014-03-10,0.719207015193969,0.042328042328042326,GREEN,152.8365936279297,0.031746031746031744
2014-03-11,0.7184422162371337,0.05291005291005291,GREEN,152.0811309814453,0.05291005291005291
2014-03-12,0.7194098724505686,0.031746031746031744,GREEN,152.1217041015625,0.026455026455026398
2014-03-13,0.7170741512313711,0.06878306878306883,GREEN,150.416015625,0.05291005291005291
2014-03-14,0.7167091240750957,0.07407407407407407,GREEN,149.99362182617188,0.03703703703703698
2014-03-17,0.7179576307200446,0.06349206349206349,GREEN,151.3501434326172,0.021164021164021163
2014-03-18,0.719927772998573,0.031746031746031744,GREEN,152.43043518066406,-0.021164021164021163
2014-03-19,0.717447952365513,0.07936507936507942,GREEN,151.61814880371094,0.04761904761904767
2014-03-20,0.7198124873614982,0.03703703703703709,GREEN,152.50363159179688,-0.031746031746031744
2014-03-21,0.7192677359250624,0.05291005291005291,GREEN,151.91201782226562,-0.021164021164021163
2014-03-24,0.719838553776512,0.03703703703703709,GREEN,151.28378295898438,-0.026455026455026398
2014-03-25,0.7212076218620376,0.021164021164021163,GREEN,152.0017852783203,-0.010582010582010581
2014-03-26,0.7208488565890785,0.02645502645502651,GREEN,150.9084930419922,-0.05291005291005291
2014-03-27,0.7198626151276466,0.04761904761904767,GREEN,150.5903778076172,0.010582010582010581
2014-03-28,0.7210870191099551,0.02645502645502651,GREEN,151.33277893066406,-0.026455026455026398
2014-03-31,0.7217298261059508,0.010582010582010581,GREEN,152.57289123535156,-0.02645502645502651
2014-04-01,0.7234947062025925,0.005291005291005346,GREEN,153.5845489501953,-0.015873015873015817
2014-04-02,0.7229823421574083,0.010582010582010581,GREEN,154.09849548339844,-0.015873015873015928
2014-04-03,0.7231188686620857,0.010582010582010581,GREEN,153.8945770263672,-0.03703703703703709
2014-04-04,0.724209183551856,0.0,GREEN,152.0751953125,-0.02645502645502651
2014-04-07,0.7225869655707184,0.02645502645502651,GREEN,150.39456176757812,0.015873015873015928
2014-04-08,0.7241914533340146,0.005291005291005346,GREEN,151.0146026611328,0.0
2014-04-09,0.7250000637027847,0.0,GREEN,152.63816833496094,-0.010582010582010581
2014-04-10,0.7225002635182656,0.042328042328042326,GREEN,149.4318084716797,0.031746031746031744
2014-04-11,0.719516559702176,0.1164021164021164,GREEN,148.08566284179688,0.1164021164021164
2014-04-14,0.7219030708341468,0.05291005291005291,GREEN,149.25233459472656,0.026455026455026398
2014-04-15,0.7226707766021622,0.03703703703703709,GREEN,150.28036499023438,0.031746031746031744
2014-04-16,0.7233113305761291,0.02645502645502651,GREEN,151.85496520996094,0.02645502645502651
2014-04-17,0.7226381367256798,0.04761904761904767,GREEN,152.0670166015625,0.005291005291005346
2014-04-21,0.7226381367256798,0.050264550264550234,GREEN,152.59735107421875,-0.06613756613756616
2014-04-22,0.7237484238993238,0.015873015873015928,GREEN,153.2908172607422,-0.03703703703703698
2014-04-23,0.7236364017159719,0.02645502645502651,GREEN,152.93186950683594,-0.010582010582010581
2014-04-24,0.7239607400603479,0.015873015873015928,GREEN,153.2418975830078,-0.010582010582010581
2014-04-25,0.7236447518139298,0.031746031746031744,GREEN,151.98544311523438,-0.015873015873015928
2014-04-28,0.7234915891885806,0.04761904761904767,GREEN,152.46682739257812,-0.002645502645502562
2014-04-29,0.7246521040019748,0.005291005291005346,GREEN,153.1766815185547,-0.010582010582010581
2014-04-30,0.7239838603239499,0.021164021164021163,GREEN,153.63351440429688,-0.005291005291005346
2014-05-01,0.7232275096527234,0.06878306878306883,GREEN,153.64979553222656,0.05291005291005291
2014-05-02,0.7250088507573988,0.0,GREEN,153.4295196533203,-0.031746031746031744
2014-05-05,0.7246151094196847,0.015873015873015928,GREEN,153.7232208251953,-0.031746031746031744
2014-05-06,0.7250268217250266,0.0,GREEN,152.3852081298828,-0.005291005291005346
2014-05-07,0.725848863714399,0.0,GREEN,153.28269958496094,-0.021164021164021163
2014-05-08,0.7255225965365162,0.005291005291005346,GREEN,153.1194610595703,-0.06349206349206349
2014-05-09,0.7259595385102781,0.0,GREEN,153.3479461669922,0.0
2014-05-12,0.7269009779504428,0.0,GREEN,154.8409423828125,-0.015873015873015928
2014-05-13,0.7277994295041875,0.0,GREEN,154.97964477539062,0.0
2014-05-14,0.7279255962697672,0.0,GREEN,154.24534606933594,0.0
2014-05-15,0.7271468615979834,0.010582010582010581,GREEN,152.8910369873047,0.005291005291005235
2014-05-16,0.728523264840723,0.0,GREEN,153.42132568359375,0.0
2014-05-19,0.7294289464543092,0.0,GREEN,153.9842987060547,0.0
2014-05-20,0.7284193223969273,0.010582010582010581,GREEN,153.01344299316406,0.010582010582010581
2014-05-21,0.7283424715776368,0.015873015873015928,GREEN,154.30252075195312,0.015873015873015928
2014-05-22,0.7290534185358922,0.005291005291005346,GREEN,154.6778106689453,-0.005291005291005235
2014-05-23,0.729456740616279,0.0,GREEN,155.2978515625,0.0
2014-05-27,0.7299769525721584,0.0,GREEN,156.25234985351562,0.0
2014-05-28,0.7300354564247561,0.0,GREEN,156.13816833496094,-0.010582010582010581
2014-05-29,0.7308143046109191,0.0,GREEN,156.94586181640625,-0.015873015873015928
2014-05-30,0.7314113124353202,0.0,GREEN,157.19876098632812,-0.005291005291005346
2014-06-02,0.7295761294945117,0.021164021164021163,GREEN,157.37820434570312,0.021164021164021163
2014-06-03,0.7298265611296628,0.021164021164021163,GREEN,157.29669189453125,0.021164021164021163
2014-06-04,0.7295669912407047,0.031746031746031744,GREEN,157.61485290527344,0.031746031746031744
2014-06-05,0.7312604293386658,0.005291005291005346,GREEN,158.642822265625,0.005291005291005346
2014-06-06,0.7335212670996899,0.0,GREEN,159.401611328125,0.0
2014-06-09,0.7348930332378291,0.0,GREEN,159.5647430419922,-0.021164021164021163
2014-06-10,0.7346800120798426,0.005291005291005346,GREEN,159.58102416992188,-0.015873015873015817
2014-06-11,0.7344965144971898,0.010582010582010581,GREEN,159.0262451171875,-0.021164021164021163
2014-06-12,0.7337727450041914,0.015873015873015928,GREEN,157.90036010742188,0.010582010582010581
2014-06-13,0.7350572633596327,0.0,GREEN,158.38174438476562,0.0
2014-06-16,0.7348445295149372,0.010582010582010581,GREEN,158.5122833251953,0.010582010582010581
2014-06-17,0.7349115749505424,0.005291005291005346,GREEN,158.95286560058594,0.0
2014-06-18,0.7376321485832308,0.0,GREEN,160.11949157714844,-0.010582010582010581
2014-06-19,0.7375644109143566,0.005291005291005346,GREEN,160.2990264892578,-0.010582010582010581
2014-06-20,0.7382620354352937,0.0,GREEN,160.62442016601562,0.0
2014-06-23,0.7381844415996448,0.005291005291005346,GREEN,160.5752410888672,-0.005291005291005235
2014-06-24,0.7373019223910372,0.021164021164021163,GREEN,159.60794067382812,0.015873015873015817
2014-06-25,0.7382991229684309,0.0,GREEN,160.329345703125,0.0
2014-06-26,0.7373501804254943,0.02645502645502651,GREEN,160.21461486816406,0.021164021164021163
2014-06-27,0.7371767837035521,0.03703703703703709,GREEN,160.52609252929688,0.03703703703703709
2014-06-30,0.7364703052283074,0.042328042328042326,GREEN,160.4440460205078,0.03703703703703698
2014-07-01,0.7369693457579762,0.042328042328042326,GREEN,161.51800537109375,0.021164021164021163
2014-07-02,0.7376978181931334,0.015873015873015928,GREEN,161.6819610595703,0.015873015873015928
2014-07-03,0.7366963471803881,0.05291005291005291,GREEN,162.47711181640625,0.026455026455026398
2014-07-07,0.7363261790689302,0.06349206349206349,GREEN,161.91148376464844,0.026455026455026398
2014-07-08,0.7363079484629124,0.06878306878306883,GREEN,160.87037658691406,0.02645502645502651
2014-07-09,0.7356761583668413,0.07407407407407407,GREEN,161.5917205810547,0.031746031746031744
2014-07-10,0.7330734621598668,0.12169312169312174,GREEN,160.95233154296875,0.10582010582010581
2014-07-11,0.734144281878253,0.11111111111111116,GREEN,161.17372131347656,0.05820105820105825
2014-07-14,0.7339975101255595,0.1164021164021164,GREEN,161.9852294921875,0.05291005291005291
2014-07-15,0.7331788262860323,0.13227513227513232,GREEN,161.6819610595703,0.06349206349206349
2014-07-16,0.7320994267063738,0.1428571428571429,GREEN,162.28038024902344,0.06878306878306883
2014-07-17,0.726365048491697,0.24338624338624337,GREEN,160.43585205078125,0.12169312169312163
2014-07-18,0.7299997530577377,0.1693121693121693,GREEN,162.0754852294922,0.05820105820105814
2014-07-21,0.7286693412259887,0.21164021164021163,GREEN,161.77210998535156,0.09523809523809523
2014-07-22,0.7296799685634276,0.18518518518518523,GREEN,162.47711181640625,0.05291005291005291
2014-07-23,0.7308191620051195,0.15873015873015872,GREEN,162.83782958984375,0.015873015873015817
2014-07-24,0.7324017698462463,0.1428571428571429,GREEN,162.8459930419922,-0.10052910052910047
2014-07-25,0.7310701707460402,0.16402116402116407,GREEN,162.0836639404297,-0.005291005291005235
2014-07-28,0.7292397607704472,0.22751322751322756,GREEN,162.14918518066406,0.015873015873015928
2014-07-29,0.7280553318987059,0.2592592592592593,GREEN,161.45240783691406,0.07407407407407407
2014-07-30,0.7253662070479886,0.30687830687830686,YELLOW,161.47702026367188,0.14814814814814814
2014-07-31,0.719113475063427,0.544973544973545,RED,158.2881317138672,0.4021164021164021
2014-08-01,0.7181331940114752,0.5608465608465609,RED,157.80447387695312,0.39682539682539686
2014-08-04,0.7225029095124218,0.43386243386243384,RED,158.9439239501953,0.20634920634920628
2014-08-05,0.7210981704826633,0.47619047619047616,RED,157.4027862548828,0.21693121693121686
2014-08-06,0.7226438691676601,0.417989417989418,RED,157.451904296875,0.11111111111111116
2014-08-07,0.7227695739185059,0.4126984126984127,RED,156.59945678710938,-0.13227513227513232
2014-08-08,0.7254596805361958,0.30687830687830686,RED,158.41107177734375,-0.25396825396825407
2014-08-11,0.7288921277479233,0.23809523809523814,GREEN,158.8701934814453,-0.1957671957671957
2014-08-12,0.728736371311843,0.24338624338624337,GREEN,158.64883422851562,-0.2328042328042328
2014-08-13,0.7304965299396535,0.17989417989417988,GREEN,159.7227325439453,-0.23809523809523814
2014-08-14,0.7317277065488657,0.1534391534391535,GREEN,160.47686767578125,-0.2592592592592592
2014-08-15,0.7332088018366775,0.13227513227513232,GREEN,160.4440460205078,-0.17460317460317454
2014-08-18,0.735313475480762,0.07936507936507942,GREEN,161.78851318359375,-0.15873015873015872
2014-08-19,0.7350796474102547,0.08465608465608465,GREEN,162.63291931152344,-0.15873015873015872
2014-08-20,0.7363213594682523,0.06878306878306883,GREEN,163.06729125976562,-0.11111111111111105
2014-08-21,0.7363213594682523,0.0714285714285714,GREEN,163.54283142089844,-0.08201058201058209
2014-08-22,0.7347008769414322,0.12169312169312174,GREEN,163.2887420654297,-0.010582010582010581
2014-08-25,0.7365225552363819,0.05820105820105825,GREEN,164.1166534423828,-0.021164021164021163
2014-08-26,0.736807709260459,0.05291005291005291,GREEN,164.22315979003906,-0.031746031746031744
2014-08-27,0.7359313509856231,0.09523809523809523,GREEN,164.1576385498047,0.026455026455026398
2014-08-28,0.7346651789540267,0.14814814814814814,GREEN,164.06741333007812,0.07671957671957674
2014-08-29,0.7348632716972862,0.13227513227513232,GREEN,164.5347137451172,0.010582010582010581
2014-09-02,0.7363527810172515,0.07407407407407407,GREEN,164.45269775390625,0.015873015873015817
2014-09-03,0.7342969776755057,0.1693121693121693,GREEN,164.362548828125,0.1164021164021164
2014-09-04,0.7319535743870466,0.2222222222222222,GREEN,164.12486267089844,0.12698412698412698
2014-09-05,0.7308317724147539,0.24867724867724872,GREEN,164.86264038085938,0.10052910052910058
2014-09-08,0.7305591033528676,0.26455026455026454,GREEN,164.4363555908203,0.1322751322751322
2014-09-09,0.7276175692504132,0.38095238095238093,YELLOW,163.3952178955078,0.30687830687830686
2014-09-10,0.7278446299273051,0.3756613756613757,RED,164.0100860595703,0.2063492063492064
2014-09-11,0.7277585156033574,0.3862433862433863,RED,164.19857788085938,0.16402116402116407
2014-09-12,0.7270682022153357,0.4021164021164021,RED,163.23951721191406,0.15343915343915338
2014-09-15,0.725391437552843,0.4391534391534392,RED,163.11656188964844,0.17460317460317465
2014-09-16,0.7264506622930704,0.4126984126984127,RED,164.3461456298828,0.031746031746031744
2014-09-17,0.7295787957276791,0.3015873015873016,RED,164.56753540039062,-0.07407407407407407
2014-09-18,0.72972742018716,0.2962962962962963,GREEN,165.4447021484375,-0.08994708994709
2014-09-19,0.730912775127716,0.24867724867724872,GREEN,165.29556274414062,-0.15343915343915338
2014-09-22,0.729061365331443,0.34391534391534395,GREEN,164.01901245117188,-0.09523809523809523
2014-09-23,0.7252043120733165,0.47619047619047616,YELLOW,163.08004760742188,0.06349206349206349
2014-09-24,0.7232663330704571,0.5661375661375662,RED,164.356689453125,0.26455026455026454
2014-09-25,0.7178165623407596,0.7671957671957672,RED,161.70472717285156,0.47089947089947093
2014-09-26,0.71768617902348,0.7724867724867726,RED,162.98953247070312,0.5238095238095238
2014-09-29,0.7160275044679444,0.798941798941799,RED,162.69297790527344,0.455026455026455
2014-09-30,0.7208215858813999,0.6772486772486772,RED,162.2647247314453,0.20105820105820105
2014-10-01,0.720849312189587,0.671957671957672,RED,160.0657501220703,0.10582010582010581
2014-10-02,0.72234992575563,0.6296296296296297,RED,160.0904998779297,-0.13756613756613756
2014-10-03,0.7254747244987397,0.46031746031746035,RED,161.8529510498047,-0.3121693121693122
2014-10-06,0.7255748620508995,0.455026455026455,RED,161.66351318359375,-0.34391534391534395
2014-10-07,0.7223954077285404,0.6402116402116402,RED,159.1680145263672,-0.03703703703703698
2014-10-08,0.7250819050334085,0.4920634920634921,RED,161.95181274414062,-0.17989417989417988
2014-10-09,0.7173869249381851,0.8253968253968254,RED,158.73977661132812,0.1957671957671957
2014-10-10,0.7112399474176432,0.8941798941798942,RED,156.9278106689453,0.43386243386243384
2014-10-13,0.7074581520174292,0.9417989417989419,RED,154.35000610351562,0.48677248677248686
2014-10-14,0.7093937297062429,0.9365079365079365,RED,154.58883666992188,0.2962962962962963
2014-10-15,0.708630737863238,0.9365079365079365,RED,153.5428466796875,0.4444444444444444
2014-10-16,0.7130447869050117,0.873015873015873,RED,153.41110229492188,0.04761904761904767
2014-10-17,0.7195022354428536,0.7513227513227514,RED,155.2230224609375,-0.1428571428571428
2014-10-20,0.7242501552830246,0.5238095238095238,RED,156.730224609375,-0.417989417989418
2014-10-21,0.7302982365593577,0.28042328042328046,RED,159.8351593017578,-0.656084656084656
2014-10-22,0.7256881460481779,0.46031746031746035,GREEN,158.6985626220703,-0.47619047619047616
2014-10-23,0.7257175156757343,0.46031746031746035,RED,160.54347229003906,-0.4126984126984127
2014-10-24,0.7275854961187028,0.42328042328042326,RED,161.77879333496094,-0.32804232804232814
2014-10-27,0.7246058743475674,0.544973544973545,RED,161.5564422607422,0.021164021164021163
2014-10-28,0.7259528362660159,0.46031746031746035,RED,163.40957641601562,0.17989417989417988
2014-10-29,0.7263465870704647,0.455026455026455,RED,163.16250610351562,-0.005291005291005346
2014-10-30,0.7257744009738043,0.47619047619047616,RED,164.20846557617188,0.015873015873015817
2014-10-31,0.7265740461660192,0.4444444444444444,RED,166.0862579345703,0.021164021164021163
2014-11-03,0.72819864196971,0.3915343915343915,RED,166.17686462402344,-0.1534391534391535
2014-11-04,0.7259968070745358,0.47089947089947093,RED,165.60031127929688,0.010582010582010581
2014-11-05,0.7260107188210732,0.47089947089947093,RED,166.64627075195312,0.015873015873015928
2014-11-06,0.728077158025746,0.39682539682539686,RED,167.3134002685547,-0.0793650793650793
2014-11-07,0.7282712330169624,0.3915343915343915,RED,167.46990966796875,-0.05291005291005291
2014-11-10,0.7291028690873396,0.3492063492063492,RED,167.9969940185547,-0.042328042328042326
2014-11-11,0.730846378494418,0.25396825396825395,YELLOW,168.16172790527344,-0.21693121693121697
2014-11-12,0.7282204339737289,0.40740740740740744,GREEN,167.98052978515625,-0.06349206349206349
2014-11-13,0.7250502074121469,0.5820105820105821,RED,168.16993713378906,0.18518518518518523
2014-11-14,0.7210814692177581,0.798941798941799,RED,168.2111358642578,0.40740740740740744
2014-11-17,0.7210873348711694,0.7936507936507937,RED,168.3181915283203,0.44444444444444453
2014-11-18,0.7197528498317086,0.8571428571428572,RED,169.29002380371094,0.6031746031746033
2014-11-19,0.7196795887974583,0.8624338624338624,RED,169.01824951171875,0.455026455026455
2014-11-20,0.7195887334738794,0.8677248677248677,RED,169.3147430419922,0.2857142857142856
2014-11-21,0.7233610756416107,0.6772486772486772,RED,170.22067260742188,-0.12169312169312174
2014-11-24,0.7231964607398755,0.6984126984126984,RED,170.6983642578125,-0.09523809523809534
2014-11-25,0.7242928341400932,0.6190476190476191,RED,170.57481384277344,-0.23809523809523814
2014-11-26,0.7251541982517767,0.5767195767195767,RED,171.01138305664062,-0.2857142857142857
2014-11-28,0.7179642178335102,0.9259259259259259,RED,170.64895629882812,0.05820105820105825
2014-12-01,0.7107465591838453,0.9788359788359788,RED,169.46299743652344,0.3015873015873016
2014-12-02,0.7150471647136925,0.962962962962963,RED,170.5583953857422,0.26455026455026465
2014-12-03,0.7165730520854238,0.9523809523809523,RED,171.21722412109375,0.33333333333333326
2014-12-04,0.7156754277346958,0.9576719576719577,RED,171.02780151367188,0.38095238095238093
2014-12-05,0.7164741030289017,0.9470899470899471,RED,171.3078155517578,0.021164021164021163
2014-12-08,0.7129092974337121,0.9682539682539683,RED,170.1630401611328,-0.010582010582010581
2014-12-09,0.7122597701400782,0.9682539682539683,RED,170.04776000976562,0.005291005291005235
2014-12-10,0.7035076383873173,0.9947089947089947,RED,167.32167053222656,0.042328042328042326
2014-12-11,0.7013032279290887,0.9947089947089947,RED,168.16993713378906,0.03703703703703698
2014-12-12,0.6911347491524179,0.9947089947089947,RED,165.45208740234375,0.04761904761904756
2014-12-15,0.6912287028243469,0.9894179894179894,RED,164.31552124023438,0.021164021164021163
2014-12-16,0.6883641326974232,0.9947089947089947,RED,162.997802734375,0.026455026455026398
2014-12-17,0.7030520270658228,0.9735449735449735,RED,166.1933135986328,-0.021164021164021163
2014-12-18,0.7091005292291348,0.9523809523809523,RED,170.30308532714844,-0.042328042328042326
2014-12-19,0.7164328603030472,0.8994708994708995,RED,171.0276641845703,-0.09523809523809512
2014-12-22,0.7145166166397972,0.9153439153439153,RED,171.81443786621094,-0.07407407407407407
2014-12-23,0.7178218117590456,0.8624338624338624,RED,172.0463409423828,-0.1322751322751322
2014-12-24,0.7198970821320111,0.8148148148148149,RED,172.0629119873047,-0.1587301587301586
2014-12-26,0.71791834807351,0.8571428571428572,RED,172.61770629882812,-0.09523809523809512
2014-12-29,0.7176371882878191,0.873015873015873,RED,172.8495330810547,-0.02645502645502651
2014-12-30,0.7159481301254981,0.8994708994708995,RED,171.922119140625,-0.015873015873015817
2014-12-31,0.7142892197391261,0.9153439153439153,RED,170.21607971191406,0.05291005291005291
2015-01-02,0.7135287746072827,0.9153439153439153,RED,170.12501525878906,0.10052910052910047
2015-01-05,0.7069188573851384,0.962962962962963,RED,167.0526123046875,0.10582010582010581
2015-01-06,0.7038784666906889,0.962962962962963,RED,165.4791259765625,0.08994708994709
2015-01-07,0.7079213474531951,0.9470899470899471,RED,167.5411834716797,0.04761904761904756
2015-01-08,0.7133360906804609,0.8994708994708995,RED,170.51422119140625,-0.015873015873015817
2015-01-09,0.7163237163199684,0.8571428571428572,RED,169.1478271484375,-0.05820105820105814
2015-01-12,0.7150271071571906,0.8783068783068784,RED,167.8227996826172,-0.08465608465608465
2015-01-13,0.714605372101012,0.8783068783068784,RED,167.35073852539062,-0.08465608465608465
2015-01-14,0.7125174408880438,0.91005291005291,RED,166.3403778076172,-0.03703703703703709
2015-01-15,0.7070697410017972,0.9523809523809523,RED,164.81663513183594,0.052910052910052796
2015-01-16,0.7104326367134984,0.9206349206349207,RED,166.97808837890625,0.06349206349206349
2015-01-20,0.7094979166366392,0.9206349206349207,RED,167.33412170410156,0.042328042328042326
2015-01-21,0.7133067896267858,0.8783068783068784,RED,168.17889404296875,0.0
2015-01-22,0.7145116031299752,0.8571428571428572,RED,170.67987060546875,-0.052910052910052796
2015-01-23,0.7141747050956432,0.8624338624338624,RED,169.7440643310547,-0.08994708994708989
2015-01-26,0.7178507812432923,0.7619047619047619,RED,170.1415252685547,-0.15873015873015883
2015-01-27,0.7168721254752898,0.7883597883597884,RED,167.89735412597656,-0.13227513227513232
2015-01-28,0.7148598578383595,0.835978835978836,RED,165.744140625,-0.042328042328042326
2015-01-29,0.7176499019321592,0.7671957671957672,RED,167.27621459960938,-0.08994708994709
2015-01-30,0.7148251058776077,0.835978835978836,RED,165.17269897460938,-0.026455026455026398
2015-02-02,0.7177976231876605,0.7513227513227514,RED,167.21823120117188,-0.01058201058201047
2015-02-03,0.7224506695155833,0.6455026455026456,RED,169.63638305664062,-0.1428571428571428
2015-02-04,0.7193404270806508,0.7089947089947091,RED,168.9904327392578,-0.12698412698412698
2015-02-05,0.7238161271421278,0.6031746031746033,RED,170.6964111328125,-0.16402116402116396
2015-02-06,0.7260856833231293,0.4973544973544973,RED,170.224365234375,-0.3386243386243387
2015-02-09,0.7244147555481064,0.5873015873015873,RED,169.4624786376953,-0.16402116402116407
2015-02-10,0.7270622872645082,0.47089947089947093,RED,171.26783752441406,-0.17460317460317465
2015-02-11,0.7267365337379302,0.47089947089947093,RED,171.3672332763672,-0.23809523809523814
2015-02-12,0.7263999808620859,0.4814814814814815,RED,173.0152130126953,-0.12169312169312174
2015-02-13,0.7274375181829477,0.44973544973544977,RED,173.72743225097656,-0.04761904761904756
2015-02-17,0.7273018999048939,0.44973544973544977,RED,174.000732421875,-0.13756613756613756
2015-02-18,0.7289160382676468,0.3650793650793651,RED,174.01731872558594,-0.10582010582010581
2015-02-19,0.7276705562561177,0.4285714285714286,RED,173.89308166503906,-0.042328042328042326
2015-02-20,0.7297525884414715,0.3121693121693122,RED,174.93655395507812,-0.1693121693121693
2015-02-23,0.7299662049367017,0.30687830687830686,GREEN,174.91162109375,-0.1428571428571429
2015-02-24,0.7300806932138517,0.29100529100529104,GREEN,175.4085693359375,-0.15873015873015872
2015-02-25,0.7324724677291001,0.21164021164021163,GREEN,175.2594451904297,-0.1534391534391535
2015-02-26,0.7330050149759412,0.21164021164021163,GREEN,175.0524444580078,-0.21693121693121697
2015-02-27,0.7329052167060887,0.21693121693121697,GREEN,174.45611572265625,-0.09523809523809523
2015-03-02,0.7333667878312654,0.1957671957671958,GREEN,175.5576629638672,-0.11111111111111105
2015-03-03,0.7314538136825917,0.25396825396825395,GREEN,174.83714294433594,-0.03703703703703709
2015-03-04,0.7299186739273549,0.3227513227513228,GREEN,174.10008239746094,0.11111111111111116
2015-03-05,0.7310222737044203,0.2698412698412699,RED,174.29055786132812,0.05820105820105825
2015-03-06,0.7271460318469061,0.44973544973544977,YELLOW,171.83926391601562,0.2328042328042328
2015-03-09,0.7252779639656449,0.5555555555555556,RED,172.5514373779297,0.35978835978835977
2015-03-10,0.722301720909223,0.6507936507936508,RED,169.75234985351562,0.39682539682539686
2015-03-11,0.7243059036953677,0.5820105820105821,RED,169.35484313964844,0.2592592592592593
2015-03-12,0.7255774797237268,0.5132275132275133,RED,171.50802612304688,0.24338624338624337
2015-03-13,0.7230065175066721,0.6137566137566137,RED,170.45628356933594,0.16402116402116396
2015-03-16,0.7222002493628727,0.6507936507936508,RED,172.73367309570312,0.09523809523809523
2015-03-17,0.7187630205749886,0.7142857142857143,RED,172.22018432617188,0.06349206349206349
2015-03-18,0.7234668430247045,0.5820105820105821,RED,174.29055786132812,0.0
2015-03-19,0.7186394909575553,0.7142857142857143,RED,173.4955596923828,0.20105820105820105
2015-03-20,0.7237329431158815,0.5714285714285714,RED,175.02696228027344,-0.042328042328042326
2015-03-23,0.7240374940218728,0.5608465608465609,RED,174.68594360351562,-0.08994708994708989
2015-03-24,0.7249003018351016,0.5291005291005291,RED,173.704345703125,-0.18518518518518523
2015-03-25,0.7231521469440043,0.5925925925925926,RED,171.15892028808594,0.01058201058201047
2015-03-26,0.7234127500229417,0.5714285714285714,RED,170.7513427734375,-0.1428571428571429
2015-03-27,0.7235464042820342,0.5608465608465609,RED,171.14230346679688,-0.01058201058201047
2015-03-30,0.7256314838782335,0.44973544973544977,RED,173.23013305664062,-0.11111111111111116
2015-03-31,0.7241540355186786,0.5396825396825398,RED,171.71624755859375,0.010582010582010692
2015-04-01,0.7253310927116711,0.47619047619047616,RED,171.1090087890625,-0.1164021164021164
2015-04-02,0.7259776083700293,0.4126984126984127,RED,171.7245635986328,-0.15873015873015872
2015-04-06,0.7272245808059266,0.34391534391534395,RED,172.88084411621094,-0.21693121693121697
2015-04-07,0.7315901951456395,0.1428571428571429,YELLOW,172.42333984375,-0.30687830687830686
2015-04-08,0.73142977152623,0.14814814814814814,GREEN,173.00558471679688,-0.3915343915343916
2015-04-09,0.7309652066058311,0.15873015873015872,GREEN,173.7708282470703,-0.31746031746031744
2015-04-10,0.7328240897916934,0.10052910052910058,GREEN,174.71920776367188,-0.3121693121693121
2015-04-13,0.7310283005718022,0.14814814814814814,GREEN,173.92889404296875,-0.1957671957671958
2015-04-14,0.7310049579993481,0.1534391534391535,GREEN,174.2616424560547,0.010582010582010581
2015-04-15,0.7338924307700956,0.06349206349206349,GREEN,175.04360961914062,-0.08465608465608465
2015-04-16,0.7320230603652852,0.10582010582010581,GREEN,174.99368286132812,-0.05291005291005291
2015-04-17,0.7301225770617626,0.20105820105820105,GREEN,172.98060607910156,0.10052910052910047
2015-04-20,0.7318127999878777,0.1164021164021164,GREEN,174.56109619140625,-0.031746031746031744
2015-04-21,0.7322079801622935,0.10582010582010581,GREEN,174.35317993164062,-0.04761904761904767
2015-04-22,0.7320891178014084,0.11111111111111116,GREEN,175.20999145507812,0.04761904761904767
2015-04-23,0.7315037390595619,0.1428571428571429,GREEN,175.65084838867188,0.03703703703703709
2015-04-24,0.7324491884389982,0.10052910052910058,GREEN,176.0584259033203,-0.10052910052910047
2015-04-27,0.7327754403830007,0.09523809523809523,GREEN,175.326416015625,-0.021164021164021163
2015-04-28,0.7319969724117059,0.12698412698412698,GREEN,175.88375854492188,0.021164021164021163
2015-04-29,0.7305471944759354,0.21164021164021163,GREEN,175.1600799560547,0.10052910052910047
2015-04-30,0.7302312271125145,0.22751322751322756,GREEN,173.40487670898438,0.08465608465608465
2015-05-01,0.7321615891684532,0.1164021164021164,GREEN,175.28480529785156,0.015873015873015817
2015-05-04,0.7320005310357538,0.13227513227513232,GREEN,175.78396606445312,0.03703703703703709
2015-05-05,0.7312052849648436,0.17989417989417988,GREEN,173.7708282470703,0.05291005291005291
2015-05-06,0.7292854399239572,0.2857142857142857,GREEN,173.0554962158203,0.07407407407407407
2015-05-07,0.7294627571565808,0.2857142857142857,RED,173.7459716796875,0.05820105820105814
2015-05-08,0.7341542861543054,0.06349206349206349,RED,176.03346252441406,-0.05291005291005291
2015-05-11,0.730248203747438,0.24867724867724872,GREEN,175.19332885742188,0.1164021164021164
2015-05-12,0.730081141357202,0.26455026455026454,GREEN,174.6692657470703,0.08465608465608465
2015-05-13,0.7286891487834977,0.328042328042328,YELLOW,174.7025909423828,0.042328042328042326
2015-05-14,0.7315464671069417,0.1693121693121693,RED,176.5242462158203,-0.1164021164021164
2015-05-15,0.7331582508970395,0.08465608465608465,GREEN,176.7156219482422,0.021164021164021163
2015-05-18,0.7323815039226178,0.1164021164021164,GREEN,177.26461791992188,-0.13227513227513232
2015-05-19,0.7316837809988321,0.15873015873015872,GREEN,177.2063446044922,-0.10582010582010581
2015-05-20,0.7305379040130882,0.23809523809523814,GREEN,177.08164978027344,-0.08994708994708989
2015-05-21,0.7313277337210952,0.17989417989417988,GREEN,177.59730529785156,0.010582010582010581
2015-05-22,0.7324089853678643,0.09523809523809523,GREEN,177.17308044433594,0.010582010582010581
2015-05-26,0.7307908641189186,0.2222222222222222,GREEN,175.2681884765625,0.10582010582010581
2015-05-27,0.7323173927806538,0.09523809523809523,GREEN,176.93186950683594,-0.06349206349206349
2015-05-28,0.7316502095268974,0.1428571428571429,GREEN,176.73223876953125,-0.09523809523809523
2015-05-29,0.7325250793151598,0.06349206349206349,GREEN,175.6342010498047,-0.1164021164021164
2015-06-01,0.734213417836682,0.015873015873015928,GREEN,175.9918670654297,-0.0793650793650793
2015-06-02,0.732923579986079,0.042328042328042326,GREEN,175.81724548339844,-0.17989417989417988
2015-06-03,0.7292126607734848,0.30687830687830686,GREEN,176.2830810546875,0.21164021164021163
2015-06-04,0.7267770281217375,0.40740740740740744,RED,174.79403686523438,0.26455026455026454
2015-06-05,0.7252750378058367,0.5132275132275133,RED,174.4945526123047,0.44973544973544977
2015-06-08,0.7248461529242187,0.5396825396825398,RED,173.42149353027344,0.5238095238095238
2015-06-09,0.7239722217821921,0.5767195767195767,RED,173.3965301513672,0.5343915343915344
2015-06-10,0.7251166960199346,0.5132275132275133,RED,175.47613525390625,0.2063492063492064
2015-06-11,0.7264050929959535,0.4021164021164021,RED,176.04180908203125,-0.005291005291005346
2015-06-12,0.7239005508496676,0.5767195767195767,RED,174.69422912597656,0.06349206349206349
2015-06-15,0.720153859825402,0.6772486772486772,RED,173.94558715820312,0.13756613756613745
2015-06-16,0.7239510095485204,0.5661375661375662,RED,174.89382934570312,-0.010582010582010581
2015-06-17,0.7227911696334391,0.6243386243386244,RED,175.1767120361328,0.11111111111111116
2015-06-18,0.7252920562929045,0.4656084656084656,RED,176.9984130859375,0.06349206349206349
2015-06-19,0.7255254966707425,0.44973544973544977,RED,176.21267700195312,-0.12698412698412698
2015-06-22,0.7274968994321505,0.328042328042328,RED,177.1154327392578,-0.3492063492063492
2015-06-23,0.7271816313434828,0.34391534391534395,YELLOW,177.24082946777344,-0.2222222222222222
2015-06-24,0.7248960156517882,0.5079365079365079,YELLOW,175.95355224609375,-0.1164021164021165
2015-06-25,0.7228801137940819,0.6190476190476191,RED,175.4186248779297,0.1534391534391535
2015-06-26,0.7211990918110264,0.656084656084656,RED,175.38516235351562,0.20634920634920628
2015-06-29,0.7150746618623598,0.8148148148148149,RED,171.70724487304688,0.48677248677248686
2015-06-30,0.7184728337258129,0.7301587301587302,RED,172.06671142578125,0.3862433862433863
2015-07-01,0.719204737834902,0.7142857142857143,RED,173.4458770751953,0.2063492063492064
2015-07-02,0.7207835353773367,0.671957671957672,RED,173.28709411621094,0.05291005291005291
2015-07-06,0.7182587869165873,0.7301587301587302,RED,172.7938995361328,0.07407407407407418
2015-07-07,0.7189119757777607,0.7089947089947091,RED,173.88055419921875,-0.10582010582010581
2015-07-08,0.7145810291655865,0.8412698412698413,RED,170.9633331298828,0.11111111111111105
2015-07-09,0.7167101474112921,0.7724867724867726,RED,171.2726287841797,0.05820105820105825
2015-07-10,0.7215297547428596,0.6296296296296297,RED,173.42918395996094,-0.042328042328042326
2015-07-13,0.7225198849839287,0.6137566137566137,RED,175.34336853027344,-0.1164021164021165
2015-07-14,0.7214484292938876,0.6402116402116402,RED,176.10403442382812,-0.06878306878306883
2015-07-15,0.7211936400286217,0.6507936507936508,RED,176.04551696777344,-0.19047619047619047
2015-07-16,0.7226711808892301,0.6137566137566137,RED,177.4581298828125,-0.15873015873015883
2015-07-17,0.720890722280606,0.671957671957672,RED,177.60861206054688,0.042328042328042326
2015-07-20,0.717981344730956,0.7513227513227514,RED,177.70053100585938,0.13756613756613767
2015-07-21,0.7165956193212605,0.798941798941799,RED,176.9984588623047,0.15873015873015872
2015-07-22,0.7120441491995289,0.9206349206349207,RED,176.68077087402344,0.2698412698412699
2015-07-23,0.7115538921639367,0.9206349206349207,RED,175.6860809326172,0.306878306878307
2015-07-24,0.7093535622617069,0.9365079365079365,RED,173.8638153076172,0.26455026455026454
2015-07-27,0.7058453583301829,0.9576719576719577,RED,172.85243225097656,0.20634920634920628
2015-07-28,0.7098311666857838,0.9206349206349207,RED,174.97555541992188,0.12169312169312174
2015-07-29,0.7141446893146878,0.8624338624338624,RED,176.17922973632812,-0.05820105820105825
2015-07-30,0.7165956193212605,0.7645502645502645,RED,176.2209930419922,-0.15608465608465616
2015-07-31,0.714616707815399,0.8253968253968254,RED,175.95355224609375,-0.11111111111111116
2015-08-03,0.7130433547416739,0.8783068783068784,RED,175.3600616455078,-0.0793650793650793
2015-08-04,0.7145458088846294,0.8306878306878307,RED,175.01730346679688,-0.08994708994709
2015-08-05,0.7134812157725646,0.8624338624338624,RED,175.59408569335938,0.0
2015-08-06,0.710372648325415,0.9153439153439153,RED,174.1564483642578,0.1507936507936508
2015-08-07,0.7085024417534568,0.9365079365079365,RED,173.82208251953125,0.11111111111111116
2015-08-10,0.7105450920140247,0.8994708994708995,RED,176.01210021972656,0.021164021164021163
2015-08-11,0.7063590905464909,0.9523809523809523,RED,174.4238739013672,0.12169312169312163
2015-08-12,0.705380210156984,0.9576719576719577,RED,174.6328887939453,0.09523809523809523
2015-08-13,0.7050640360959275,0.9576719576719577,RED,174.41549682617188,0.042328042328042326
2015-08-14,0.7058057896277337,0.9470899470899471,RED,175.05076599121094,0.010582010582010581
2015-08-17,0.7053895305240667,0.9470899470899471,RED,176.0287628173828,0.04761904761904756
2015-08-18,0.7045739174285671,0.9576719576719577,RED,175.51890563964844,0.005291005291005346
2015-08-19,0.7032572319266702,0.9682539682539683,RED,174.13133239746094,0.010582010582010581
2015-08-20,0.7000776725327337,0.9788359788359788,RED,170.49520874023438,0.021164021164021163
2015-08-21,0.6968075968010953,0.9788359788359788,RED,165.36289978027344,0.031746031746031744
2015-08-24,0.6907748944855914,0.9894179894179894,RED,158.39999389648438,0.042328042328042326
2015-08-25,0.6924863038547211,0.9735449735449735,RED,156.5360107421875,0.015873015873015817
2015-08-26,0.6986872969007697,0.962962962962963,RED,162.5459747314453,-0.005291005291005235
2015-08-27,0.7038258706882405,0.9312169312169312,RED,166.56663513183594,-0.04761904761904767
2015-08-28,0.7048102135968102,0.9153439153439153,RED,166.57489013671875,-0.06349206349206349
2015-08-31,0.704079687989376,0.9206349206349207,RED,165.22921752929688,-0.06878306878306872
2015-09-01,0.7015604994643015,0.9470899470899471,RED,160.29742431640625,-0.026455026455026398
2015-09-02,0.7042632160377401,0.91005291005291,RED,163.3400421142578,-0.05291005291005302
2015-09-03,0.7052467532410538,0.8888888888888888,RED,163.4571075439453,-0.042328042328042326
2015-09-04,0.704426390697902,0.9047619047619048,RED,160.98284912109375,-0.010582010582010581
2015-09-08,0.7085278712980538,0.8306878306878307,RED,165.02854919433594,-0.08994708994709
2015-09-09,0.7077938036826651,0.8412698412698413,RED,162.8218231201172,-0.10582010582010581
2015-09-10,0.7092642028942411,0.8148148148148149,RED,163.70787048339844,-0.09523809523809512
2015-09-11,0.7087676461877653,0.8253968253968254,RED,164.45184326171875,-0.06349206349206349
2015-09-14,0.7077050202472946,0.8518518518518519,RED,163.8415985107422,-0.05291005291005291
2015-09-15,0.708544197091275,0.8306878306878307,RED,165.8895263671875,0.0
2015-09-16,0.7060835393459797,0.8783068783068784,RED,167.3271942138672,0.03703703703703709
2015-09-17,0.7050752757208035,0.91005291005291,RED,166.95108032226562,0.09523809523809512
2015-09-18,0.7027783847592113,0.962962962962963,RED,164.22286987304688,0.13756613756613767
2015-09-21,0.7018821974961417,0.962962962962963,RED,165.07147216796875,0.11111111111111116
2015-09-22,0.6963933358041191,0.9841269841269842,RED,162.9289093017578,0.1534391534391535
2015-09-23,0.6954107720400141,0.9841269841269842,RED,162.6683807373047,0.10582010582010581
2015-09-24,0.6915647725410213,0.9894179894179894,RED,162.08026123046875,0.07936507936507942
2015-09-25,0.6883684697372917,0.9947089947089947,RED,162.03829956054688,0.03174603174603163
2015-09-28,0.6773277704785694,0.9947089947089947,RED,157.97154235839844,0.03174603174603163
2015-09-29,0.6769273576775057,0.9947089947089947,RED,158.06398010253906,0.01058201058201047
2015-09-30,0.6810195428989865,0.9841269841269842,RED,161.01316833496094,0.0
2015-10-01,0.6766490248357852,0.9947089947089947,RED,161.4333038330078,0.005291005291005235
2015-10-02,0.6763509571253907,0.9947089947089947,RED,163.84475708007812,0.0
2015-10-05,0.6849562482909488,0.9682539682539683,RED,166.7602996826172,-0.026455026455026398
2015-10-06,0.6888142579114871,0.9576719576719577,RED,166.1890411376953,-0.03703703703703698
2015-10-07,0.6960386376169676,0.9312169312169312,RED,167.55015563964844,-0.05291005291005302
2015-10-08,0.6990781341299956,0.91005291005291,RED,169.0625762939453,-0.08465608465608465
2015-10-09,0.699160545208934,0.9047619047619048,RED,169.16339111328125,-0.08994708994708989
2015-10-12,0.6980095514208248,0.9153439153439153,RED,169.32302856445312,-0.05291005291005291
2015-10-13,0.6961205181980488,0.9259259259259259,RED,168.2559356689453,-0.031746031746031744
2015-10-14,0.6946468334377469,0.9365079365079365,RED,167.44932556152344,0.005291005291005346
2015-10-15,0.6966964812989839,0.91005291005291,RED,170.02047729492188,0.0
2015-10-16,0.700227305967572,0.873015873015873,RED,170.79344177246094,-0.031746031746031744
2015-10-19,0.7018671447308363,0.8624338624338624,RED,170.87744140625,-0.05291005291005291
2015-10-20,0.7029372663929763,0.8465608465608465,RED,170.65902709960938,-0.07936507936507942
2015-10-21,0.7019509980858627,0.8518518518518519,RED,169.60031127929688,-0.08465608465608465
2015-10-22,0.7019487120387179,0.8518518518518519,RED,172.4655303955078,-0.05820105820105814
2015-10-23,0.7049916805324459,0.7936507936507937,RED,174.3560333251953,-0.0793650793650793
2015-10-26,0.7042521479874877,0.8148148148148149,RED,173.927490234375,-0.04761904761904756
2015-10-27,0.7017053581264099,0.8624338624338624,RED,173.59146118164062,0.015873015873015928
2015-10-28,0.7045050938162782,0.7936507936507937,RED,175.56593322753906,-0.05820105820105814
2015-10-29,0.7031934163054517,0.8253968253968254,RED,175.46514892578125,-0.02645502645502651
2015-10-30,0.7040161040956819,0.8095238095238095,RED,174.7089080810547,0.015873015873015817
2015-11-02,0.7066067477345325,0.7142857142857143,RED,176.77589416503906,-0.10052910052910058
2015-11-03,0.7074339038772165,0.7089947089947091,RED,177.2884521484375,-0.15343915343915338
2015-11-04,0.7061165040868052,0.7195767195767195,RED,176.75071716308594,-0.07407407407407418
2015-11-05,0.7033838052318221,0.8148148148148149,RED,176.57424926757812,-0.01058201058201047
2015-11-06,0.7006519314937778,0.8677248677248677,RED,176.48182678222656,0.05820105820105814
2015-11-09,0.6979156486306878,0.8994708994708995,RED,174.8349609375,0.18518518518518523
2015-11-10,0.6960112998410335,0.9259259259259259,RED,175.23825073242188,0.21693121693121686
2015-11-11,0.6945189988417874,0.9365079365079365,RED,174.54928588867188,0.21693121693121697
2015-11-12,0.6896330489222325,0.9523809523809523,RED,172.11260986328125,0.13756613756613745
2015-11-13,0.6870758026281383,0.962962962962963,RED,170.18008422851562,0.09523809523809534
2015-11-16,0.6903046042588302,0.9417989417989419,RED,172.76800537109375,0.042328042328042326
2015-11-17,0.6910461868623113,0.9312169312169312,RED,172.64193725585938,0.005291005291005235
2015-11-18,0.6926165530460491,0.9153439153439153,RED,175.381103515625,-0.021164021164021163
2015-11-19,0.6865654454254356,0.962962962962963,RED,175.22987365722656,0.010582010582010692
2015-11-20,0.6864000178448616,0.962962962962963,RED,175.8684539794922,0.0
2015-11-23,0.6859011624712349,0.962962962962963,RED,175.66680908203125,0.021164021164021163
2015-11-24,0.6868126880581301,0.9470899470899471,RED,175.90206909179688,0.015873015873015928
2015-11-25,0.6874771925857237,0.9365079365079365,RED,175.87686157226562,0.021164021164021163
2015-11-27,0.688391922580373,0.9259259259259259,RED,176.07847595214844,-0.03703703703703709
2015-11-30,0.6882214343958732,0.9312169312169312,RED,175.3474884033203,-0.031746031746031855
2015-12-01,0.6926996293933755,0.873015873015873,RED,177.01956176757812,-0.08994708994709
2015-12-02,0.691857333678042,0.8835978835978836,RED,175.2130889892578,-0.06349206349206349
2015-12-03,0.6900252441979894,0.9047619047619048,RED,172.75958251953125,-0.031746031746031744
2015-12-04,0.6882798897192474,0.9259259259259259,RED,176.12887573242188,0.0
2015-12-07,0.6835311254068203,0.9682539682539683,RED,175.0618133544922,0.03703703703703709
2015-12-08,0.6751166469690255,0.9947089947089947,RED,173.88546752929688,0.12169312169312163
2015-12-09,0.6783744199937499,0.9682539682539683,RED,172.53274536132812,0.08465608465608465
2015-12-10,0.6759434042649102,0.9894179894179894,RED,172.97804260253906,0.08465608465608465
2015-12-11,0.6616647135894966,0.9947089947089947,RED,169.62557983398438,0.06878306878306872
2015-12-14,0.6566991391788253,0.9947089947089947,RED,170.4825439453125,0.026455026455026398
2015-12-15,0.6675250057508498,0.9841269841269842,RED,172.27223205566406,-0.01058201058201047
2015-12-16,0.6731653462303268,0.9788359788359788,RED,174.79295349121094,0.010582010582010581
2015-12-17,0.6656604234134267,0.9841269841269842,RED,172.12945556640625,-0.005291005291005235
2015-12-18,0.6622959633843052,0.9841269841269842,RED,169.06288146972656,-0.01058201058201047
2015-12-21,0.6602920285228879,0.9894179894179894,RED,170.45753479003906,-0.005291005291005235
2015-12-22,0.6684457557321652,0.962962962962963,RED,172.00430297851562,-0.021164021164021163
2015-12-23,0.6729333715494418,0.9576719576719577,RED,174.13427734375,-0.021164021164021163
2015-12-24,0.6740439389751604,0.9470899470899471,RED,173.84693908691406,-0.03703703703703709
2015-12-28,0.6704212470431455,0.9576719576719577,RED,173.4496612548828,-0.02645502645502651
2015-12-29,0.6744352797861572,0.9365079365079365,RED,175.30075073242188,-0.05291005291005291
2015-12-30,0.6747781898523033,0.9312169312169312,RED,174.05821228027344,-0.031746031746031855
2015-12-31,0.6755172647194617,0.9206349206349207,RED,172.3170166015625,-0.03703703703703698
2016-01-04,0.6706190246937191,0.9523809523809523,RED,169.90818786621094,0.005291005291005235
2016-01-05,0.6722729870279559,0.9470899470899471,RED,170.195556640625,-0.010582010582010581
2016-01-06,0.6718751442646952,0.9470899470899471,RED,168.0486602783203,0.010582010582010581
2016-01-07,0.6672849262164977,0.9682539682539683,RED,164.01690673828125,0.03703703703703709
2016-01-08,0.6650542505704605,0.9735449735449735,RED,162.21653747558594,0.052910052910052796
2016-01-11,0.6638156307548573,0.9735449735449735,RED,162.37716674804688,0.021164021164021163
2016-01-12,0.6644056576367879,0.9682539682539683,RED,163.68722534179688,0.021164021164021163
2016-01-13,0.6566609277292026,0.9947089947089947,RED,159.60476684570312,0.04761904761904756
2016-01-14,0.6594294779416457,0.9841269841269842,RED,162.22500610351562,0.015873015873015928
2016-01-15,0.6502053151635422,0.9947089947089947,RED,158.74264526367188,0.021164021164021163
2016-01-19,0.6480282590074435,0.9947089947089947,RED,158.9539337158203,0.021164021164021163
2016-01-20,0.6432327787792876,0.9947089947089947,RED,156.91697692871094,0.026455026455026398
2016-01-21,0.6476463082659758,0.9894179894179894,RED,157.7960205078125,-0.005291005291005235
2016-01-22,0.6578055954327863,0.962962962962963,RED,161.03323364257812,-0.021164021164021163
2016-01-25,0.6512969521525817,0.9735449735449735,RED,158.5989532470703,-0.021164021164021163
2016-01-26,0.6568283885710131,0.9576719576719577,RED,160.7627716064453,-0.03703703703703698
2016-01-27,0.6556724800615339,0.9682539682539683,RED,159.01315307617188,-0.026455026455026398
2016-01-28,0.6590080835480601,0.9417989417989419,RED,159.84144592285156,-0.04761904761904756
2016-01-29,0.6603978176202149,0.9259259259259259,RED,163.7379913330078,-0.03703703703703709
2016-02-01,0.6568200687956839,0.9523809523809523,RED,163.6787567138672,-0.021164021164021163
2016-02-02,0.6512862245583081,0.9735449735449735,RED,160.72894287109375,0.015873015873015817
2016-02-03,0.6543101462234981,0.962962962962963,RED,161.69253540039062,-0.005291005291005235
2016-02-04,0.6520657084619478,0.962962962962963,RED,161.9461212158203,0.021164021164021163
2016-02-05,0.6472022066739193,0.9894179894179894,RED,158.8610076904297,0.06349206349206349
2016-02-08,0.6389249098627032,0.9947089947089947,RED,156.72256469726562,0.042328042328042326
2016-02-09,0.6367275376172608,0.9947089947089947,RED,156.73095703125,0.021164021164021163
2016-02-10,0.6358083010922019,0.9947089947089947,RED,156.5957489013672,0.03174603174603163
2016-02-11,0.6309527054892287,0.9947089947089947,RED,154.55877685546875,0.03174603174603163
2016-02-12,0.6411394032290024,0.9735449735449735,RED,157.74530029296875,-0.015873015873015928
2016-02-16,0.6421015508261536,0.9682539682539683,RED,160.40777587890625,-0.026455026455026398
2016-02-17,0.6472169485335554,0.9523809523809523,RED,163.02798461914062,-0.042328042328042326
2016-02-18,0.6472689270719063,0.9470899470899471,RED,162.36026000976562,-0.04761904761904756
2016-02-19,0.6491327061686485,0.9312169312169312,RED,162.28421020507812,-0.06349206349206349
2016-02-22,0.6546570177822083,0.8994708994708995,RED,164.63388061523438,-0.07407407407407396
2016-02-23,0.6532428035280242,0.9047619047619048,RED,162.55465698242188,-0.06349206349206349
2016-02-24,0.6541764308044012,0.8994708994708995,RED,163.2984619140625,-0.052910052910052796
2016-02-25,0.6575308577834568,0.8571428571428572,RED,165.2763214111328,-0.08994708994708989
2016-02-26,0.6628165265953377,0.8148148148148149,RED,164.89593505859375,-0.11640211640211628
2016-02-29,0.669532925053711,0.7724867724867726,RED,163.6027374267578,-0.12698412698412698
2016-03-01,0.6810205645394142,0.671957671957672,RED,167.44851684570312,-0.2328042328042328
2016-03-02,0.6764715855462414,0.6984126984126984,RED,168.2007598876953,-0.20105820105820116
2016-03-03,0.6785048029857884,0.671957671957672,RED,168.86007690429688,-0.18518518518518523
2016-03-04,0.6809209874827593,0.6666666666666667,RED,169.4095001220703,-0.14814814814814814
2016-03-07,0.6822459087441963,0.6507936507936508,RED,169.54469299316406,-0.12169312169312174
2016-03-08,0.6769634954390499,0.6825396825396826,RED,167.6936492919922,0.010582010582010581
2016-03-09,0.6788881666961843,0.6613756613756614,RED,168.52198791503906,-0.03703703703703698
2016-03-10,0.6836855694875554,0.6296296296296297,RED,168.6571807861328,-0.042328042328042326
2016-03-11,0.6925954147951008,0.5185185185185186,RED,171.37889099121094,-0.14814814814814814
2016-03-14,0.6906562950359235,0.544973544973545,RED,171.15908813476562,-0.10582010582010581
2016-03-15,0.6840057774519885,0.6243386243386244,RED,170.8801727294922,-0.05820105820105814
2016-03-16,0.6871774090136957,0.5873015873015873,RED,171.86907958984375,-0.07407407407407407
2016-03-17,0.691632565440298,0.5132275132275133,RED,172.95944213867188,-0.1164021164021164
2016-03-18,0.6930682127962745,0.4814814814814815,RED,173.63909912109375,-0.03703703703703709
2016-03-21,0.6923930319308436,0.5026455026455027,RED,173.88548278808594,-0.042328042328042326
2016-03-22,0.6909486863764436,0.5238095238095238,RED,173.79205322265625,-0.10052910052910058
2016-03-23,0.6873455403065258,0.5820105820105821,RED,172.64508056640625,-0.005291005291005235
2016-03-24,0.6846392751335622,0.6190476190476191,RED,172.56863403320312,0.10582010582010581
2016-03-28,0.6813656769694505,0.6402116402116402,RED,172.6705322265625,0.15873015873015872
2016-03-29,0.6826857887988671,0.6296296296296297,RED,174.2677764892578,0.12698412698412698
2016-03-30,0.6850412247777529,0.5978835978835979,RED,175.03240966796875,0.07407407407407407
2016-03-31,0.6856415459510494,0.5925925925925926,RED,174.60763549804688,0.01058201058201047
2016-04-01,0.6865348491118888,0.5767195767195767,RED,175.7970733642578,-0.042328042328042326
2016-04-04,0.684364710899099,0.6084656084656085,RED,175.2278289794922,-0.031746031746031744
2016-04-05,0.6815943116196056,0.6349206349206349,RED,173.4777069091797,0.005291005291005235
2016-04-06,0.687568230473679,0.5291005291005291,RED,175.3722686767578,-0.06878306878306883
2016-04-07,0.6837931164525703,0.6084656084656085,RED,173.2737274169922,0.015873015873015928
2016-04-08,0.6869106066604118,0.544973544973545,RED,173.7410430908203,-0.031746031746031744
2016-04-11,0.6879185646831368,0.5132275132275133,RED,173.33323669433594,-0.09523809523809523
2016-04-12,0.6921269683914688,0.4285714285714286,RED,174.9474639892578,-0.20634920634920628
2016-04-13,0.6970059562781563,0.34391534391534395,RED,176.71463012695312,-0.18518518518518512
2016-04-14,0.6967535327835286,0.3492063492063492,YELLOW,176.72308349609375,-0.2592592592592593
2016-04-15,0.695165328553246,0.38095238095238093,YELLOW,176.52769470214844,-0.16402116402116407
2016-04-18,0.6992094759533446,0.3015873015873016,RED,177.76805114746094,-0.21164021164021163
2016-04-19,0.7024072747181079,0.24867724867724872,GREEN,178.32879638671875,-0.17989417989417988
2016-04-20,0.7042532011992819,0.1957671957671958,GREEN,178.49880981445312,-0.14814814814814814
2016-04-21,0.7022248826313118,0.24867724867724872,GREEN,177.53872680664062,-0.10052910052910047
2016-04-22,0.7038280417039684,0.2063492063492064,GREEN,177.53872680664062,-0.17460317460317454
2016-04-25,0.7012927214782145,0.28042328042328046,GREEN,177.2328643798828,-0.021164021164021163
2016-04-26,0.7038223544632324,0.2063492063492064,GREEN,177.49627685546875,-0.042328042328042326
2016-04-27,0.7074592024984458,0.07936507936507942,GREEN,177.861572265625,-0.1164021164021164
2016-04-28,0.7058625498625032,0.10582010582010581,GREEN,176.24728393554688,-0.1428571428571429
2016-04-29,0.7067933547679712,0.07936507936507942,GREEN,175.2957763671875,-0.12698412698412698
2016-05-02,0.7073226186450846,0.07407407407407407,GREEN,176.6891326904297,-0.2063492063492064
2016-05-03,0.7020044311195605,0.24338624338624337,GREEN,175.1514129638672,0.03703703703703698
2016-05-04,0.6994631425676531,0.2962962962962963,GREEN,174.17433166503906,0.21693121693121686
2016-05-05,0.6986244195111994,0.31746031746031744,RED,174.14036560058594,0.21164021164021163
2016-05-06,0.6983656569275305,0.31746031746031744,RED,174.7775421142578,0.23809523809523803
2016-05-09,0.696768855693023,0.3386243386243386,RED,174.92196655273438,0.26455026455026454
2016-05-10,0.7025243312115226,0.2063492063492064,RED,177.09693908691406,-0.03703703703703698
2016-05-11,0.7022643587544524,0.21164021164021163,GREEN,175.44021606445312,-0.08465608465608465
2016-05-12,0.703777263833687,0.1693121693121693,GREEN,175.4911651611328,-0.14814814814814814
2016-05-13,0.7005638060060122,0.26455026455026454,GREEN,173.9619598388672,-0.05291005291005291
2016-05-16,0.7047881584140281,0.10052910052910058,GREEN,175.67811584472656,-0.23809523809523803
2016-05-17,0.7035968300345123,0.16402116402116407,GREEN,174.0384063720703,-0.042328042328042326
2016-05-18,0.7049271008628984,0.08994708994709,GREEN,174.08938598632812,-0.12169312169312163
2016-05-19,0.7028092931300962,0.18518518518518523,GREEN,173.48619079589844,0.015873015873015928
2016-05-20,0.7050200865043063,0.08465608465608465,GREEN,174.58216857910156,-0.17989417989417988
2016-05-23,0.7052730355412389,0.07407407407407407,GREEN,174.34425354003906,-0.02645502645502651
2016-05-24,0.7100156947546168,0.0,GREEN,176.6042022705078,-0.16402116402116407
2016-05-25,0.7107000658786854,0.0,GREEN,177.80206298828125,-0.08994708994709
2016-05-26,0.7082463719061315,0.031746031746031744,GREEN,177.8530731201172,-0.1534391534391535
2016-05-27,0.7098518450400515,0.010582010582010581,GREEN,178.6177215576172,-0.07407407407407407
2016-05-31,0.7088384797150737,0.021164021164021163,GREEN,178.27783203125,-0.05291005291005291
2016-06-01,0.7104568277720803,0.005291005291005346,GREEN,178.64321899414062,0.005291005291005346
2016-06-02,0.7100414354148038,0.010582010582010581,GREEN,179.18690490722656,0.010582010582010581
2016-06-03,0.7101465818242286,0.010582010582010581,GREEN,178.6516876220703,-0.021164021164021163
2016-06-06,0.7134611326631422,0.0,GREEN,179.5608367919922,-0.010582010582010581
2016-06-07,0.7164398060598981,0.0,GREEN,179.84109497070312,-0.021164021164021163
2016-06-08,0.7189916891954093,0.0,GREEN,180.42735290527344,-0.005291005291005346
2016-06-09,0.7160174400240492,0.010582010582010581,GREEN,180.18092346191406,0.0
2016-06-10,0.7121136318907066,0.021164021164021163,GREEN,178.47325134277344,0.010582010582010581
2016-06-13,0.7071904122612729,0.09523809523809523,GREEN,177.09693908691406,0.09523809523809523
2016-06-14,0.7047291459462753,0.1534391534391535,GREEN,176.7485809326172,0.1534391534391535
2016-06-15,0.7042414877438641,0.1693121693121693,GREEN,176.50222778320312,0.1693121693121693
2016-06-16,0.7050797811340872,0.1164021164021164,GREEN,177.02896118164062,0.10582010582010581
2016-06-17,0.70542109326577,0.11111111111111116,GREEN,176.36965942382812,0.08994708994709
2016-06-20,0.709995956868623,0.05291005291005291,GREEN,177.50550842285156,-0.042328042328042326
2016-06-21,0.7132153226408804,0.021164021164021163,GREEN,178.00936889648438,-0.13227513227513232
2016-06-22,0.7136433463239489,0.015873015873015928,GREEN,177.71900939941406,-0.15343915343915338
2016-06-23,0.7191632200698095,0.0,GREEN,180.0333709716797,-0.1164021164021164
2016-06-24,0.7056931545126826,0.13227513227513232,GREEN,173.56849670410156,0.021164021164021163
2016-06-27,0.6951134781731241,0.4021164021164021,GREEN,170.45994567871094,0.3492063492063492
2016-06-28,0.7035922106729928,0.22751322751322756,RED,173.53436279296875,0.2063492063492064
2016-06-29,0.7127350302922927,0.03703703703703709,GREEN,176.48922729492188,0.021164021164021163
2016-06-30,0.7172270013635365,0.010582010582010581,GREEN,178.89756774902344,0.010582010582010581
2016-07-01,0.7183952089287082,0.010582010582010581,GREEN,179.27330017089844,-0.12169312169312174
2016-07-05,0.7139781006940461,0.031746031746031744,GREEN,177.9837188720703,-0.37037037037037035
2016-07-06,0.7174592596015482,0.015873015873015928,GREEN,179.05130004882812,-0.21164021164021163
2016-07-07,0.7187322395760928,0.010582010582010581,GREEN,178.94021606445312,-0.02645502645502651
2016-07-08,0.7282622178422447,0.0,GREEN,181.604736328125,-0.010582010582010581
2016-07-11,0.7294580774741193,0.0,GREEN,182.24525451660156,-0.010582010582010581
2016-07-12,0.7317596046466237,0.0,GREEN,183.56895446777344,-0.031746031746031744
2016-07-13,0.7294579780880899,0.010582010582010581,GREEN,183.54335021972656,-0.005291005291005346
2016-07-14,0.7313355429819342,0.005291005291005346,GREEN,184.56817626953125,-0.005291005291005235
2016-07-15,0.7302297934822509,0.010582010582010581,GREEN,184.3204803466797,0.010582010582010581
2016-07-18,0.7322724309630266,0.0,GREEN,184.8157958984375,0.0
2016-07-19,0.7302264197699935,0.021164021164021163,GREEN,184.62791442871094,0.021164021164021163
2016-07-20,0.7324450870710197,0.0,GREEN,185.3965606689453,-0.010582010582010581
2016-07-21,0.7309067311457895,0.021164021164021163,GREEN,184.69625854492188,0.015873015873015817
2016-07-22,0.7344030296340236,0.0,GREEN,185.5246124267578,-0.010582010582010581
2016-07-25,0.7314244627324243,0.021164021164021163,GREEN,185.02076721191406,0.021164021164021163
2016-07-26,0.7285241390561907,0.05820105820105825,GREEN,185.10617065429688,0.03703703703703709
2016-07-27,0.7302264197699935,0.044973544973545,GREEN,184.90975952148438,0.044973544973545
2016-07-28,0.7272443463669382,0.07407407407407407,GREEN,185.1232452392578,0.05291005291005291
2016-07-29,0.7269861215751752,0.07936507936507942,GREEN,185.42214965820312,0.07936507936507942
2016-08-01,0.7231542514494831,0.08465608465608465,GREEN,185.2684326171875,0.06349206349206349
2016-08-02,0.7223827261512068,0.08994708994709,GREEN,184.0813751220703,0.031746031746031744
2016-08-03,0.7255480891463408,0.08465608465608465,GREEN,184.61940002441406,0.03968253968253965
2016-08-04,0.7296535650215916,0.05291005291005291,GREEN,184.8157958984375,-0.021164021164021163
2016-08-05,0.7323097233258294,0.010582010582010581,GREEN,186.327392578125,-0.06878306878306883
2016-08-08,0.7355651192147525,0.0,GREEN,186.21640014648438,-0.08465608465608465
2016-08-09,0.7377009282539749,0.0,GREEN,186.327392578125,-0.08994708994709
2016-08-10,0.7359854383838752,0.005291005291005346,GREEN,185.86618041992188,-0.0793650793650793
2016-08-11,0.7384763059117498,0.0,GREEN,186.72879028320312,-0.05291005291005291
2016-08-12,0.7385545077326031,0.0,GREEN,186.56654357910156,-0.010582010582010581
2016-08-15,0.7409537185800331,0.0,GREEN,187.10452270507812,0.0
2016-08-16,0.7396736963268551,0.005291005291005346,GREEN,186.13951110839844,0.005291005291005346
2016-08-17,0.740700869311113,0.005291005291005346,GREEN,186.48968505859375,0.0
2016-08-18,0.7430882942771762,0.0,GREEN,186.90809631347656,0.0
2016-08-19,0.7415600822366436,0.005291005291005346,GREEN,186.63482666015625,0.005291005291005346
2016-08-22,0.7402741930030052,0.021164021164021163,GREEN,186.62635803222656,0.021164021164021163
2016-08-23,0.7426703649315087,0.005291005291005346,GREEN,187.00205993652344,0.0
2016-08-24,0.7407893447720284,0.021164021164021163,GREEN,186.04556274414062,0.015873015873015817
2016-08-25,0.7424218757053493,0.010582010582010581,GREEN,185.91746520996094,0.010582010582010581
2016-08-26,0.742263449226941,0.015873015873015928,GREEN,185.5673065185547,0.010582010582010581
2016-08-29,0.7455115932733966,0.0,GREEN,186.48109436035156,-0.021164021164021163
2016-08-30,0.745852264486732,0.0,GREEN,186.1736602783203,-0.005291005291005346
2016-08-31,0.7430266364218624,0.015873015873015928,GREEN,185.64422607421875,-0.005291005291005235
2016-09-01,0.7441477957692587,0.010582010582010581,GREEN,185.6527099609375,0.0
2016-09-02,0.7475886501835717,0.0,GREEN,186.48968505859375,-0.015873015873015928
2016-09-06,0.7479209500737823,0.0,GREEN,187.0532989501953,0.0
2016-09-07,0.7458577956478827,0.010582010582010581,GREEN,187.03623962402344,0.010582010582010581
2016-09-08,0.745008009372837,0.02645502645502651,GREEN,186.60919189453125,0.010582010582010581
2016-09-09,0.7381283321395904,0.10582010582010581,GREEN,182.14280700683594,0.09523809523809523
2016-09-12,0.7404485183530363,0.08465608465608465,GREEN,184.7560577392578,0.08465608465608465
2016-09-13,0.7350308383905566,0.13227513227513232,GREEN,182.10000610351562,0.13227513227513232
2016-09-14,0.7344258997280455,0.13756613756613756,GREEN,182.03172302246094,0.12698412698412698
2016-09-15,0.7381185665606362,0.1164021164021164,GREEN,183.85076904296875,0.08994708994708989
2016-09-16,0.7386374049323903,0.10052910052910058,GREEN,183.1400909423828,-0.005291005291005235
2016-09-19,0.739241956508243,0.10052910052910058,GREEN,183.1744384765625,0.015873015873015928
2016-09-20,0.7385546285492682,0.11111111111111116,GREEN,183.18301391601562,-0.021164021164021163
2016-09-21,0.7444875855493692,0.031746031746031744,GREEN,185.2429962158203,-0.10582010582010581
2016-09-22,0.7471564039541457,0.010582010582010581,GREEN,186.4102783203125,-0.10582010582010581
2016-09-23,0.7458577956478827,0.01851851851851849,GREEN,185.38885498046875,-0.08201058201058209
2016-09-26,0.742154818816899,0.07936507936507942,GREEN,183.88682556152344,-0.021164021164021163
2016-09-27,0.744214941962338,0.04761904761904767,GREEN,185.02841186523438,-0.06349206349206349
2016-09-28,0.7492857204151713,0.0,GREEN,185.9468231201172,-0.031746031746031744
2016-09-29,0.7461876060808061,0.021164021164021163,GREEN,184.26449584960938,0.010582010582010581
2016-09-30,0.7500682747076468,0.0,GREEN,185.6549835205078,-0.01851851851851849
2016-10-03,0.7496986885547735,0.005291005291005346,GREEN,185.2086639404297,-0.07407407407407407
2016-10-04,0.7490209428275428,0.015873015873015928,GREEN,184.26449584960938,-0.031746031746031744
2016-10-05,0.7514503485614717,0.0,GREEN,185.0798797607422,0.0
2016-10-06,0.7518827239135624,0.0,GREEN,185.2086639404297,-0.021164021164021163
2016-10-07,0.7533464470762117,0.0,GREEN,184.57350158691406,0.0
2016-10-10,0.7558636103522406,0.0,GREEN,185.53482055664062,-0.005291005291005346
2016-10-11,0.7517147779215075,0.015873015873015928,GREEN,183.19155883789062,0.0
2016-10-12,0.7514552369041199,0.021164021164021163,GREEN,183.43191528320312,0.021164021164021163
2016-10-13,0.7492874395425508,0.042328042328042326,GREEN,182.83106994628906,0.042328042328042326
2016-10-14,0.7511932956644253,0.031746031746031744,GREEN,182.9254913330078,0.031746031746031744
2016-10-17,0.7495368777161393,0.04761904761904767,GREEN,182.29034423828125,0.04761904761904767
2016-10-18,0.7522960108683302,0.010582010582010581,GREEN,183.43191528320312,-0.005291005291005346
2016-10-19,0.7544547269788684,0.005291005291005346,GREEN,183.92111206054688,-0.015873015873015817
2016-10-20,0.7548973526459399,0.005291005291005346,GREEN,183.5778350830078,-0.03703703703703698
2016-10-21,0.7548926645810844,0.010582010582010581,GREEN,183.6636962890625,-0.021164021164021163
2016-10-24,0.755590979063202,0.005291005291005346,GREEN,184.44476318359375,-0.042328042328042326
2016-10-25,0.7551590794118767,0.010582010582010581,GREEN,183.82672119140625,0.0
2016-10-26,0.7523997969678825,0.03703703703703709,GREEN,183.45765686035156,0.031746031746031744
2016-10-27,0.7494562264909285,0.08994708994709,GREEN,182.96841430664062,0.08465608465608465
2016-10-28,0.7458256658484994,0.14814814814814814,GREEN,182.4276885986328,0.13756613756613756
2016-10-31,0.7430525482026645,0.18518518518518523,GREEN,182.43626403808594,0.17989417989417988
2016-11-01,0.7401462053920903,0.24867724867724872,GREEN,181.1144256591797,0.23809523809523814
2016-11-02,0.7364147023380699,0.3015873015873016,GREEN,180.0243377685547,0.26455026455026454
2016-11-03,0.7365021517352246,0.3015873015873016,RED,179.2003936767578,0.21164021164021163
2016-11-04,0.736588945759729,0.3015873015873016,RED,179.00296020507812,0.1534391534391535
2016-11-07,0.7471674442118273,0.12169312169312174,RED,182.95123291015625,-0.06349206349206349
2016-11-08,0.7463103969518221,0.13227513227513232,GREEN,183.77525329589844,-0.1164021164021164
2016-11-09,0.7420635123751607,0.22751322751322756,GREEN,185.72361755371094,-0.07407407407407407
2016-11-10,0.7325892657736912,0.35978835978835977,GREEN,186.1870880126953,0.05820105820105814
2016-11-11,0.7257207989933598,0.455026455026455,RED,185.75796508789062,0.15343915343915338
2016-11-14,0.7322343955043611,0.38095238095238093,RED,185.9038848876953,0.2592592592592592
2016-11-15,0.7416365781519153,0.2328042328042328,RED,187.35446166992188,0.10052910052910047
2016-11-16,0.7387644062122326,0.2857142857142857,GREEN,187.0025634765625,0.05820105820105814
2016-11-17,0.7368500636915435,0.328042328042328,RED,187.96388244628906,-0.031746031746031744
2016-11-18,0.7372853861738918,0.328042328042328,YELLOW,187.54327392578125,-0.12698412698412698
2016-11-21,0.7432973515841551,0.19047619047619047,YELLOW,188.9595184326172,-0.19047619047619047
2016-11-22,0.7489636508755172,0.11111111111111116,GREEN,189.3285675048828,-0.12169312169312163
2016-11-23,0.7466167917618557,0.13756613756613756,GREEN,189.4315948486328,-0.14814814814814814
2016-11-25,0.7476643786545649,0.12169312169312174,GREEN,190.13543701171875,-0.20634920634920628
2016-11-28,0.7471351412983719,0.1428571428571429,GREEN,189.24270629882812,-0.18518518518518512
2016-11-29,0.7460877213117673,0.16402116402116407,GREEN,189.61181640625,-0.026455026455026398
2016-11-30,0.7467013803165609,0.14814814814814814,GREEN,189.15687561035156,0.03703703703703698
2016-12-01,0.7435593660100475,0.2222222222222222,GREEN,188.46170043945312,0.08465608465608465
2016-12-02,0.7472311136716447,0.13227513227513232,GREEN,188.5560760498047,0.010582010582010581
2016-12-05,0.7491569726850088,0.10582010582010581,GREEN,189.68907165527344,-0.03703703703703709
2016-12-06,0.7530978811862072,0.03703703703703709,GREEN,190.2899169921875,-0.12698412698412698
2016-12-07,0.7565928785340591,0.0,GREEN,192.77906799316406,-0.14814814814814814
2016-12-08,0.7565958760633302,0.0,GREEN,193.25106811523438,-0.2222222222222222
2016-12-09,0.7570350163214999,0.0,GREEN,194.41842651367188,-0.13227513227513232
2016-12-12,0.7562531553044395,0.015873015873015928,GREEN,194.1952667236328,-0.08994708994708989
2016-12-13,0.7581821502722158,0.0,GREEN,195.49131774902344,-0.03703703703703709
2016-12-14,0.7539185004442481,0.05820105820105825,GREEN,193.8777313232422,0.05820105820105825
2016-12-15,0.7546272317923608,0.05291005291005291,GREEN,194.67591857910156,0.05291005291005291
2016-12-16,0.7549716059892395,0.042328042328042326,GREEN,194.295166015625,0.042328042328042326
2016-12-19,0.7565418327338269,0.021164021164021163,GREEN,194.71820068359375,0.005291005291005235
2016-12-20,0.757504749945582,0.005291005291005346,GREEN,195.46939086914062,0.005291005291005346
2016-12-21,0.7584600222947498,0.0,GREEN,194.9254913330078,-0.05820105820105825
2016-12-22,0.759906130073463,0.0,GREEN,194.58871459960938,-0.05291005291005291
2016-12-23,0.7613126487212026,0.0,GREEN,194.87367248535156,-0.042328042328042326
2016-12-27,0.7609705145908098,0.005291005291005346,GREEN,195.35711669921875,-0.015873015873015817
2016-12-28,0.7596449505560936,0.015873015873015928,GREEN,193.7425994873047,0.010582010582010581
2016-12-29,0.7598890767494152,0.015873015873015928,GREEN,193.69947814941406,0.015873015873015928
2016-12-30,0.7598816561329723,0.021164021164021163,GREEN,192.99142456054688,0.021164021164021163
2017-01-03,0.7636761710293652,0.0,GREEN,194.46786499023438,0.0
2017-01-04,0.767623875300699,0.0,GREEN,195.62481689453125,-0.005291005291005346
2017-01-05,0.7659373484202525,0.005291005291005346,GREEN,195.46939086914062,-0.010582010582010581
2017-01-06,0.7663971379413933,0.005291005291005346,GREEN,196.168701171875,-0.010582010582010581
2017-01-09,0.7655861090845903,0.015873015873015928,GREEN,195.5211944580078,-0.005291005291005235
2017-01-10,0.7659458241875468,0.010582010582010581,GREEN,195.5211944580078,0.010582010582010581
2017-01-11,0.7660223568201049,0.010582010582010581,GREEN,196.07376098632812,0.010582010582010581
2017-01-12,0.7659260966016167,0.02645502645502651,GREEN,195.5815887451172,0.021164021164021163
2017-01-13,0.7665517989609952,0.005291005291005346,GREEN,196.03057861328125,0.0
2017-01-17,0.7652184962397814,0.042328042328042326,GREEN,195.33987426757812,0.026455026455026398
2017-01-18,0.7666455924155404,0.005291005291005346,GREEN,195.7716064453125,-0.005291005291005235
2017-01-19,0.7644587685836904,0.05291005291005291,GREEN,195.0463409423828,0.042328042328042326
2017-01-20,0.7654986812698404,0.04761904761904767,GREEN,195.76292419433594,0.021164021164021163
2017-01-23,0.7647741285012721,0.05820105820105825,GREEN,195.25350952148438,0.05291005291005291
2017-01-24,0.7657530775993885,0.042328042328042326,GREEN,196.50546264648438,0.0
2017-01-25,0.7686552479768756,0.0,GREEN,198.206298828125,-0.005291005291005346
2017-01-26,0.768213634330982,0.005291005291005346,GREEN,197.9991455078125,-0.04761904761904756
2017-01-27,0.7685520295363942,0.005291005291005346,GREEN,197.68826293945312,-0.042328042328042326
2017-01-30,0.7669727377336162,0.021164021164021163,GREEN,196.46231079101562,-0.03703703703703709
2017-01-31,0.7660015392795438,0.04761904761904767,GREEN,196.44500732421875,0.005291005291005346
2017-02-01,0.7691026854358325,0.0,GREEN,196.52267456054688,0.0
2017-02-02,0.769269500727976,0.0,GREEN,196.6522216796875,-0.005291005291005346
2017-02-03,0.770863985506867,0.0,GREEN,198.0077362060547,-0.005291005291005346
2017-02-06,0.7695158797804371,0.005291005291005346,GREEN,197.65370178222656,-0.015873015873015817
2017-02-07,0.7685541246574374,0.02645502645502651,GREEN,197.66233825683594,-0.021164021164021163
2017-02-08,0.7683546806869425,0.03703703703703709,GREEN,197.92137145996094,0.03703703703703709
2017-02-09,0.7700473885409181,0.005291005291005346,GREEN,199.0955810546875,0.005291005291005346
2017-02-10,0.7706673200386094,0.005291005291005346,GREEN,199.88124084472656,0.005291005291005346
2017-02-13,0.7719934087773588,0.0,GREEN,200.9691162109375,-0.005291005291005346
2017-02-14,0.7730716722283534,0.0,GREEN,201.77203369140625,-0.02645502645502651
2017-02-15,0.7736106098516965,0.0,GREEN,202.8253631591797,-0.03703703703703709
2017-02-16,0.7726268672736888,0.010582010582010581,GREEN,202.65269470214844,0.005291005291005235
2017-02-17,0.7728711198005119,0.010582010582010581,GREEN,202.97215270996094,0.005291005291005235
2017-02-21,0.7753335488472548,0.0,GREEN,204.18087768554688,0.0
2017-02-22,0.7755016757940544,0.0,GREEN,203.9995574951172,0.0
2017-02-23,0.7758389489808188,0.0,GREEN,204.1377410888672,0.0
2017-02-24,0.7760877464911702,0.0,GREEN,204.39674377441406,-0.010582010582010581
2017-02-27,0.7776987562305056,0.0,GREEN,204.71615600585938,-0.010582010582010581
2017-02-28,0.7774503688950067,0.005291005291005346,GREEN,204.1636505126953,0.005291005291005346
2017-03-01,0.780926312004614,0.0,GREEN,207.02139282226562,0.0
2017-03-02,0.7792788857413065,0.005291005291005346,GREEN,205.7177734375,0.005291005291005346
2017-03-03,0.7794477044623729,0.005291005291005346,GREEN,205.8472137451172,0.005291005291005346
2017-03-06,0.7767832368585647,0.02645502645502651,GREEN,205.23423767089844,0.02645502645502651
2017-03-07,0.772010062866161,0.07407407407407407,GREEN,204.6211700439453,0.06878306878306872
2017-03-08,0.7675080589117734,0.14814814814814814,GREEN,204.2412872314453,0.14814814814814814
2017-03-09,0.7655601968142395,0.21164021164021163,GREEN,204.50033569335938,0.20634920634920628
2017-03-10,0.7648405180775745,0.22751322751322756,GREEN,205.21693420410156,0.2222222222222222
2017-03-13,0.7658236570110538,0.20105820105820105,GREEN,205.32052612304688,0.17460317460317454
2017-03-14,0.7636093999369135,0.25396825396825395,GREEN,204.5348663330078,0.17989417989417988
2017-03-15,0.7726940844797543,0.06878306878306883,YELLOW,206.30479431152344,-0.0793650793650793
2017-03-16,0.7710301085129145,0.08994708994709,GREEN,205.89903259277344,-0.12169312169312163
2017-03-17,0.7709296192239923,0.09523809523809523,GREEN,205.53738403320312,-0.13227513227513232
2017-03-20,0.7689684710326522,0.13227513227513232,GREEN,205.31198120117188,-0.06878306878306872
2017-03-21,0.7631217870922777,0.28042328042328046,GREEN,202.6758575439453,0.02645502645502651
2017-03-22,0.7647976994263822,0.2592592592592593,RED,203.15277099609375,0.19047619047619047
2017-03-23,0.7650631058005377,0.25396825396825395,YELLOW,202.93597412109375,0.16402116402116396
2017-03-24,0.7677159163401621,0.16402116402116407,YELLOW,202.78858947753906,0.06878306878306883
2017-03-27,0.7666475920752099,0.18518518518518523,GREEN,202.5804901123047,0.05291005291005291
2017-03-28,0.771255991972449,0.08994708994709,GREEN,204.05459594726562,-0.19047619047619047
2017-03-29,0.7723901971029439,0.07936507936507942,GREEN,204.24542236328125,-0.17989417989417988
2017-03-30,0.7761963692549256,0.031746031746031744,GREEN,204.89569091796875,-0.2222222222222222
2017-03-31,0.7758397804036297,0.042328042328042326,GREEN,204.41879272460938,-0.12169312169312174
2017-04-03,0.7747075740961937,0.06349206349206349,GREEN,204.06332397460938,-0.12169312169312174
2017-04-04,0.7752477988766211,0.06349206349206349,GREEN,204.19337463378906,-0.02645502645502651
2017-04-05,0.7746270564440664,0.07407407407407407,GREEN,203.58633422851562,-0.005291005291005346
2017-04-06,0.775419837041707,0.05820105820105825,GREEN,204.1586456298828,0.02645502645502651
2017-04-07,0.7760744032873012,0.042328042328042326,GREEN,203.9505615234375,0.0
2017-04-10,0.776772074669997,0.031746031746031744,GREEN,204.07199096679688,-0.031746031746031744
2017-04-11,0.774529955459297,0.09523809523809523,GREEN,203.82916259765625,0.031746031746031744
2017-04-12,0.7745121592717064,0.10052910052910058,GREEN,202.93597412109375,0.02645502645502651
2017-04-13,0.772552472847589,0.13227513227513232,GREEN,201.61793518066406,0.07407407407407407
2017-04-17,0.7749457763146593,0.08465608465608465,GREEN,203.4042510986328,0.042328042328042326
2017-04-18,0.7741288876408583,0.11111111111111116,GREEN,202.7972412109375,0.07936507936507942
2017-04-19,0.7737861380702431,0.1164021164021164,GREEN,202.4243927001953,0.021164021164021163
2017-04-20,0.7764456309420668,0.03703703703703709,GREEN,204.07199096679688,-0.06349206349206349
2017-04-21,0.7754599582031981,0.07407407407407407,GREEN,203.42160034179688,-0.05820105820105825
2017-04-24,0.7799176334589956,0.005291005291005346,GREEN,205.6588134765625,-0.0793650793650793
2017-04-25,0.7820751434729211,0.0,GREEN,206.85548400878906,-0.11111111111111116
2017-04-26,0.7810883209851097,0.005291005291005346,GREEN,206.72535705566406,-0.11111111111111105
2017-04-27,0.7813429248403359,0.005291005291005346,GREEN,206.89877319335938,-0.031746031746031744
2017-04-28,0.780708602599262,0.021164021164021163,GREEN,206.44789123535156,-0.05291005291005291
2017-05-01,0.7816443355604595,0.005291005291005346,GREEN,206.96817016601562,0.0
2017-05-02,0.7816344408536469,0.010582010582010581,GREEN,207.0462188720703,0.010582010582010581
2017-05-03,0.7829018325517698,0.0,GREEN,206.79478454589844,-0.005291005291005346
2017-05-04,0.7788076787674121,0.05820105820105825,GREEN,207.03758239746094,0.05291005291005291
2017-05-05,0.779867100871144,0.04761904761904767,GREEN,207.85263061523438,0.02645502645502651
2017-05-08,0.7811284147303115,0.02645502645502651,GREEN,207.81802368164062,0.021164021164021163
2017-05-09,0.7809632472916362,0.03703703703703709,GREEN,207.627197265625,0.02645502645502651
2017-05-10,0.7841632140935114,0.0,GREEN,208.0000762939453,0.0
2017-05-11,0.7841599291122238,0.005291005291005346,GREEN,207.5751495361328,-0.05291005291005291
2017-05-12,0.7829657389594716,0.010582010582010581,GREEN,207.2283172607422,-0.03703703703703709
2017-05-15,0.784839238571083,0.0,GREEN,208.37289428710938,-0.02645502645502651
2017-05-16,0.7859960960953122,0.0,GREEN,208.1822509765625,-0.03703703703703709
2017-05-17,0.7816920590956078,0.03703703703703709,GREEN,204.4882049560547,0.03703703703703709
2017-05-18,0.7829504932758045,0.02645502645502651,GREEN,205.31198120117188,0.021164021164021163
2017-05-19,0.7841891218969441,0.010582010582010581,GREEN,206.64735412597656,0.0
2017-05-22,0.7868691505063147,0.0,GREEN,207.69656372070312,0.0
2017-05-23,0.7870593932786897,0.0,GREEN,208.1561737060547,0.0
2017-05-24,0.7879282175156184,0.0,GREEN,208.64175415039062,-0.03703703703703709
2017-05-25,0.787305418913035,0.005291005291005346,GREEN,209.63894653320312,-0.021164021164021163
2017-05-26,0.7878433026977223,0.005291005291005346,GREEN,209.59564208984375,-0.005291005291005235
2017-05-30,0.7883641869997327,0.0,GREEN,209.4135284423828,0.0
2017-05-31,0.7881828993720108,0.005291005291005346,GREEN,209.36141967773438,0.005291005291005346
2017-06-01,0.7906266983542461,0.0,GREEN,211.02638244628906,0.0
2017-06-02,0.7905116687289012,0.005291005291005346,GREEN,211.728759765625,0.0
2017-06-05,0.790452723139307,0.010582010582010581,GREEN,211.5726318359375,0.005291005291005235
2017-06-06,0.7889221965126625,0.015873015873015928,GREEN,210.8963623046875,0.015873015873015928
2017-06-07,0.7875945580144754,0.042328042328042326,GREEN,211.28651428222656,0.03703703703703698
2017-06-08,0.7884058656369515,0.021164021164021163,GREEN,211.39056396484375,0.021164021164021163
2017-06-09,0.7893120042421252,0.015873015873015928,GREEN,211.0697784423828,0.010582010582010581
2017-06-12,0.7907454580318016,0.0,GREEN,211.02638244628906,-0.010582010582010581
2017-06-13,0.7921753102218579,0.0,GREEN,212.0583038330078,-0.015873015873015928
2017-06-14,0.7918897969921705,0.005291005291005346,GREEN,211.78948974609375,-0.03703703703703698
2017-06-15,0.7891326208967079,0.03703703703703709,GREEN,211.38194274902344,0.015873015873015928
2017-06-16,0.7874199923737042,0.07936507936507942,GREEN,211.4281005859375,0.06349206349206349
2017-06-19,0.7902984966675575,0.031746031746031744,GREEN,213.18829345703125,0.031746031746031744
2017-06-20,0.7874347594354607,0.08465608465608465,GREEN,211.75050354003906,0.08465608465608465
2017-06-21,0.782784166815093,0.1534391534391535,GREEN,211.69822692871094,0.14814814814814814
2017-06-22,0.7848354593466212,0.12169312169312174,GREEN,211.60232543945312,0.08465608465608465
2017-06-23,0.7875865695216173,0.08465608465608465,GREEN,211.85508728027344,0.005291005291005235
2017-06-26,0.7886587189753611,0.05291005291005291,GREEN,211.99449157714844,0.021164021164021163
2017-06-27,0.786622343389426,0.12169312169312174,GREEN,210.28665161132812,0.03703703703703709
2017-06-28,0.7894657997029534,0.03703703703703709,GREEN,212.1687774658203,-0.1164021164021164
2017-06-29,0.7879671813634822,0.07936507936507942,GREEN,210.30404663085938,-0.042328042328042326
2017-06-30,0.7898437685193099,0.03703703703703709,GREEN,210.6961669921875,-0.04761904761904756
2017-07-03,0.7900472435461116,0.03703703703703709,GREEN,211.05340576171875,-0.015873015873015817
2017-07-05,0.7891379412935368,0.05820105820105825,GREEN,211.54141235351562,-0.06349206349206349
2017-07-06,0.7869764922814575,0.1428571428571429,GREEN,209.60693359375,0.10582010582010581
2017-07-07,0.7863514109673552,0.15873015873015872,GREEN,210.9662322998047,0.0793650793650793
2017-07-10,0.7868763668911022,0.14814814814814814,GREEN,211.1928253173828,0.11111111111111105
2017-07-11,0.786058224196564,0.1693121693121693,GREEN,211.03599548339844,0.1322751322751322
2017-07-12,0.7907957908146916,0.010582010582010581,GREEN,212.62188720703125,-0.04761904761904767
2017-07-13,0.7917989081034132,0.010582010582010581,GREEN,212.97911071777344,-0.13227513227513232
2017-07-14,0.7936650726996266,0.0,GREEN,213.9725341796875,-0.15873015873015872
2017-07-17,0.7938403594551,0.0,GREEN,213.94631958007812,-0.14814814814814814
2017-07-18,0.794010931859768,0.0,GREEN,214.05966186523438,-0.1693121693121693
2017-07-19,0.7953552897859311,0.0,GREEN,215.21849060058594,-0.010582010582010581
2017-07-20,0.7958031014322697,0.0,GREEN,215.3144073486328,-0.010582010582010581
2017-07-21,0.7947998108880059,0.010582010582010581,GREEN,215.1227264404297,0.010582010582010581
2017-07-24,0.7957090944861073,0.005291005291005346,GREEN,215.07041931152344,0.005291005291005346
2017-07-25,0.7965387122836838,0.0,GREEN,215.59324645996094,0.0
2017-07-26,0.7971379839935454,0.0,GREEN,215.6019287109375,0.0
2017-07-27,0.7966987247249471,0.005291005291005346,GREEN,215.40151977539062,0.005291005291005346
2017-07-28,0.7963182218629886,0.015873015873015928,GREEN,215.1488494873047,0.005291005291005346
2017-07-31,0.7964124291209895,0.015873015873015928,GREEN,215.02684020996094,0.010582010582010581
2017-08-01,0.7969108493065018,0.005291005291005346,GREEN,215.50607299804688,0.005291005291005346
2017-08-02,0.7974691506707282,0.0,GREEN,215.61065673828125,0.0
2017-08-03,0.7956573823198461,0.04761904761904767,GREEN,215.19235229492188,0.042328042328042326
2017-08-04,0.7961196943446687,0.03703703703703709,GREEN,215.58450317382812,0.021164021164021163
2017-08-07,0.7954777465393934,0.05820105820105825,GREEN,215.9853515625,0.042328042328042326
2017-08-08,0.792059783829416,0.09523809523809523,GREEN,215.45382690429688,0.08994708994708989
2017-08-09,0.7890961043020018,0.17460317460317465,GREEN,215.4451141357422,0.17460317460317465
2017-08-10,0.7837814176872,0.31746031746031744,GREEN,212.4040069580078,0.26984126984126977
2017-08-11,0.7841098516735453,0.31746031746031744,RED,212.7177276611328,0.28042328042328035
2017-08-14,0.7888915502773078,0.18518518518518523,RED,214.82638549804688,0.12698412698412698
2017-08-15,0.7895345829966752,0.1534391534391535,GREEN,214.80026245117188,0.05820105820105825
2017-08-16,0.7891582743391232,0.1693121693121693,GREEN,215.1750030517578,-0.005291005291005346
2017-08-17,0.7845699570893605,0.31746031746031744,GREEN,211.82020568847656,0.0
2017-08-18,0.7858308142525499,0.30687830687830686,YELLOW,211.4890594482422,-0.010582010582010581
2017-08-21,0.78645322986634,0.29100529100529104,GREEN,211.6546630859375,0.10582010582010581
2017-08-22,0.7897803566651534,0.1534391534391535,RED,213.86793518066406,0.0
2017-08-23,0.789124389809155,0.19047619047619047,GREEN,213.1011199951172,0.021164021164021163
2017-08-24,0.7910385831554604,0.11111111111111116,GREEN,212.60440063476562,-0.20634920634920628
2017-08-25,0.7921939200083217,0.08994708994709,GREEN,213.1011199951172,-0.21693121693121686
2017-08-28,0.7925655160094363,0.08994708994709,GREEN,213.10984802246094,-0.20105820105820105
2017-08-29,0.7912030990961475,0.12169312169312174,GREEN,213.3538055419922,-0.031746031746031744
2017-08-30,0.7931710581884901,0.08994708994709,GREEN,214.3645782470703,-0.10052910052910047
2017-08-31,0.7953251444045805,0.06878306878306883,GREEN,215.65420532226562,-0.042328042328042326
2017-09-01,0.7963048530871636,0.03703703703703709,GREEN,215.95921325683594,-0.05291005291005291
2017-09-05,0.7937516438485159,0.09523809523809523,GREEN,214.4081573486328,0.005291005291005235
2017-09-06,0.7933051436593043,0.10582010582010581,GREEN,215.1400909423828,-0.015873015873015928
2017-09-07,0.7929266931916619,0.1164021164021164,GREEN,215.11395263671875,0.026455026455026398
2017-09-08,0.7905917858974719,0.17989417989417988,GREEN,214.86131286621094,0.11111111111111105
2017-09-11,0.7938639541165915,0.08994708994709,GREEN,217.15298461914062,0.05291005291005291
2017-09-12,0.7952308951674042,0.07936507936507942,GREEN,217.8849334716797,-0.015873015873015817
2017-09-13,0.7956896666655466,0.05820105820105825,GREEN,217.98947143554688,-0.04761904761904756
2017-09-14,0.7966780929293402,0.021164021164021163,GREEN,217.91976928710938,-0.09523809523809523
2017-09-15,0.7974937726935879,0.0,GREEN,218.213134765625,-0.17989417989417988
2017-09-18,0.7976045624695988,0.0,GREEN,218.67727661132812,-0.08994708994709
2017-09-19,0.7983224812005288,0.0,GREEN,218.89617919921875,-0.07936507936507942
2017-09-20,0.7988944527061185,0.0,GREEN,218.9750213623047,-0.05820105820105825
2017-09-21,0.7980898236647573,0.010582010582010581,GREEN,218.38819885253906,-0.010582010582010581
2017-09-22,0.7987132590354267,0.005291005291005346,GREEN,218.43206787109375,0.005291005291005346
2017-09-25,0.7986920775577118,0.010582010582010581,GREEN,217.98541259765625,0.010582010582010581
2017-09-26,0.7998738116203105,0.0,GREEN,218.11683654785156,0.0
2017-09-27,0.8003301402558983,0.0,GREEN,218.96624755859375,0.0
2017-09-28,0.8002355820201684,0.005291005291005346,GREEN,219.2289581298828,-0.005291005291005235
2017-09-29,0.8015994600099728,0.0,GREEN,219.99954223632812,-0.005291005291005346
2017-10-02,0.8005934262790518,0.005291005291005346,GREEN,220.9540252685547,-0.005291005291005235
2017-10-03,0.8025181399343736,0.0,GREEN,221.4269256591797,0.0
2017-10-04,0.8001851875917816,0.02645502645502651,GREEN,221.68963623046875,0.02645502645502651
2017-10-05,0.8028904351948261,0.0,GREEN,223.0031280517578,-0.005291005291005346
2017-10-06,0.8019966350908326,0.010582010582010581,GREEN,222.74917602539062,0.010582010582010581
2017-10-09,0.8020865824111245,0.010582010582010581,GREEN,222.38145446777344,0.005291005291005235
2017-10-10,0.8025317457293825,0.005291005291005346,GREEN,222.96815490722656,0.005291005291005346
2017-10-11,0.8018104024732849,0.02645502645502651,GREEN,223.31846618652344,0.0
2017-10-12,0.8009980949841531,0.03703703703703709,GREEN,222.98562622070312,0.03703703703703709
2017-10-13,0.800886484384477,0.042328042328042326,GREEN,223.25704956054688,0.031746031746031744
2017-10-16,0.8021002598920248,0.015873015873015928,GREEN,223.55477905273438,0.005291005291005346
2017-10-17,0.8031845550524235,0.0,GREEN,223.71243286132812,-0.005291005291005346
2017-10-18,0.8042876185855756,0.0,GREEN,223.93138122558594,-0.02645502645502651
2017-10-19,0.8039013252383278,0.005291005291005346,GREEN,223.99269104003906,-0.031746031746031744
2017-10-20,0.8051049575562738,0.0,GREEN,225.1485595703125,-0.042328042328042326
2017-10-23,0.8041969117752974,0.010582010582010581,GREEN,224.27291870117188,-0.005291005291005346
2017-10-24,0.8043874030877827,0.005291005291005346,GREEN,224.66697692871094,0.005291005291005346
2017-10-25,0.8023078825855727,0.04761904761904767,GREEN,223.55477905273438,0.04761904761904767
2017-10-26,0.8013089278933277,0.07936507936507942,GREEN,223.84384155273438,0.07407407407407407
2017-10-27,0.8029169160058951,0.031746031746031744,GREEN,225.6740264892578,0.031746031746031744
2017-10-30,0.8023547444431418,0.05291005291005291,GREEN,224.8334197998047,0.042328042328042326
2017-10-31,0.8030118017739917,0.031746031746031744,GREEN,225.18362426757812,0.026455026455026398
2017-11-01,0.8023607243156853,0.05820105820105825,GREEN,225.48133850097656,0.010582010582010581
2017-11-02,0.8017150785505216,0.09523809523809523,GREEN,225.5689239501953,0.015873015873015817
2017-11-03,0.8022818117741105,0.07407407407407407,GREEN,226.322021484375,0.042328042328042326
2017-11-06,0.8018971593655138,0.09523809523809523,GREEN,226.67230224609375,0.042328042328042326
2017-11-07,0.799998261451601,0.1534391534391535,GREEN,226.5146942138672,0.12169312169312174
2017-11-08,0.796536421594208,0.2328042328042328,GREEN,226.8999481201172,0.17460317460317454
2017-11-09,0.7927099894227647,0.3492063492063492,GREEN,226.07681274414062,0.25396825396825395
2017-11-10,0.7947262415310926,0.30687830687830686,RED,226.00680541992188,0.2328042328042328
2017-11-13,0.7942735276844484,0.3121693121693122,RED,226.21688842773438,0.21693121693121697
2017-11-14,0.7907094935785506,0.417989417989418,RED,225.6915283203125,0.26455026455026454
2017-11-15,0.7909911089501336,0.40740740740740744,RED,224.56192016601562,0.17460317460317465
2017-11-16,0.7986532292605995,0.17989417989417988,RED,226.4709014892578,-0.1693121693121693
2017-11-17,0.7985795980006659,0.18518518518518523,GREEN,225.80532836914062,-0.12169312169312163
2017-11-20,0.7990480284943852,0.16402116402116407,GREEN,226.19064331054688,-0.14814814814814814
2017-11-21,0.8008820226284816,0.13227513227513232,GREEN,227.67056274414062,-0.2857142857142857
2017-11-22,0.8014932055525135,0.1164021164021164,GREEN,227.4691619873047,-0.29100529100529104
2017-11-24,0.8020412167981654,0.08994708994709,GREEN,227.99461364746094,-0.08994708994708989
2017-11-27,0.7995766890505004,0.17989417989417988,GREEN,227.8806915283203,-0.005291005291005346
2017-11-28,0.8019456104398164,0.10052910052910058,GREEN,230.19256591796875,-0.06349206349206349
2017-11-29,0.8011325646916401,0.13756613756613756,GREEN,230.05242919921875,0.005291005291005235
2017-11-30,0.8017918436937467,0.1164021164021164,GREEN,232.0665283203125,0.0
2017-12-01,0.8013536646946922,0.13756613756613756,GREEN,231.5849151611328,0.04761904761904756
2017-12-04,0.8015548997511024,0.13227513227513232,GREEN,231.30471801757812,-0.04761904761904756
2017-12-05,0.8011923291552479,0.1534391534391535,GREEN,230.4727783203125,0.05291005291005291
2017-12-06,0.800076241673041,0.20105820105820105,GREEN,230.5166015625,0.06349206349206349
2017-12-07,0.8003485868990013,0.18518518518518523,GREEN,231.24339294433594,0.06878306878306883
2017-12-08,0.8011733883229973,0.15873015873015872,GREEN,232.50439453125,0.021164021164021163
2017-12-11,0.8017392562776773,0.12169312169312174,GREEN,233.20492553710938,-0.010582010582010581
2017-12-12,0.8013719043920302,0.14814814814814814,GREEN,233.6165313720703,-0.005291005291005346
2017-12-13,0.8009716917241134,0.18518518518518523,GREEN,233.59027099609375,-0.015873015873015817
2017-12-14,0.7996077740073156,0.24338624338624337,GREEN,232.63572692871094,0.05820105820105814
2017-12-15,0.8000806055036663,0.22751322751322756,GREEN,234.57301330566406,0.06878306878306883
2017-12-18,0.8009061478244407,0.19047619047619047,GREEN,236.06044006347656,0.06878306878306872
2017-12-19,0.799635512203708,0.25396825396825395,GREEN,235.1539306640625,0.10582010582010581
2017-12-20,0.8001830934560752,0.2328042328042328,YELLOW,235.03065490722656,0.04761904761904756
2017-12-21,0.8010784249871863,0.17989417989417988,GREEN,235.5146942138672,-0.06349206349206349
2017-12-22,0.8021030254886197,0.07936507936507942,GREEN,235.45315551757812,-0.14814814814814814
2017-12-26,0.8033975009907752,0.02645502645502651,GREEN,235.1715087890625,-0.16402116402116396
2017-12-27,0.8033832131392366,0.031746031746031744,GREEN,235.28585815429688,-0.2222222222222222
2017-12-28,0.8029184004195746,0.04761904761904767,GREEN,235.7699737548828,-0.18518518518518512
2017-12-29,0.8039245167980882,0.021164021164021163,GREEN,234.88104248046875,-0.15873015873015872
2018-01-02,0.8049496173734727,0.005291005291005346,GREEN,236.56214904785156,-0.07407407407407407
2018-01-03,0.8088207008455446,0.0,GREEN,238.05848693847656,-0.02645502645502651
2018-01-04,0.8105895976281108,0.0,GREEN,239.06179809570312,-0.031746031746031744
2018-01-05,0.8111429825162629,0.0,GREEN,240.65493774414062,-0.04761904761904767
2018-01-08,0.8104976846315258,0.010582010582010581,GREEN,241.0950469970703,-0.010582010582010581
2018-01-09,0.8082969510379255,0.021164021164021163,GREEN,241.6408233642578,0.015873015873015817
2018-01-10,0.8062555211815599,0.02645502645502651,GREEN,241.27101135253906,0.02645502645502651
2018-01-11,0.8092193528667708,0.015873015873015928,GREEN,243.0314178466797,0.015873015873015928
2018-01-12,0.8079326132170647,0.031746031746031744,GREEN,244.61563110351562,0.031746031746031744
2018-01-16,0.8075675969175995,0.03703703703703709,GREEN,243.7794952392578,0.02645502645502651
2018-01-17,0.8079497390435768,0.031746031746031744,GREEN,246.10324096679688,0.010582010582010581
2018-01-18,0.8073123330619376,0.04761904761904767,GREEN,245.68946838378906,0.021164021164021163
2018-01-19,0.807852814916949,0.042328042328042326,GREEN,246.8072967529297,0.026455026455026398
2018-01-22,0.8089778101905618,0.021164021164021163,GREEN,248.81407165527344,-0.010582010582010581
2018-01-23,0.8108935532930328,0.005291005291005346,GREEN,249.34217834472656,-0.031746031746031744
2018-01-24,0.8098883020779332,0.021164021164021163,GREEN,249.24534606933594,-0.010582010582010581
2018-01-25,0.8095277551796551,0.02645502645502651,GREEN,249.35096740722656,-0.021164021164021163
2018-01-26,0.8106584152082302,0.010582010582010581,GREEN,252.23797607421875,-0.031746031746031744
2018-01-29,0.808084607497795,0.05820105820105825,GREEN,250.5656280517578,0.03703703703703709
2018-01-30,0.805215799726987,0.09523809523809523,GREEN,247.99554443359375,0.08994708994708989
2018-01-31,0.806601392056243,0.08994708994709,GREEN,248.11871337890625,0.06878306878306883
2018-02-01,0.8054079342789057,0.10052910052910058,GREEN,247.83706665039062,0.07407407407407407
2018-02-02,0.8002069702558076,0.3756613756613757,GREEN,242.44166564941406,0.3650793650793651
2018-02-05,0.7943254358315076,0.5925925925925926,RED,232.30213928222656,0.5343915343915343
2018-02-06,0.799716041438508,0.4126984126984127,RED,236.8790740966797,0.31746031746031744
2018-02-07,0.7973220118069405,0.4920634920634921,RED,235.59408569335938,0.4021164021164021
2018-02-08,0.790268803658224,0.7513227513227514,RED,226.75714111328125,0.6507936507936508
2018-02-09,0.7873828052354039,0.8835978835978836,RED,230.1633758544922,0.5079365079365079
2018-02-12,0.7931379702225745,0.6507936507936508,RED,233.54319763183594,0.05820105820105825
2018-02-13,0.7906338741187129,0.7301587301587302,RED,234.12408447265625,0.31746031746031755
2018-02-14,0.7931646080906241,0.6507936507936508,RED,237.28396606445312,0.15873015873015872
2018-02-15,0.799859015995934,0.4126984126984127,RED,240.31166076660156,-0.3386243386243387
2018-02-16,0.8029182480674804,0.17460317460317465,RED,240.38204956054688,-0.708994708994709
2018-02-20,0.8002284049638044,0.38095238095238093,GREEN,238.87696838378906,-0.2698412698412699
2018-02-21,0.7965097971708296,0.544973544973545,RED,237.68875122070312,-0.18518518518518523
2018-02-22,0.7969717561567399,0.5185185185185186,RED,237.99685668945312,-0.1322751322751322
2018-02-23,0.8020725770722357,0.23809523809523814,RED,241.79031372070312,-0.17460317460317454
2018-02-26,0.803369835837054,0.15873015873015872,GREEN,244.59803771972656,-0.015873015873015928
2018-02-27,0.80181017295357,0.2751322751322751,GREEN,241.54391479492188,-0.10582010582010581
2018-02-28,0.8004104127900146,0.38095238095238093,GREEN,239.09706115722656,-0.16402116402116407
2018-03-01,0.7940000938653534,0.6666666666666667,RED,235.62039184570312,0.14814814814814814
2018-03-02,0.7988527097245859,0.4814814814814815,RED,236.83502197265625,0.24338624338624337
2018-03-05,0.7988527097245859,0.4841269841269841,RED,239.57229614257812,0.32539682539682535
2018-03-06,0.8001619686227163,0.42328042328042326,RED,240.1797332763672,0.14814814814814814
2018-03-07,0.7982053802330561,0.5238095238095238,RED,240.0916290283203,0.1428571428571429
2018-03-08,0.7989457465412854,0.4814814814814815,RED,241.25350952148438,-0.18518518518518523
2018-03-09,0.8022190202106918,0.22751322751322756,RED,245.45193481445312,-0.25396825396825395
2018-03-12,0.8005299385815052,0.3862433862433863,GREEN,245.1437530517578,-0.0978835978835978
2018-03-13,0.7978235254494638,0.5502645502645502,RED,243.55950927734375,0.12698412698412698
2018-03-14,0.7969866246173338,0.5820105820105821,RED,242.3096466064453,0.05820105820105825
2018-03-15,0.7974505939447322,0.5714285714285714,RED,242.04562377929688,0.08994708994708989
2018-03-16,0.7995095722483929,0.48677248677248675,RED,242.30807495117188,0.2592592592592592
2018-03-19,0.7962482457222054,0.6507936507936508,RED,239.02963256835938,0.26455026455026454
2018-03-20,0.7981197701662085,0.5502645502645502,RED,239.43609619140625,0.0
2018-03-21,0.7978252201224488,0.5608465608465609,RED,238.97659301757812,-0.021164021164021163
2018-03-22,0.7926946878771218,0.798941798941799,RED,233.00277709960938,0.22751322751322756
2018-03-23,0.7904568978412506,0.8624338624338624,RED,228.0364532470703,0.3756613756613757
2018-03-26,0.795957323691259,0.671957671957672,RED,234.2753143310547,0.021164021164021163
2018-03-27,0.7946420994233353,0.7301587301587302,RED,230.2898712158203,0.17989417989418
2018-03-28,0.7941744262672705,0.746031746031746,RED,229.60939025878906,0.18518518518518512
2018-03-29,0.7965869797376454,0.6296296296296297,RED,232.5432891845703,-0.1693121693121693
2018-04-02,0.7932676183480663,0.7936507936507937,RED,227.52391052246094,-0.06878306878306872
2018-04-03,0.7958897185713468,0.6825396825396826,RED,230.4400634765625,0.010582010582010581
2018-04-04,0.7981424788429763,0.5502645502645502,RED,232.9055938720703,-0.17989417989418
2018-04-05,0.7986049567115718,0.5343915343915344,RED,234.74368286132812,-0.21164021164021163
2018-04-06,0.7961619777452216,0.6825396825396826,RED,229.51219177246094,0.05291005291005291
2018-04-09,0.7992453022704376,0.4920634920634921,RED,230.6433868408203,-0.3015873015873016
2018-04-10,0.8025242115322135,0.20105820105820105,RED,234.31065368652344,-0.4814814814814815
2018-04-11,0.8028046649386127,0.1957671957671958,GREEN,233.0823211669922,-0.3544973544973544
2018-04-12,0.8061841974022822,0.10052910052910058,GREEN,234.9999542236328,-0.43386243386243384
2018-04-13,0.8068445945429679,0.08994708994709,GREEN,234.31065368652344,-0.5925925925925926
2018-04-16,0.8081571735751247,0.05820105820105825,GREEN,236.23703002929688,-0.43386243386243384
2018-04-17,0.8085310699122834,0.05291005291005291,GREEN,238.7644500732422,-0.14814814814814814
2018-04-18,0.8083684126339674,0.05820105820105825,GREEN,238.9412384033203,-0.13756613756613756
2018-04-19,0.8058414792917769,0.12698412698412698,GREEN,237.61563110351562,0.026455026455026398
2018-04-20,0.8041659922068329,0.1693121693121693,GREEN,235.60089111328125,0.0793650793650793
2018-04-23,0.8021092355257802,0.28042328042328046,GREEN,235.5655059814453,0.2222222222222222
2018-04-24,0.8003239202657807,0.46031746031746035,RED,232.39306640625,0.40740740740740744
2018-04-25,0.8005146187734423,0.4444444444444444,RED,232.96743774414062,0.38624338624338617
2018-04-26,0.8031305052486511,0.2063492063492064,RED,235.33572387695312,0.07936507936507942
2018-04-27,0.8025624395121579,0.24338624338624337,GREEN,235.55665588378906,0.07407407407407407
2018-04-30,0.8022904463192866,0.28042328042328046,GREEN,233.74508666992188,0.0
2018-05-01,0.8032398025481042,0.20105820105820105,YELLOW,234.16038513183594,-0.2592592592592593
2018-05-02,0.8026683046199682,0.24867724867724872,GREEN,232.5874481201172,-0.1957671957671957
2018-05-03,0.8019957893136551,0.34391534391534395,GREEN,232.074951171875,0.13756613756613756
2018-05-04,0.8028486291109654,0.24338624338624337,RED,235.07943725585938,0.0
2018-05-07,0.8036007927079954,0.18518518518518523,GREEN,235.87481689453125,-0.09523809523809523
2018-05-08,0.8022825796160358,0.30687830687830686,GREEN,235.87481689453125,0.10582010582010581
2018-05-09,0.803984642001917,0.17460317460317465,RED,238.1547393798828,-0.07407407407407407
2018-05-10,0.8063347916801007,0.1164021164021164,GREEN,240.38160705566406,-0.22751322751322756
2018-05-11,0.8060526491235165,0.13227513227513232,GREEN,241.11509704589844,-0.11111111111111105
2018-05-14,0.8062409627493133,0.12698412698412698,GREEN,241.22994995117188,-0.05820105820105825
2018-05-15,0.8027750936010929,0.28042328042328046,GREEN,239.568603515625,-0.026455026455026398
2018-05-16,0.8038101845513032,0.2063492063492064,GREEN,240.5760040283203,0.031746031746031744
2018-05-17,0.8040860437012489,0.19047619047619047,GREEN,240.3727569580078,0.07407407407407407
2018-05-18,0.8028534881916525,0.28042328042328046,GREEN,239.77186584472656,0.14814814814814814
2018-05-21,0.8039812670683104,0.20105820105820105,RED,241.57460021972656,0.07407407407407407
2018-05-22,0.80454608539428,0.1693121693121693,GREEN,240.90301513671875,-0.11111111111111116
2018-05-23,0.8045266919053392,0.17460317460317465,GREEN,241.5657501220703,-0.031746031746031744
2018-05-24,0.804513302312446,0.17989417989417988,GREEN,241.07089233398438,-0.010582010582010581
2018-05-25,0.8025241955223905,0.34391534391534395,GREEN,240.49655151367188,0.06349206349206349
2018-05-29,0.7968537539678285,0.798941798941799,RED,237.73056030273438,0.5978835978835979
2018-05-30,0.8002428639661366,0.5873015873015873,RED,240.90301513671875,0.417989417989418
2018-05-31,0.7998770614049369,0.6402116402116402,RED,239.42727661132812,0.4656084656084656
2018-06-01,0.8023184137380247,0.3650793650793651,RED,241.7778778076172,0.18518518518518523
2018-06-04,0.8046908958628863,0.1693121693121693,RED,242.9266357421875,-0.17460317460317465
2018-06-05,0.8051487472933905,0.15873015873015872,GREEN,243.10333251953125,-0.6402116402116402
2018-06-06,0.8074183730331393,0.10052910052910058,GREEN,245.1358642578125,-0.48677248677248675
2018-06-07,0.8069255440391533,0.11111111111111116,GREEN,245.10935974121094,-0.5291005291005291
2018-06-08,0.806648809809212,0.12169312169312174,GREEN,245.8340301513672,-0.24338624338624337
2018-06-11,0.8084461153182737,0.05820105820105825,GREEN,246.16091918945312,-0.11111111111111105
2018-06-12,0.8094946116624454,0.03703703703703709,GREEN,246.47909545898438,-0.12169312169312163
2018-06-13,0.8101668425978928,0.02645502645502651,GREEN,245.692626953125,-0.07407407407407407
2018-06-14,0.8122311465101199,0.0,GREEN,246.3111114501953,-0.11111111111111116
2018-06-15,0.8113700531787138,0.005291005291005346,GREEN,245.99691772460938,-0.1164021164021164
2018-06-18,0.8110808048152712,0.015873015873015928,GREEN,245.490966796875,-0.042328042328042326
2018-06-19,0.8096582542174927,0.05291005291005291,GREEN,244.55010986328125,0.015873015873015817
2018-06-20,0.8108955404318388,0.021164021164021163,GREEN,244.96730041503906,-0.005291005291005346
2018-06-21,0.8087139413059685,0.08994708994709,GREEN,243.43165588378906,0.08994708994709
2018-06-22,0.8087110325053696,0.09523809523809523,GREEN,243.87542724609375,0.08994708994708989
2018-06-25,0.806538130418941,0.18518518518518523,GREEN,240.55555725097656,0.1693121693121693
2018-06-26,0.8064438832323638,0.19047619047619047,GREEN,241.08816528320312,0.13756613756613756
2018-06-27,0.8042672909336188,0.2857142857142857,GREEN,239.0909881591797,0.26455026455026454
2018-06-28,0.8020106316338884,0.5238095238095238,RED,240.4579620361328,0.43386243386243384
2018-06-29,0.800321261262595,0.6878306878306879,RED,240.8041229248047,0.5925925925925927
2018-07-02,0.8011834196487311,0.6084656084656085,RED,241.31898498535156,0.42328042328042326
2018-07-03,0.8009891162173466,0.6349206349206349,RED,240.46685791015625,0.4444444444444444
2018-07-05,0.8041083709152612,0.3015873015873016,RED,242.4285430908203,0.015873015873015928
2018-07-06,0.805992882635079,0.2222222222222222,RED,244.47906494140625,-0.3015873015873016
2018-07-09,0.8077058172233154,0.14814814814814814,GREEN,246.6804656982422,-0.5396825396825398
2018-07-10,0.8078978901674433,0.1428571428571429,GREEN,247.568115234375,-0.4656084656084656
2018-07-11,0.8063779607785423,0.2063492063492064,GREEN,245.75726318359375,-0.4285714285714285
2018-07-12,0.8090268694166751,0.07936507936507942,GREEN,247.98532104492188,-0.2222222222222222
2018-07-13,0.8088326192449583,0.08994708994709,GREEN,248.18057250976562,-0.1322751322751322
2018-07-16,0.808459779920503,0.1164021164021164,GREEN,247.9586944580078,-0.031746031746031744
2018-07-17,0.8088402409346546,0.08994708994709,GREEN,248.96176147460938,-0.05291005291005291
2018-07-18,0.8093160096906468,0.07407407407407407,GREEN,249.4854278564453,-0.13227513227513232
2018-07-19,0.8085491969975092,0.12169312169312174,GREEN,248.5445556640625,0.042328042328042326
2018-07-20,0.8089269300657781,0.09523809523809523,GREEN,248.2604522705078,0.005291005291005235
2018-07-23,0.8091290728836862,0.08465608465608465,GREEN,248.72213745117188,-0.031746031746031744
2018-07-24,0.8107341292138502,0.031746031746031744,GREEN,249.97364807128906,-0.05820105820105825
2018-07-25,0.8125394404497004,0.0,GREEN,252.1040802001953,-0.07407407407407407
2018-07-26,0.8126332859802838,0.0,GREEN,251.50930786132812,-0.12169312169312174
2018-07-27,0.8122522351391186,0.010582010582010581,GREEN,249.80506896972656,-0.08465608465608465
2018-07-30,0.8125354805598118,0.010582010582010581,GREEN,248.5001983642578,-0.07407407407407407
2018-07-31,0.8142379483729808,0.0,GREEN,249.72518920898438,-0.031746031746031744
2018-08-01,0.8148904663041228,0.0,GREEN,249.3079071044922,0.0
2018-08-02,0.8148747030065118,0.005291005291005346,GREEN,250.66603088378906,0.005291005291005346
2018-08-03,0.8154407920426581,0.0,GREEN,251.74009704589844,-0.010582010582010581
2018-08-06,0.816762307482985,0.0,GREEN,252.66331481933594,-0.010582010582010581
2018-08-07,0.8174369368089721,0.0,GREEN,253.4976043701172,0.0
2018-08-08,0.8168640780376023,0.005291005291005346,GREEN,253.39117431640625,0.005291005291005346
2018-08-09,0.8158039709266547,0.015873015873015928,GREEN,253.04498291015625,0.010582010582010581
2018-08-10,0.8135990199687666,0.042328042328042326,GREEN,251.34951782226562,0.042328042328042326
2018-08-13,0.8132260132367297,0.04761904761904767,GREEN,250.40863037109375,0.04761904761904767
2018-08-14,0.8146469281566027,0.03703703703703709,GREEN,252.00640869140625,0.03703703703703709
2018-08-15,0.8128350013057853,0.05820105820105825,GREEN,250.1245574951172,0.05291005291005291
2018-08-16,0.8140726713066171,0.04761904761904767,GREEN,252.14840698242188,0.031746031746031744
2018-08-17,0.8147259846554926,0.03703703703703709,GREEN,253.03607177734375,-0.005291005291005235
2018-08-20,0.8146152705479393,0.04761904761904767,GREEN,253.57752990722656,0.0
2018-08-21,0.8160418389279454,0.015873015873015928,GREEN,254.1723175048828,-0.021164021164021163
2018-08-22,0.8161293572261041,0.015873015873015928,GREEN,254.02139282226562,-0.042328042328042326
2018-08-23,0.8161325838727143,0.015873015873015928,GREEN,253.68421936035156,-0.031746031746031744
2018-08-24,0.8174541220066731,0.0,GREEN,255.21087646484375,-0.03703703703703709
2018-08-27,0.8180334275977008,0.0,GREEN,257.2258605957031,-0.04761904761904767
2018-08-28,0.8179486937148921,0.005291005291005346,GREEN,257.3501892089844,-0.010582010582010581
2018-08-29,0.8175736048418517,0.010582010582010581,GREEN,258.7348327636719,-0.005291005291005346
2018-08-30,0.8163225257371498,0.03703703703703709,GREEN,257.6874084472656,0.021164021164021163
2018-08-31,0.8171676006444859,0.02645502645502651,GREEN,257.6962890625,0.02645502645502651
2018-09-04,0.8156521894901866,0.06878306878306883,GREEN,257.2525329589844,0.06878306878306883
2018-09-05,0.8147971081836362,0.08994708994709,GREEN,256.55999755859375,0.08465608465608465
2018-09-06,0.8151685002432674,0.07936507936507942,GREEN,255.78782653808594,0.06878306878306883
2018-09-07,0.8151950550250473,0.07936507936507942,GREEN,255.2908477783203,0.042328042328042326
2018-09-10,0.8167137573994226,0.042328042328042326,GREEN,255.73463439941406,0.015873015873015817
2018-09-11,0.8173959316037416,0.02645502645502651,GREEN,256.5777282714844,-0.042328042328042326
2018-09-12,0.819299299991315,0.0,GREEN,256.6399841308594,-0.08994708994709
2018-09-13,0.8207233724543651,0.0,GREEN,258.15789794921875,-0.07936507936507942
2018-09-14,0.8217806302344216,0.0,GREEN,258.20233154296875,-0.07936507936507942
2018-09-17,0.8214073183765912,0.005291005291005346,GREEN,256.83526611328125,-0.03703703703703698
2018-09-18,0.821410936102381,0.005291005291005346,GREEN,258.22894287109375,-0.021164021164021163
2018-09-19,0.8200851741200005,0.021164021164021163,GREEN,258.5040283203125,0.021164021164021163
2018-09-20,0.8209314783893281,0.015873015873015928,GREEN,260.5989685058594,0.015873015873015928
2018-09-21,0.8213192037598609,0.015873015873015928,GREEN,260.36083984375,0.015873015873015928
2018-09-24,0.8209384836854922,0.021164021164021163,GREEN,259.4959716796875,0.015873015873015817
2018-09-25,0.8201732003452609,0.03703703703703709,GREEN,259.255126953125,0.031746031746031744
2018-09-26,0.8209314783893281,0.02910052910052907,GREEN,258.4794921875,0.007936507936507908
2018-09-27,0.8224546992284552,0.0,GREEN,259.20172119140625,-0.015873015873015928
2018-09-28,0.8226305343529705,0.0,GREEN,259.22833251953125,-0.015873015873015928
2018-10-01,0.82523885540767,0.0,GREEN,260.12908935546875,-0.021164021164021163
2018-10-02,0.8242712266078642,0.005291005291005346,GREEN,259.97747802734375,-0.031746031746031744
2018-10-03,0.8224690023050021,0.015873015873015928,GREEN,260.1202087402344,-0.013227513227513144
2018-10-04,0.8196068791525654,0.07936507936507942,GREEN,258.08709716796875,0.07936507936507942
2018-10-05,0.816070378443553,0.15873015873015872,GREEN,256.642578125,0.15873015873015872
2018-10-08,0.814448599076551,0.22751322751322756,GREEN,256.642578125,0.22751322751322756
2018-10-09,0.8153980942726481,0.18518518518518523,GREEN,256.2681884765625,0.17989417989417988
2018-10-10,0.8093669079033289,0.3492063492063492,GREEN,248.15379333496094,0.33333333333333326
2018-10-11,0.8097441108470725,0.33333333333333337,RED,242.6877899169922,0.25396825396825395
2018-10-12,0.8140462331672684,0.24867724867724872,RED,246.05844116210938,0.08994708994709
2018-10-15,0.8131782628170008,0.26455026455026454,GREEN,244.67623901367188,0.03703703703703698
2018-10-16,0.8162447973582663,0.14814814814814814,YELLOW,250.02630615234375,-0.03703703703703709
2018-10-17,0.8146195849669974,0.2328042328042328,GREEN,250.0709228515625,-0.1164021164021164
2018-10-18,0.8106892708593271,0.3386243386243386,GREEN,246.45956420898438,0.005291005291005235
2018-10-19,0.8116561893677346,0.3121693121693122,RED,246.32589721679688,0.06349206349206349
2018-10-22,0.8122342940174375,0.30687830687830686,RED,245.22024536132812,0.042328042328042326
2018-10-23,0.810980384316059,0.33333333333333337,RED,243.97178649902344,0.18518518518518523
2018-10-24,0.8057046223689148,0.5502645502645502,RED,236.5799102783203,0.31746031746031744
2018-10-25,0.8076176540623589,0.47089947089947093,RED,240.82415771484375,0.13227513227513232
2018-10-26,0.8035063637684964,0.6296296296296297,RED,236.5887451171875,0.31746031746031744
2018-10-29,0.8024540308352084,0.6931216931216931,RED,235.2779541015625,0.3862433862433863
2018-10-30,0.8047486701673254,0.5555555555555556,RED,238.76438903808594,0.2222222222222222
2018-10-31,0.8051356796747152,0.5502645502645502,RED,241.31468200683594,0.0
2018-11-01,0.8083807565315799,0.4444444444444444,RED,243.88272094726562,-0.02645502645502651
2018-11-02,0.8088767513902302,0.4021164021164021,RED,242.4381866455078,-0.22751322751322756
2018-11-05,0.8092548425188687,0.3862433862433863,RED,243.77566528320312,-0.30687830687830686
2018-11-06,0.8115622089445463,0.3227513227513228,RED,245.3182373046875,-0.2328042328042328
2018-11-07,0.816560405352911,0.1428571428571429,YELLOW,250.57020568847656,-0.40740740740740733
2018-11-08,0.8146425740901592,0.23809523809523814,GREEN,250.11550903320312,-0.20634920634920628
2018-11-09,0.8096423899338697,0.3862433862433863,GREEN,247.6722869873047,-0.015873015873015817
2018-11-12,0.8040693453824543,0.6402116402116402,RED,243.0445556640625,0.25396825396825395
2018-11-13,0.8026298172756394,0.7195767195767195,RED,242.58973693847656,0.39682539682539675
2018-11-14,0.8005171746635698,0.8095238095238095,RED,240.93116760253906,0.6666666666666666
2018-11-15,0.7999395307455816,0.8465608465608465,RED,243.4457244873047,0.6084656084656084
2018-11-16,0.7969698295424212,0.9259259259259259,RED,244.07891845703125,0.5396825396825397
2018-11-19,0.7938129695207963,0.9788359788359788,RED,239.95034790039062,0.3386243386243386
2018-11-20,0.7915170282591483,0.9894179894179894,RED,235.50978088378906,0.2698412698412699
2018-11-21,0.7955338346580734,0.9523809523809523,RED,236.3123321533203,0.1428571428571428
2018-11-23,0.791324315342456,0.9894179894179894,RED,234.73403930664062,0.1428571428571429
2018-11-26,0.7949605344165173,0.9470899470899471,RED,238.5237274169922,0.021164021164021163
2018-11-27,0.7944816760771476,0.9523809523809523,RED,239.32618713378906,-0.02645502645502651
2018-11-28,0.8007932919783356,0.783068783068783,RED,244.83677673339844,-0.2063492063492064
2018-11-29,0.8007919763814241,0.7883597883597884,RED,244.30177307128906,-0.16402116402116396
2018-11-30,0.7988787792586326,0.8571428571428572,RED,245.79080200195312,-0.1322751322751322
2018-12-03,0.8050663694813248,0.5925925925925926,RED,249.0454864501953,-0.35449735449735453
2018-12-04,0.7994932228408392,0.8465608465608465,RED,240.97579956054688,-0.10582010582010581
2018-12-06,0.7959430382700483,0.9312169312169312,RED,240.61019897460938,0.14814814814814814
2018-12-07,0.7935502264442464,0.9682539682539683,RED,235.01943969726562,0.17989417989417988
2018-12-10,0.7941248484805321,0.9576719576719577,RED,235.4652557373047,0.10052910052910047
2018-12-11,0.7963265862063602,0.8994708994708995,RED,235.51870727539062,0.306878306878307
2018-12-12,0.7990119209865191,0.8465608465608465,RED,236.70465087890625,0.0
2018-12-13,0.8001606004325775,0.8201058201058201,RED,236.6243896484375,-0.11111111111111105
2018-12-14,0.7963286418184746,0.8941798941798942,RED,232.25521850585938,-0.07407407407407407
2018-12-17,0.7903985895320034,0.9947089947089947,RED,227.69873046875,0.03703703703703698
2018-12-18,0.7885023038447381,0.9947089947089947,RED,227.44906616210938,0.09523809523809512
2018-12-19,0.7812054668271602,0.9947089947089947,RED,224.04283142089844,0.14814814814814814
2018-12-20,0.7744796729241914,0.9947089947089947,RED,220.39590454101562,0.17460317460317454
2018-12-21,0.7700835576368,0.9947089947089947,RED,215.88009643554688,0.10052910052910047
2018-12-24,0.7636834221319561,0.9947089947089947,RED,210.17588806152344,0.0
2018-12-26,0.7772791303065816,0.9788359788359788,RED,220.79498291015625,-0.015873015873015817
2018-12-27,0.7759617548012089,0.9788359788359788,RED,222.49008178710938,-0.015873015873015817
2018-12-28,0.775997321990113,0.9735449735449735,RED,222.20314025878906,-0.021164021164021163
2018-12-31,0.7762931692651861,0.9682539682539683,RED,224.14932250976562,-0.026455026455026398
2019-01-02,0.7751474947458953,0.9788359788359788,RED,224.382568359375,-0.015873015873015817
2019-01-03,0.7739568942939248,0.9841269841269842,RED,219.0281524658203,0.005291005291005346
2019-01-04,0.7886408267990755,0.9365079365079365,RED,226.36465454101562,-0.042328042328042326
2019-01-07,0.7968708926297994,0.8624338624338624,RED,228.14947509765625,-0.11111111111111105
2019-01-08,0.8025234765114545,0.7354497354497355,RED,230.29296875,-0.2328042328042328
2019-01-09,0.8030969188789331,0.6878306878306879,RED,231.3693084716797,-0.29100529100529093
2019-01-10,0.8061621935525992,0.5608465608465609,RED,232.18540954589844,-0.42328042328042326
2019-01-11,0.803095093829194,0.6931216931216931,RED,232.27511596679688,-0.24338624338624337
2019-01-14,0.8005107692532235,0.8042328042328042,RED,230.8580322265625,-0.05820105820105825
2019-01-15,0.802903402713872,0.6878306878306879,RED,233.5038604736328,-0.04761904761904756
2019-01-16,0.8043390877152018,0.6084656084656085,RED,234.0688934326172,-0.07936507936507942
2019-01-17,0.8066374461236848,0.5079365079365079,RED,235.8447265625,-0.05291005291005302
2019-01-18,0.8096125719727308,0.3915343915343915,RED,238.9838409423828,-0.3015873015873016
2019-01-22,0.8035741076884542,0.656084656084656,RED,235.7550048828125,-0.14814814814814814
2019-01-23,0.8053940301676504,0.5661375661375662,RED,236.24830627441406,-0.12169312169312174
2019-01-24,0.8055812011445274,0.5661375661375662,RED,236.37384033203125,-0.042328042328042326
2019-01-25,0.8081699918836414,0.4814814814814815,RED,238.37400817871094,-0.026455026455026398
2019-01-28,0.8068285258092259,0.5132275132275133,RED,236.56222534179688,0.12169312169312174
2019-01-29,0.8059643608546067,0.5714285714285714,RED,236.24830627441406,-0.08465608465608465
2019-01-30,0.8113083129696192,0.34391534391534395,RED,239.9883270263672,-0.2222222222222222
2019-01-31,0.8126358625409588,0.2962962962962963,YELLOW,242.09603881835938,-0.2698412698412699
2019-02-01,0.8131950652390706,0.2857142857142857,GREEN,242.21253967285156,-0.1957671957671958
2019-02-04,0.815115888053574,0.21164021164021163,GREEN,243.91671752929688,-0.3015873015873016
2019-02-05,0.8179968275802059,0.09523809523809523,GREEN,244.93911743164062,-0.47619047619047616
2019-02-06,0.8168378186968839,0.13756613756613756,GREEN,244.6162567138672,-0.2063492063492064
2019-02-07,0.8134702680971948,0.2962962962962963,GREEN,242.2843780517578,0.0
2019-02-08,0.8129876587117657,0.31746031746031744,YELLOW,242.5804443359375,0.031746031746031744
2019-02-11,0.8136619656350856,0.29100529100529104,RED,242.7147979736328,0.07936507936507942
2019-02-12,0.8176922796955168,0.10582010582010581,RED,245.83602905273438,0.010582010582010581
2019-02-13,0.8171275293169921,0.13756613756613756,GREEN,246.63429260253906,0.0
2019-02-14,0.8161495801785926,0.17989417989417988,GREEN,246.08712768554688,-0.1164021164021164
2019-02-15,0.8191296268170192,0.08994708994709,GREEN,248.76882934570312,-0.22751322751322745
2019-02-19,0.818830498612766,0.09523809523809523,GREEN,249.19932556152344,-0.1957671957671958
2019-02-20,0.8195981571237095,0.08465608465608465,GREEN,249.7016143798828,-0.021164021164021163
2019-02-21,0.8191253044382713,0.10052910052910058,GREEN,248.81370544433594,-0.03703703703703698
2019-02-22,0.8201679360335338,0.07407407407407407,GREEN,250.35629272460938,-0.10582010582010581
2019-02-25,0.8209363831002303,0.05291005291005291,GREEN,250.6970977783203,-0.03703703703703709
2019-02-26,0.821598020165629,0.031746031746031744,GREEN,250.51785278320312,-0.06349206349206349
2019-02-27,0.8220817000598959,0.02645502645502651,GREEN,250.41015625,-0.05820105820105814
2019-02-28,0.8217988890623763,0.031746031746031744,GREEN,249.94374084472656,-0.06878306878306883
2019-03-01,0.8246811751175277,0.005291005291005346,GREEN,251.5043487548828,-0.06878306878306872
2019-03-04,0.8232324691284321,0.015873015873015928,GREEN,250.5895233154297,-0.03703703703703698
2019-03-05,0.82274797191881,0.021164021164021163,GREEN,250.24855041503906,-0.010582010582010581
2019-03-06,0.8208106654545536,0.10052910052910058,GREEN,248.73289489746094,0.07407407407407407
2019-03-07,0.8195467267174441,0.13756613756613756,GREEN,246.6522216796875,0.10582010582010581
2019-03-08,0.8179081342894657,0.17989417989417988,GREEN,246.15892028808594,0.17460317460317454
2019-03-11,0.8207955946823225,0.10582010582010581,GREEN,249.72848510742188,0.08994708994708989
2019-03-12,0.821943412456024,0.04761904761904767,GREEN,250.67018127441406,0.02645502645502651
2019-03-13,0.8240547517512762,0.015873015873015928,GREEN,252.32943725585938,-0.08465608465608465
2019-03-14,0.8232811728765624,0.021164021164021163,GREEN,252.1679229736328,-0.1164021164021164
2019-03-15,0.8237548883941359,0.021164021164021163,GREEN,253.4139404296875,-0.15873015873015872
2019-03-18,0.8236635863906135,0.02645502645502651,GREEN,254.33267211914062,-0.0793650793650793
2019-03-19,0.8242417256973626,0.015873015873015928,GREEN,254.39581298828125,-0.031746031746031744
2019-03-20,0.8266120803197683,0.0,GREEN,253.6300506591797,-0.015873015873015928
2019-03-21,0.8264204682602296,0.005291005291005346,GREEN,256.4946594238281,-0.015873015873015817
2019-03-22,0.8220745950481121,0.08465608465608465,GREEN,251.5581817626953,0.06349206349206349
2019-03-25,0.8209080060995129,0.14814814814814814,GREEN,251.3689727783203,0.12169312169312163
2019-03-26,0.8230154207738756,0.05820105820105825,GREEN,253.24266052246094,0.042328042328042326
2019-03-27,0.8229042044787039,0.06349206349206349,GREEN,251.9185333251953,0.06349206349206349
2019-03-28,0.8246270154823201,0.021164021164021163,GREEN,252.87342834472656,0.015873015873015817
2019-03-29,0.827221988174223,0.0,GREEN,254.46786499023438,-0.08465608465608465
2019-04-01,0.8278682961065174,0.0,GREEN,257.48565673828125,-0.14814814814814814
2019-04-02,0.8278581787255328,0.005291005291005346,GREEN,257.61181640625,-0.05291005291005291
2019-04-03,0.8285424715076581,0.0,GREEN,258.0172119140625,-0.06349206349206349
2019-04-04,0.8295944861199466,0.0,GREEN,258.70172119140625,-0.021164021164021163
2019-04-05,0.8312322434493566,0.0,GREEN,259.9539489746094,0.0
2019-04-08,0.8309492150513598,0.005291005291005346,GREEN,260.15216064453125,0.005291005291005346
2019-04-09,0.8302739224550411,0.010582010582010581,GREEN,258.8188781738281,0.005291005291005235
2019-04-10,0.8332333773692328,0.0,GREEN,259.7017822265625,0.0
2019-04-11,0.8349798492279145,0.0,GREEN,259.6296691894531,0.0
2019-04-12,0.8367280661947633,0.0,GREEN,261.38623046875,0.0
2019-04-15,0.8360515168518582,0.005291005291005346,GREEN,261.2151184082031,0.0
2019-04-16,0.8356698273528055,0.010582010582010581,GREEN,261.38623046875,0.0
2019-04-17,0.8333513304937183,0.021164021164021163,GREEN,260.74664306640625,0.021164021164021163
2019-04-18,0.8335372643302031,0.021164021164021163,GREEN,261.2601623535156,0.021164021164021163
2019-04-22,0.8319960816727271,0.03703703703703709,GREEN,261.48529052734375,0.03703703703703709
2019-04-23,0.8344825434579902,0.021164021164021163,GREEN,263.83648681640625,0.015873015873015817
2019-04-24,0.8328333375296223,0.042328042328042326,GREEN,263.2509765625,0.031746031746031744
2019-04-25,0.8332169527101599,0.042328042328042326,GREEN,263.08880615234375,0.021164021164021163
2019-04-26,0.8344358108789293,0.02645502645502651,GREEN,264.31396484375,0.005291005291005346
2019-04-29,0.8343496315795005,0.031746031746031744,GREEN,264.7283935546875,-0.005291005291005346
2019-04-30,0.8338502605835272,0.03703703703703709,GREEN,264.863525390625,0.015873015873015928
2019-05-01,0.8318479509835504,0.07407407407407407,GREEN,262.8725891113281,0.031746031746031744
2019-05-02,0.832823917830658,0.06878306878306883,GREEN,262.30511474609375,0.02645502645502651
2019-05-03,0.8346473261032936,0.021164021164021163,GREEN,264.8724670410156,-0.005291005291005346
2019-05-06,0.8345352692934043,0.02645502645502651,GREEN,263.7826232910156,-0.005291005291005235
2019-05-07,0.8291297186313142,0.1164021164021164,GREEN,259.3774108886719,0.0793650793650793
2019-05-08,0.8295174146037119,0.1164021164021164,GREEN,259.01702880859375,0.042328042328042326
2019-05-09,0.8277715741110455,0.1428571428571429,GREEN,258.2332458496094,0.07407407407407407
2019-05-10,0.8298844937208671,0.11111111111111116,GREEN,259.530517578125,0.08994708994709
2019-05-13,0.8213040520689135,0.3015873015873016,GREEN,253.00845336914062,0.2751322751322751
2019-05-14,0.8231302225739597,0.2222222222222222,RED,255.29661560058594,0.10582010582010581
2019-05-15,0.8233128291731305,0.21164021164021163,GREEN,256.7919921875,0.09523809523809523
2019-05-16,0.8263007509930086,0.1693121693121693,GREEN,259.1702575683594,0.026455026455026398
2019-05-17,0.8258158058476965,0.17460317460317465,GREEN,257.49468994140625,0.06349206349206349
2019-05-20,0.8254397003148862,0.17989417989417988,GREEN,255.79208374023438,-0.12169312169312174
2019-05-21,0.8284292184929037,0.13756613756613756,GREEN,258.0982666015625,-0.08465608465608465
2019-05-22,0.8287086382256079,0.13227513227513232,GREEN,257.3055114746094,-0.0793650793650793
2019-05-23,0.8231071625510034,0.2592592592592593,GREEN,254.16160583496094,0.08994708994709
2019-05-24,0.8222480629171284,0.2962962962962963,YELLOW,254.738037109375,0.12169312169312163
2019-05-28,0.8207980895429544,0.3862433862433863,RED,252.36883544921875,0.2063492063492064
2019-05-29,0.818494221150091,0.455026455026455,RED,250.67529296875,0.31746031746031744
2019-05-30,0.8195402307342944,0.43386243386243384,RED,251.3599395751953,0.3015873015873015
2019-05-31,0.8118671780324215,0.6296296296296297,RED,247.97280883789062,0.37037037037037035
2019-06-03,0.8116445563724722,0.6349206349206349,RED,247.3422393798828,0.3386243386243386
2019-06-04,0.820376177988963,0.4021164021164021,RED,252.71121215820312,0.015873015873015817
2019-06-05,0.8219063511741591,0.31746031746031744,RED,254.9002227783203,-0.13756613756613756
2019-06-06,0.8241202720455157,0.2222222222222222,GREEN,256.5577087402344,-0.21164021164021163
2019-06-07,0.8253519208308061,0.1957671957671958,GREEN,259.1252136230469,-0.43386243386243384
2019-06-10,0.8273803869315222,0.16402116402116407,GREEN,260.3143005371094,-0.4708994708994708
2019-06-11,0.8288265477401456,0.13227513227513232,GREEN,260.25115966796875,-0.26984126984126977
2019-06-12,0.8262222916213207,0.1957671957671958,GREEN,259.7917785644531,-0.12169312169312163
2019-06-13,0.8272591467827521,0.17460317460317465,GREEN,260.8637390136719,-0.04761904761904756
2019-06-14,0.8269778576445177,0.18518518518518523,GREEN,260.5754699707031,-0.010582010582010581
2019-06-17,0.8261223540235956,0.21164021164021163,GREEN,260.67462158203125,0.04761904761904756
2019-06-18,0.8317769976536713,0.09523809523809523,GREEN,263.404052734375,-0.03703703703703709
2019-06-19,0.8339319900766154,0.04761904761904767,GREEN,263.99859619140625,-0.14814814814814814
2019-06-20,0.8377464697477266,0.0,GREEN,266.52099609375,-0.17460317460317465
2019-06-21,0.8354624850165369,0.021164021164021163,GREEN,266.13360595703125,-0.16402116402116407
2019-06-24,0.8348748069205139,0.031746031746031744,GREEN,265.8077087402344,-0.17989417989417988
2019-06-25,0.8311411522980932,0.12698412698412698,GREEN,263.2007141113281,0.031746031746031744
2019-06-26,0.8317394443480868,0.12169312169312174,GREEN,262.9381408691406,0.07407407407407407
2019-06-27,0.833347539158015,0.08465608465608465,GREEN,263.8705749511719,0.08465608465608465
2019-06-28,0.8336345911726158,0.07407407407407407,GREEN,265.2283935546875,0.05291005291005291
2019-07-01,0.8344168306975616,0.05820105820105825,GREEN,267.6362609863281,0.02645502645502651
2019-07-02,0.8357490320971444,0.015873015873015928,GREEN,268.3332824707031,-0.11111111111111105
2019-07-03,0.8387206919980855,0.0,GREEN,270.4786682128906,-0.12169312169312174
2019-07-05,0.8370405318527576,0.010582010582010581,GREEN,270.17083740234375,-0.07407407407407407
2019-07-08,0.8358003545432288,0.02645502645502651,GREEN,268.6863098144531,-0.04761904761904756
2019-07-09,0.8351338512719728,0.04761904761904767,GREEN,269.021240234375,-0.010582010582010581
2019-07-10,0.8359600923190411,0.02645502645502651,GREEN,270.30657958984375,0.010582010582010581
2019-07-11,0.8347203656545651,0.06878306878306883,GREEN,270.9403381347656,0.06878306878306883
2019-07-12,0.8359679689056494,0.02645502645502651,GREEN,272.1532287597656,0.015873015873015928
2019-07-15,0.8363471906544256,0.021164021164021163,GREEN,272.24383544921875,-0.005291005291005346
2019-07-16,0.8349132690559953,0.07407407407407407,GREEN,271.3658142089844,0.026455026455026398
2019-07-17,0.8330663732203067,0.16402116402116407,GREEN,269.5190734863281,0.13756613756613756
2019-07-18,0.8324671210527297,0.17989417989417988,GREEN,270.50579833984375,0.11111111111111105
2019-07-19,0.8319109839809254,0.19047619047619047,GREEN,269.00323486328125,0.16402116402116396
2019-07-22,0.8345988574736074,0.09523809523809523,GREEN,269.6639709472656,0.07407407407407407
2019-07-23,0.8362373811003148,0.02645502645502651,GREEN,271.592041015625,-0.04761904761904756
2019-07-24,0.8367118392410001,0.021164021164021163,GREEN,272.8684387207031,-0.1428571428571429
2019-07-25,0.8360534744961323,0.03703703703703709,GREEN,271.5649719238281,-0.1428571428571428
2019-07-26,0.8377809895650019,0.005291005291005346,GREEN,273.3843994140625,-0.18518518518518512
2019-07-29,0.836531546752503,0.031746031746031744,GREEN,272.88653564453125,-0.06349206349206349
2019-07-30,0.8368162697334199,0.021164021164021163,GREEN,272.21673583984375,-0.005291005291005346
2019-07-31,0.8354741362715137,0.08994708994709,GREEN,269.2384948730469,0.06878306878306883
2019-08-01,0.8326923378681604,0.2222222222222222,GREEN,266.89398193359375,0.18518518518518512
2019-08-02,0.8312444766101107,0.2592592592592593,GREEN,264.8843688964844,0.25396825396825395
2019-08-05,0.8209361695731894,0.5343915343915344,YELLOW,256.91851806640625,0.5026455026455027
2019-08-06,0.8258286835165927,0.3915343915343915,RED,260.521240234375,0.37037037037037035
2019-08-07,0.8256353680835588,0.4021164021164021,RED,260.6751403808594,0.3121693121693121
2019-08-08,0.8291913212726117,0.3015873015873016,RED,265.78955078125,0.07936507936507942
2019-08-09,0.828527444145686,0.328042328042328,RED,263.9791564941406,0.06878306878306872
2019-08-12,0.8247700671076539,0.4285714285714286,RED,260.76568603515625,-0.10582010582010581
2019-08-13,0.8293938122807671,0.3015873015873016,RED,264.8211669921875,-0.08994708994708989
2019-08-14,0.8209319232580656,0.5714285714285714,GREEN,256.99090576171875,0.1693121693121693
2019-08-15,0.8215884990716548,0.5555555555555556,RED,257.6697998046875,0.25396825396825395
2019-08-16,0.8244616127112804,0.44973544973544977,RED,261.4717102050781,0.12169312169312174
2019-08-19,0.8277315464128486,0.35978835978835977,RED,264.621826171875,-0.06878306878306883
2019-08-20,0.8278182708861406,0.35449735449735453,RED,262.59423828125,0.05291005291005291
2019-08-21,0.8321447713607926,0.2328042328042328,RED,264.73052978515625,-0.3386243386243386
2019-08-22,0.8340710933379099,0.16402116402116407,GREEN,264.6490783691406,-0.3915343915343915
2019-08-23,0.8288682041854412,0.328042328042328,GREEN,257.85089111328125,-0.12169312169312174
2019-08-26,0.833378583116301,0.19047619047619047,YELLOW,260.70233154296875,-0.1693121693121693
2019-08-27,0.8327009796736253,0.2328042328042328,GREEN,259.6793518066406,-0.12169312169312174
2019-08-28,0.8345163520004929,0.1428571428571429,GREEN,261.50799560546875,-0.08994708994708989
2019-08-29,0.8357712232153094,0.07936507936507942,GREEN,264.8481750488281,-0.08465608465608465
2019-08-30,0.8347104341029254,0.13227513227513232,GREEN,264.73052978515625,-0.1957671957671957
2019-09-03,0.8316690839134101,0.2962962962962963,GREEN,263.18255615234375,0.10582010582010581
2019-09-04,0.8327128386232573,0.24867724867724872,RED,266.16973876953125,0.015873015873015928
2019-09-05,0.8378494079786948,0.005291005291005346,GREEN,269.5915222167969,-0.13756613756613756
2019-09-06,0.8385207124748927,0.005291005291005346,GREEN,269.79974365234375,-0.07407407407407407
2019-09-09,0.8402777466452743,0.0,GREEN,269.93548583984375,-0.13227513227513232
2019-09-10,0.8421494618246884,0.0,GREEN,269.8720397949219,-0.2962962962962963
2019-09-11,0.8420530728401009,0.005291005291005346,GREEN,271.7911376953125,-0.24338624338624337
2019-09-12,0.8427341742428571,0.0,GREEN,272.7325744628906,-0.005291005291005346
2019-09-13,0.8425839297989368,0.005291005291005346,GREEN,272.5515441894531,0.0
2019-09-16,0.8448808878142979,0.0,GREEN,271.70977783203125,0.0
2019-09-17,0.8449641551443595,0.0,GREEN,272.3976745605469,0.0
2019-09-18,0.8449808834193879,0.0,GREEN,272.5606384277344,-0.005291005291005346
2019-09-19,0.8439149791272982,0.015873015873015928,GREEN,272.54248046875,0.015873015873015928
2019-09-20,0.8440794345485899,0.015873015873015928,GREEN,271.2547912597656,0.010582010582010581
2019-09-23,0.8431951967961385,0.02645502645502651,GREEN,271.191162109375,0.02645502645502651
2019-09-24,0.8411442322719449,0.05291005291005291,GREEN,269.06317138671875,0.05291005291005291
2019-09-25,0.8413693246025884,0.05291005291005291,GREEN,270.654541015625,0.05291005291005291
2019-09-26,0.8403930798759268,0.06349206349206349,GREEN,270.0907897949219,0.04761904761904756
2019-09-27,0.8389343351107207,0.07407407407407407,GREEN,268.6357421875,0.05820105820105814
2019-09-30,0.8395010821477517,0.07407407407407407,GREEN,269.881591796875,0.04761904761904756
2019-10-01,0.8366289255607208,0.13227513227513232,GREEN,266.6714172363281,0.07936507936507942
2019-10-02,0.8308207768780808,0.4285714285714286,GREEN,261.9608154296875,0.3756613756613757
2019-10-03,0.8295443907410617,0.44973544973544977,RED,264.1069641113281,0.3862433862433863
2019-10-04,0.8322418974770653,0.37037037037037035,RED,267.680908203125,0.2962962962962963
2019-10-07,0.8324485918031385,0.37037037037037035,RED,266.52593994140625,0.2962962962962963
2019-10-08,0.8288761418086313,0.48677248677248675,RED,262.3881530761719,0.3544973544973544
2019-10-09,0.8318699284479488,0.39682539682539686,RED,264.8799133300781,-0.031746031746031744
2019-10-10,0.8339126787385646,0.29100529100529104,RED,266.6714172363281,-0.15873015873015872
2019-10-11,0.838176421672317,0.09523809523809523,GREEN,269.4359436035156,-0.2751322751322751
2019-10-14,0.8386574748660727,0.08994708994709,GREEN,269.1358642578125,-0.28042328042328035
2019-10-15,0.8406905915066655,0.06349206349206349,GREEN,271.8004150390625,-0.42328042328042326
2019-10-16,0.8396179770204963,0.07936507936507942,GREEN,271.3639221191406,-0.31746031746031744
2019-10-17,0.8407771948292629,0.06349206349206349,GREEN,272.1641845703125,-0.22751322751322756
2019-10-18,0.8406723755332032,0.07407407407407407,GREEN,270.9728698730469,-0.021164021164021163
2019-10-21,0.8413588485266162,0.05820105820105825,GREEN,272.8099060058594,-0.031746031746031744
2019-10-22,0.8412547383100006,0.06349206349206349,GREEN,271.91864013671875,0.0
2019-10-23,0.8421256873796906,0.04761904761904767,GREEN,272.70977783203125,-0.031746031746031744
2019-10-24,0.8430918568761907,0.031746031746031744,GREEN,273.15545654296875,-0.031746031746031744
2019-10-25,0.8442654355270576,0.015873015873015928,GREEN,274.27392578125,-0.05820105820105814
2019-10-28,0.844467869391929,0.015873015873015928,GREEN,275.82000732421875,-0.042328042328042326
2019-10-29,0.8427218524091868,0.05291005291005291,GREEN,275.7381591796875,-0.010582010582010581
2019-10-30,0.8411633231875102,0.09523809523809523,GREEN,276.5838317871094,0.04761904761904756
2019-10-31,0.8367862809922336,0.1957671957671958,GREEN,275.8472900390625,0.16402116402116407
2019-11-01,0.8408730797398439,0.10582010582010581,GREEN,278.4027099609375,0.08994708994708989
2019-11-04,0.843213284784127,0.03703703703703709,GREEN,279.521240234375,0.021164021164021163
2019-11-05,0.8429381277517376,0.05291005291005291,GREEN,279.2120056152344,0.0
2019-11-06,0.8414710715715358,0.08994708994709,GREEN,279.2756652832031,-0.005291005291005235
2019-11-07,0.8420781219918541,0.08465608465608465,GREEN,280.2578125,-0.11111111111111116
2019-11-08,0.842754285019053,0.05820105820105825,GREEN,280.9490051269531,-0.04761904761904756
2019-11-11,0.8420700908174277,0.09523809523809523,GREEN,280.4124755859375,0.05820105820105814
2019-11-12,0.8421646659850386,0.07936507936507942,GREEN,281.0035095214844,0.02645502645502651
2019-11-13,0.8408943447025182,0.1428571428571429,GREEN,281.09442138671875,0.05291005291005291
2019-11-14,0.8396158797674099,0.18518518518518523,GREEN,281.50372314453125,0.10052910052910058
2019-11-15,0.8424324910762692,0.07936507936507942,GREEN,283.540771484375,0.021164021164021163
2019-11-18,0.8409706548857024,0.14814814814814814,GREEN,283.7498779296875,0.05291005291005291
2019-11-19,0.8380667110113212,0.2328042328042328,GREEN,283.6681213378906,0.15343915343915338
2019-11-20,0.8359276775724708,0.3227513227513228,GREEN,282.61309814453125,0.17989417989417988
2019-11-21,0.8365166064215038,0.29100529100529104,RED,282.158447265625,0.10582010582010581
2019-11-22,0.8398116943277952,0.19047619047619047,RED,282.7860107421875,0.11111111111111105
2019-11-25,0.8419410626475173,0.1164021164021164,GREEN,284.9775695800781,-0.031746031746031744
2019-11-26,0.8425115377999685,0.07936507936507942,GREEN,285.623291015625,-0.15343915343915338
2019-11-27,0.8440747627824198,0.031746031746031744,GREEN,286.8963928222656,-0.29100529100529104
2019-11-29,0.8419357558358328,0.13227513227513232,GREEN,285.8324279785156,-0.15873015873015872
2019-12-02,0.841620902018435,0.13756613756613756,GREEN,283.4044189453125,-0.05291005291005291
2019-12-03,0.839263781447403,0.23809523809523814,GREEN,281.50372314453125,0.12169312169312174
2019-12-04,0.8421862624014388,0.09523809523809523,GREEN,283.24066162109375,0.015873015873015817
2019-12-05,0.8438474272679054,0.042328042328042326,GREEN,283.7498779296875,0.010582010582010581
2019-12-06,0.845313714739825,0.0,GREEN,286.3417053222656,-0.13227513227513232
2019-12-09,0.845313714739825,0.002645502645502673,GREEN,285.4414367675781,-0.13492063492063489
2019-12-10,0.8477561070146342,0.0,GREEN,285.12310791015625,-0.23809523809523814
2019-12-11,0.8488050411606577,0.0,GREEN,285.93255615234375,-0.09523809523809523
2019-12-12,0.8515544589941703,0.0,GREEN,288.3969421386719,-0.042328042328042326
2019-12-13,0.8514225992728013,0.005291005291005346,GREEN,288.56976318359375,0.005291005291005346
2019-12-16,0.8535795472918603,0.0,GREEN,290.55218505859375,-0.002645502645502673
2019-12-17,0.856002748076653,0.0,GREEN,290.615966796875,0.0
2019-12-18,0.857456413648577,0.0,GREEN,290.634033203125,0.0
2019-12-19,0.8568353463802774,0.005291005291005346,GREEN,291.8254089355469,0.005291005291005346
2019-12-20,0.8555673284081334,0.015873015873015928,GREEN,293.1047668457031,0.010582010582010581
2019-12-23,0.8561609178293439,0.010582010582010581,GREEN,293.55255126953125,0.010582010582010581
2019-12-24,0.8567418016238829,0.010582010582010581,GREEN,293.5617370605469,0.010582010582010581
2019-12-26,0.8577055857836025,0.0,GREEN,295.1244201660156,0.0
2019-12-27,0.856707574409009,0.021164021164021163,GREEN,295.05133056640625,0.015873015873015817
2019-12-30,0.8558190280335616,0.03703703703703709,GREEN,293.4245910644531,0.021164021164021163
2019-12-31,0.8567002409003772,0.02645502645502651,GREEN,294.13739013671875,0.015873015873015928
2020-01-02,0.8598978672616767,0.0,GREEN,296.88824462890625,-0.010582010582010581
2020-01-03,0.85831221664812,0.005291005291005346,GREEN,294.64013671875,0.005291005291005346
2020-01-06,0.8577399876661516,0.010582010582010581,GREEN,295.7641296386719,-0.010582010582010581
2020-01-07,0.8569617336492253,0.02645502645502651,GREEN,294.93255615234375,-0.010582010582010581
2020-01-08,0.8581450609819927,0.010582010582010581,GREEN,296.50433349609375,-0.015873015873015928
2020-01-09,0.860283399398587,0.0,GREEN,298.51483154296875,0.0
2020-01-10,0.8603721954793723,0.0,GREEN,297.6558532714844,-0.005291005291005346
2020-01-13,0.8604744645812682,0.0,GREEN,299.7028503417969,-0.010582010582010581
2020-01-14,0.8602746040989417,0.015873015873015928,GREEN,299.2459411621094,-0.010582010582010581
2020-01-15,0.8600635236884374,0.021164021164021163,GREEN,299.9222106933594,0.010582010582010581
2020-01-16,0.8603551231263855,0.010582010582010581,GREEN,302.4171142578125,0.010582010582010581
2020-01-17,0.8593696471394313,0.03703703703703709,GREEN,303.3583679199219,0.03703703703703709
2020-01-21,0.8573194363938406,0.06878306878306883,GREEN,302.7643737792969,0.06878306878306883
2020-01-22,0.858672908281775,0.042328042328042326,GREEN,302.80084228515625,0.026455026455026398
2020-01-23,0.855745684564347,0.12169312169312174,GREEN,303.1481628417969,0.10052910052910058
2020-01-24,0.8518490112813659,0.13756613756613756,GREEN,300.4522399902344,0.12698412698412698
2020-01-27,0.8452206415282632,0.17460317460317465,GREEN,295.63616943359375,0.13756613756613756
2020-01-28,0.8529003322441276,0.13756613756613756,GREEN,298.7342224121094,0.06878306878306872
2020-01-29,0.8516126615335566,0.14814814814814814,GREEN,298.4874572753906,0.10582010582010581
2020-01-30,0.8523856023253855,0.1428571428571429,GREEN,299.4562072753906,0.021164021164021163
2020-01-31,0.8477968144676091,0.17460317460317465,GREEN,294.0185241699219,0.03703703703703709
2020-02-03,0.8479101871158529,0.17460317460317465,GREEN,296.2027893066406,0.0
2020-02-04,0.8538741585666544,0.13227513227513232,GREEN,300.7173156738281,-0.005291005291005235
2020-02-05,0.857987034884737,0.05820105820105825,GREEN,304.1899719238281,-0.08994708994708989
2020-02-06,0.858466574369522,0.04761904761904767,GREEN,305.21356201171875,-0.09523809523809523
2020-02-07,0.8566952477459117,0.1164021164021164,GREEN,303.5868835449219,-0.05820105820105825
2020-02-10,0.8574589600987333,0.07936507936507942,GREEN,305.8531799316406,-0.09523809523809523
2020-02-11,0.8584487978556906,0.05291005291005291,GREEN,306.3832702636719,-0.07936507936507942
2020-02-12,0.8610938044172334,0.0,GREEN,308.3572692871094,-0.05820105820105825
2020-02-13,0.8611828163134747,0.0,GREEN,308.02813720703125,-0.04761904761904767
2020-02-14,0.8606799289778773,0.010582010582010581,GREEN,308.521728515625,-0.10582010582010581
2020-02-18,0.8586241038238879,0.06349206349206349,GREEN,307.7266845703125,-0.015873015873015928
2020-02-19,0.8589117252935128,0.05820105820105825,GREEN,309.1979064941406,0.005291005291005346
2020-02-20,0.8601691901494414,0.042328042328042326,GREEN,307.927734375,0.042328042328042326
2020-02-21,0.8586835776023276,0.06878306878306883,GREEN,304.756591796875,0.06878306878306883
2020-02-24,0.848051621074744,0.24338624338624337,GREEN,294.6492614746094,0.2328042328042328
2020-02-25,0.8412423500076892,0.455026455026455,GREEN,285.7207946777344,0.3915343915343915
2020-02-26,0.8415225684266835,0.43386243386243384,RED,284.669677734375,0.3756613756613756
2020-02-27,0.8292159381858881,0.8571428571428572,RED,271.884765625,0.8148148148148149
2020-02-28,0.8295920716112531,0.8465608465608465,RED,270.742431640625,0.7777777777777777
2020-03-02,0.8362295047908592,0.6402116402116402,RED,282.46734619140625,0.39682539682539686
2020-03-03,0.8293487756668566,0.8677248677248677,RED,274.379638671875,0.4126984126984127
2020-03-04,0.8406387094610717,0.5079365079365079,RED,285.91259765625,0.07407407407407407
2020-03-05,0.8282888463386912,0.91005291005291,RED,276.40838623046875,0.052910052910052796
2020-03-06,0.8179989460469292,0.9947089947089947,RED,271.83905029296875,0.14814814814814814
2020-03-09,0.7785526053870973,0.9947089947089947,RED,250.6099395751953,0.3544973544973544
2020-03-10,0.7939904447528601,0.9894179894179894,RED,263.57769775390625,0.12169312169312174
2020-03-11,0.7775978705523512,0.9947089947089947,RED,250.7287139892578,0.48677248677248675
2020-03-12,0.7467018716360148,0.9947089947089947,RED,226.73971557617188,0.08465608465608465
2020-03-13,0.7691958254081855,0.9894179894179894,RED,246.12278747558594,-0.005291005291005235
2020-03-16,0.7257387568625416,0.9947089947089947,RED,219.19114685058594,0.0
2020-03-17,0.734249276045354,0.9894179894179894,RED,231.0257110595703,0.0
2020-03-18,0.7027413012910232,0.9947089947089947,RED,219.32821655273438,0.0
2020-03-19,0.6857567275011031,0.9947089947089947,RED,219.7943115234375,0.0
2020-03-20,0.6685966037454628,0.9947089947089947,RED,210.3224639892578,0.005291005291005235
2020-03-23,0.657100425406762,0.9947089947089947,RED,204.94485473632812,0.0
2020-03-24,0.6851458479216365,0.9841269841269842,RED,223.51356506347656,-0.005291005291005235
2020-03-25,0.7036040166337673,0.9682539682539683,RED,226.85960388183594,-0.026455026455026398
2020-03-26,0.7349330730421831,0.9523809523809523,RED,240.10585021972656,-0.042328042328042326
2020-03-27,0.7370160938703657,0.9470899470899471,RED,232.95419311523438,-0.04761904761904756
2020-03-30,0.7429875527558725,0.9417989417989419,RED,240.51954650878906,-0.052910052910052796
2020-03-31,0.7372287076079587,0.9417989417989419,RED,236.93446350097656,-0.042328042328042326
2020-04-01,0.7165280691312766,0.962962962962963,RED,226.27125549316406,-0.005291005291005235
2020-04-02,0.7219338636891361,0.9576719576719577,RED,231.4925537109375,0.005291005291005346
2020-04-03,0.7066326978836948,0.962962962962963,RED,228.1465301513672,0.015873015873015928
2020-04-06,0.7243318691616834,0.9470899470899471,RED,243.4702606201172,0.005291005291005235
2020-04-07,0.7244988615175131,0.9417989417989419,RED,243.71844482421875,0.0
2020-04-08,0.7429178091808899,0.91005291005291,RED,251.89976501464844,-0.05291005291005302
2020-04-09,0.7912743534443151,0.8783068783068784,RED,255.73292541503906,-0.0793650793650793
2020-04-13,0.7798477790228221,0.8783068783068784,RED,253.39813232421875,-0.08465608465608465
2020-04-14,0.7831140852615983,0.873015873015873,RED,260.8715515136719,-0.07407407407407407
2020-04-15,0.7755447086526592,0.8888888888888888,RED,255.3284454345703,-0.05291005291005302
2020-04-16,0.7745974596046873,0.8888888888888888,RED,256.560302734375,-0.021164021164021163
2020-04-17,0.7788030078995014,0.8677248677248677,RED,263.49139404296875,-0.010582010582010692
2020-04-20,0.7670860433527739,0.8941798941798942,RED,258.84918212890625,0.015873015873015817
2020-04-21,0.7528906838496323,0.8941798941798942,RED,250.9896697998047,0.021164021164021163
2020-04-22,0.7597786538519782,0.8888888888888888,RED,256.560302734375,0.0
2020-04-23,0.7594823848659865,0.8888888888888888,RED,256.5419616699219,0.0
2020-04-24,0.7523738019420942,0.8941798941798942,RED,260.11773681640625,0.02645502645502651
2020-04-27,0.7554475627095459,0.8835978835978836,RED,263.8681945800781,-0.010582010582010581
2020-04-28,0.7574907217597822,0.8783068783068784,RED,262.65484619140625,-0.015873015873015817
2020-04-29,0.7709272788793723,0.8518518518518519,RED,269.53076171875,-0.03703703703703698
2020-04-30,0.7711301281965369,0.8465608465608465,RED,267.0212707519531,-0.042328042328042326
2020-05-01,0.7589482758411892,0.873015873015873,RED,259.9523010253906,-0.021164021164021163
2020-05-04,0.7578873155858725,0.873015873015873,RED,260.6692810058594,-0.010582010582010581
2020-05-05,0.7645348050889985,0.8518518518518519,RED,263.0776062011719,-0.02645502645502651
2020-05-06,0.7599302448251661,0.8518518518518519,RED,261.29443359375,0.0
2020-05-07,0.7613318842653214,0.8465608465608465,RED,264.4473876953125,0.0
2020-05-08,0.7687372760003748,0.8306878306878307,RED,268.8229675292969,-0.042328042328042326
2020-05-11,0.7655317864061333,0.835978835978836,RED,268.8781433105469,-0.03703703703703698
2020-05-12,0.7643910250559045,0.8412698412698413,RED,263.5189208984375,-0.010582010582010581
2020-05-13,0.7603418732385318,0.8465608465608465,RED,258.8583068847656,-0.005291005291005346
2020-05-14,0.7579138394787449,0.8677248677248677,RED,261.95623779296875,0.021164021164021163
2020-05-15,0.7585369938331933,0.8624338624338624,RED,263.160400390625,0.031746031746031744
2020-05-18,0.7725565605471919,0.783068783068783,RED,271.1762390136719,-0.05291005291005302
2020-05-19,0.7730749956962665,0.7777777777777778,RED,268.39093017578125,-0.06349206349206349
2020-05-20,0.781268275740285,0.7407407407407407,RED,272.9504089355469,-0.10582010582010581
2020-05-21,0.7812556362399485,0.7407407407407407,RED,271.06597900390625,-0.12698412698412698
2020-05-22,0.7831838103181069,0.7248677248677249,RED,271.5806579589844,-0.13756613756613756
2020-05-26,0.7890651699637787,0.7195767195767195,RED,274.9267272949219,-0.06349206349206349
2020-05-27,0.7908869791820112,0.7142857142857143,RED,279.017333984375,-0.06349206349206349
2020-05-28,0.7912932772303298,0.7037037037037037,RED,278.5025329589844,-0.03703703703703698
2020-05-29,0.7944742078029136,0.6931216931216931,RED,279.7435302734375,-0.04761904761904756
2020-06-01,0.8005758539343782,0.6878306878306879,RED,280.8742370605469,-0.03703703703703698
2020-06-02,0.8085120256686382,0.6825396825396826,RED,283.1998291015625,-0.03703703703703698
2020-06-03,0.8129437863625586,0.6772486772486772,RED,286.9687194824219,-0.03703703703703709
2020-06-04,0.8102381162388477,0.6772486772486772,RED,286.2149963378906,-0.02645502645502651
2020-06-05,0.8181718971593974,0.6613756613756614,RED,293.55047607421875,-0.031746031746031744
2020-06-08,0.8193298380385042,0.656084656084656,RED,297.098876953125,-0.031746031746031855
2020-06-09,0.8126529716948802,0.671957671957672,RED,294.8834533691406,-0.010582010582010581
2020-06-10,0.8110223590118981,0.671957671957672,RED,293.23797607421875,-0.005291005291005235
2020-06-11,0.7905745132418955,0.7142857142857143,RED,276.3332214355469,0.03703703703703709
2020-06-12,0.7981423500125918,0.6825396825396826,RED,279.6424255371094,0.021164021164021163
2020-06-15,0.8060735949408121,0.671957671957672,RED,282.2530822753906,0.015873015873015928
2020-06-16,0.8094600958679408,0.6613756613756614,RED,287.68585205078125,-0.010582010582010581
2020-06-17,0.8054035058406462,0.671957671957672,RED,286.4906921386719,0.0
2020-06-18,0.8052061808545354,0.671957671957672,RED,286.6011962890625,-0.042328042328042326
2020-06-19,0.8023097179799118,0.671957671957672,RED,284.9632263183594,-0.010582010582010581
2020-06-22,0.8019140802612611,0.671957671957672,RED,286.7912902832031,0.0
2020-06-23,0.8028903051426908,0.6613756613756614,RED,288.11163330078125,0.0
2020-06-24,0.7945704362183289,0.6825396825396826,RED,280.7621765136719,0.010582010582010581
2020-06-25,0.7948607972020438,0.6772486772486772,RED,283.7721862792969,0.005291005291005235
2020-06-26,0.7870382517540411,0.7195767195767195,RED,277.0322265625,0.04761904761904756
2020-06-29,0.7824069710130215,0.7301587301587302,RED,281.10382080078125,0.05820105820105825
2020-06-30,0.7896566166560749,0.7037037037037037,RED,284.7046813964844,0.042328042328042326
2020-07-01,0.79238035308308,0.6772486772486772,RED,286.69891357421875,-0.005291005291005346
2020-07-02,0.7978421297978379,0.6507936507936508,RED,288.27783203125,-0.026455026455026398
2020-07-06,0.8038521259787411,0.6190476190476191,RED,292.7279968261719,-0.10052910052910047
2020-07-07,0.7983233878273459,0.6402116402116402,RED,289.7088928222656,-0.08994708994709
2020-07-08,0.8004607179820159,0.6349206349206349,RED,291.9247131347656,-0.06878306878306883
2020-07-09,0.7985269910518713,0.6349206349206349,RED,290.2628479003906,-0.042328042328042326
2020-07-10,0.8015245430353926,0.6190476190476191,RED,293.2265625,-0.031746031746031744
2020-07-13,0.7971523847265372,0.6507936507936508,RED,290.6875305175781,0.031746031746031744
2020-07-14,0.8038612290618826,0.5873015873015873,RED,294.4545593261719,-0.05291005291005291
2020-07-15,0.8083339818964199,0.5661375661375662,RED,297.1597900390625,-0.06878306878306872
2020-07-16,0.8091106445937462,0.5555555555555556,RED,296.1810607910156,-0.0793650793650793
2020-07-17,0.8111576523961673,0.5343915343915344,RED,297.039794921875,-0.08465608465608465
2020-07-20,0.8162027827590559,0.5185185185185186,RED,299.4403076171875,-0.1322751322751322
2020-07-21,0.81980131947718,0.4973544973544973,RED,300.0773620605469,-0.08994708994709
2020-07-22,0.8215476321277837,0.4920634920634921,RED,301.7854309082031,-0.07407407407407407
2020-07-23,0.820964143980501,0.4920634920634921,RED,298.18463134765625,-0.06349206349206349
2020-07-24,0.8216469789270079,0.4814814814814815,RED,296.2641296386719,-0.05291005291005291
2020-07-27,0.8238755159068442,0.47619047619047616,RED,298.4246826171875,-0.04232804232804244
2020-07-28,0.8215476321277837,0.4841269841269841,RED,296.53192138671875,-0.013227513227513255
2020-07-29,0.8259220683677995,0.4656084656084656,RED,300.1789855957031,-0.02645502645502651
2020-07-30,0.8273836994286156,0.46031746031746035,RED,299.10791015625,-0.031746031746031744
2020-07-31,0.8288411443905643,0.44973544973544977,RED,301.4715576171875,-0.031746031746031744
2020-08-03,0.8290462509699185,0.4444444444444444,RED,303.56744384765625,-0.031746031746031744
2020-08-04,0.8286578505234763,0.44973544973544977,RED,304.7400207519531,-0.034391534391534306
2020-08-05,0.830310721884621,0.417989417989418,RED,306.6327819824219,-0.04761904761904756
2020-08-06,0.8321625811989233,0.4126984126984127,RED,308.6824035644531,-0.04761904761904767
2020-08-07,0.8302115657757565,0.417989417989418,RED,308.904052734375,-0.031746031746031744
2020-08-10,0.8307936934723452,0.40740740740740744,RED,309.82733154296875,-0.03703703703703698
2020-08-11,0.8234766422629981,0.47089947089947093,RED,307.2698669433594,0.021164021164021163
2020-08-12,0.8238619670283247,0.4656084656084656,RED,311.5538330078125,0.04761904761904756
2020-08-13,0.8217139345159077,0.47089947089947093,RED,310.9906005859375,0.05820105820105825
2020-08-14,0.8201555018496282,0.4920634920634921,RED,310.9998779296875,0.07407407407407407
2020-08-17,0.8249374783189115,0.4444444444444444,RED,311.98779296875,0.03703703703703698
2020-08-18,0.8261100772813637,0.43386243386243384,RED,312.66180419921875,-0.03703703703703709
2020-08-19,0.8237692181535553,0.455026455026455,RED,311.3599853515625,-0.010582010582010581
2020-08-20,0.8265000272667626,0.42328042328042326,RED,312.32940673828125,-0.04761904761904767
2020-08-21,0.8264975589652517,0.42328042328042326,RED,313.4374694824219,-0.06878306878306883
2020-08-24,0.8303982270994463,0.35978835978835977,RED,316.61346435546875,-0.08465608465608465
2020-08-25,0.8311792122857938,0.3492063492063492,RED,317.7213439941406,-0.08465608465608465
2020-08-26,0.8310817261478287,0.3492063492063492,YELLOW,320.90679931640625,-0.10582010582010581
2020-08-27,0.8299096812832154,0.37037037037037035,YELLOW,321.6084899902344,-0.05291005291005291
2020-08-28,0.8303047052437023,0.35978835978835977,RED,323.6858215332031,-0.06349206349206349
2020-08-31,0.8288469941792989,0.3915343915343915,RED,322.5132751464844,0.031746031746031744
2020-09-01,0.8335614638825938,0.31746031746031744,RED,325.5509033203125,-0.031746031746031744
2020-09-02,0.8344439262752237,0.3121693121693122,GREEN,330.2596435546875,-0.03703703703703698
2020-09-03,0.8293517649111163,0.37037037037037035,GREEN,318.8939514160156,0.0
2020-09-04,0.8273873804847952,0.40740740740740744,RED,316.29034423828125,0.04761904761904767
2020-09-08,0.8226897980199968,0.46031746031746035,RED,307.64825439453125,0.06878306878306883
2020-09-09,0.8290563578058882,0.37037037037037035,RED,313.7235107421875,0.05291005291005291
2020-09-10,0.8252353637781102,0.4285714285714286,RED,308.2761535644531,0.1164021164021164
2020-09-11,0.8267091323403423,0.4021164021164021,RED,308.4330749511719,0.031746031746031744
2020-09-14,0.8259233247755187,0.417989417989418,RED,312.4955749511719,0.010582010582010581
2020-09-15,0.8280794273241274,0.38095238095238093,RED,314.0743713378906,-0.07936507936507942
2020-09-16,0.8279837175735009,0.38095238095238093,RED,312.8279724121094,0.010582010582010581
2020-09-17,0.8272940298760192,0.3915343915343915,RED,310.0766296386719,-0.03703703703703709
2020-09-18,0.8251426706149275,0.4285714285714286,RED,306.5067443847656,0.02645502645502651
2020-09-21,0.8185801069511818,0.5026455026455027,RED,303.0954895019531,0.08465608465608465
2020-09-22,0.821229922566171,0.47619047619047616,RED,306.18231201171875,0.09523809523809523
2020-09-23,0.8129099476532644,0.5238095238095238,RED,299.0816345214844,0.1428571428571429
2020-09-24,0.8134934500061022,0.5132275132275133,RED,299.8788757324219,0.12169312169312174
2020-09-25,0.8119310411264685,0.5291005291005291,RED,304.72705078125,0.10052910052910047
2020-09-28,0.8171222781798163,0.4973544973544973,RED,309.78826904296875,-0.005291005291005346
2020-09-29,0.8179020736756017,0.4920634920634921,RED,308.1011962890625,0.015873015873015928
2020-09-30,0.8211349327192328,0.44973544973544977,RED,310.437255859375,-0.07407407407407407
2020-10-01,0.8241465511333632,0.3915343915343915,RED,312.43017578125,-0.12169312169312174
2020-10-02,0.8240512128988935,0.3915343915343915,RED,309.4638671875,-0.13756613756613756
2020-10-05,0.8305322486037081,0.22751322751322756,RED,314.9515380859375,-0.26984126984126977
2020-10-06,0.8286641251653288,0.2962962962962963,GREEN,310.4742431640625,-0.1957671957671958
2020-10-07,0.831710157574604,0.20105820105820105,GREEN,315.87860107421875,-0.24867724867724872
2020-10-08,0.8335786478759759,0.18518518518518523,GREEN,318.6780700683594,-0.20634920634920628
2020-10-09,0.8354477934696194,0.17460317460317465,GREEN,321.5238952636719,-0.21693121693121686
2020-10-12,0.839481577994364,0.16402116402116407,GREEN,326.69647216796875,-0.06349206349206349
2020-10-13,0.8358427290559246,0.1693121693121693,GREEN,324.56439208984375,-0.12698412698412698
2020-10-14,0.8337775870145336,0.17989417989417988,GREEN,322.5250549316406,-0.021164021164021163
2020-10-15,0.8329947151374427,0.19047619047619047,GREEN,322.1264953613281,0.005291005291005235
2020-10-16,0.8321080688051068,0.1957671957671958,GREEN,321.9317626953125,0.021164021164021163
2020-10-19,0.8291581208585651,0.2698412698412699,GREEN,317.0372314453125,0.10582010582010581
2020-10-20,0.8322043614646732,0.17989417989417988,YELLOW,318.30731201171875,0.010582010582010581
2020-10-21,0.8321058773638075,0.19047619047619047,GREEN,317.7047424316406,0.010582010582010581
2020-10-22,0.8338699570895948,0.14814814814814814,GREEN,319.44744873046875,-0.042328042328042326
2020-10-23,0.8347568599642814,0.13756613756613756,GREEN,320.5319519042969,-0.05820105820105825
2020-10-26,0.8272845152016718,0.33333333333333337,GREEN,314.6086120605469,0.06349206349206349
2020-10-27,0.8276777409716352,0.3121693121693122,RED,313.5240478515625,0.13227513227513232
2020-10-28,0.8207934924033479,0.455026455026455,RED,302.8081359863281,0.26455026455026454
2020-10-29,0.8229635123853365,0.40740740740740744,RED,305.8857727050781,0.2592592592592593
2020-10-30,0.8248289909774653,0.37037037037037035,RED,302.6968688964844,0.2328042328042328
2020-11-02,0.8268033201915552,0.31746031746031744,RED,306.089599609375,-0.015873015873015928
2020-11-03,0.834106911711238,0.11111111111111116,GREEN,311.4939270019531,-0.20105820105820105
2020-11-04,0.8417164208518094,0.05820105820105825,GREEN,318.45562744140625,-0.39682539682539675
2020-11-05,0.8448738744933695,0.05291005291005291,GREEN,324.6663513183594,-0.35449735449735453
2020-11-06,0.8418140923791627,0.05291005291005291,GREEN,324.5921325683594,-0.31746031746031744
2020-11-09,0.8485283302923573,0.03703703703703709,GREEN,328.6708984375,-0.28042328042328035
2020-11-10,0.8474409011021709,0.042328042328042326,GREEN,328.1889343261719,-0.06878306878306883
2020-11-11,0.8473407556097602,0.042328042328042326,GREEN,330.62689208984375,-0.015873015873015928
2020-11-12,0.8415108007068024,0.06349206349206349,GREEN,327.4194641113281,0.010582010582010581
2020-11-13,0.8443767760720133,0.042328042328042326,GREEN,331.9524230957031,-0.010582010582010581
2020-11-16,0.8489234622026779,0.010582010582010581,GREEN,336.095947265625,-0.02645502645502651
2020-11-17,0.8493186511708831,0.005291005291005346,GREEN,334.28839111328125,-0.03703703703703698
2020-11-18,0.8477376374561565,0.021164021164021163,GREEN,330.2653503417969,-0.021164021164021163
2020-11-19,0.8504055783165321,0.0,GREEN,331.6557922363281,-0.06349206349206349
2020-11-20,0.8487264238738985,0.015873015873015928,GREEN,329.3846740722656,-0.026455026455026398
2020-11-23,0.8500105565872399,0.005291005291005346,GREEN,331.3591003417969,-0.005291005291005235
2020-11-24,0.8524811676842301,0.0,GREEN,336.6986083984375,-0.005291005291005346
2020-11-25,0.8519869064060851,0.005291005291005346,GREEN,336.179443359375,-0.015873015873015817
2020-11-27,0.8533692275140468,0.0,GREEN,337.1156921386719,0.0
2020-11-30,0.852283617276937,0.010582010582010581,GREEN,335.623291015625,-0.005291005291005346
2020-12-01,0.8549389886552335,0.0,GREEN,339.29412841796875,-0.005291005291005346
2020-12-02,0.8571211969841512,0.0,GREEN,340.0079040527344,0.0
2020-12-03,0.8574175345984238,0.0,GREEN,339.91522216796875,-0.005291005291005346
2020-12-04,0.8610866502644594,0.0,GREEN,342.8445129394531,0.0
2020-12-07,0.8604912128086633,0.005291005291005346,GREEN,342.13995361328125,-0.005291005291005235
2020-12-08,0.8599959921843563,0.010582010582010581,GREEN,343.14105224609375,0.010582010582010581
2020-12-09,0.8588067721004655,0.015873015873015928,GREEN,340.06353759765625,0.015873015873015928
2020-12-10,0.860193753794057,0.010582010582010581,GREEN,339.9523010253906,0.010582010582010581
2020-12-11,0.8588045174689394,0.02645502645502651,GREEN,339.5536804199219,0.02645502645502651
2020-12-14,0.8591024884557346,0.021164021164021163,GREEN,338.033447265625,0.015873015873015817
2020-12-15,0.8617777901802243,0.0,GREEN,342.6034240722656,-0.010582010582010581
2020-12-16,0.8604895028458074,0.015873015873015928,GREEN,343.14105224609375,0.0
2020-12-17,0.8617531747571622,0.005291005291005346,GREEN,345.0599365234375,-0.005291005291005235
2020-12-18,0.8625492811855916,0.0,GREEN,343.68218994140625,-0.02645502645502651
2020-12-21,0.8594643804743789,0.042328042328042326,GREEN,342.45330810546875,0.021164021164021163
2020-12-22,0.8605592436648407,0.021164021164021163,GREEN,341.8761291503906,0.021164021164021163
2020-12-23,0.8642399708775554,0.0,GREEN,342.1833801269531,-0.015873015873015928
2020-12-24,0.8662310319511244,0.0,GREEN,343.5146179199219,-0.005291005291005346
2020-12-28,0.867225549650202,0.0,GREEN,346.4656677246094,0.0
2020-12-29,0.8661311149674218,0.010582010582010581,GREEN,345.80474853515625,-0.031746031746031744
2020-12-30,0.8678214513719037,0.0,GREEN,346.298095703125,-0.021164021164021163
2020-12-31,0.868618979375185,0.0,GREEN,348.0575256347656,0.0
2021-01-04,0.8667273451414612,0.015873015873015928,GREEN,343.31915283203125,0.015873015873015928
2021-01-05,0.8670252982099246,0.015873015873015928,GREEN,345.6837463378906,0.015873015873015928
2021-01-06,0.8659355092821135,0.03703703703703709,GREEN,347.7504577636719,0.02645502645502651
2021-01-07,0.8682222369112074,0.005291005291005346,GREEN,352.9171142578125,0.005291005291005346
2021-01-08,0.8696173397585865,0.0,GREEN,354.9278564453125,0.0
2021-01-11,0.865039116160817,0.05291005291005291,GREEN,352.5354309082031,0.03703703703703698
2021-01-12,0.866134360600791,0.042328042328042326,GREEN,352.60980224609375,0.026455026455026398
2021-01-13,0.8688224642154978,0.005291005291005346,GREEN,353.55938720703125,-0.031746031746031744
2021-01-14,0.8685241039445127,0.015873015873015928,GREEN,352.3211975097656,0.010582010582010581
2021-01-15,0.8670289445766999,0.03703703703703709,GREEN,349.75189208984375,0.03703703703703709
2021-01-19,0.869215559105618,0.005291005291005346,GREEN,352.49810791015625,-0.04761904761904756
2021-01-20,0.8709084059841774,0.0,GREEN,357.376220703125,-0.042328042328042326
2021-01-21,0.8703099937883981,0.005291005291005346,GREEN,357.7020263671875,0.0
2021-01-22,0.868618979375185,0.02910052910052907,GREEN,356.43597412109375,0.013227513227513144
2021-01-25,0.8687167207676109,0.02645502645502651,GREEN,357.84173583984375,-0.010582010582010581
2021-01-26,0.8675240409945575,0.05820105820105825,GREEN,357.2830810546875,0.05291005291005291
2021-01-27,0.8650366802846416,0.11111111111111116,GREEN,348.5509948730469,0.11111111111111116
2021-01-28,0.8677237615940693,0.05820105820105825,GREEN,351.548583984375,0.05291005291005291
2021-01-29,0.8651352825891896,0.11111111111111116,GREEN,344.51068115234375,0.08201058201058209
2021-02-01,0.8678098314859918,0.05820105820105825,GREEN,350.2452697753906,0.031746031746031744
2021-02-02,0.8702084221520716,0.010582010582010581,GREEN,355.19781494140625,-0.04761904761904767
2021-02-03,0.8708066228178061,0.005291005291005346,GREEN,355.4770812988281,-0.10582010582010581
2021-02-04,0.8726039103771674,0.0,GREEN,359.51739501953125,-0.05820105820105825
2021-02-05,0.8736999416416962,0.0,GREEN,360.93243408203125,-0.11111111111111116
2021-02-08,0.8763963295789015,0.0,GREEN,363.5389709472656,-0.05820105820105825
2021-02-09,0.8750019140522056,0.005291005291005346,GREEN,363.2969665527344,-0.005291005291005235
2021-02-10,0.8747006619231894,0.010582010582010581,GREEN,363.1387023925781,0.005291005291005235
2021-02-11,0.8750999472387365,0.005291005291005346,GREEN,363.72515869140625,0.005291005291005346
2021-02-12,0.8763963295789015,0.002645502645502673,GREEN,365.5218505859375,0.002645502645502673
2021-02-16,0.875303261359304,0.010582010582010581,GREEN,365.20538330078125,0.010582010582010581
2021-02-17,0.8748006847078358,0.02645502645502651,GREEN,365.2891845703125,0.021164021164021163
2021-02-18,0.8736026273054345,0.042328042328042326,GREEN,363.73443603515625,0.031746031746031744
2021-02-19,0.8736012532319832,0.04761904761904767,GREEN,363.0921630859375,0.042328042328042326
2021-02-22,0.871107623730379,0.05820105820105825,GREEN,360.2993469238281,0.05555555555555558
2021-02-23,0.8731029162937217,0.05291005291005291,GREEN,360.7369079589844,0.042328042328042326
2021-02-24,0.8742047701299047,0.03703703703703709,GREEN,364.71197509765625,0.010582010582010581
2021-02-25,0.867220376310392,0.16402116402116407,GREEN,355.9239807128906,0.12169312169312174
2021-02-26,0.863518736770184,0.22751322751322756,GREEN,354.0899658203125,0.17989417989417988
2021-03-01,0.8732941935433154,0.05820105820105825,GREEN,362.6731872558594,0.0
2021-03-02,0.8717884954579644,0.07407407407407407,GREEN,359.8431701660156,0.021164021164021163
2021-03-03,0.8694854914930454,0.11111111111111116,GREEN,355.07684326171875,0.07407407407407407
2021-03-04,0.866174898553419,0.2063492063492064,GREEN,350.6827697753906,0.042328042328042326
2021-03-05,0.8687831864585588,0.12698412698412698,GREEN,357.1341552734375,-0.10052910052910058
2021-03-08,0.8627644343357287,0.2592592592592593,GREEN,355.3560485839844,0.20105820105820105
2021-03-09,0.8639686319629147,0.25396825396825395,YELLOW,360.4296875,0.17989417989417988
2021-03-10,0.8663758307862257,0.2063492063492064,YELLOW,362.6731872558594,0.09523809523809523
2021-03-11,0.8695854031050432,0.11111111111111116,GREEN,366.3504333496094,-0.09523809523809523
2021-03-12,0.8672789037931189,0.18518518518518523,GREEN,366.8437805175781,0.05820105820105825
2021-03-15,0.8672786647775877,0.19047619047619047,GREEN,369.0315246582031,-0.06878306878306883
2021-03-16,0.8652725686569712,0.25396825396825395,GREEN,368.5660705566406,0.0
2021-03-17,0.8662750824810393,0.22751322751322756,GREEN,369.82281494140625,0.021164021164021163
2021-03-18,0.859756356955226,0.3492063492063492,GREEN,364.4421081542969,0.23809523809523803
2021-03-19,0.8630658587839702,0.2962962962962963,RED,363.7677001953125,0.11111111111111105
2021-03-22,0.8662758183552451,0.22751322751322756,RED,366.6723937988281,0.03703703703703709
2021-03-23,0.8670773822616751,0.2063492063492064,GREEN,363.7864074707031,-0.04761904761904756
2021-03-24,0.8673784769587188,0.18518518518518523,GREEN,361.9371032714844,-0.042328042328042326
2021-03-25,0.8687812312091249,0.13756613756613756,GREEN,363.97314453125,-0.21164021164021163
2021-03-26,0.8713876046305654,0.07936507936507942,GREEN,369.838623046875,-0.21693121693121686
2021-03-29,0.872091391773547,0.07407407407407407,GREEN,369.65179443359375,-0.1534391534391535
2021-03-30,0.8699853685107289,0.1164021164021164,GREEN,368.6711120605469,-0.08994708994709
2021-03-31,0.8745014049241869,0.03703703703703709,GREEN,370.16546630859375,-0.14814814814814814
2021-04-01,0.8763631204712639,0.010582010582010581,GREEN,374.1628723144531,-0.12698412698412698
2021-04-05,0.8769685424525809,0.0,GREEN,379.5332946777344,-0.07936507936507942
2021-04-06,0.878275698860459,0.0,GREEN,379.3091735839844,-0.07407407407407407
2021-04-07,0.8778720009404505,0.005291005291005346,GREEN,379.7481384277344,-0.11111111111111105
2021-04-08,0.877868077818552,0.010582010582010581,GREEN,381.5507507324219,-0.02645502645502651
2021-04-09,0.8775697420949684,0.015873015873015928,GREEN,384.3246765136719,0.005291005291005346
2021-04-12,0.8768670172256895,0.02645502645502651,GREEN,384.46478271484375,0.02645502645502651
2021-04-13,0.8771661090447058,0.021164021164021163,GREEN,385.60418701171875,0.021164021164021163
2021-04-14,0.8767634800812073,0.03703703703703709,GREEN,384.287353515625,0.031746031746031744
2021-04-15,0.880081115835578,0.0,GREEN,388.4154968261719,-0.010582010582010581
2021-04-16,0.8783730633914971,0.005291005291005346,GREEN,389.7137756347656,-0.010582010582010581
2021-04-19,0.8770656030165115,0.03703703703703709,GREEN,387.79901123046875,0.010582010582010581
2021-04-20,0.875352987021809,0.07407407407407407,GREEN,384.959716796875,0.05291005291005291
2021-04-21,0.8780678047974886,0.015873015873015928,GREEN,388.602294921875,-0.021164021164021163
2021-04-22,0.8765592291156942,0.06349206349206349,GREEN,385.0530700683594,0.06349206349206349
2021-04-23,0.8790771288884374,0.005291005291005346,GREEN,389.22808837890625,0.0
2021-04-26,0.878878286976727,0.010582010582010581,GREEN,390.0406494140625,-0.02645502645502651
2021-04-27,0.8777723463025265,0.042328042328042326,GREEN,389.9565734863281,-0.031746031746031744
2021-04-28,0.8792793566565787,0.005291005291005346,GREEN,389.8444519042969,-0.010582010582010581
2021-04-29,0.880081115835578,0.002645502645502673,GREEN,392.32891845703125,-0.060846560846560815
2021-04-30,0.8795772918416975,0.010582010582010581,GREEN,389.7511291503906,0.005291005291005235
2021-05-03,0.8800019108409283,0.010582010582010581,GREEN,390.5916748046875,0.0
2021-05-04,0.879496888483787,0.021164021164021163,GREEN,388.1820068359375,-0.021164021164021163
2021-05-05,0.8810095931012858,0.0,GREEN,388.303466796875,-0.005291005291005346
2021-05-06,0.8807064080562382,0.005291005291005346,GREEN,391.4042053222656,0.002645502645502673
2021-05-07,0.8810053379886794,0.005291005291005346,GREEN,394.25286865234375,-0.005291005291005235
2021-05-10,0.8792931566631388,0.042328042328042326,GREEN,390.3488464355469,0.031746031746031744
2021-05-11,0.8784873214374429,0.06349206349206349,GREEN,386.8650817871094,0.042328042328042326
2021-05-12,0.874349510341973,0.19047619047619047,GREEN,378.6460266113281,0.19047619047619047
2021-05-13,0.8772755503680136,0.10582010582010581,GREEN,383.194580078125,0.10052910052910047
2021-05-14,0.8801007432819675,0.015873015873015928,GREEN,389.0785827636719,0.010582010582010581
2021-05-17,0.8784863761195377,0.07407407407407407,GREEN,388.0886535644531,0.031746031746031744
2021-05-18,0.876265467043302,0.1693121693121693,GREEN,384.7449645996094,0.10582010582010581
2021-05-19,0.8742482236788465,0.21693121693121697,GREEN,383.7362976074219,0.02645502645502651
2021-05-20,0.8775760214430717,0.11111111111111116,GREEN,387.8645324707031,0.005291005291005346
2021-05-21,0.8790915370967911,0.05820105820105825,GREEN,387.5469665527344,0.042328042328042326
2021-05-24,0.8798964756093924,0.03703703703703709,GREEN,391.4977111816406,-0.03703703703703698
2021-05-25,0.8799977153071199,0.03703703703703709,GREEN,390.6290283203125,-0.1322751322751322
2021-05-26,0.8800964142659113,0.021164021164021163,GREEN,391.4042053222656,-0.1957671957671958
2021-05-27,0.8796926571188357,0.05291005291005291,GREEN,391.6097412109375,-0.05820105820105825
2021-05-28,0.8793901162184079,0.06878306878306883,GREEN,392.3102722167969,0.010582010582010581
2021-06-01,0.8822162632615975,0.0,GREEN,391.9646911621094,-0.03703703703703709
2021-06-02,0.8832273267692125,0.0,GREEN,392.5810241699219,-0.03703703703703709
2021-06-03,0.88171142697774,0.010582010582010581,GREEN,391.12408447265625,-0.010582010582010581
2021-06-04,0.8833282502289411,0.0,GREEN,394.70123291015625,-0.05291005291005291
2021-06-07,0.8837349251951213,0.0,GREEN,394.31829833984375,-0.06878306878306883
2021-06-08,0.8841367586269754,0.0,GREEN,394.40234375,0.0
2021-06-09,0.8850506086332849,0.0,GREEN,393.81390380859375,0.0
2021-06-10,0.8863619336403703,0.0,GREEN,395.64453125,-0.010582010582010581
2021-06-11,0.8868709456870632,0.0,GREEN,396.2983093261719,0.0
2021-06-14,0.8863693245569914,0.005291005291005346,GREEN,397.1856384277344,0.005291005291005346
2021-06-15,0.8863708344590043,0.005291005291005346,GREEN,396.45709228515625,0.005291005291005346
2021-06-16,0.8859776890570555,0.021164021164021163,GREEN,394.2435302734375,0.021164021164021163
2021-06-17,0.8865853844270825,0.005291005291005346,GREEN,394.11273193359375,0.005291005291005346
2021-06-18,0.886900141301765,0.0,GREEN,388.79608154296875,0.0
2021-06-21,0.8884184072312594,0.0,GREEN,394.3620300292969,-0.005291005291005346
2021-06-22,0.8885114509475862,0.0,GREEN,396.47039794921875,-0.005291005291005346
2021-06-23,0.8882172723092283,0.010582010582010581,GREEN,395.9925231933594,-0.010582010582010581
2021-06-24,0.8908525165313352,0.0,GREEN,398.33514404296875,-0.005291005291005346
2021-06-25,0.8918691138644621,0.0,GREEN,399.7499694824219,0.0
2021-06-28,0.8914568959237248,0.005291005291005346,GREEN,400.5558776855469,0.005291005291005346
2021-06-29,0.8926760074184334,0.0,GREEN,400.7713623046875,0.0
2021-06-30,0.892569770010926,0.005291005291005346,GREEN,401.1087951660156,-0.005291005291005235
2021-07-01,0.8944959432926745,0.0,GREEN,403.32958984375,0.0
2021-07-02,0.8955051366883879,0.0,GREEN,406.412353515625,0.0
2021-07-06,0.8946850399654941,0.005291005291005346,GREEN,405.6720886230469,0.0
2021-07-07,0.8948858475476573,0.005291005291005346,GREEN,407.1057434082031,0.005291005291005346
2021-07-08,0.8925409018793226,0.031746031746031744,GREEN,403.7886657714844,0.026455026455026398
2021-07-09,0.8943755155304509,0.021164021164021163,GREEN,408.0989685058594,0.021164021164021163
2021-07-12,0.894278216461561,0.02645502645502651,GREEN,409.560791015625,0.02645502645502651
2021-07-13,0.8923592674819435,0.04761904761904767,GREEN,408.1646423339844,0.042328042328042326
2021-07-14,0.8931618997585498,0.031746031746031744,GREEN,408.7737121582031,0.026455026455026398
2021-07-15,0.8924481660477102,0.05291005291005291,GREEN,407.3775329589844,0.021164021164021163
2021-07-16,0.891332040287764,0.07407407407407407,GREEN,404.1821594238281,0.05291005291005291
2021-07-19,0.8849223207296206,0.1428571428571429,GREEN,398.2132873535156,0.1164021164021164
2021-07-20,0.8889814818359435,0.08465608465608465,GREEN,403.9197998046875,0.03703703703703698
2021-07-21,0.8914247718511549,0.07407407407407407,GREEN,407.19012451171875,0.042328042328042326
2021-07-22,0.8918298014269369,0.06878306878306883,GREEN,408.04278564453125,0.015873015873015928
2021-07-23,0.8934533160413364,0.031746031746031744,GREEN,412.24078369140625,-0.042328042328042326
2021-07-26,0.8923394230804115,0.06878306878306883,GREEN,413.25274658203125,-0.07407407407407407
2021-07-27,0.8909134196482331,0.10052910052910058,GREEN,411.3692626953125,0.015873015873015928
2021-07-28,0.8915209822087891,0.08465608465608465,GREEN,411.20062255859375,0.010582010582010581
2021-07-29,0.8934506922072759,0.03703703703703709,GREEN,412.906005859375,-0.031746031746031744
2021-07-30,0.8920253085512043,0.07936507936507942,GREEN,410.9008483886719,0.04761904761904767
2021-08-02,0.889484854525721,0.12698412698412698,GREEN,410.0387268066406,0.05820105820105814
2021-08-03,0.890503144274159,0.12698412698412698,GREEN,413.3745422363281,0.026455026455026398
2021-08-04,0.8891824765910389,0.13756613756613756,GREEN,411.3412170410156,0.05291005291005291
2021-08-05,0.8916332444571092,0.09523809523809523,GREEN,413.9461364746094,0.05820105820105814
2021-08-06,0.8909240108394091,0.12169312169312174,GREEN,414.6301574707031,0.042328042328042326
2021-08-09,0.8891944690252994,0.14814814814814814,GREEN,414.2928771972656,0.021164021164021163
2021-08-10,0.8874635878469576,0.17989417989417988,GREEN,414.8082275390625,0.05291005291005291
2021-08-11,0.8884792070120026,0.1693121693121693,GREEN,415.8389587402344,0.031746031746031744
2021-08-12,0.8900090698869269,0.1428571428571429,GREEN,417.0851745605469,0.04761904761904767
2021-08-13,0.8918432171673227,0.08994708994709,GREEN,417.8442687988281,-0.031746031746031744
2021-08-16,0.8919422986486778,0.08465608465608465,GREEN,418.828125,-0.06349206349206349
2021-08-17,0.89010979483921,0.1534391534391535,GREEN,416.0826110839844,-0.026455026455026398
2021-08-18,0.8880701127243683,0.2063492063492064,GREEN,411.528564453125,0.03703703703703709
2021-08-19,0.8879682949545867,0.21164021164021163,GREEN,412.1658020019531,0.06878306878306872
2021-08-20,0.89010979483921,0.15608465608465605,GREEN,415.44537353515625,0.06613756613756605
2021-08-23,0.8928626045812149,0.04761904761904767,GREEN,419.0999450683594,-0.03703703703703698
2021-08-24,0.8941901304789336,0.031746031746031744,GREEN,419.76513671875,-0.12169312169312174
2021-08-25,0.8952123866535772,0.005291005291005346,GREEN,420.6459655761719,-0.20105820105820105
2021-08-26,0.8947017681275626,0.015873015873015928,GREEN,418.1628112792969,-0.1957671957671957
2021-08-27,0.8965258871441572,0.0,GREEN,421.9015808105469,-0.15608465608465605
2021-08-30,0.8974387982177162,0.0,GREEN,423.7569580078125,-0.04761904761904767
2021-08-31,0.897746789839724,0.0,GREEN,423.1291809082031,-0.031746031746031744
2021-09-01,0.8985860035572085,0.0,GREEN,423.3540344238281,-0.005291005291005346
2021-09-02,0.8997110826029288,0.0,GREEN,424.6565246582031,-0.015873015873015928
2021-09-03,0.8998129503187825,0.0,GREEN,424.553466796875,0.0
2021-09-07,0.8977741352891764,0.015873015873015928,GREEN,423.0354309082031,0.015873015873015928
2021-09-08,0.8985886101862844,0.010582010582010581,GREEN,422.5201110839844,0.010582010582010581
2021-09-09,0.8991977964463264,0.010582010582010581,GREEN,420.7115783691406,0.010582010582010581
2021-09-10,0.898181203956771,0.02645502645502651,GREEN,417.3944396972656,0.02645502645502651
2021-09-13,0.9002219325726405,0.0,GREEN,418.4626770019531,0.0
2021-09-14,0.8997087887759003,0.015873015873015928,GREEN,416.2044372558594,0.0
2021-09-15,0.9010375501786508,0.0,GREEN,419.6808776855469,-0.010582010582010581
2021-09-16,0.9010443410838963,0.0,GREEN,419.0155334472656,-0.010582010582010581
2021-09-17,0.9001286487785524,0.015873015873015928,GREEN,414.93389892578125,-0.010582010582010581
2021-09-20,0.8967494842190844,0.07407407407407407,GREEN,408.0152282714844,0.07407407407407407
2021-09-21,0.8980749520687711,0.05820105820105825,GREEN,407.6297302246094,0.042328042328042326
2021-09-22,0.9002332824102401,0.010582010582010581,GREEN,411.6061706542969,0.010582010582010581
2021-09-23,0.9011649607126876,0.0,GREEN,416.607177734375,0.0
2021-09-24,0.9001476738790802,0.02645502645502651,GREEN,417.2933654785156,0.010582010582010581
2021-09-27,0.8994334067482739,0.05291005291005291,GREEN,416.0995788574219,-0.021164021164021163
2021-09-28,0.8952325777820743,0.1164021164021164,GREEN,407.7143859863281,0.05820105820105814
2021-09-29,0.8965590463712549,0.10582010582010581,GREEN,408.40057373046875,0.09523809523809523
2021-09-30,0.8953279360188797,0.12169312169312174,GREEN,403.40899658203125,0.12169312169312174
2021-10-01,0.8970461621276705,0.10052910052910058,GREEN,408.20318603515625,0.07407407407407407
2021-10-04,0.89427970755406,0.1693121693121693,GREEN,402.93902587890625,0.1164021164021164
2021-10-05,0.8939730823526374,0.18518518518518523,GREEN,407.1315612792969,0.06878306878306883
2021-10-06,0.8935635359506148,0.19047619047619047,GREEN,408.8235778808594,0.08465608465608465
2021-10-07,0.8939778316100873,0.18518518518518523,GREEN,412.3581237792969,0.06349206349206349
2021-10-08,0.8916178847262306,0.2857142857142857,GREEN,411.6061706542969,0.18518518518518512
2021-10-11,0.8895662011376932,0.3492063492063492,RED,408.6262512207031,0.17989417989417988
2021-10-12,0.8907974245875947,0.328042328042328,RED,407.62030029296875,0.1428571428571428
2021-10-13,0.8934731272830235,0.20105820105820105,RED,409.0868225097656,0.010582010582010581
2021-10-14,0.8985124088495223,0.07407407407407407,GREEN,415.96795654296875,-0.11111111111111116
2021-10-15,0.897491244908867,0.10052910052910058,GREEN,419.1358947753906,-0.18518518518518512
2021-10-18,0.897706468972052,0.10052910052910058,GREEN,420.376708984375,-0.2486772486772486
2021-10-19,0.8980106610368627,0.08994708994709,GREEN,423.619873046875,-0.23809523809523803
2021-10-20,0.8980061194670694,0.09523809523809523,GREEN,425.28375244140625,-0.10582010582010581
2021-10-21,0.8967854402710662,0.13227513227513232,GREEN,426.3930358886719,0.05820105820105825
2021-10-22,0.8948304616149808,0.17989417989417988,GREEN,425.951171875,0.0793650793650793
2021-10-25,0.8959588291198853,0.1534391534391535,GREEN,428.2354431152344,0.05291005291005291
2021-10-26,0.8963734858829475,0.1534391534391535,GREEN,428.62091064453125,0.06349206349206349
2021-10-27,0.8958610433329146,0.16402116402116407,GREEN,426.72198486328125,0.06878306878306883
2021-10-28,0.8980234814052409,0.08994708994709,GREEN,430.8393859863281,-0.042328042328042326
2021-10-29,0.8955489699521219,0.17460317460317465,GREEN,431.7136535644531,-0.005291005291005235
2021-11-01,0.8949944992104922,0.20105820105820105,GREEN,432.45623779296875,0.04761904761904756
2021-11-02,0.8962260639933204,0.16402116402116407,GREEN,434.2047424316406,0.010582010582010581
2021-11-03,0.898190836873874,0.07936507936507942,GREEN,436.85565185546875,-0.08465608465608465
2021-11-04,0.8997291342300477,0.042328042328042326,GREEN,438.91436767578125,-0.04761904761904767
2021-11-05,0.9027152159735843,0.0,GREEN,440.43719482421875,-0.17460317460317465
2021-11-08,0.9026298660845757,0.005291005291005346,GREEN,440.813232421875,-0.1957671957671957
2021-11-09,0.9028273192403841,0.0,GREEN,439.3561096191406,-0.16402116402116407
2021-11-10,0.899548581882349,0.07407407407407407,GREEN,435.8215637207031,-0.005291005291005346
2021-11-11,0.8986262411821179,0.08994708994709,GREEN,435.96258544921875,0.04761904761904767
2021-11-12,0.8982031447144632,0.11111111111111116,GREEN,439.252685546875,0.11111111111111116
2021-11-15,0.8972733632725879,0.17460317460317465,GREEN,439.40313720703125,0.1693121693121693
2021-11-16,0.8976871682774612,0.16402116402116407,GREEN,441.1421813964844,0.16402116402116407
2021-11-17,0.8964422086052048,0.21164021164021163,GREEN,440.0705871582031,0.13756613756613756
2021-11-18,0.8958230226841033,0.23809523809523814,GREEN,441.5652160644531,0.14814814814814814
2021-11-19,0.8953078401363713,0.2592592592592593,GREEN,440.775634765625,0.14814814814814814
2021-11-22,0.8929361236845769,0.3650793650793651,YELLOW,439.5347595214844,0.19047619047619047
2021-11-23,0.8916934620648036,0.43386243386243384,RED,440.1175842285156,0.26984126984126977
2021-11-24,0.8916943751380522,0.43386243386243384,RED,441.2926025390625,0.2222222222222222
2021-11-26,0.8835188112356177,0.6402116402116402,RED,431.4504699707031,0.4021164021164021
2021-11-29,0.8885832388848854,0.544973544973545,RED,436.74285888671875,0.2857142857142857
2021-11-30,0.8855852061252344,0.6243386243386244,RED,428.2449035644531,0.2592592592592593
2021-12-01,0.8856072997804036,0.6243386243386244,RED,423.4882507324219,0.19047619047619058
2021-12-02,0.8932884622265977,0.35978835978835977,RED,429.97454833984375,-0.07407407407407407
2021-12-03,0.8927669196698127,0.38095238095238093,RED,426.233154296875,-0.2592592592592593
2021-12-06,0.8974451605210504,0.17460317460317465,RED,431.28118896484375,-0.37037037037037035
2021-12-07,0.9033844174624514,0.0,GREEN,440.2021484375,-0.6243386243386244
2021-12-08,0.9028599949317393,0.005291005291005346,GREEN,441.3677978515625,-0.6190476190476191
2021-12-09,0.8991193525783586,0.10052910052910058,GREEN,438.3879089355469,-0.2592592592592592
2021-12-10,0.9007789433435972,0.042328042328042326,GREEN,442.5146484375,-0.3386243386243386
2021-12-13,0.9002526572723826,0.04761904761904767,GREEN,438.5947265625,-0.12698412698412698
2021-12-14,0.8992195751195986,0.10582010582010581,GREEN,435.5771789550781,0.10582010582010581
2021-12-15,0.9023342051724432,0.02645502645502651,GREEN,442.383056640625,0.021164021164021163
2021-12-16,0.90095066634421,0.04761904761904767,GREEN,438.4819641113281,-0.05291005291005291
2021-12-17,0.9005371290125721,0.05820105820105825,GREEN,433.815185546875,0.015873015873015928
2021-12-20,0.8987635165919848,0.13756613756613756,GREEN,429.2023010253906,0.08994708994708989
2021-12-21,0.9040865672846982,0.0,GREEN,436.824462890625,-0.10582010582010581
2021-12-22,0.9065914109642714,0.0,GREEN,441.1921691894531,-0.02645502645502651
2021-12-23,0.9093055550200425,0.0,GREEN,443.93731689453125,-0.04761904761904767
2021-12-27,0.9105636271011893,0.0,GREEN,450.219970703125,-0.05820105820105825
2021-12-28,0.9101461526117429,0.005291005291005346,GREEN,449.8520202636719,-0.1322751322751322
2021-12-29,0.9087915008365695,0.015873015873015928,GREEN,450.4275207519531,0.015873015873015928
2021-12-30,0.9078430461454364,0.021164021164021163,GREEN,449.1822204589844,0.021164021164021163
2021-12-31,0.9077406506016811,0.02645502645502651,GREEN,448.05023193359375,0.02645502645502651
2022-01-03,0.9083845284596683,0.021164021164021163,GREEN,450.6444091796875,0.021164021164021163
2022-01-04,0.9055577107051894,0.042328042328042326,GREEN,450.4935302734375,0.03703703703703698
2022-01-05,0.8997215240727059,0.1534391534391535,GREEN,441.84307861328125,0.13756613756613756
2022-01-06,0.9005638079014091,0.11111111111111116,GREEN,441.4280090332031,0.08994708994709
2022-01-07,0.8984738182914263,0.22751322751322756,GREEN,439.68280029296875,0.20105820105820105
2022-01-10,0.8997334178869358,0.1534391534391535,GREEN,439.13568115234375,0.13227513227513232
2022-01-11,0.9036030025105743,0.05291005291005291,GREEN,443.1353759765625,0.010582010582010581
2022-01-12,0.9053869218263049,0.04761904761904767,GREEN,444.33343505859375,-0.10582010582010581
2022-01-13,0.9017180130058281,0.09523809523809523,GREEN,438.21124267578125,-0.015873015873015928
2022-01-14,0.9020444774711878,0.09523809523809523,GREEN,438.390380859375,-0.13227513227513232
2022-01-18,0.8990160897992202,0.22751322751322756,GREEN,430.6267395019531,0.07407407407407407
2022-01-19,0.8977543911264749,0.30687830687830686,GREEN,426.1551513671875,0.25396825396825395
2022-01-20,0.8962867273794036,0.3862433862433863,RED,421.43853759765625,0.3386243386243386
2022-01-21,0.8956545649630375,0.4126984126984127,RED,413.1654357910156,0.31746031746031744
2022-01-24,0.8941857808751876,0.5026455026455027,RED,414.91998291015625,0.40740740740740744
2022-01-25,0.8919854446700203,0.6031746031746033,RED,409.85430908203125,0.3756613756613757
2022-01-26,0.8905147319010006,0.6931216931216931,RED,408.8260803222656,0.3862433862433863
2022-01-27,0.8873611065118198,0.7883597883597884,RED,406.8073425292969,0.4021164021164021
2022-01-28,0.8895684692512221,0.7195767195767195,RED,416.9105529785156,0.30687830687830686
2022-01-31,0.8897783271363614,0.7195767195767195,RED,424.4195251464844,0.21693121693121686
2022-02-01,0.8933841189058411,0.5396825396825398,RED,427.28729248046875,-0.06349206349206349
2022-02-02,0.8945437751223916,0.47619047619047616,RED,431.4379577636719,-0.21693121693121697
2022-02-03,0.887263573727414,0.8148148148148149,RED,421.29705810546875,0.02645502645502651
2022-02-04,0.8855560153022928,0.8677248677248677,RED,423.278076171875,0.14814814814814814
2022-02-07,0.8847130893463854,0.8835978835978836,RED,421.91961669921875,0.16402116402116407
2022-02-08,0.8847017573143338,0.8888888888888888,RED,425.3910827636719,0.3492063492063491
2022-02-09,0.8894619108826269,0.7513227513227514,RED,431.61724853515625,0.27513227513227523
2022-02-10,0.8821997930460164,0.9312169312169312,RED,423.8630065917969,0.11640211640211628
2022-02-11,0.8764087058724167,0.9841269841269842,RED,415.5049133300781,0.1164021164021165
2022-02-14,0.8767933623391206,0.9788359788359788,RED,414.146484375,0.09523809523809523
2022-02-15,0.8779681484369628,0.9735449735449735,RED,420.8253173828125,0.08465608465608465
2022-02-16,0.8817036688139405,0.9417989417989419,RED,421.29705810546875,0.19047619047619047
2022-02-17,0.8774713481620044,0.9841269841269842,RED,412.2975158691406,0.05291005291005302
2022-02-18,0.8786394034005054,0.9735449735449735,RED,409.6279296875,-0.010582010582010692
2022-02-22,0.8774564843124723,0.9841269841269842,RED,405.23193359375,0.005291005291005346
2022-02-23,0.8763836522245844,0.9947089947089947,RED,398.04364013671875,0.021164021164021163
2022-02-24,0.8819156344052022,0.9365079365079365,RED,404.03387451171875,-0.005291005291005346
2022-02-25,0.8869013488289569,0.8253968253968254,RED,412.948486328125,-0.15873015873015883
2022-02-28,0.8859638366359417,0.8677248677248677,RED,411.8918151855469,-0.10582010582010581
2022-03-01,0.8814537947847004,0.9576719576719577,RED,405.6187438964844,-0.02645502645502651
2022-03-02,0.8865044147797541,0.8465608465608465,RED,413.08056640625,-0.14814814814814814
2022-03-03,0.8838447616347628,0.9206349206349207,RED,411.02398681640625,-0.015873015873015817
2022-03-04,0.8771652153659171,0.9788359788359788,RED,407.68463134765625,0.1534391534391535
2022-03-07,0.8706463204452812,0.9947089947089947,RED,395.6663513183594,0.12698412698412698
2022-03-08,0.8686920914323714,0.9947089947089947,RED,392.66656494140625,0.03703703703703698
2022-03-09,0.876457670915508,0.9735449735449735,RED,403.19427490234375,0.12698412698412698
2022-03-10,0.8698236056480808,0.9894179894179894,RED,401.37371826171875,0.06878306878306872
2022-03-11,0.8638350327025867,0.9947089947089947,RED,396.2701416015625,0.015873015873015817
2022-03-14,0.8558258797957354,0.9947089947089947,RED,393.3741149902344,0.0
2022-03-15,0.8619391133485055,0.9894179894179894,RED,402.0245361328125,-0.005291005291005235
2022-03-16,0.874861598984706,0.962962962962963,RED,410.93914794921875,-0.01058201058201047
2022-03-17,0.8811730532242725,0.91005291005291,RED,416.0804443359375,-0.07936507936507942
2022-03-18,0.884276157385328,0.873015873015873,RED,420.6375732421875,-0.12169312169312163
2022-03-21,0.877025553366326,0.9365079365079365,RED,420.5146484375,-0.05820105820105814
2022-03-22,0.8821743158909414,0.8835978835978836,RED,425.4351806640625,-0.10582010582010581
2022-03-23,0.8786406532639169,0.9047619047619048,RED,419.956298828125,-0.05820105820105825
2022-03-24,0.8806784136505744,0.8994708994708995,RED,426.286865234375,-0.01058201058201047
2022-03-25,0.8767484363759085,0.9417989417989419,RED,428.36865234375,0.06878306878306883
2022-03-28,0.8830944914445381,0.8571428571428572,RED,431.4156494140625,-0.0793650793650793
2022-03-29,0.8935650826333311,0.5238095238095238,RED,436.7525939941406,-0.35978835978835977
2022-03-30,0.8902274716480012,0.6931216931216931,RED,434.0558166503906,-0.21164021164021163
2022-03-31,0.8869938295310381,0.7883597883597884,RED,427.3750305175781,-0.11111111111111116
2022-04-01,0.8887849576434693,0.746031746031746,RED,428.5863037109375,-0.1957671957671958
2022-04-04,0.8949707182502409,0.44973544973544977,RED,432.2578430175781,-0.40740740740740744
2022-04-05,0.8849688208495435,0.8201058201058201,RED,426.7978210449219,0.2962962962962963
2022-04-06,0.8773852145729268,0.9206349206349207,RED,422.5301818847656,0.22751322751322756
2022-04-07,0.8753431373366787,0.9576719576719577,RED,424.6592102050781,0.1693121693121693
2022-04-08,0.8710771200384827,0.962962962962963,RED,423.5237731933594,0.21693121693121697
2022-04-11,0.8648981786925226,0.9788359788359788,RED,416.2847900390625,0.5291005291005291
2022-04-12,0.8693211487435227,0.9682539682539683,RED,414.74224853515625,0.14814814814814814
2022-04-13,0.874097863591148,0.9470899470899471,RED,419.4925842285156,0.026455026455026398
2022-04-14,0.8698207014019804,0.962962962962963,RED,414.2691650390625,0.005291005291005346
2022-04-18,0.8684118931974317,0.9735449735449735,RED,414.43951416015625,0.01058201058201047
2022-04-19,0.8696387410453704,0.9576719576719577,RED,421.1296691894531,-0.021164021164021163
2022-04-20,0.8718300988203808,0.9312169312169312,RED,420.8173828125,-0.03703703703703709
2022-04-21,0.8673197063465583,0.9735449735449735,RED,414.524658203125,0.026455026455026398
2022-04-22,0.8623075388416546,0.9841269841269842,RED,403.1504821777344,0.021164021164021163
2022-04-25,0.8682348802348455,0.962962962962963,RED,405.48773193359375,-0.01058201058201047
2022-04-26,0.8615723405657356,0.9894179894179894,RED,393.7445068359375,0.031746031746031744
2022-04-27,0.8577563891458819,0.9894179894179894,RED,394.8515930175781,0.05820105820105825
2022-04-28,0.8631523883909791,0.9682539682539683,RED,404.8253173828125,-0.005291005291005235
2022-04-29,0.8541588527475884,0.9947089947089947,RED,389.8648376464844,0.01058201058201047
2022-05-02,0.8542755181803623,0.9894179894179894,RED,392.2115783691406,0.026455026455026398
2022-05-03,0.8591676350326342,0.9735449735449735,RED,394.009521484375,-0.015873015873015928
2022-05-04,0.8656084336890407,0.9365079365079365,RED,406.0081481933594,-0.05291005291005291
2022-05-05,0.8516806017199646,0.9947089947089947,RED,391.5774841308594,0.026455026455026398
2022-05-06,0.8469797499815709,0.9947089947089947,RED,389.24017333984375,0.0
2022-05-09,0.8359106718271844,0.9947089947089947,RED,376.77789306640625,0.005291005291005235
2022-05-10,0.8412077947368432,0.9894179894179894,RED,377.6483459472656,0.015873015873015928
2022-05-11,0.8360957748418866,0.9894179894179894,RED,371.6489562988281,0.05291005291005291
2022-05-12,0.8345628638641914,0.9947089947089947,RED,371.2610778808594,0.0
2022-05-13,0.8358432446129486,0.9894179894179894,RED,380.1370849609375,-0.005291005291005235
2022-05-16,0.8341447326340861,0.9947089947089947,RED,378.5946044921875,0.0
2022-05-17,0.8351903186832197,0.9841269841269842,RED,386.3824768066406,-0.005291005291005235
2022-05-18,0.8279254766881171,0.9947089947089947,RED,370.8068542480469,0.005291005291005235
2022-05-19,0.8322784378168581,0.9894179894179894,RED,368.5357360839844,-0.005291005291005235
2022-05-20,0.831135326742871,0.9894179894179894,RED,368.6966552734375,0.0
2022-05-23,0.8347971647589564,0.9682539682539683,RED,375.5950012207031,-0.026455026455026398
2022-05-24,0.8378857926289883,0.9417989417989419,RED,372.7277526855469,-0.042328042328042326
2022-05-25,0.8499696468177453,0.9259259259259259,RED,376.0207824707031,-0.06878306878306872
2022-05-26,0.8615820596445318,0.8835978835978836,RED,383.5342102050781,-0.10582010582010581
2022-05-27,0.8690704314190562,0.8253968253968254,RED,392.9496765136719,-0.16402116402116407
2022-05-31,0.8629362270127204,0.8677248677248677,RED,390.7448425292969,-0.10052910052910058
2022-06-01,0.8613471087112567,0.8888888888888888,RED,387.584228515625,-0.05291005291005302
2022-06-02,0.8647408480911061,0.8465608465608465,RED,394.96527099609375,-0.07936507936507942
2022-06-03,0.8586111393262231,0.8941798941798942,RED,388.4832458496094,0.010582010582010581
2022-06-06,0.8532985109596384,0.9153439153439153,RED,389.66607666015625,0.08994708994709
2022-06-07,0.8551639946320799,0.8994708994708995,RED,393.40386962890625,0.031746031746031855
2022-06-08,0.8484529082569142,0.9259259259259259,RED,389.1266784667969,0.03703703703703709
2022-06-09,0.8422793407197181,0.9312169312169312,RED,379.87213134765625,0.08465608465608465
2022-06-10,0.8314490811333374,0.9841269841269842,RED,368.85748291015625,0.08994708994709
2022-06-13,0.8077453170126049,0.9947089947089947,RED,354.8526611328125,0.0793650793650793
2022-06-14,0.8146356603494734,0.9894179894179894,RED,353.7833557128906,0.08994708994708989
2022-06-15,0.8272383104878056,0.9841269841269842,RED,358.8270263671875,0.05820105820105825
2022-06-16,0.813028033804252,0.9894179894179894,RED,346.9512023925781,0.05820105820105825
2022-06-17,0.8157591729912425,0.9788359788359788,RED,347.69921875,-0.005291005291005346
2022-06-21,0.8155048772044792,0.9788359788359788,RED,356.4520263671875,-0.015873015873015817
2022-06-22,0.8129156938572406,0.9894179894179894,RED,355.8058166503906,0.0
2022-06-23,0.8180457367651132,0.962962962962963,RED,359.2935791015625,-0.021164021164021163
2022-06-24,0.824064300057715,0.9576719576719577,RED,370.7168884277344,-0.031746031746031744
2022-06-27,0.8199058685113093,0.9576719576719577,RED,369.3009033203125,-0.021164021164021163
2022-06-28,0.8110874065300904,0.9894179894179894,RED,361.7550354003906,0.010582010582010581
2022-06-29,0.8088977716874611,0.9894179894179894,RED,361.46044921875,0.0
2022-06-30,0.8068963219776497,0.9947089947089947,RED,358.52386474609375,0.03174603174603163
2022-07-01,0.812147852239527,0.9735449735449735,RED,362.3157958984375,0.015873015873015817
2022-07-05,0.8114775136435807,0.9735449735449735,RED,363.0000305175781,0.015873015873015817
2022-07-06,0.8106506437538428,0.9788359788359788,RED,364.2259826660156,-0.010582010582010581
2022-07-07,0.8244601811515633,0.9153439153439153,RED,369.6810607910156,-0.07407407407407407
2022-07-08,0.8261212122545755,0.91005291005291,RED,369.3770751953125,-0.08465608465608465
2022-07-11,0.8211895154574664,0.9206349206349207,RED,365.1573791503906,-0.052910052910052796
2022-07-12,0.8240983889066756,0.91005291005291,RED,361.9260559082031,-0.06349206349206349
2022-07-13,0.8241144873822961,0.9047619047619048,RED,360.025390625,-0.07407407407407407
2022-07-14,0.8228688478955084,0.9153439153439153,RED,359.1510925292969,0.0
2022-07-15,0.83274919042109,0.8571428571428572,RED,366.01263427734375,-0.052910052910052796
2022-07-18,0.8251970790523012,0.8888888888888888,RED,362.99053955078125,-0.031746031746031855
2022-07-19,0.8370363093787526,0.8095238095238095,RED,372.7982482910156,-0.10052910052910047
2022-07-20,0.8407840222152994,0.798941798941799,RED,375.1741638183594,-0.10582010582010581
2022-07-21,0.8483615741858689,0.7777777777777778,RED,378.99462890625,-0.13756613756613756
2022-07-22,0.8451121628976604,0.783068783068783,RED,375.478271484375,-0.07407407407407418
2022-07-25,0.8456069589881688,0.7777777777777778,RED,375.9344787597656,-0.11111111111111105
2022-07-26,0.8400720313843565,0.798941798941799,RED,371.48675537109375,-0.010582010582010581
2022-07-27,0.8479850159165179,0.7619047619047619,RED,381.1329650878906,-0.03703703703703709
2022-07-28,0.8548099041922879,0.7195767195767195,RED,385.91326904296875,-0.05820105820105825
2022-07-29,0.8574351801243945,0.7037037037037037,RED,391.53936767578125,-0.0793650793650793
2022-08-01,0.8577197267669738,0.6984126984126984,RED,390.3799133300781,-0.07936507936507942
2022-08-02,0.856751522371409,0.7037037037037037,RED,387.8044128417969,-0.09523809523809523
2022-08-03,0.8639499834633191,0.6296296296296297,RED,393.8772888183594,-0.1322751322751322
2022-08-04,0.8651185135526056,0.6137566137566137,RED,393.6111755371094,-0.10582010582010581
2022-08-05,0.8642552784374511,0.6243386243386244,RED,392.94586181640625,-0.0793650793650793
2022-08-08,0.8641924044272176,0.6243386243386244,RED,392.4897155761719,-0.07407407407407396
2022-08-09,0.858607068221464,0.6825396825396826,RED,390.9311218261719,-0.021164021164021163
2022-08-10,0.8706096191744899,0.5396825396825398,RED,399.1423034667969,-0.08994708994708989
2022-08-11,0.8659455535945186,0.5873015873015873,RED,399.1423034667969,-0.026455026455026398
2022-08-12,0.8734813425487301,0.5132275132275133,RED,405.8993225097656,-0.11111111111111116
2022-08-15,0.8711936343740287,0.5185185185185186,RED,407.5719909667969,-0.10582010582010581
2022-08-16,0.8678382329522296,0.5767195767195767,RED,408.3702392578125,-0.10582010582010581
2022-08-17,0.8596041317305847,0.6666666666666667,RED,405.47161865234375,0.12698412698412698
2022-08-18,0.8596820832685895,0.6613756613756614,RED,406.650146484375,0.07407407407407407
2022-08-19,0.8515644723575311,0.7407407407407407,RED,401.1856384277344,0.22751322751322745
2022-08-22,0.8430606130729951,0.7777777777777778,RED,392.8318176269531,0.2592592592592592
2022-08-23,0.8447557882564443,0.7724867724867726,RED,391.88153076171875,0.1957671957671958
2022-08-24,0.8466768637881673,0.7566137566137566,RED,393.135986328125,0.08994708994708989
2022-08-25,0.8541417620813081,0.7089947089947091,RED,398.6861267089844,0.04761904761904767
2022-08-26,0.8402723190412,0.7936507936507937,RED,385.19097900390625,0.05291005291005302
2022-08-29,0.8376678491142453,0.8042328042328042,RED,382.64398193359375,0.026455026455026398
2022-08-30,0.831639180523144,0.8571428571428572,RED,378.44342041015625,0.08465608465608465
2022-08-31,0.8271891779551203,0.8783068783068784,RED,375.56378173828125,0.12169312169312174
2022-09-01,0.8299811145068332,0.8624338624338624,RED,376.7422790527344,0.15343915343915338
2022-09-02,0.8276093964677781,0.8677248677248677,RED,372.7697448730469,0.07407407407407396
2022-09-06,0.8271910640194047,0.873015873015873,RED,371.36322021484375,0.06878306878306883
2022-09-07,0.8379094516969307,0.7671957671957672,RED,378.03472900390625,-0.08994708994709
2022-09-08,0.842612132504171,0.7354497354497355,RED,380.505615234375,-0.1428571428571429
2022-09-09,0.8466809170541847,0.7037037037037037,RED,386.4169616699219,-0.15873015873015872
2022-09-12,0.8493531066729026,0.6772486772486772,RED,390.5700378417969,-0.19047619047619047
2022-09-13,0.8328712111042726,0.8201058201058201,RED,373.5870056152344,-0.05291005291005291
2022-09-14,0.8348183410190816,0.798941798941799,RED,375.01263427734375,0.031746031746031744
2022-09-15,0.8304607937710835,0.8465608465608465,RED,370.7550048828125,0.11111111111111105
2022-09-16,0.8328600338365985,0.8148148148148149,RED,367.9265441894531,0.11111111111111116
2022-09-19,0.8369249061764966,0.7619047619047619,RED,370.77972412109375,0.08465608465608465
2022-09-20,0.828791676577343,0.8518518518518519,RED,366.5237731933594,0.031746031746031744
2022-09-21,0.8270285054030334,0.8783068783068784,RED,360.13018798828125,0.07936507936507942
2022-09-22,0.8235940300142357,0.91005291005291,RED,357.1051330566406,0.06349206349206349
2022-09-23,0.8141112170997677,0.9470899470899471,RED,351.1219482421875,0.1322751322751322
2022-09-26,0.8063046952509625,0.9947089947089947,RED,347.64837646484375,0.2328042328042328
2022-09-27,0.8046075947749244,0.9947089947089947,RED,346.7608642578125,0.1428571428571428
2022-09-28,0.8154517654956437,0.9259259259259259,RED,353.583984375,0.04761904761904756
2022-09-29,0.8088861446095956,0.9735449735449735,RED,346.197998046875,0.06349206349206349
2022-09-30,0.8058580992871559,0.9894179894179894,RED,340.84442138671875,0.042328042328042326
2022-10-03,0.8146314011365846,0.9206349206349207,RED,349.84320068359375,-0.07407407407407396
2022-10-04,0.8318686364213654,0.7724867724867726,RED,360.6836242675781,-0.2222222222222221
2022-10-05,0.8294035499530165,0.798941798941799,RED,359.8438720703125,-0.12698412698412698
2022-10-06,0.8279312194283366,0.8042328042328042,RED,356.13177490234375,-0.1693121693121693
2022-10-07,0.8188483492757357,0.8888888888888888,RED,346.197998046875,-0.10052910052910058
2022-10-10,0.8091563674333945,0.9576719576719577,RED,343.5545654296875,0.03703703703703698
2022-10-11,0.8112543619568754,0.9417989417989419,RED,341.3788146972656,0.1693121693121693
2022-10-12,0.8118148919606977,0.9312169312169312,RED,340.2528381347656,0.1322751322751322
2022-10-13,0.8160443018919001,0.8783068783068784,RED,349.2325134277344,0.07407407407407418
2022-10-14,0.8138300509721473,0.91005291005291,RED,341.2738952636719,0.021164021164021163
2022-10-17,0.8229292471725849,0.8412698412698413,RED,350.0436096191406,-0.1164021164021164
2022-10-18,0.828317809562013,0.7619047619047619,RED,354.15655517578125,-0.17989417989418
2022-10-19,0.8218862782097229,0.8465608465608465,RED,351.6467590332031,-0.08465608465608465
2022-10-20,0.8182442572442781,0.8624338624338624,RED,348.6980895996094,-0.015873015873015928
2022-10-21,0.823964358562649,0.8201058201058201,RED,357.17193603515625,-0.08994708994708989
2022-10-24,0.8247362274606795,0.7936507936507937,RED,361.54248046875,-0.04761904761904756
2022-10-25,0.8318723597439813,0.6931216931216931,RED,367.31573486328125,-0.06878306878306872
2022-10-26,0.8334234809741516,0.6666666666666667,RED,364.54840087890625,-0.17989417989417977
2022-10-27,0.8377950332208306,0.6031746031746033,RED,362.60174560546875,-0.2592592592592592
2022-10-28,0.8454986333702486,0.5396825396825398,RED,371.2282409667969,-0.28042328042328035
2022-10-31,0.8340305375778349,0.6613756613756614,RED,368.54681396484375,-0.13227513227513232
2022-11-01,0.8398676898137412,0.5820105820105821,RED,366.93402099609375,-0.11111111111111105
2022-11-02,0.8326335741591966,0.6825396825396826,RED,357.7254333496094,0.015873015873015817
2022-11-03,0.8282348456658468,0.7407407407407407,RED,354.04193115234375,0.13756613756613745
2022-11-04,0.8330242823817707,0.656084656084656,RED,359.13775634765625,0.11640211640211628
2022-11-07,0.8336332766858671,0.6455026455026456,RED,362.57305908203125,-0.015873015873015817
2022-11-08,0.8320066548806048,0.6825396825396826,RED,364.5293273925781,0.10052910052910047
2022-11-09,0.8207443321040266,0.8465608465608465,RED,357.0191955566406,0.16402116402116396
2022-11-10,0.8417141582786409,0.5238095238095238,RED,376.63897705078125,-0.21693121693121686
2022-11-11,0.8448718972610589,0.4973544973544973,RED,380.2843017578125,-0.15873015873015872
2022-11-14,0.8393531449923906,0.5502645502645502,RED,377.0493469238281,-0.09523809523809534
2022-11-15,0.8459018082743309,0.47089947089947093,RED,380.26519775390625,-0.21164021164021163
2022-11-16,0.8439827215176872,0.4973544973544973,RED,377.3641662597656,-0.3492063492063492
2022-11-17,0.8413875568409469,0.5185185185185186,RED,376.2095947265625,-0.005291005291005235
2022-11-18,0.8441413323370136,0.48677248677248675,RED,377.9176940917969,-0.010582010582010581
2022-11-21,0.8440082276110371,0.48677248677248675,RED,376.54351806640625,-0.06349206349206349
2022-11-22,0.8495215727495544,0.40740740740740744,RED,381.61065673828125,-0.06349206349206349
2022-11-23,0.8535590585834997,0.38095238095238093,RED,384.01544189453125,-0.1164021164021164
2022-11-25,0.8517506517555483,0.3862433862433863,RED,383.9295349121094,-0.13227513227513232
2022-11-28,0.8425723779643363,0.5026455026455027,RED,377.80316162109375,0.015873015873015928
2022-11-29,0.8465179702959172,0.4391534391534392,RED,377.1542663574219,-0.04761904761904756
2022-11-30,0.856705098959967,0.328042328042328,RED,389.0348815917969,-0.07936507936507942
2022-12-01,0.8580294024936532,0.3015873015873016,YELLOW,388.7485656738281,-0.0793650793650793
2022-12-02,0.8575590689639931,0.3121693121693122,GREEN,388.300048828125,-0.07407407407407407
2022-12-05,0.8517940118574692,0.37037037037037035,GREEN,381.3148498535156,-0.13227513227513232
2022-12-06,0.8477812568980254,0.417989417989418,RED,375.8182678222656,-0.021164021164021163
2022-12-07,0.8506626203661916,0.38095238095238093,RED,375.178955078125,0.05291005291005291
2022-12-08,0.8521809449241428,0.35449735449735453,RED,378.1180725097656,0.05291005291005291
2022-12-09,0.8525998546715924,0.3492063492063492,RED,375.29345703125,0.03703703703703698
2022-12-12,0.8564216396465717,0.30687830687830686,RED,380.7042236328125,-0.06349206349206349
2022-12-13,0.8627415397225578,0.21693121693121697,GREEN,383.58599853515625,-0.20105820105820105
2022-12-14,0.8577618931090499,0.2698412698412699,GREEN,381.13360595703125,-0.11111111111111105
2022-12-15,0.8544107180869244,0.31746031746031744,GREEN,371.81036376953125,-0.03703703703703709
2022-12-16,0.8490185293956096,0.39682539682539686,GREEN,367.42071533203125,0.04761904761904767
2022-12-19,0.845732390318236,0.4444444444444444,RED,364.30511474609375,0.13756613756613756
2022-12-20,0.8435676851993884,0.48677248677248675,RED,364.80364990234375,0.26984126984126977
2022-12-21,0.8499102899108856,0.37037037037037035,RED,370.25836181640625,0.10052910052910047
2022-12-22,0.845192656851875,0.44973544973544977,RED,364.9761657714844,0.13227513227513232
2022-12-23,0.8477736532548843,0.4021164021164021,RED,367.0755920410156,0.005291005291005235
2022-12-27,0.840135356049251,0.5343915343915344,RED,365.6281433105469,0.08994708994709
2022-12-28,0.8288377662453531,0.7195767195767195,RED,361.08404541015625,0.2328042328042328
2022-12-29,0.8389451964181074,0.544973544973545,RED,367.5837097167969,0.17460317460317465
2022-12-30,0.8406636292401546,0.5132275132275133,RED,366.6154479980469,0.06349206349206349
2023-01-03,0.8415363964242939,0.4920634920634921,RED,365.072021484375,0.08994708994709
2023-01-04,0.8503948618958007,0.3227513227513228,RED,367.8905334472656,-0.21164021164021163
2023-01-05,0.8498353735005251,0.33333333333333337,YELLOW,363.6916198730469,-0.38624338624338617
2023-01-06,0.8586538567657436,0.17460317460317465,YELLOW,372.0318298339844,-0.37037037037037035
2023-01-09,0.8608787257825121,0.1534391534391535,GREEN,371.8209228515625,-0.35978835978835977
2023-01-10,0.8605950080739535,0.1534391534391535,GREEN,374.4284362792969,-0.3386243386243386
2023-01-11,0.8655349727800188,0.07936507936507942,GREEN,379.16412353515625,-0.24338624338624337
2023-01-12,0.8685032562234011,0.042328042328042326,GREEN,380.54461669921875,-0.29100529100529104
2023-01-13,0.8699924181376116,0.021164021164021163,GREEN,382.0209655761719,-0.1534391534391535
2023-01-17,0.8665101609656048,0.06349206349206349,GREEN,381.32110595703125,-0.08994708994709
2023-01-18,0.8656242843943868,0.06878306878306883,GREEN,375.3008117675781,-0.08465608465608465
2023-01-19,0.8607403185131447,0.14814814814814814,GREEN,372.56866455078125,0.06878306878306872
2023-01-20,0.8631770623403046,0.10052910052910058,GREEN,379.50927734375,0.05820105820105825
2023-01-23,0.8639091289316712,0.09523809523809523,GREEN,384.0628662109375,0.07407407407407407
2023-01-24,0.8641582482457685,0.08994708994709,GREEN,383.6506652832031,0.02645502645502651
2023-01-25,0.863517054455002,0.10052910052910058,GREEN,383.79449462890625,0.031746031746031744
2023-01-26,0.8661992909372505,0.042328042328042326,GREEN,388.0124816894531,-0.10582010582010581
2023-01-27,0.8635918598162166,0.10582010582010581,GREEN,388.9040222167969,0.005291005291005235
2023-01-30,0.8596704414612308,0.16402116402116407,GREEN,384.0245056152344,0.06878306878306883
2023-01-31,0.8647780934896935,0.07407407407407407,GREEN,389.67095947265625,-0.015873015873015928
2023-02-01,0.872346124414662,0.005291005291005346,GREEN,393.8122863769531,-0.09523809523809523
2023-02-02,0.8772391512319057,0.0,GREEN,399.5450439453125,-0.042328042328042326
2023-02-03,0.8712298415404831,0.015873015873015928,GREEN,395.29827880859375,-0.08994708994708989
2023-02-06,0.8680917478770797,0.04761904761904767,GREEN,392.8824157714844,-0.1164021164021164
2023-02-07,0.8707512258663318,0.02645502645502651,GREEN,398.02081298828125,-0.04761904761904756
2023-02-08,0.8667732067441782,0.06349206349206349,GREEN,393.66851806640625,0.05820105820105814
2023-02-09,0.8618095007507116,0.16402116402116407,GREEN,390.2557373046875,0.16402116402116407
2023-02-10,0.8555981929403481,0.2698412698412699,GREEN,391.16644287109375,0.25396825396825395
2023-02-13,0.8575603109003191,0.24338624338624337,YELLOW,395.75836181640625,0.1957671957671957
2023-02-14,0.8595873871781591,0.21164021164021163,GREEN,395.5762939453125,0.18518518518518512
2023-02-15,0.858106034609488,0.2328042328042328,GREEN,396.8608093261719,0.1693121693121693
2023-02-16,0.8511245898123415,0.3492063492063492,GREEN,391.3964538574219,0.18518518518518512
2023-02-17,0.8537112371780906,0.3121693121693122,RED,390.4186706542969,0.042328042328042326
2023-02-21,0.8422037010549184,0.5291005291005291,RED,382.5865173339844,0.2857142857142857
2023-02-22,0.8472921596105137,0.4285714285714286,RED,382.0592956542969,0.21693121693121697
2023-02-23,0.8551355479029487,0.2962962962962963,RED,384.0916442871094,0.06349206349206349
2023-02-24,0.8517636980891479,0.3492063492063492,RED,379.9886474609375,0.0
2023-02-27,0.8567650322907038,0.2698412698412699,RED,381.2828063964844,-0.042328042328042326
2023-02-28,0.8553694716011211,0.29100529100529104,GREEN,379.8735656738281,-0.23809523809523803
2023-03-01,0.854509957052159,0.30687830687830686,GREEN,378.4164123535156,-0.12169312169312174
2023-03-02,0.8552321789626538,0.2857142857142857,GREEN,381.3594665527344,-0.010582010582010581
2023-03-03,0.863485772009725,0.1428571428571429,GREEN,387.4756774902344,-0.20634920634920628
2023-03-06,0.8639133564250057,0.12169312169312174,GREEN,387.74407958984375,-0.14814814814814814
2023-03-07,0.859596635303794,0.1957671957671958,GREEN,381.8004150390625,-0.09523809523809523
2023-03-08,0.8559656111903468,0.2751322751322751,GREEN,382.4235534667969,-0.031746031746031744
2023-03-09,0.8484731969747678,0.40740740740740744,GREEN,375.367919921875,0.12169312169312174
2023-03-10,0.843990685371038,0.5079365079365079,RED,369.9515380859375,0.365079365079365
2023-03-13,0.8311043684028742,0.7037037037037037,RED,369.4243469238281,0.582010582010582
2023-03-14,0.8403115886218748,0.5714285714285714,RED,375.5308837890625,0.3756613756613756
2023-03-15,0.8326784058255472,0.6772486772486772,RED,373.1822204589844,0.4021164021164021
2023-03-16,0.8415075290011687,0.5555555555555556,RED,379.729736328125,0.14814814814814814
2023-03-17,0.8323227005852771,0.6931216931216931,RED,375.2896728515625,0.18518518518518523
2023-03-20,0.8310636504594541,0.7248677248677249,RED,378.8983459472656,0.021164021164021163
2023-03-21,0.8433316497487969,0.5238095238095238,RED,383.8735046386719,-0.04761904761904756
2023-03-22,0.8402297022978429,0.5925925925925926,RED,377.32977294921875,-0.08465608465608465
2023-03-23,0.8345032942210341,0.656084656084656,RED,378.3498229980469,0.10052910052910047
2023-03-24,0.8324024071237291,0.7089947089947091,RED,380.8326721191406,0.015873015873015928
2023-03-27,0.833902913783144,0.6666666666666667,RED,381.5446472167969,-0.05820105820105814
2023-03-28,0.8343628050394216,0.6613756613756614,RED,380.688232421875,0.13756613756613756
2023-03-29,0.8451326071153494,0.4814814814814815,RED,386.2214660644531,-0.11111111111111105
2023-03-30,0.8500340126148316,0.38095238095238093,RED,388.48297119140625,-0.2751322751322751
2023-03-31,0.8582003876043485,0.21693121693121697,RED,393.95849609375,-0.4920634920634921
2023-04-03,0.8564940620189706,0.2751322751322751,GREEN,395.4596252441406,-0.3915343915343916
2023-04-04,0.8520141004318288,0.35449735449735453,GREEN,393.2655944824219,-0.30687830687830686
2023-04-05,0.8461071766375702,0.47619047619047616,RED,392.23590087890625,-0.005291005291005346
2023-04-06,0.8501639373762635,0.39682539682539686,RED,393.7659606933594,0.015873015873015928
2023-04-10,0.8523705658498241,0.3492063492063492,RED,394.1701354980469,0.1322751322751322
2023-04-11,0.854298545310548,0.328042328042328,RED,394.2760314941406,0.05291005291005291
2023-04-12,0.853134811530991,0.3492063492063492,RED,392.6689758300781,-0.005291005291005346
2023-04-13,0.8584205839870936,0.21693121693121697,YELLOW,397.8846130371094,-0.2592592592592592
2023-04-14,0.8588117881029664,0.2063492063492064,GREEN,396.9126892089844,-0.19047619047619047
2023-04-17,0.8577860226512122,0.24338624338624337,GREEN,398.3369140625,-0.10582010582010581
2023-04-18,0.8585670951649998,0.2222222222222222,GREEN,398.59674072265625,-0.10582010582010581
2023-04-19,0.8558707223606095,0.3121693121693122,GREEN,398.5294189453125,-0.03703703703703698
2023-04-20,0.8529836643322183,0.38095238095238093,GREEN,396.3545837402344,0.16402116402116396
2023-04-21,0.8561303872105229,0.30687830687830686,RED,396.6624450683594,0.10052910052910047
2023-04-24,0.8575858898746997,0.26455026455026454,RED,397.0762939453125,0.021164021164021163
2023-04-25,0.8528903147620377,0.39682539682539686,YELLOW,390.773193359375,0.17460317460317465
2023-04-26,0.8506291537030765,0.455026455026455,RED,389.1180114746094,0.1428571428571428
2023-04-27,0.8551362313902762,0.34391534391534395,RED,396.86456298828125,-0.03703703703703698
2023-04-28,0.857842006417475,0.24867724867724872,YELLOW,400.251953125,-0.05820105820105814
2023-05-01,0.8557781838300734,0.328042328042328,GREEN,399.8477478027344,0.06349206349206349
2023-05-02,0.8521632068448953,0.417989417989418,RED,395.3537902832031,0.021164021164021163
2023-05-03,0.8496358249522643,0.48677248677248675,RED,392.64007568359375,0.031746031746031744
2023-05-04,0.8457937271570244,0.5502645502645502,RED,389.8590393066406,0.20634920634920628
2023-05-05,0.852411452266547,0.3915343915343915,RED,397.0762939453125,0.1428571428571428
2023-05-08,0.8513638786470417,0.43386243386243384,RED,397.18212890625,0.10582010582010581
2023-05-09,0.849401054129821,0.48677248677248675,RED,395.44036865234375,0.06878306878306872
2023-05-10,0.852463545211994,0.3756613756613757,RED,397.28802490234375,-0.11111111111111105
2023-05-11,0.8505794072605142,0.4444444444444444,RED,396.59515380859375,-0.10582010582010581
2023-05-12,0.8489481138723723,0.4973544973544973,RED,396.0754699707031,0.10582010582010581
2023-05-15,0.8486167664658276,0.4973544973544973,RED,397.4419860839844,0.06349206349206349
2023-05-16,0.8437121602751639,0.6031746031746033,RED,394.7860107421875,0.1164021164021165
2023-05-17,0.8469249425637685,0.5132275132275133,RED,399.57830810546875,0.13756613756613756
2023-05-18,0.8489357425486717,0.4814814814814815,RED,403.42755126953125,0.03703703703703709
2023-05-19,0.8504749714873726,0.417989417989418,RED,402.8405456542969,-0.0793650793650793
2023-05-22,0.8545712528276251,0.2857142857142857,RED,403.0041198730469,-0.21164021164021163
2023-05-23,0.8502031969937551,0.4285714285714286,GREEN,398.48126220703125,-0.17460317460317465
2023-05-24,0.8452740293037014,0.5661375661375662,RED,395.5943603515625,0.05291005291005291
2023-05-25,0.8465666599214354,0.5291005291005291,RED,399.0201416015625,0.04761904761904756
2023-05-26,0.8519542627633334,0.37037037037037035,RED,404.187744140625,-0.04761904761904767
2023-05-30,0.8539592031986678,0.30687830687830686,RED,404.3416442871094,0.021164021164021163
2023-05-31,0.8504835630989275,0.42328042328042326,RED,402.0995788574219,-0.005291005291005346
2023-06-01,0.8542603765953776,0.30687830687830686,RED,405.9198303222656,-0.2592592592592593
2023-06-02,0.8610620409217603,0.1164021164021164,GREEN,411.7900085449219,-0.4126984126984127
2023-06-05,0.8601578154095367,0.13756613756613756,GREEN,411.0009460449219,-0.2328042328042328
2023-06-06,0.8619663837757977,0.11111111111111116,GREEN,411.89581298828125,-0.1957671957671957
2023-06-07,0.8578642904633699,0.20105820105820105,GREEN,410.4715881347656,-0.2222222222222222
2023-06-08,0.8619174237542055,0.1164021164021164,GREEN,412.9543762207031,-0.19047619047619047
2023-06-09,0.8637395409701758,0.08465608465608465,GREEN,413.6953430175781,-0.031746031746031744
2023-06-12,0.8620723644896788,0.1164021164021164,GREEN,417.4483642578125,-0.021164021164021163
2023-06-13,0.8647060929737025,0.06878306878306883,GREEN,420.2005310058594,-0.042328042328042326
2023-06-14,0.8655862088631613,0.05820105820105825,GREEN,420.70086669921875,-0.1428571428571428
2023-06-15,0.8679367562812185,0.03703703703703709,GREEN,425.9166259765625,-0.0793650793650793
2023-06-16,0.8669138893043652,0.042328042328042326,GREEN,424.46588134765625,-0.042328042328042326
2023-06-20,0.8642806076891631,0.08994708994709,GREEN,422.2635803222656,-0.026455026455026398
2023-06-21,0.8620834073263175,0.1428571428571429,GREEN,420.1001281738281,0.07407407407407407
2023-06-22,0.860491953572037,0.19047619047619047,GREEN,421.6165466308594,0.1322751322751322
2023-06-23,0.858246501967723,0.23809523809523814,GREEN,418.4291076660156,0.20105820105820105
2023-06-26,0.8580754248399958,0.25396825396825395,GREEN,416.7195129394531,0.21164021164021163
2023-06-27,0.862238058688807,0.1428571428571429,YELLOW,421.2881164550781,0.05291005291005291
2023-06-28,0.8662558240778733,0.05820105820105825,GREEN,421.50067138671875,-0.08465608465608465
2023-06-29,0.8660748377742375,0.06878306878306883,GREEN,423.16192626953125,-0.12169312169312163
2023-06-30,0.8699261230723168,0.02645502645502651,GREEN,428.1555480957031,-0.21164021164021163
2023-07-03,0.8695736839180138,0.031746031746031744,GREEN,428.64813232421875,-0.2222222222222222
2023-07-05,0.867105368813513,0.05291005291005291,GREEN,428.0106506347656,-0.08994708994709
2023-07-06,0.8613380741805995,0.20105820105820105,GREEN,424.6590576171875,0.1428571428571428
2023-07-07,0.861194985506379,0.2063492063492064,GREEN,423.58685302734375,0.13756613756613756
2023-07-10,0.8642266671737642,0.12169312169312174,GREEN,424.6590576171875,0.09523809523809523
2023-07-11,0.8689915363463525,0.03703703703703709,GREEN,427.3634948730469,0.005291005291005346
2023-07-12,0.8731560764875059,0.005291005291005346,GREEN,430.8020935058594,-0.04761904761904756
2023-07-13,0.8758987721313238,0.005291005291005346,GREEN,434.22125244140625,-0.1957671957671957
2023-07-14,0.8717803344369012,0.021164021164021163,GREEN,433.9508361816406,-0.18518518518518523
2023-07-17,0.8730824380485191,0.015873015873015928,GREEN,435.4576416015625,-0.10582010582010581
2023-07-18,0.8755192537386008,0.010582010582010581,GREEN,438.6932067871094,-0.02645502645502651
2023-07-19,0.875892365059498,0.010582010582010581,GREEN,439.6688232421875,0.005291005291005235
2023-07-20,0.8731389612104403,0.02645502645502651,GREEN,436.7518310546875,0.021164021164021163
2023-07-21,0.8752378780036868,0.021164021164021163,GREEN,436.7518310546875,0.0
2023-07-24,0.8748061946355155,0.02645502645502651,GREEN,438.7029113769531,0.010582010582010581
2023-07-25,0.8743326251953814,0.031746031746031744,GREEN,439.9006042480469,0.021164021164021163
2023-07-26,0.8769555483676544,0.005291005291005346,GREEN,439.96826171875,-0.005291005291005235
2023-07-27,0.8712745275202115,0.06878306878306883,GREEN,437.0513000488281,0.042328042328042326
2023-07-28,0.8750886276483651,0.031746031746031744,GREEN,441.33013916015625,0.010582010582010581
2023-07-31,0.876963319681016,0.005291005291005346,GREEN,442.1704406738281,-0.021164021164021163
2023-08-01,0.8733562519148222,0.05291005291005291,GREEN,440.9051818847656,0.021164021164021163
2023-08-02,0.8691881939017708,0.1164021164021164,GREEN,434.7718200683594,0.11111111111111105
2023-08-03,0.8660649006019259,0.17989417989417988,GREEN,433.5258483886719,0.11111111111111105
2023-08-04,0.8694811297448687,0.1164021164021164,GREEN,431.5650634765625,0.08465608465608465
2023-08-07,0.8707889130677101,0.09523809523809523,GREEN,435.3320007324219,0.08994708994708989
2023-08-08,0.8722215951855221,0.07936507936507942,GREEN,433.43896484375,0.02645502645502651
2023-08-09,0.872876205641322,0.07407407407407407,GREEN,430.541259765625,-0.042328042328042326
2023-08-10,0.8730738173585829,0.07407407407407407,GREEN,430.6957702636719,-0.10582010582010581
2023-08-11,0.8726539466436405,0.08465608465608465,GREEN,430.4446716308594,-0.031746031746031744
2023-08-14,0.8732918150133903,0.05820105820105825,GREEN,432.82073974609375,-0.03703703703703698
2023-08-15,0.8701682138052106,0.13227513227513232,GREEN,427.7789001464844,0.05291005291005291
2023-08-16,0.8679133361849168,0.18518518518518523,GREEN,424.6397705078125,0.11111111111111116
2023-08-17,0.8633344409731916,0.30687830687830686,GREEN,421.4039611816406,0.2328042328042328
2023-08-18,0.8635971290870895,0.29100529100529104,RED,421.60687255859375,0.2063492063492064
2023-08-21,0.8643244235785603,0.2592592592592593,RED,424.3499450683594,0.20105820105820105
2023-08-22,0.8652188555172505,0.24867724867724872,YELLOW,423.2005310058594,0.1164021164021164
2023-08-23,0.8706087094979829,0.13227513227513232,GREEN,427.9140625,-0.05291005291005291
2023-08-24,0.8663662536325883,0.21693121693121697,GREEN,421.9835510253906,-0.08994708994708989
2023-08-25,0.8705184247862264,0.13756613756613756,GREEN,424.95849609375,-0.1534391534391535
2023-08-28,0.8732454573315155,0.06349206349206349,GREEN,427.6532897949219,-0.1957671957671958
2023-08-29,0.8767767045854218,0.015873015873015928,GREEN,433.83489990234375,-0.2328042328042328
2023-08-30,0.8764280056760203,0.021164021164021163,GREEN,435.6217956542969,-0.11111111111111116
2023-08-31,0.8749839108674513,0.05291005291005291,GREEN,434.9842834472656,-0.16402116402116407
2023-09-01,0.8771064712087516,0.005291005291005346,GREEN,435.79559326171875,-0.1322751322751322
2023-09-05,0.8724587346094794,0.12169312169312174,GREEN,433.91217041015625,0.05820105820105825
2023-09-06,0.8713223314801201,0.1428571428571429,GREEN,430.9952392578125,0.12698412698412698
2023-09-07,0.8726303922027048,0.12169312169312174,GREEN,429.6719665527344,0.10052910052910058
2023-09-08,0.8727106731673482,0.1164021164021164,GREEN,430.319091796875,0.06349206349206349
2023-09-11,0.8740153789421738,0.07407407407407407,GREEN,433.1491394042969,0.06878306878306872
2023-09-12,0.8730435496944643,0.1164021164021164,GREEN,430.7730712890625,-0.005291005291005346
2023-09-13,0.8746264299298652,0.06878306878306883,GREEN,431.2753601074219,-0.07407407407407407
2023-09-14,0.8758945031831116,0.03703703703703709,GREEN,434.9939270019531,-0.08465608465608465
2023-09-15,0.8730525902525124,0.12698412698412698,GREEN,429.75299072265625,0.010582010582010581
2023-09-18,0.8737455565647937,0.08994708994709,GREEN,430.0050354003906,0.015873015873015928
2023-09-19,0.8717010538645585,0.18518518518518523,GREEN,429.1132507324219,0.06878306878306883
2023-09-20,0.8715383557291888,0.19047619047619047,GREEN,425.16827392578125,0.12169312169312163
2023-09-21,0.8649010817938025,0.35978835978835977,GREEN,418.1409912109375,0.3227513227513227
2023-09-22,0.8655667596599009,0.3492063492063492,RED,417.20074462890625,0.2222222222222222
2023-09-25,0.8647174147611619,0.3756613756613757,RED,418.9551696777344,0.2857142857142857
2023-09-26,0.8608667522851322,0.5079365079365079,RED,412.8002014160156,0.3227513227513227
2023-09-27,0.8603349696458086,0.5291005291005291,RED,412.9649353027344,0.3386243386243386
2023-09-28,0.8629383685358027,0.455026455026455,RED,415.35906982421875,0.09523809523809523
2023-09-29,0.8615461033223196,0.4920634920634921,RED,414.35101318359375,0.1428571428571429
2023-10-02,0.8571780939380576,0.6349206349206349,RED,414.1862487792969,0.2592592592592592
2023-10-03,0.8491069700356525,0.8518518518518519,RED,408.6419677734375,0.34391534391534395
2023-10-04,0.8515597646569222,0.783068783068783,RED,411.61773681640625,0.25396825396825395
2023-10-05,0.8515388503664418,0.7883597883597884,RED,411.46258544921875,0.33333333333333337
2023-10-06,0.8534505258891445,0.7301587301587302,RED,416.3477783203125,0.23809523809523814
2023-10-09,0.8572448094983011,0.6296296296296297,RED,419.0132751464844,-0.005291005291005235
2023-10-10,0.8575396951168103,0.6243386243386244,RED,421.1942443847656,-0.22751322751322745
2023-10-11,0.8576340264336149,0.6084656084656085,RED,422.9195556640625,-0.17460317460317454
2023-10-12,0.8541196531973585,0.7142857142857143,RED,420.3412780761719,-0.07407407407407407
2023-10-13,0.8528886879612422,0.746031746031746,RED,418.2475891113281,0.015873015873015817
2023-10-16,0.8531813114606835,0.7248677248677249,RED,422.6481628417969,0.09523809523809523
2023-10-17,0.8510869269153382,0.8042328042328042,RED,422.6287536621094,0.17989417989417977
2023-10-18,0.8469720304307516,0.8835978835978836,RED,416.9972229003906,0.2751322751322751
2023-10-19,0.8427663197560482,0.9312169312169312,RED,413.333251953125,0.21693121693121686
2023-10-20,0.8431707734719355,0.9259259259259259,RED,408.25421142578125,0.17989417989417988
2023-10-23,0.8460481612974502,0.8888888888888888,RED,407.5466003417969,0.16402116402116396
2023-10-24,0.8505926505017285,0.7883597883597884,RED,410.6192626953125,-0.015873015873015817
2023-10-25,0.8469638898175607,0.8677248677248677,RED,404.7259826660156,-0.015873015873015928
2023-10-26,0.8482184544547853,0.8518518518518519,RED,399.8795471191406,-0.0793650793650793
2023-10-27,0.8466426256849146,0.873015873015873,RED,398.0670166015625,-0.05291005291005291
2023-10-30,0.8471904075652483,0.8518518518518519,RED,402.8262023925781,-0.03703703703703698
2023-10-31,0.8497286475615554,0.798941798941799,RED,405.3560485839844,0.010582010582010581
2023-11-01,0.8559205628707848,0.5820105820105821,RED,409.67913818359375,-0.2857142857142856
2023-11-02,0.8654456906199134,0.31746031746031744,RED,417.53033447265625,-0.5343915343915344
2023-11-03,0.8715340001854275,0.18518518518518523,GREEN,421.3396301269531,-0.6878306878306878
2023-11-06,0.8696265979755751,0.2328042328042328,GREEN,422.30889892578125,-0.6190476190476191
2023-11-07,0.8691011297948681,0.24867724867724872,GREEN,423.5108337402344,-0.5502645502645502
2023-11-08,0.8697845204946861,0.22751322751322756,GREEN,423.8209533691406,-0.35449735449735453
2023-11-09,0.8656698285068937,0.30687830687830686,GREEN,420.5157165527344,-0.010582010582010581
2023-11-10,0.8696836822641973,0.2328042328042328,GREEN,427.0777587890625,0.04761904761904756
2023-11-13,0.8685399627082176,0.2698412698412699,GREEN,426.67071533203125,0.03703703703703709
2023-11-14,0.8738929229959184,0.08465608465608465,YELLOW,434.9483947753906,-0.16402116402116407
2023-11-15,0.8726959203692441,0.1534391534391535,GREEN,435.8692626953125,-0.07407407407407407
2023-11-16,0.8723629607657684,0.17460317460317465,GREEN,436.40234375,-0.1322751322751322
2023-11-17,0.8749962817771675,0.05820105820105825,GREEN,436.9451599121094,-0.17460317460317454
2023-11-20,0.8758246104374654,0.042328042328042326,GREEN,440.3085632324219,-0.22751322751322756
2023-11-21,0.8764557995218679,0.021164021164021163,GREEN,439.34893798828125,-0.06349206349206349
2023-11-22,0.8778684352063908,0.0,GREEN,441.045166015625,-0.1534391534391535
2023-11-24,0.8775799098083218,0.005291005291005346,GREEN,441.3166198730469,-0.1693121693121693
2023-11-27,0.8777876350974441,0.005291005291005346,GREEN,440.5218200683594,-0.05291005291005291
2023-11-28,0.8800223048822966,0.0,GREEN,440.95794677734375,-0.042328042328042326
2023-11-29,0.883071939944304,0.0,GREEN,440.6478271484375,-0.021164021164021163
2023-11-30,0.8819818786910633,0.005291005291005346,GREEN,442.3828430175781,0.005291005291005346
2023-12-01,0.8867031626006749,0.0,GREEN,444.9998779296875,-0.005291005291005346
2023-12-04,0.8857881762462095,0.005291005291005346,GREEN,442.6639404296875,0.0
2023-12-05,0.8855191013366971,0.010582010582010581,GREEN,442.5767517089844,0.010582010582010581
2023-12-06,0.8858530672980145,0.005291005291005346,GREEN,440.7931823730469,0.005291005291005346
2023-12-07,0.8867191892718655,0.0,GREEN,444.1566162109375,-0.005291005291005346
2023-12-08,0.8869241500056709,0.0,GREEN,446.06610107421875,0.0
2023-12-11,0.8861221414637351,0.015873015873015928,GREEN,447.8011169433594,0.010582010582010581
2023-12-12,0.8880001792745337,0.0,GREEN,449.84637451171875,-0.010582010582010581
2023-12-13,0.8970449753972788,0.0,GREEN,456.0498046875,-0.005291005291005346
2023-12-14,0.8994646354804189,0.0,GREEN,457.51336669921875,0.0
2023-12-15,0.8984700786771037,0.005291005291005346,GREEN,456.7601318359375,0.005291005291005346
2023-12-18,0.8991641029852476,0.005291005291005346,GREEN,459.3294372558594,-0.010582010582010581
2023-12-19,0.9014025820987319,0.0,GREEN,462.1225891113281,0.0
2023-12-20,0.9003080806613403,0.005291005291005346,GREEN,455.71881103515625,0.005291005291005346
2023-12-21,0.9035056088137472,0.0,GREEN,460.03985595703125,0.0
2023-12-22,0.9021271497179905,0.005291005291005346,GREEN,460.9644470214844,0.0
2023-12-26,0.9043151766213975,0.0,GREEN,462.9108581542969,-0.005291005291005346
2023-12-27,0.9069360982768103,0.0,GREEN,463.7478332519531,0.0
2023-12-28,0.904137102212532,0.010582010582010581,GREEN,463.9230041503906,0.005291005291005235
2023-12-29,0.9002067578460458,0.03703703703703709,GREEN,462.58001708984375,0.03703703703703709
2024-01-02,0.8982772659682788,0.05820105820105825,GREEN,459.9912109375,0.05291005291005291
2024-01-03,0.8956129974545446,0.06878306878306883,GREEN,456.2345886230469,0.06878306878306883
2024-01-04,0.8926642839909139,0.07407407407407407,GREEN,454.7650146484375,0.07407407407407407
2024-01-05,0.8935816508016312,0.07407407407407407,GREEN,455.38787841796875,0.06349206349206349
2024-01-08,0.8978251181963491,0.06349206349206349,GREEN,461.88897705078125,0.026455026455026398
2024-01-09,0.8990027655151648,0.05291005291005291,GREEN,461.18829345703125,-0.005291005291005346
2024-01-10,0.9006326233835671,0.031746031746031744,GREEN,463.7964782714844,-0.03703703703703709
2024-01-11,0.9014540608129862,0.02645502645502651,GREEN,463.5921325683594,-0.04761904761904756
2024-01-12,0.9005196862415016,0.042328042328042326,GREEN,463.91326904296875,-0.031746031746031744
2024-01-16,0.8962560688282771,0.09523809523809523,GREEN,462.2101745605469,0.031746031746031744
2024-01-17,0.8941653005749644,0.10582010582010581,GREEN,459.6408386230469,0.05291005291005291
2024-01-18,0.8955900266134014,0.10582010582010581,GREEN,463.72833251953125,0.07407407407407407
2024-01-19,0.8977570294272064,0.08994708994709,GREEN,469.50927734375,0.06349206349206349
2024-01-22,0.8980169874097285,0.08465608465608465,GREEN,470.501953125,0.042328042328042326
2024-01-23,0.8970801180305387,0.10052910052910058,GREEN,471.87420654296875,0.005291005291005346
2024-01-24,0.8970523077390923,0.10582010582010581,GREEN,472.3900146484375,0.0
2024-01-25,0.9022667515782815,0.021164021164021163,GREEN,474.9593505859375,-0.08465608465608465
2024-01-26,0.9021189698907738,0.031746031746031744,GREEN,474.3559265136719,-0.05820105820105825
2024-01-29,0.903214641382381,0.021164021164021163,GREEN,478.1124572753906,-0.06349206349206349
2024-01-30,0.9026023761600257,0.02645502645502651,GREEN,477.74267578125,-0.07407407407407407
2024-01-31,0.8984063410963853,0.10052910052910058,GREEN,469.9472351074219,-0.005291005291005235
2024-02-01,0.9022392735938166,0.03703703703703709,GREEN,476.0979919433594,0.015873015873015928
2024-02-02,0.9010171513306694,0.06349206349206349,GREEN,481.1100158691406,0.031746031746031744
2024-02-05,0.8985698741182621,0.10582010582010581,GREEN,479.35821533203125,0.08465608465608465
2024-02-06,0.9004128321121067,0.07936507936507942,GREEN,480.74993896484375,0.05291005291005291
2024-02-07,0.9022612924877154,0.03703703703703709,GREEN,484.75958251953125,-0.06349206349206349
2024-02-08,0.9020149292660309,0.05820105820105825,GREEN,484.97369384765625,0.021164021164021163
2024-02-09,0.9042156503130022,0.010582010582010581,GREEN,487.776611328125,-0.05291005291005291
2024-02-12,0.9021182566213566,0.06349206349206349,GREEN,487.56243896484375,-0.042328042328042326
2024-02-13,0.8977250332129559,0.1693121693121693,GREEN,480.84722900390625,0.08994708994708989
2024-02-14,0.899918260522207,0.1164021164021164,GREEN,485.2170104980469,0.0793650793650793
2024-02-15,0.9021954782504308,0.05291005291005291,GREEN,488.56488037109375,-0.005291005291005346
2024-02-16,0.9006071052787857,0.10052910052910058,GREEN,486.1318359375,0.08994708994709
2024-02-20,0.9019282579997963,0.07936507936507942,GREEN,483.45550537109375,0.015873015873015928
2024-02-21,0.9010618036517695,0.09523809523809523,GREEN,483.8934631347656,-0.07407407407407407
2024-02-22,0.9055068621884566,0.005291005291005346,GREEN,493.9078674316406,-0.11111111111111105
2024-02-23,0.9056486529501278,0.005291005291005346,GREEN,494.2485046386719,-0.04761904761904756
2024-02-26,0.9033849601815698,0.03703703703703709,GREEN,492.438232421875,-0.06349206349206349
2024-02-27,0.9045567447548267,0.015873015873015928,GREEN,493.3531188964844,-0.06349206349206349
2024-02-28,0.9035537600015587,0.03703703703703709,GREEN,492.7010498046875,-0.05820105820105814
2024-02-29,0.9046391590522747,0.015873015873015928,GREEN,494.4722900390625,0.010582010582010581
2024-03-01,0.9062482002515625,0.005291005291005346,GREEN,499.1144714355469,0.0
2024-03-04,0.9069019546259312,0.005291005291005346,GREEN,498.5792541503906,-0.031746031746031744
2024-03-05,0.9055307183556699,0.021164021164021163,GREEN,493.5964050292969,0.005291005291005235
2024-03-06,0.9075398186592453,0.0,GREEN,496.09759521484375,-0.03703703703703709
2024-03-07,0.9074852971385223,0.005291005291005346,GREEN,501.02197265625,-0.010582010582010581
2024-03-08,0.9072758122025804,0.010582010582010581,GREEN,498.0147705078125,0.005291005291005235
2024-03-11,0.907935735500496,0.0,GREEN,497.5865783691406,-0.005291005291005346
2024-03-12,0.9096476013605919,0.0,GREEN,502.93927001953125,-0.021164021164021163
2024-03-13,0.910445945746127,0.0,GREEN,502.1510009765625,0.0
2024-03-14,0.9068762490072562,0.042328042328042326,GREEN,501.1583557128906,0.03703703703703698
2024-03-15,0.9068446646993165,0.04761904761904767,GREEN,497.7170715332031,0.03703703703703709
2024-03-18,0.9088510169977285,0.010582010582010581,GREEN,500.6750183105469,0.010582010582010581
2024-03-19,0.911715225138695,0.0,GREEN,503.4573974609375,0.0
2024-03-20,0.9133156689843579,0.0,GREEN,508.11395263671875,0.0
2024-03-21,0.9128463574943603,0.005291005291005346,GREEN,509.7932434082031,-0.03703703703703698
2024-03-22,0.911238044826744,0.015873015873015928,GREEN,508.8266296386719,-0.031746031746031744
2024-03-25,0.9102763092551818,0.02645502645502651,GREEN,507.4208984375,0.015873015873015928
2024-03-26,0.9089978170857832,0.03703703703703709,GREEN,506.48370361328125,0.03703703703703709
2024-03-27,0.9128021841497633,0.010582010582010581,GREEN,510.7400817871094,0.010582010582010581
2024-03-28,0.9113668861449721,0.021164021164021163,GREEN,510.6424560546875,0.015873015873015817
2024-04-01,0.9095518656767813,0.04761904761904767,GREEN,509.754150390625,0.031746031746031744
2024-04-02,0.9075701180461869,0.06878306878306883,GREEN,506.5130615234375,0.042328042328042326
2024-04-03,0.9076094746513536,0.06878306878306883,GREEN,507.0694885253906,0.031746031746031744
2024-04-04,0.906011610835702,0.12169312169312174,GREEN,500.880126953125,0.11111111111111116
2024-04-05,0.9066328549263584,0.1164021164021164,GREEN,506.11273193359375,0.09523809523809523
2024-04-08,0.9096512980831384,0.042328042328042326,GREEN,506.3958740234375,-0.005291005291005346
2024-04-09,0.9106458904089484,0.031746031746031744,GREEN,506.9815673828125,-0.03703703703703709
2024-04-10,0.9062948468085612,0.13227513227513232,GREEN,501.90509033203125,0.06349206349206349
2024-04-11,0.9043494722076029,0.17460317460317465,GREEN,505.69293212890625,0.05291005291005291
2024-04-12,0.9033197047460655,0.21164021164021163,GREEN,498.7128601074219,0.09523809523809523
2024-04-15,0.8984468019231782,0.35978835978835977,GREEN,492.4648742675781,0.31746031746031744
2024-04-16,0.8960404725877075,0.417989417989418,RED,491.5667419433594,0.3862433862433863
2024-04-17,0.8965614018853175,0.4126984126984127,RED,488.65753173828125,0.28042328042328035
2024-04-18,0.89771367882313,0.39682539682539686,RED,487.6520080566406,0.2222222222222222
2024-04-19,0.8991496785223976,0.34391534391534395,RED,483.3956604003906,0.13227513227513232
2024-04-22,0.9036741393118553,0.1957671957671958,RED,487.8472900390625,-0.16402116402116396
2024-04-23,0.9065596319163534,0.13227513227513232,GREEN,493.6363525390625,-0.2857142857142857
2024-04-24,0.9048843367505802,0.1693121693121693,GREEN,493.4020690917969,-0.24338624338624337
2024-04-25,0.903660463447519,0.21164021164021163,GREEN,491.5277099609375,-0.18518518518518523
2024-04-26,0.9062765046097289,0.1428571428571429,GREEN,496.18438720703125,-0.20105820105820105
2024-04-29,0.9085494168854261,0.07407407407407407,GREEN,497.9416198730469,-0.12169312169312174
2024-04-30,0.9030406250456822,0.25396825396825395,GREEN,490.05364990234375,0.12169312169312163
2024-05-01,0.9059857661275902,0.16402116402116407,YELLOW,488.4623107910156,-0.005291005291005235
2024-05-02,0.9102195686886091,0.04761904761904767,GREEN,493.0311584472656,-0.16402116402116396
2024-05-03,0.9125521457806295,0.015873015873015928,GREEN,499.14239501953125,-0.12698412698412698
2024-05-06,0.9137304957317588,0.0,GREEN,504.29693603515625,-0.07407407407407407
2024-05-07,0.9137362866558212,0.0,GREEN,504.8534240722656,-0.25396825396825395
2024-05-08,0.9118296776957108,0.031746031746031744,GREEN,504.90216064453125,-0.13227513227513232
2024-05-09,0.9112817525014798,0.04761904761904767,GREEN,507.8114318847656,0.0
2024-05-10,0.9106455481233855,0.06349206349206349,GREEN,508.4655456542969,0.04761904761904756
2024-05-13,0.9101845710403219,0.08465608465608465,GREEN,508.5338439941406,0.08465608465608465
2024-05-14,0.9107091415051114,0.05820105820105825,GREEN,510.8670349121094,0.05820105820105825
2024-05-15,0.9143461240650483,0.0,GREEN,517.193115234375,-0.031746031746031744
2024-05-16,0.9128933307584663,0.021164021164021163,GREEN,516.1289672851562,-0.02645502645502651
2024-05-17,0.9135720380093308,0.015873015873015928,GREEN,516.8709106445312,-0.04761904761904756
2024-05-20,0.9142690724034143,0.005291005291005346,GREEN,517.4664916992188,-0.0793650793650793
2024-05-21,0.9131114011592177,0.031746031746031744,GREEN,518.7355346679688,-0.02645502645502651
2024-05-22,0.9117738612710102,0.06349206349206349,GREEN,517.2420043945312,0.06349206349206349
2024-05-23,0.9090270800185388,0.1428571428571429,GREEN,513.4638061523438,0.12169312169312174
2024-05-24,0.911885931004097,0.05820105820105825,GREEN,516.8612060546875,0.042328042328042326
2024-05-28,0.9090006321680091,0.1534391534391535,GREEN,517.2224731445312,0.14814814814814814
2024-05-29,0.9066125018085938,0.2328042328042328,GREEN,513.6005249023438,0.20105820105820105
2024-05-30,0.9092769358729119,0.14814814814814814,GREEN,510.19342041015625,0.08465608465608465
2024-05-31,0.9112392541970266,0.08994708994709,GREEN,514.84033203125,-0.05291005291005291
2024-06-03,0.9130294885868948,0.03703703703703709,GREEN,515.2601318359375,-0.021164021164021163
2024-06-04,0.9116586762706309,0.08465608465608465,GREEN,515.8360595703125,-0.06878306878306883
2024-06-05,0.9137212783569046,0.021164021164021163,GREEN,521.9668579101562,-0.21164021164021163
2024-06-06,0.9120711407920665,0.06878306878306883,GREEN,521.9571533203125,-0.0793650793650793
2024-06-07,0.9120558313383665,0.07407407407407407,GREEN,521.3225708007812,-0.015873015873015928
2024-06-10,0.9127739680533719,0.06349206349206349,GREEN,522.933349609375,0.026455026455026398
2024-06-11,0.912948929484647,0.04761904761904767,GREEN,524.1926879882812,-0.03703703703703698
2024-06-12,0.9153837250960912,0.0,GREEN,528.4979858398438,-0.021164021164021163
2024-06-13,0.9138073037394975,0.015873015873015928,GREEN,529.56201171875,-0.05291005291005291
2024-06-14,0.9101520309828883,0.18518518518518523,GREEN,529.8842163085938,0.11111111111111116
2024-06-17,0.9116362918647414,0.12698412698412698,GREEN,534.1015625,0.06349206349206349
2024-06-18,0.9132413732534161,0.04761904761904767,GREEN,535.4585571289062,0.0
2024-06-20,0.9129866463270002,0.06349206349206349,GREEN,534.0039672851562,0.06349206349206349
2024-06-21,0.9137138862888808,0.03703703703703709,GREEN,533.2880859375,0.021164021164021163
2024-06-24,0.9126573559696101,0.10052910052910058,GREEN,531.5545043945312,-0.08465608465608465
2024-06-25,0.9137262032248507,0.031746031746031744,GREEN,533.6014404296875,-0.09523809523809523
2024-06-26,0.9126133064338932,0.11111111111111116,GREEN,534.2673950195312,0.06349206349206349
2024-06-27,0.913005267121755,0.07407407407407407,GREEN,535.1097412109375,0.010582010582010581
2024-06-28,0.9106505495285423,0.1957671957671958,GREEN,533.0039672851562,0.15873015873015872
2024-07-01,0.9112566630092521,0.17989417989417988,GREEN,534.1008911132812,0.0793650793650793
2024-07-02,0.9129648076582436,0.08465608465608465,GREEN,537.6952514648438,0.05291005291005291
2024-07-03,0.9148201177587205,0.005291005291005346,GREEN,540.0947875976562,-0.10582010582010581
2024-07-05,0.91586014731663,0.0,GREEN,543.2093505859375,-0.07407407407407407
2024-07-08,0.9157357240927232,0.005291005291005346,GREEN,543.8360595703125,-0.19047619047619047
2024-07-09,0.9148950886304595,0.015873015873015928,GREEN,544.364990234375,-0.16402116402116396
2024-07-10,0.916688031527941,0.0,GREEN,549.7515869140625,-0.08465608465608465
2024-07-11,0.9178637268292528,0.0,GREEN,545.0112915039062,-0.005291005291005346
2024-07-12,0.918876906780631,0.0,GREEN,548.4490356445312,0.0
2024-07-15,0.918994557984824,0.0,GREEN,549.9573364257812,-0.005291005291005346
2024-07-16,0.9221917621760254,0.0,GREEN,553.2186279296875,-0.015873015873015928
2024-07-17,0.9210195285343113,0.005291005291005346,GREEN,545.4617919921875,0.005291005291005346
2024-07-18,0.9195836102914345,0.010582010582010581,GREEN,541.27001953125,0.010582010582010581
2024-07-19,0.9193254677673519,0.015873015873015928,GREEN,537.6756591796875,0.015873015873015928
2024-07-22,0.9226315522201102,0.0,GREEN,543.2191162109375,0.0
2024-07-23,0.9222993607302482,0.005291005291005346,GREEN,542.3670043945312,0.005291005291005346
2024-07-24,0.9189054844154491,0.03703703703703709,GREEN,530.0755615234375,0.031746031746031744
2024-07-25,0.9189107979091311,0.03703703703703709,GREEN,527.313720703125,0.02645502645502651
2024-07-26,0.9206199801876993,0.021164021164021163,GREEN,533.2194213867188,0.005291005291005235
2024-07-29,0.9196850360855597,0.02645502645502651,GREEN,533.5328369140625,0.02645502645502651
2024-07-30,0.9198194112458734,0.02645502645502651,GREEN,530.829833984375,0.021164021164021163
2024-07-31,0.9212041897006775,0.015873015873015928,GREEN,539.4581909179688,-0.021164021164021163
2024-08-01,0.9176006780941756,0.07936507936507942,GREEN,531.8189697265625,0.042328042328042326
2024-08-02,0.9094515496007579,0.3756613756613757,GREEN,521.9172973632812,0.35449735449735453
2024-08-05,0.9040519809231972,0.5608465608465609,RED,506.7171630859375,0.5343915343915344
2024-08-06,0.908546341455727,0.4126984126984127,RED,511.38885498046875,0.38624338624338617
2024-08-07,0.9108565676189561,0.3121693121693122,RED,507.9707946777344,0.2962962962962963
2024-08-08,0.9150535486296023,0.10582010582010581,RED,519.7137451171875,0.026455026455026398
2024-08-09,0.914713949213606,0.12169312169312174,GREEN,522.00537109375,-0.25396825396825395
2024-08-12,0.914746199179787,0.12169312169312174,GREEN,522.2797241210938,-0.4391534391534392
2024-08-13,0.9175214410021763,0.08465608465608465,GREEN,530.8689575195312,-0.328042328042328
2024-08-14,0.9192714548610175,0.05291005291005291,GREEN,532.543701171875,-0.2592592592592593
2024-08-15,0.9223231833432987,0.005291005291005346,GREEN,541.6715698242188,-0.10052910052910047
2024-08-16,0.924248424384959,0.0,GREEN,542.885986328125,-0.12169312169312174
2024-08-19,0.9259965964506011,0.0,GREEN,548.0768432617188,-0.12169312169312174
2024-08-20,0.9238321161599142,0.010582010582010581,GREEN,547.1856079101562,-0.07407407407407407
2024-08-21,0.9249326069786815,0.005291005291005346,GREEN,549.0660400390625,-0.04761904761904756
2024-08-22,0.9249928920216154,0.005291005291005346,GREEN,544.7566528320312,0.0
2024-08-23,0.9277785414670164,0.0,GREEN,550.5448608398438,0.0
2024-08-26,0.926356359929828,0.005291005291005346,GREEN,549.232421875,0.005291005291005346
2024-08-27,0.9263811968784119,0.005291005291005346,GREEN,549.9866333007812,-0.005291005291005235
2024-08-28,0.9260256782869621,0.015873015873015928,GREEN,546.7938232421875,0.010582010582010581
2024-08-29,0.9270724197857011,0.005291005291005346,GREEN,546.8428344726562,0.0
2024-08-30,0.9271890819171438,0.005291005291005346,GREEN,552.06298828125,0.005291005291005346
2024-09-03,0.9229167929650385,0.05820105820105825,GREEN,540.7020874023438,0.05291005291005291
2024-09-04,0.9243046033760858,0.04761904761904767,GREEN,539.5953369140625,0.042328042328042326
2024-09-05,0.9271287782060109,0.010582010582010581,GREEN,538.2828979492188,-0.005291005291005346
2024-09-06,0.9242842463034047,0.05820105820105825,GREEN,529.2235717773438,0.05291005291005291
2024-09-09,0.9263917635714368,0.021164021164021163,GREEN,535.1488647460938,0.015873015873015817
2024-09-10,0.9233049411555904,0.07936507936507942,GREEN,537.4798583984375,0.021164021164021163
2024-09-11,0.9254836155717363,0.04761904761904767,GREEN,542.9937744140625,0.0
2024-09-12,0.9266557452911693,0.021164021164021163,GREEN,547.5675659179688,0.010582010582010581
2024-09-13,0.927882033039979,0.0,GREEN,550.4274291992188,-0.05820105820105825
2024-09-16,0.9296535251391632,0.0,GREEN,551.2403564453125,-0.021164021164021163
2024-09-17,0.9305574695358764,0.0,GREEN,551.465576171875,-0.07936507936507942
2024-09-18,0.9317092479274022,0.0,GREEN,549.8300170898438,-0.04761904761904767
2024-09-19,0.9337207141142695,0.0,GREEN,559.2125244140625,-0.021164021164021163
2024-09-20,0.9345486400029135,0.0,GREEN,558.245849609375,0.0
2024-09-23,0.9328019941190315,0.010582010582010581,GREEN,559.640869140625,0.010582010582010581
2024-09-24,0.9320226953881643,0.015873015873015928,GREEN,561.2420654296875,0.015873015873015928
2024-09-25,0.9317587139250465,0.021164021164021163,GREEN,560.0042114257812,0.021164021164021163
2024-09-26,0.9341700681372662,0.005291005291005346,GREEN,562.2245483398438,0.005291005291005346
2024-09-27,0.9350390199283823,0.0,GREEN,561.4091186523438,0.0
2024-09-30,0.9356890942811104,0.0,GREEN,563.6588134765625,-0.010582010582010581
2024-10-01,0.9346231349373758,0.010582010582010581,GREEN,558.609375,-0.005291005291005346
2024-10-02,0.9349657975419038,0.010582010582010581,GREEN,558.8451538085938,-0.010582010582010581
2024-10-03,0.9339807097966166,0.031746031746031744,GREEN,557.8234252929688,0.026455026455026398
2024-10-04,0.936091726337949,0.0,GREEN,562.892578125,0.0
2024-10-07,0.933337521165375,0.04761904761904767,GREEN,557.8037719726562,0.04761904761904767
2024-10-08,0.9347806886903283,0.021164021164021163,GREEN,563.0792236328125,0.010582010582010581
2024-10-09,0.9350994145994169,0.010582010582010581,GREEN,566.9793701171875,0.0
2024-10-10,0.9338351158658368,0.05291005291005291,GREEN,565.9871215820312,0.021164021164021163
2024-10-11,0.9355120376538218,0.010582010582010581,GREEN,569.3764038085938,0.010582010582010581
2024-10-14,0.9364362777901557,0.0,GREEN,574.032958984375,-0.04761904761904767
2024-10-15,0.9357471587818084,0.010582010582010581,GREEN,569.5728149414062,-0.010582010582010581
2024-10-16,0.9368258049173253,0.0,GREEN,572.0484008789062,-0.010582010582010581
2024-10-17,0.9362092664897529,0.010582010582010581,GREEN,572.09765625,-0.042328042328042326
2024-10-18,0.9376484752192695,0.0,GREEN,574.2981567382812,-0.010582010582010581
2024-10-21,0.9352472361075816,0.042328042328042326,GREEN,573.3550415039062,0.042328042328042326
2024-10-22,0.9340661579282838,0.08465608465608465,GREEN,573.050537109375,0.07407407407407407
2024-10-23,0.9318065778232145,0.12169312169312174,GREEN,567.8143310546875,0.12169312169312174
2024-10-24,0.9340616887766406,0.08994708994709,GREEN,569.0423583984375,0.07936507936507942
2024-10-25,0.9334595671077793,0.11111111111111116,GREEN,568.8458251953125,0.11111111111111116
2024-10-28,0.9362690861677672,0.015873015873015928,GREEN,570.6043701171875,-0.026455026455026398
2024-10-29,0.9361638177975544,0.02645502645502651,GREEN,571.52783203125,-0.05820105820105814
2024-10-30,0.9353095783363969,0.05291005291005291,GREEN,569.798828125,-0.06878306878306883
2024-10-31,0.9324899305989669,0.1428571428571429,GREEN,558.6290283203125,0.05291005291005291
2024-11-01,0.9328560554488544,0.13756613756613756,GREEN,560.9866943359375,0.026455026455026398
2024-11-04,0.9347788562620839,0.08465608465608465,GREEN,559.7783813476562,0.06878306878306872
2024-11-05,0.9376110338531188,0.005291005291005346,GREEN,566.547119140625,-0.021164021164021163
2024-11-06,0.9404145314226284,0.0,GREEN,580.634521484375,-0.05291005291005291
2024-11-07,0.942834967896705,0.0,GREEN,585.1241455078125,-0.1428571428571429
2024-11-08,0.9450639230385562,0.0,GREEN,587.6587524414062,-0.13756613756613756
2024-11-11,0.9446886791989911,0.005291005291005346,GREEN,588.2186279296875,-0.0793650793650793
2024-11-12,0.9418148454130815,0.015873015873015928,GREEN,586.3914794921875,0.010582010582010581
2024-11-13,0.9406743949259512,0.021164021164021163,GREEN,586.6763305664062,0.021164021164021163
2024-11-14,0.9400351287020946,0.031746031746031744,GREEN,582.9039306640625,0.031746031746031744
2024-11-15,0.9388852440227521,0.03703703703703709,GREEN,575.4376831054688,0.03703703703703709
2024-11-18,0.9399751861796454,0.03703703703703709,GREEN,577.7954711914062,0.031746031746031744
2024-11-19,0.9413960043924757,0.021164021164021163,GREEN,579.9076538085938,0.005291005291005235
2024-11-20,0.9416183779686794,0.021164021164021163,GREEN,580.1041259765625,0.0
2024-11-21,0.9422033042439653,0.015873015873015928,GREEN,583.2183227539062,-0.015873015873015817
2024-11-22,0.9420815238992507,0.021164021164021163,GREEN,585.0260009765625,-0.015873015873015928
2024-11-25,0.9437953669178959,0.010582010582010581,GREEN,587.0103759765625,-0.02645502645502651
2024-11-26,0.9420210446472963,0.031746031746031744,GREEN,590.075439453125,0.010582010582010581
2024-11-27,0.9442853109866496,0.010582010582010581,GREEN,588.2874145507812,-0.010582010582010581
2024-11-29,0.9450274912406104,0.005291005291005346,GREEN,591.9420166015625,-0.010582010582010581
2024-12-02,0.9447409857146545,0.010582010582010581,GREEN,593.0029907226562,-0.010582010582010581
2024-12-03,0.9446258115939606,0.021164021164021163,GREEN,593.2779541015625,0.010582010582010581
2024-12-04,0.9458418444749414,0.0,GREEN,596.9619140625,-0.031746031746031744
2024-12-05,0.9450126459849791,0.015873015873015928,GREEN,595.9796142578125,0.005291005291005346
2024-12-06,0.9456319045243201,0.005291005291005346,GREEN,597.109375,0.0
2024-12-09,0.9447929353227325,0.02645502645502651,GREEN,594.034423828125,0.015873015873015928
2024-12-10,0.9453814330430192,0.010582010582010581,GREEN,592.1875610351562,-0.010582010582010581
2024-12-11,0.9458485932736761,0.0,GREEN,596.7655029296875,0.0
2024-12-12,0.9437022613688711,0.06878306878306883,GREEN,593.690673828125,0.05291005291005291
2024-12-13,0.9414353163029444,0.10582010582010581,GREEN,593.5728149414062,0.10052910052910047
2024-12-16,0.943098813184889,0.07407407407407407,GREEN,596.1073608398438,0.04761904761904756
2024-12-17,0.9409690627954622,0.12169312169312174,GREEN,593.6513061523438,0.11111111111111116
2024-12-18,0.9330170858969749,0.3015873015873016,GREEN,575.9584350585938,0.3015873015873016
2024-12-19,0.931036445010412,0.34391534391534395,RED,575.7816162109375,0.2751322751322751
2024-12-20,0.9367640488543588,0.1693121693121693,RED,582.697265625,0.06349206349206349
2024-12-23,0.9348321880836381,0.24338624338624337,GREEN,586.1866455078125,0.1693121693121693
2024-12-24,0.9373555734636693,0.16402116402116407,GREEN,592.7020263671875,0.042328042328042326
2024-12-26,0.9395101807728803,0.14814814814814814,GREEN,592.74169921875,-0.1534391534391535
2024-12-27,0.9360628849795891,0.21164021164021163,GREEN,586.5020751953125,-0.13227513227513232
2024-12-30,0.9360009680381516,0.21693121693121697,GREEN,579.8091430664062,0.04761904761904767
2024-12-31,0.9353111070692433,0.23809523809523814,GREEN,577.6998291015625,-0.005291005291005235
2025-01-02,0.937799316105316,0.15873015873015872,GREEN,576.2803344726562,-0.005291005291005346
2025-01-03,0.9392265516736145,0.1534391534391535,GREEN,583.48583984375,0.005291005291005346
2025-01-06,0.9406625943493061,0.13227513227513232,GREEN,586.8470458984375,-0.0793650793650793
2025-01-07,0.9381430452021121,0.1693121693121693,GREEN,580.2132568359375,-0.04761904761904767
2025-01-08,0.9387596872764545,0.1693121693121693,GREEN,581.0609741210938,-0.06878306878306883
2025-01-10,0.9355960348692949,0.2592592592592593,GREEN,572.1896362304688,0.10052910052910058
2025-01-13,0.9351291386471964,0.2857142857142857,YELLOW,573.0768432617188,0.1322751322751322
2025-01-14,0.9360915685175019,0.23809523809523814,RED,573.8653564453125,0.10582010582010581
2025-01-15,0.9422363274588942,0.08465608465608465,GREEN,584.303955078125,-0.08465608465608465
2025-01-16,0.94273163360095,0.08465608465608465,GREEN,583.1802368164062,-0.08465608465608465
2025-01-17,0.9437921750333835,0.06878306878306883,GREEN,589.0353393554688,-0.19047619047619047
2025-01-21,0.945941132682476,0.0,GREEN,594.4270629882812,-0.2857142857142857
2025-01-22,0.9448651931625707,0.042328042328042326,GREEN,597.7686767578125,-0.1957671957671958
2025-01-23,0.9460527216686602,0.0,GREEN,601.0313110351562,-0.08465608465608465
2025-01-24,0.9465449875498817,0.0,GREEN,599.2766723632812,-0.08465608465608465
2025-01-27,0.9458751684354495,0.015873015873015928,GREEN,590.7997436523438,-0.05291005291005291
2025-01-28,0.9452898504252326,0.042328042328042326,GREEN,595.8761596679688,0.042328042328042326
2025-01-29,0.9452721395531808,0.04761904761904767,GREEN,593.204833984375,0.005291005291005346
2025-01-30,0.9464748309933003,0.005291005291005346,GREEN,596.3886108398438,0.005291005291005346
2025-01-31,0.9444643401572281,0.10052910052910058,GREEN,593.2147216796875,0.10052910052910058
2025-02-03,0.9439299722344456,0.11111111111111116,GREEN,589.2225341796875,0.09523809523809523
2025-02-04,0.9459838897718574,0.015873015873015928,GREEN,593.1753540039062,-0.026455026455026398
2025-02-05,0.9479048158948215,0.0,GREEN,595.5802612304688,-0.04761904761904767
2025-02-06,0.946824097291559,0.005291005291005346,GREEN,597.6503295898438,0.0
2025-02-07,0.9448865866193121,0.08994708994709,GREEN,592.1796875,-0.010582010582010581
2025-02-10,0.9463301424062932,0.021164021164021163,GREEN,596.2012939453125,-0.08994708994709
2025-02-11,0.9462039264387773,0.02645502645502651,GREEN,596.65478515625,0.010582010582010581
2025-02-12,0.9454486478532537,0.06878306878306883,GREEN,594.732666015625,0.06878306878306883
2025-02-13,0.9484658190635572,0.0,GREEN,601.0115966796875,-0.005291005291005346
2025-02-14,0.9482651319900448,0.005291005291005346,GREEN,600.9820556640625,-0.08465608465608465
2025-02-18,0.9482411923619051,0.010582010582010581,GREEN,602.7463989257812,-0.010582010582010581
2025-02-19,0.9482616495109555,0.010582010582010581,GREEN,604.1658325195312,-0.015873015873015928
2025-02-20,0.948740625764949,0.0,GREEN,601.6522216796875,-0.06878306878306883
2025-02-21,0.9453452259880875,0.10582010582010581,GREEN,591.361572265625,0.10582010582010581
2025-02-24,0.94584207528355,0.08465608465608465,GREEN,588.670654296875,0.0793650793650793
2025-02-25,0.9469484117825033,0.031746031746031744,GREEN,585.7430419921875,0.021164021164021163
2025-02-26,0.947905896230906,0.02645502645502651,GREEN,586.0387573242188,0.015873015873015928
2025-02-27,0.9457859654733775,0.10582010582010581,GREEN,576.6843872070312,0.10582010582010581
2025-02-28,0.9466680478087341,0.04761904761904767,GREEN,585.6838989257812,-0.05820105820105814
2025-03-03,0.9440898976906295,0.2063492063492064,GREEN,575.4227905273438,0.12169312169312174
2025-03-04,0.9438568904379095,0.21693121693121697,GREEN,568.6115112304688,0.18518518518518523
2025-03-05,0.9453635138514546,0.13227513227513232,GREEN,574.7229614257812,0.10582010582010581
2025-03-06,0.9412300923217194,0.3015873015873016,GREEN,564.52099609375,0.1957671957671958
2025-03-07,0.9428872079928516,0.24867724867724872,RED,567.68505859375,0.20105820105820105
2025-03-10,0.937619347852244,0.38095238095238093,GREEN,552.5643920898438,0.17460317460317454
2025-03-11,0.9348691552112824,0.5079365079365079,RED,547.9710083007812,0.29100529100529093
2025-03-12,0.936616961793867,0.40740740740740744,RED,550.8787231445312,0.2751322751322751
2025-03-13,0.9307204250555794,0.6349206349206349,RED,543.5353393554688,0.33333333333333326
2025-03-14,0.9356679410558458,0.4656084656084656,RED,554.762451171875,0.21693121693121686
2025-03-17,0.9382636828949302,0.3650793650793651,RED,559.0404052734375,-0.015873015873015817
2025-03-18,0.9366023393414253,0.417989417989418,RED,552.9981079101562,-0.08994708994708989
2025-03-19,0.9414013723743729,0.3015873015873016,RED,559.0206909179688,-0.10582010582010581
2025-03-20,0.9398701479966309,0.3492063492063492,GREEN,557.4041137695312,-0.2857142857142857
2025-03-21,0.9378804878440619,0.3862433862433863,YELLOW,557.5880126953125,-0.0793650793650793
2025-03-24,0.9418580535558665,0.2857142857142857,RED,567.5736083984375,-0.07936507936507942
2025-03-25,0.9410417226971554,0.3227513227513228,GREEN,568.93798828125,-0.09523809523809523
2025-03-26,0.9374768238799805,0.42328042328042326,YELLOW,562.1458740234375,0.12169312169312163
2025-03-27,0.9352450943158459,0.5396825396825398,RED,560.6528930664062,0.19047619047619058
2025-03-28,0.9318926772736315,0.6666666666666667,RED,549.3623657226562,0.28042328042328046
2025-03-31,0.9322801986493855,0.6613756613756614,RED,553.050048828125,0.3756613756613757
2025-04-01,0.9341015760173896,0.6031746031746033,RED,554.6121215820312,0.28042328042328046
2025-04-02,0.9366822873399541,0.4444444444444444,RED,558.1219482421875,0.021164021164021163
2025-04-03,0.9215741198950015,0.8518518518518519,RED,530.6172485351562,0.3121693121693121
2025-04-04,0.908987142073978,0.9841269841269842,RED,499.5533447265625,0.31746031746031744
2025-04-07,0.9010623848288406,0.9947089947089947,RED,498.6635437011719,0.33333333333333326
2025-04-08,0.8974608262582509,0.9947089947089947,RED,490.8531188964844,0.3915343915343914
2025-04-09,0.922069629348575,0.8518518518518519,RED,542.4022216796875,0.40740740740740744
2025-04-10,0.907123502902013,0.9788359788359788,RED,518.6345825195312,0.12698412698412698
2025-04-11,0.9115064086494437,0.9523809523809523,RED,527.8885498046875,-0.031746031746031855
2025-04-14,0.9140242017210053,0.9470899470899471,RED,533.009765625,-0.04761904761904756
2025-04-15,0.9165129564178494,0.9259259259259259,RED,531.5169677734375,-0.06878306878306872
2025-04-16,0.915175675718358,0.9259259259259259,RED,519.7023315429688,0.07407407407407407
2025-04-17,0.9201684262171831,0.8677248677248677,RED,520.44384765625,-0.11111111111111116
2025-04-21,0.9152787486901061,0.9206349206349207,RED,508.05584716796875,-0.03174603174603163
2025-04-22,0.9184970696103555,0.8994708994708995,RED,521.2743530273438,-0.04761904761904756
2025-04-23,0.9237828934357597,0.8201058201058201,RED,529.3517456054688,-0.10582010582010581
2025-04-24,0.9309469758166534,0.7089947089947091,RED,540.4939575195312,-0.21693121693121686
2025-04-25,0.9309875596209415,0.7089947089947091,RED,544.3992919921875,-0.1587301587301586
2025-04-28,0.9301135418504785,0.7301587301587302,RED,544.6068725585938,-0.19047619047619047
2025-04-29,0.932029815761242,0.6772486772486772,RED,548.0375366210938,-0.22222222222222232
2025-04-30,0.9258490052579637,0.8042328042328042,RED,548.2550048828125,-0.015873015873015928
2025-05-01,0.9289619004121932,0.746031746031746,RED,552.1405029296875,0.03703703703703698
2025-05-02,0.9336161528449469,0.6402116402116402,RED,560.3364868164062,-0.06878306878306883
2025-05-05,0.9333727262701951,0.6507936507936508,RED,557.1234130859375,-0.07936507936507942
2025-05-06,0.9318685634803948,0.7037037037037037,RED,552.466796875,0.02645502645502651
2025-05-07,0.93236129294809,0.6825396825396826,RED,554.7901611328125,-0.12169312169312163
2025-05-08,0.9340457968792538,0.6243386243386244,RED,558.6558227539062,-0.12169312169312163
2025-05-09,0.9341877079776642,0.6031746031746033,RED,557.9440307617188,-0.03703703703703698
2025-05-12,0.9451827646958458,0.1534391534391535,RED,576.3826293945312,-0.4973544973544973
2025-05-13,0.9470807540360718,0.03703703703703709,GREEN,580.18896484375,-0.6666666666666666
2025-05-14,0.9443129381966904,0.21693121693121697,GREEN,580.930419921875,-0.4656084656084656
2025-05-15,0.9442655204979108,0.22751322751322756,GREEN,583.7679443359375,-0.39682539682539686
2025-05-16,0.9455661514117627,0.12698412698412698,GREEN,587.465576171875,-0.4761904761904763
2025-05-19,0.9447460441174499,0.20105820105820105,GREEN,588.108154296875,0.04761904761904756
2025-05-20,0.9441552581666868,0.24338624338624337,GREEN,586.1307983398438,0.20634920634920628
2025-05-21,0.9384173043950909,0.42328042328042326,GREEN,576.2540893554688,0.20634920634920628
2025-05-22,0.9397521868638531,0.4021164021164021,RED,576.4815063476562,0.17460317460317454
2025-05-23,0.9389449002888856,0.417989417989418,RED,572.5465698242188,0.29100529100529104
2025-05-27,0.9443101005868483,0.2328042328042328,RED,584.4501342773438,0.031746031746031744
2025-05-28,0.9444020642159685,0.22751322751322756,GREEN,581.06884765625,-0.015873015873015817
2025-05-29,0.9447983664442234,0.1957671957671958,GREEN,583.3626098632812,-0.22751322751322745
2025-05-30,0.9444864195474787,0.22751322751322756,GREEN,582.7100830078125,-0.17460317460317454
2025-06-02,0.9450994402079981,0.1693121693121693,GREEN,585.9924926757812,-0.24867724867724872
2025-06-03,0.947120292670737,0.03703703703703709,GREEN,589.3341064453125,-0.1957671957671957
2025-06-04,0.9471844513076617,0.03703703703703709,GREEN,589.1759643554688,-0.19047619047619047
2025-06-05,0.9461914242265929,0.08994708994709,GREEN,586.3285522460938,-0.10582010582010581
2025-06-06,0.947683350559052,0.03703703703703709,GREEN,592.3494873046875,-0.19047619047619047
2025-06-09,0.9474699290099546,0.042328042328042326,GREEN,592.8834228515625,-0.12698412698412698
2025-06-10,0.9497387954162932,0.0,GREEN,596.2449340820312,-0.03703703703703709
2025-06-11,0.9480020835139287,0.031746031746031744,GREEN,594.54443359375,-0.005291005291005346
2025-06-12,0.9482692490580209,0.015873015873015928,GREEN,596.9072875976562,-0.07407407407407407
2025-06-13,0.9460985873747182,0.12169312169312174,GREEN,590.2338256835938,0.08465608465608465
2025-06-16,0.948121133269662,0.03703703703703709,GREEN,595.8494262695312,-0.005291005291005235
2025-06-17,0.9465884417661654,0.10052910052910058,GREEN,590.7578735351562,0.10052910052910058
2025-06-18,0.9475589528176215,0.06349206349206349,GREEN,590.6688232421875,0.031746031746031744
2025-06-20,0.949845840945979,0.0,GREEN,589.2816162109375,-0.015873015873015928
2025-06-23,0.9503646922749504,0.0,GREEN,595.1022338867188,-0.12169312169312174
2025-06-24,0.9521733635331633,0.0,GREEN,601.6764526367188,-0.03703703703703709
2025-06-25,0.9518206707057553,0.005291005291005346,GREEN,602.0136108398438,-0.09523809523809523
2025-06-26,0.9533998216211129,0.0,GREEN,606.7236938476562,-0.06349206349206349
2025-06-27,0.9532703603196098,0.005291005291005346,GREEN,609.7380981445312,0.005291005291005346
2025-06-30,0.956255757451589,0.0,GREEN,612.6533813476562,0.0
2025-07-01,0.95604802491817,0.005291005291005346,GREEN,612.455078125,0.005291005291005346
2025-07-02,0.9579530921708285,0.0,GREEN,615.2315063476562,-0.005291005291005346
2025-07-03,0.959596048021156,0.0,GREEN,620.0803833007812,0.0
2025-07-07,0.9566044638824047,0.010582010582010581,GREEN,615.4595947265625,0.005291005291005235
2025-07-08,0.9551750213073886,0.02645502645502651,GREEN,615.1224365234375,0.02645502645502651
2025-07-09,0.9569889610375409,0.010582010582010581,GREEN,618.8110961914062,0.005291005291005235
2025-07-10,0.9560345082509581,0.031746031746031744,GREEN,620.5563354492188,0.031746031746031744
2025-07-11,0.955073047918354,0.042328042328042326,GREEN,618.3748168945312,0.042328042328042326
2025-07-14,0.9556730365440619,0.03703703703703709,GREEN,619.5547485351562,0.02645502645502651
2025-07-15,0.953734795761589,0.05291005291005291,GREEN,616.9072875976562,0.026455026455026398
2025-07-16,0.9549678361377889,0.05291005291005291,GREEN,618.9697265625,0.042328042328042326
2025-07-17,0.956270046132732,0.021164021164021163,GREEN,622.757568359375,-0.010582010582010581
2025-07-18,0.9567702360264028,0.015873015873015928,GREEN,622.301513671875,-0.026455026455026398
2025-07-21,0.9575014756366128,0.010582010582010581,GREEN,623.4815063476562,-0.02645502645502651
2025-07-22,0.9584731473970364,0.005291005291005346,GREEN,623.5707397460938,-0.04761904761904756
2025-07-23,0.9597623766212602,0.0,GREEN,628.8757934570312,-0.05291005291005291
2025-07-24,0.95938434602924,0.010582010582010581,GREEN,629.083984375,-0.010582010582010581
2025-07-25,0.9593989791989778,0.010582010582010581,GREEN,631.7413940429688,-0.005291005291005346
2025-07-28,0.9590385510242975,0.021164021164021163,GREEN,631.582763671875,0.010582010582010581
2025-07-29,0.9588213316687664,0.02645502645502651,GREEN,629.9169311523438,0.021164021164021163
2025-07-30,0.9578400316627856,0.042328042328042326,GREEN,629.1236572265625,0.042328042328042326
2025-07-31,0.9584363221184798,0.03703703703703709,GREEN,626.763671875,0.02645502645502651
2025-08-01,0.9537299733647961,0.12169312169312174,GREEN,616.4907836914062,0.11111111111111116
2025-08-04,0.9567181687306345,0.06878306878306883,GREEN,625.8612670898438,0.04761904761904767
2025-08-05,0.9565882316783417,0.07936507936507942,GREEN,622.688232421875,0.05291005291005291
2025-08-06,0.9571950834581867,0.05820105820105825,GREEN,627.457763671875,0.015873015873015928
2025-08-07,0.9567041264529295,0.07936507936507942,GREEN,626.9321899414062,0.042328042328042326
2025-08-08,0.9570550202989669,0.06349206349206349,GREEN,631.82080078125,-0.05820105820105825
2025-08-11,0.9570550202989669,0.06613756613756616,GREEN,630.5713500976562,-0.002645502645502673
2025-08-12,0.958506528059838,0.031746031746031744,GREEN,637.2844848632812,-0.04761904761904767
2025-08-13,0.9597330598312804,0.005291005291005346,GREEN,639.4659423828125,-0.05291005291005291
2025-08-14,0.9582747139439957,0.05291005291005291,GREEN,639.5254516601562,-0.02645502645502651
2025-08-15,0.9593379377320809,0.02645502645502651,GREEN,638.0281372070312,-0.03703703703703698
2025-08-18,0.9586224318652731,0.042328042328042326,GREEN,637.8892822265625,-0.023809523809523836
2025-08-19,0.9579202950298571,0.07407407407407407,GREEN,634.4286499023438,0.042328042328042326
2025-08-20,0.95721554957643,0.08994708994709,GREEN,632.742919921875,0.08465608465608465
2025-08-21,0.9562377589690665,0.1534391534391535,GREEN,630.2044677734375,0.10052910052910058
2025-08-22,0.9618935069105548,0.0,GREEN,639.8823852539062,-0.02645502645502651
2025-08-25,0.9604536800413477,0.005291005291005346,GREEN,637.0662231445312,-0.03703703703703698
2025-08-26,0.9617831950207469,0.005291005291005346,GREEN,639.733642578125,-0.06878306878306872
2025-08-27,0.9622759873181201,0.0,GREEN,641.1912841796875,-0.08994708994709
2025-08-28,0.9630994588058888,0.0,GREEN,643.4619750976562,-0.1534391534391535
2025-08-29,0.9605052183827605,0.021164021164021163,GREEN,639.6245727539062,0.021164021164021163
2025-09-02,0.959954494236059,0.031746031746031744,GREEN,634.884765625,0.026455026455026398
2025-09-03,0.9618835073090912,0.015873015873015928,GREEN,638.3256225585938,0.010582010582010581
2025-09-04,0.9638095397619943,0.0,GREEN,643.6602783203125,0.0
2025-09-05,0.9628910619761484,0.010582010582010581,GREEN,641.796142578125,0.010582010582010581
2025-09-08,0.9623109016067147,0.015873015873015928,GREEN,643.3727416992188,-0.005291005291005235
2025-09-09,0.9620516295664139,0.02645502645502651,GREEN,644.8601684570312,-0.005291005291005235
2025-09-10,0.9626498601061336,0.015873015873015928,GREEN,646.724365234375,0.0
2025-09-11,0.9646825756939509,0.0,GREEN,652.0988159179688,0.0
2025-09-12,0.9638463511498578,0.005291005291005346,GREEN,651.8805541992188,-0.005291005291005235
2025-09-15,0.9662352255338165,0.0,GREEN,655.3511352539062,-0.015873015873015928
2025-09-16,0.9650555354558951,0.005291005291005346,GREEN,654.4487915039062,-0.021164021164021163
2025-09-17,0.9645692693733148,0.015873015873015928,GREEN,653.6357421875,0.0
2025-09-18,0.9670608982579962,0.0,GREEN,656.6898803710938,0.0
2025-09-19,0.9670682975342477,0.0,GREEN,659.9423217773438,-0.005291005291005346
2025-09-22,0.9682490671342889,0.0,GREEN,663.0645751953125,0.0
2025-09-23,0.9671848429127181,0.005291005291005346,GREEN,659.4551391601562,0.0
2025-09-24,0.9663414568133369,0.021164021164021163,GREEN,657.3569946289062,0.005291005291005235
2025-09-25,0.9644169294440957,0.04761904761904767,GREEN,654.3242797851562,0.04761904761904767
2025-09-26,0.9657409471914645,0.031746031746031744,GREEN,658.072998046875,0.031746031746031744
2025-09-29,0.9670583366777211,0.021164021164021163,GREEN,659.9224243164062,0.021164021164021163
2025-09-30,0.9662352255338165,0.03439153439153442,GREEN,662.4082641601562,0.02910052910052907
2025-10-01,0.9669182059532633,0.02645502645502651,GREEN,664.6654052734375,0.005291005291005346
2025-10-02,0.9663265984654491,0.03703703703703709,GREEN,665.4309692382812,-0.010582010582010581
2025-10-03,0.9656015393661327,0.05820105820105825,GREEN,665.421142578125,0.02645502645502651
2025-10-06,0.966073808554522,0.05291005291005291,GREEN,667.8074951171875,0.031746031746031744
2025-10-07,0.9645323645925091,0.08465608465608465,GREEN,665.3316040039062,0.050264550264550234
2025-10-08,0.9632157565409908,0.10582010582010581,GREEN,669.2990112304688,0.0793650793650793
2025-10-09,0.9605847512195296,0.15873015873015872,GREEN,667.3600463867188,0.12169312169312163
2025-10-10,0.9533587800273424,0.3862433862433863,GREEN,649.32275390625,0.328042328042328
2025-10-13,0.9574738154028318,0.2698412698412699,RED,659.2860107421875,0.21693121693121697
2025-10-14,0.9592376793708255,0.21164021164021163,YELLOW,658.4805908203125,0.12698412698412698
2025-10-15,0.9627979176650293,0.12169312169312174,GREEN,661.4039306640625,0.015873015873015928
2025-10-16,0.9580727628263129,0.2592592592592593,GREEN,656.8995971679688,0.10052910052910058
2025-10-17,0.9606873232979649,0.16402116402116407,YELLOW,660.62841796875,-0.2222222222222222
2025-10-20,0.9624756971188,0.13227513227513232,GREEN,667.499267578125,-0.13756613756613756
2025-10-21,0.9608162754954094,0.1693121693121693,GREEN,667.4893188476562,-0.042328042328042326
2025-10-22,0.9598643926766139,0.20105820105820105,GREEN,664.0191040039062,0.0793650793650793
2025-10-23,0.9627009612022477,0.12698412698412698,GREEN,667.9566650390625,-0.13227513227513232
2025-10-24,0.9647394591708912,0.07407407407407407,GREEN,673.4155883789062,-0.08994708994709
2025-10-27,0.9673520685595716,0.005291005291005346,GREEN,681.3603515625,-0.12698412698412698
2025-10-28,0.9662835847123661,0.04761904761904767,GREEN,683.1700439453125,-0.12169312169312163
2025-10-29,0.9651666403814146,0.07936507936507942,GREEN,683.4982299804688,-0.12169312169312163
2025-10-30,0.9632622312367907,0.12698412698412698,GREEN,675.9810180664062,0.0
2025-10-31,0.9629138188843189,0.1428571428571429,GREEN,678.1983032226562,0.06878306878306883
2025-11-03,0.9598848104417566,0.23809523809523814,GREEN,679.4711303710938,0.2328042328042328
2025-11-04,0.9596563531760383,0.2592592592592593,GREEN,671.4169921875,0.21164021164021163
2025-11-05,0.9613114425596605,0.2063492063492064,YELLOW,673.7437133789062,0.12698412698412698
2025-11-06,0.9605094320211741,0.22751322751322756,GREEN,666.514892578125,0.10052910052910058
2025-11-07,0.960882698762492,0.21164021164021163,GREEN,667.1710815429688,0.06878306878306872
2025-11-10,0.9643452854977469,0.1164021164021164,GREEN,677.5818481445312,-0.12169312169312174
2025-11-11,0.9646067147530863,0.10052910052910058,GREEN,679.1329956054688,-0.15873015873015872
2025-11-12,0.9630425056931983,0.1534391534391535,GREEN,679.5109252929688,-0.05291005291005291
2025-11-13,0.9596752896501007,0.29100529100529104,GREEN,668.235107421875,0.06349206349206349
2025-11-14,0.959566873126776,0.30687830687830686,RED,668.1256713867188,0.09523809523809523
2025-11-17,0.9581274614523416,0.37037037037037035,RED,661.901123046875,0.25396825396825395
2025-11-18,0.95778870094758,0.39682539682539686,RED,656.3427734375,0.2962962962962963
2025-11-19,0.9583824120734028,0.3650793650793651,RED,658.8783569335938,0.21164021164021163
2025-11-20,0.9569761337155046,0.4444444444444444,RED,648.8355712890625,0.15343915343915338
2025-11-21,0.9590456105143056,0.33333333333333337,RED,655.2987670898438,0.02645502645502651
2025-11-24,0.9615549764293954,0.2222222222222222,RED,664.9437866210938,-0.14814814814814814
2025-11-25,0.9643151249482227,0.12698412698412698,GREEN,671.1982421875,-0.2698412698412699
2025-11-26,0.9653850405144424,0.07936507936507942,GREEN,675.8318481445312,-0.2857142857142857
2025-11-28,0.965862218276393,0.06878306878306883,GREEN,679.5208129882812,-0.3756613756613756
2025-12-01,0.9649519176147361,0.10052910052910058,GREEN,676.41845703125,-0.2328042328042328
2025-12-02,0.9661671591762606,0.06349206349206349,GREEN,677.67138671875,-0.15873015873015872
2025-12-03,0.9664223570460775,0.03703703703703709,GREEN,680.0180053710938,-0.08994708994708989
2025-12-04,0.967841842879078,0.005291005291005346,GREEN,680.51513671875,-0.07407407407407407
2025-12-05,0.9681927152137523,0.005291005291005346,GREEN,681.8078002929688,-0.06349206349206349
2025-12-08,0.9660281618294395,0.08994708994709,GREEN,679.7594604492188,-0.010582010582010581
2025-12-09,0.96541541274803,0.11111111111111116,GREEN,679.1727905273438,0.04761904761904767
2025-12-10,0.9670182716242639,0.042328042328042326,GREEN,683.6771850585938,0.005291005291005235
2025-12-11,0.966781698924052,0.05291005291005291,GREEN,685.26806640625,0.04761904761904756
2025-12-12,0.9648687642794849,0.14814814814814814,GREEN,677.9000854492188,0.1428571428571428
2025-12-15,0.9647656616067187,0.1534391534391535,GREEN,676.8758544921875,0.06349206349206349
2025-12-16,0.9648985968874416,0.14814814814814814,GREEN,675.0264282226562,0.03703703703703698
2025-12-17,0.9635862728605774,0.21693121693121697,GREEN,667.5986938476562,0.17460317460317465
2025-12-18,0.9655195112617395,0.12169312169312174,GREEN,672.6399536132812,0.06878306878306883
2025-12-19,0.9652260088567689,0.13756613756613756,GREEN,678.7363891601562,-0.010582010582010581
2025-12-22,0.9665338591301057,0.05820105820105825,GREEN,682.96484375,-0.09523809523809523
2025-12-23,0.9677229887441232,0.015873015873015928,GREEN,686.0863037109375,-0.1322751322751322
2025-12-24,0.9689403922068414,0.0,GREEN,688.4996948242188,-0.21693121693121697
2025-12-26,0.9677578793771516,0.021164021164021163,GREEN,688.4298706054688,-0.10052910052910058
2025-12-29,0.9676506163243015,0.031746031746031744,GREEN,685.9765625,-0.10582010582010581
2025-12-30,0.9683770299990451,0.005291005291005346,GREEN,685.138916015625,-0.05291005291005291
2025-12-31,0.9677674208853717,0.02645502645502651,GREEN,680.062744140625,0.010582010582010581
2026-01-02,0.9677801001915558,0.02645502645502651,GREEN,681.309326171875,0.02645502645502651
2026-01-05,0.9699483049678223,0.0,GREEN,685.846923828125,-0.021164021164021163
2026-01-06,0.9700710393664034,0.0,GREEN,689.92578125,-0.031746031746031744
2026-01-07,0.9699483049678223,0.007936507936507908,GREEN,687.701904296875,0.002645502645502562
2026-01-08,0.9710193844356831,0.0,GREEN,687.632080078125,-0.02645502645502651
2026-01-09,0.9720909610043151,0.0,GREEN,692.1796264648438,-0.02645502645502651
2026-01-12,0.9725711388931267,0.0,GREEN,693.2666625976562,0.0
2026-01-13,0.9723364268598409,0.005291005291005346,GREEN,691.8804931640625,0.005291005291005346
2026-01-14,0.9721016475301164,0.010582010582010581,GREEN,688.479736328125,0.002645502645502673
2026-01-15,0.9728060546767361,0.0,GREEN,690.3546142578125,0.0
2026-01-16,0.9736413199335421,0.0,GREEN,689.7761840820312,0.0
2026-01-20,0.9710024769534764,0.03703703703703709,GREEN,675.7345581054688,0.03703703703703709
2026-01-21,0.9734138227905913,0.005291005291005346,GREEN,683.5332641601562,0.0
2026-01-22,0.9744865256100815,0.0,GREEN,687.103515625,-0.010582010582010581
2026-01-23,0.97365369695606,0.005291005291005346,GREEN,687.352783203125,0.005291005291005346
2026-01-26,0.973780901637426,0.005291005291005346,GREEN,690.84326171875,0.005291005291005346
2026-01-27,0.9734261463330212,0.021164021164021163,GREEN,693.5957641601562,-0.015873015873015928
2026-01-28,0.9718671620209102,0.05820105820105825,GREEN,693.5259399414062,0.05291005291005291
2026-01-29,0.9713955512770905,0.06349206349206349,GREEN,692.1497192382812,0.06349206349206349
2026-01-30,0.97165438799466,0.06349206349206349,GREEN,690.0853271484375,0.05820105820105814
2026-02-02,0.9727144118147522,0.03703703703703709,GREEN,693.5159912109375,0.031746031746031744
2026-02-03,0.9722297176418713,0.05291005291005291,GREEN,687.6520385742188,0.031746031746031744
2026-02-04,0.9705557306389088,0.09523809523809523,GREEN,684.3211059570312,0.03703703703703698
2026-02-05,0.9679512418988679,0.13756613756613756,GREEN,675.7744750976562,0.07407407407407407
2026-02-06,0.9713167976466205,0.08465608465608465,GREEN,688.739013671875,0.021164021164021163
2026-02-09,0.9724043795271751,0.04761904761904767,GREEN,692.0599975585938,0.010582010582010581
2026-02-10,0.9708572105833045,0.10582010582010581,GREEN,690.2349243164062,0.05291005291005291
2026-02-11,0.9716745208864209,0.07936507936507942,GREEN,690.075439453125,-0.015873015873015817
2026-02-12,0.9702568348141338,0.12169312169312174,GREEN,679.41455078125,-0.015873015873015817
2026-02-13,0.9694575810051644,0.1428571428571429,GREEN,679.8931884765625,0.05820105820105825
2026-02-17,0.9693281643741586,0.14814814814814814,GREEN,680.9901733398438,0.10052910052910047
2026-02-18,0.9711124105711941,0.10052910052910058,GREEN,684.4208374023438,-0.005291005291005235
2026-02-19,0.9714724744395339,0.08994708994709,GREEN,682.61572265625,0.010582010582010581
2026-02-20,0.9720754804203013,0.07407407407407407,GREEN,687.5523071289062,-0.04761904761904767
2026-02-23,0.9696974847702217,0.15873015873015872,GREEN,680.531494140625,0.015873015873015817
2026-02-24,0.968977958229586,0.17460317460317465,GREEN,685.4779052734375,0.02645502645502651
2026-02-25,0.9705306513694949,0.13756613756613756,GREEN,691.26220703125,0.03703703703703698
2026-02-26,0.9693409037861531,0.17460317460317465,GREEN,687.422607421875,0.08465608465608465
2026-02-27,0.9665025123115766,0.2962962962962963,GREEN,684.1216430664062,0.2222222222222222
2026-03-02,0.9676637555452736,0.24338624338624337,RED,684.5106201171875,0.08465608465608465
2026-03-03,0.965851769133509,0.35978835978835977,GREEN,678.4771118164062,0.18518518518518512
2026-03-04,0.9698128209393899,0.16402116402116407,RED,683.2639770507812,0.02645502645502651
2026-03-05,0.9666537478245725,0.3015873015873016,GREEN,679.4544067382812,0.12698412698412698
2026-03-06,0.9614808785374359,0.5873015873015873,RED,670.5487060546875,0.29100529100529104
2026-03-09,0.9668047782362595,0.2962962962962963,RED,676.4227294921875,0.05291005291005291
2026-03-10,0.9658205026659499,0.38095238095238093,RED,675.3356323242188,0.021164021164021163
2026-03-11,0.9645814188729954,0.4656084656084656,RED,674.4879760742188,0.3015873015873015
2026-03-12,0.960047742840174,0.6507936507936508,RED,664.2459106445312,0.3492063492063492
2026-03-13,0.9576525031872163,0.8042328042328042,RED,660.4862060546875,0.21693121693121686
2026-03-16,0.959513068371989,0.7037037037037037,RED,667.2078857421875,0.40740740740740744
2026-03-17,0.9637441281717963,0.5079365079365079,RED,668.9630126953125,0.12698412698412698
2026-03-18,0.9605363369936192,0.6402116402116402,RED,659.6285400390625,0.17460317460317465
2026-03-19,0.9639153318999097,0.4973544973544973,RED,658.0029907226562,-0.1534391534391535
2026-03-20,0.9570493953150829,0.8624338624338624,RED,648.5700073242188,0.05820105820105825
2026-03-23,0.9619529249360259,0.5925925925925926,RED,655.3800048828125,-0.11111111111111116
2026-03-24,0.960081117391793,0.671957671957672,RED,653.1799926757812,0.16402116402116407
2026-03-25,0.9620608235957847,0.5873015873015873,RED,656.8200073242188,-0.05291005291005291
2026-03-26,0.9580968984791572,0.8148148148148149,RED,645.0900268554688,0.31746031746031755
2026-03-27,0.9536971247877023,0.9841269841269842,RED,634.0900268554688,0.12169312169312174
2026-03-30,0.953514360742459,0.9894179894179894,RED,631.969970703125,0.39682539682539686
2026-03-31,0.961772490695295,0.6190476190476191,RED,650.3400268554688,-0.05291005291005291
2026-04-01,0.9641642740624589,0.4973544973544973,RED,655.239990234375,-0.08994708994709
2026-04-02,0.9660028772340018,0.37037037037037035,RED,655.8300170898438,-0.44444444444444453
2026-04-06,0.9686436330902831,0.20105820105820105,RED,658.9299926757812,-0.7830687830687831
2026-04-07,0.9681807719976562,0.2222222222222222,GREEN,659.219970703125,-0.7671957671957672
2026-04-08,0.9729435115617451,0.031746031746031744,GREEN,676.010009765625,-0.5873015873015873
2026-04-09,0.9737990829919664,0.005291005291005346,GREEN,679.9099731445312,-0.492063492063492
2026-04-10,0.9702705440023759,0.1534391534391535,GREEN,679.4600219726562,-0.21693121693121686
2026-04-13,0.9732023881197923,0.03703703703703709,GREEN,686.0999755859375,-0.16402116402116396
2026-04-14,0.9754028982270371,0.0,GREEN,694.4600219726562,-0.2222222222222222
2026-04-15,0.9751544903807772,0.005291005291005346,GREEN,699.9400024414062,-0.026455026455026398
2026-04-16,0.9741754995620591,0.015873015873015928,GREEN,701.6599731445312,0.010582010582010581
2026-04-17,0.9759196771724711,0.0,GREEN,710.1400146484375,-0.1534391534391535
2026-04-20,0.9755448343779416,0.005291005291005346,GREEN,708.719970703125,-0.031746031746031744
2026-04-21,0.974418034378339,0.02645502645502651,GREEN,704.0800170898438,0.02645502645502651
2026-04-22,0.9755211254818182,0.010582010582010581,GREEN,711.2100219726562,0.005291005291005235
2026-04-23,0.974418034378339,0.03439153439153442,GREEN,708.4500122070312,0.01851851851851849
2026-04-24,0.9746881876515057,0.02645502645502651,GREEN,713.9400024414062,0.02645502645502651
2026-04-27,0.9752876942445624,0.021164021164021163,GREEN,715.1699829101562,0.015873015873015817
2026-04-28,0.9745454730409564,0.03703703703703709,GREEN,711.6900024414062,0.010582010582010581
2026-04-29,0.9725694604566969,0.12169312169312174,GREEN,711.5800170898438,0.11111111111111116
