date,advancers,decliners,unchanged,limit_up,limit_down,adr,score,regime
2004-03-01,536,293,100,129,10,1.829,0.6465,BULL
2004-03-02,460,353,119,64,13,1.303,0.5658,BULL
2004-03-03,315,505,114,45,32,0.624,0.3842,BEAR
2004-03-04,652,155,129,67,13,4.206,0.8079,STRONG_BULL
2004-03-05,311,525,98,28,80,0.592,0.3719,BEAR
2004-03-08,300,507,126,7,33,0.592,0.3719,BEAR
2004-03-09,550,253,134,36,10,2.174,0.6849,STRONG_BULL
2004-03-10,212,621,105,14,32,0.341,0.2543,CRASH
2004-03-11,355,392,192,6,18,0.906,0.4753,NEUTRAL
2004-03-12,266,569,105,5,43,0.467,0.3183,CRASH
2004-03-15,179,672,88,10,112,0.266,0.2101,CRASH
2004-03-16,197,618,124,12,40,0.319,0.2418,CRASH
2004-03-17,290,516,140,16,36,0.562,0.3598,BEAR
2004-03-18,793,91,63,153,3,8.714,0.8971,STRONG_BULL
2004-03-19,319,493,133,34,23,0.647,0.3928,BEAR
2004-03-22,1,933,4,0,264,0.001,0.001,CRASH
2004-03-23,293,620,30,218,20,0.473,0.3211,CRASH
2004-03-24,392,443,109,68,23,0.885,0.4695,NEUTRAL
2004-03-25,232,577,135,11,71,0.402,0.2867,CRASH
2004-03-26,176,646,125,7,83,0.272,0.2138,CRASH
2004-03-29,926,9,14,252,1,102.889,0.9904,STRONG_BULL
2004-03-30,480,361,107,13,51,1.33,0.5708,BULL
2004-03-31,378,448,124,2,108,0.844,0.4577,NEUTRAL
2004-04-01,369,466,116,51,24,0.792,0.442,BEAR
2004-04-02,512,245,190,15,18,2.09,0.6764,STRONG_BULL
2004-04-05,657,165,127,47,12,3.982,0.7993,STRONG_BULL
2004-04-06,246,575,125,6,47,0.428,0.2997,CRASH
2004-04-07,312,463,171,14,18,0.674,0.4026,BEAR
2004-04-08,380,393,176,20,18,0.967,0.4916,NEUTRAL
2004-04-09,227,568,146,15,29,0.4,0.2857,CRASH
2004-04-12,798,65,83,85,9,12.277,0.9247,STRONG_BULL
2004-04-13,432,376,136,30,28,1.149,0.5347,BULL
2004-04-14,471,335,137,58,15,1.406,0.5844,BULL
2004-04-15,177,675,91,25,77,0.262,0.2076,CRASH
2004-04-16,570,206,165,73,9,2.767,0.7345,STRONG_BULL
2004-04-19,269,546,125,33,20,0.493,0.3302,CRASH
2004-04-20,342,428,169,29,12,0.799,0.4441,BEAR
2004-04-21,385,410,145,30,20,0.939,0.4843,NEUTRAL
2004-04-22,165,647,127,18,65,0.255,0.2032,CRASH
2004-04-23,242,564,132,16,37,0.429,0.3002,CRASH
2004-04-27,169,641,128,6,66,0.264,0.2089,CRASH
2004-04-28,212,569,157,9,63,0.373,0.2717,CRASH
2004-04-29,87,793,60,0,155,0.11,0.0991,CRASH
2004-04-30,47,854,37,7,194,0.055,0.0521,CRASH
2004-05-03,169,666,109,37,77,0.254,0.2026,CRASH
2004-05-04,774,93,82,111,16,8.323,0.8927,STRONG_BULL
2004-05-05,16,917,16,3,254,0.017,0.0167,CRASH
2004-05-06,525,317,107,99,20,1.656,0.6235,BULL
2004-05-10,56,849,45,3,180,0.066,0.0619,CRASH
2004-05-11,443,354,154,48,33,1.251,0.5558,BULL
2004-05-12,657,138,158,37,27,4.761,0.8264,STRONG_BULL
2004-05-13,176,637,140,9,71,0.276,0.2163,CRASH
2004-05-14,85,735,130,6,108,0.116,0.1039,CRASH
2004-05-17,11,902,33,1,237,0.012,0.0119,CRASH
2004-05-18,524,262,161,73,21,2.0,0.6667,BULL
2004-05-19,900,13,39,235,2,69.231,0.9858,STRONG_BULL
2004-05-20,166,661,122,8,115,0.251,0.2006,CRASH
2004-05-21,833,43,72,135,9,19.372,0.9509,STRONG_BULL
2004-05-24,310,469,169,12,50,0.661,0.398,BEAR
2004-05-25,312,461,176,18,64,0.677,0.4037,BEAR
2004-05-26,526,217,210,28,33,2.424,0.7079,STRONG_BULL
2004-05-27,261,488,199,10,52,0.535,0.3485,BEAR
2004-05-28,567,178,207,28,17,3.185,0.7611,STRONG_BULL
2004-06-01,221,554,171,20,70,0.399,0.2852,CRASH
2004-06-02,75,749,123,5,124,0.1,0.0909,CRASH
2004-06-03,48,816,86,5,172,0.059,0.0557,CRASH
2004-06-07,776,75,97,122,28,10.347,0.9119,STRONG_BULL
2004-06-08,367,345,235,26,74,1.064,0.5155,BULL
2004-06-09,295,431,217,22,68,0.684,0.4062,BEAR
2004-06-10,173,575,198,10,100,0.301,0.2314,CRASH
2004-06-11,90,714,136,3,131,0.126,0.1119,CRASH
2004-06-14,41,799,95,3,186,0.051,0.0485,CRASH
2004-06-15,486,250,201,76,30,1.944,0.6603,BULL
2004-06-16,73,734,130,10,136,0.099,0.0901,CRASH
2004-06-17,481,253,198,86,35,1.901,0.6553,BULL
2004-06-18,92,679,160,11,101,0.135,0.1189,CRASH
2004-06-21,195,533,202,19,91,0.366,0.2679,CRASH
2004-06-23,702,87,141,104,18,8.069,0.8897,STRONG_BULL
2004-06-24,547,194,188,41,42,2.82,0.7382,STRONG_BULL
2004-06-25,353,349,222,34,61,1.011,0.5027,BULL
2004-06-28,117,649,159,11,106,0.18,0.1525,CRASH
2004-06-29,405,272,246,34,33,1.489,0.5982,BULL
2004-06-30,434,276,209,31,70,1.572,0.6112,BULL
2004-07-01,362,344,212,53,48,1.052,0.5127,BULL
2004-07-02,177,541,198,26,64,0.327,0.2464,CRASH
2004-07-05,135,625,159,10,112,0.216,0.1776,CRASH
2004-07-06,456,235,221,32,48,1.94,0.6599,BULL
2004-07-07,283,388,238,22,62,0.729,0.4216,BEAR
2004-07-08,276,373,264,8,71,0.74,0.4253,BEAR
2004-07-09,529,182,203,51,34,2.907,0.744,STRONG_BULL
2004-07-12,396,312,210,27,57,1.269,0.5593,BULL
2004-07-13,182,516,216,18,70,0.353,0.2609,CRASH
2004-07-14,104,618,190,9,84,0.168,0.1438,CRASH
2004-07-15,109,622,186,12,100,0.175,0.1489,CRASH
2004-07-16,229,436,260,24,53,0.525,0.3443,BEAR
2004-07-19,155,561,205,17,74,0.276,0.2163,CRASH
2004-07-20,37,747,138,4,126,0.05,0.0476,CRASH
2004-07-21,572,154,197,60,21,3.714,0.7879,STRONG_BULL
2004-07-22,242,442,235,20,61,0.548,0.354,BEAR
2004-07-23,404,253,262,24,36,1.597,0.6149,BULL
2004-07-26,194,486,231,11,69,0.399,0.2852,CRASH
2004-07-27,512,158,247,44,35,3.241,0.7642,STRONG_BULL
2004-07-28,320,339,253,18,51,0.944,0.4856,NEUTRAL
2004-07-29,187,465,251,16,45,0.402,0.2867,CRASH
2004-07-30,456,159,292,30,29,2.868,0.7415,STRONG_BULL
2004-08-02,84,614,203,13,66,0.137,0.1205,CRASH
2004-08-03,292,325,288,27,26,0.898,0.4731,NEUTRAL
2004-08-04,126,564,206,17,50,0.223,0.1823,CRASH
2004-08-05,594,108,201,68,13,5.5,0.8462,STRONG_BULL
2004-08-06,249,423,222,18,53,0.589,0.3707,BEAR
2004-08-09,300,321,271,23,25,0.935,0.4832,NEUTRAL
2004-08-10,330,311,251,25,32,1.061,0.5148,BULL
2004-08-11,162,476,251,8,50,0.34,0.2537,CRASH
2004-08-12,283,315,293,18,21,0.898,0.4731,NEUTRAL
2004-08-13,338,263,292,22,29,1.285,0.5624,BULL
2004-08-16,209,398,269,7,28,0.525,0.3443,BEAR
2004-08-17,161,457,261,14,33,0.352,0.2604,CRASH
2004-08-18,289,361,223,41,10,0.801,0.4448,NEUTRAL
2004-08-19,695,52,132,83,2,13.365,0.9304,STRONG_BULL
2004-08-23,456,220,201,38,23,2.073,0.6746,STRONG_BULL
2004-08-26,650,83,135,74,13,7.831,0.8868,STRONG_BULL
2004-08-27,259,415,193,16,40,0.624,0.3842,BEAR
2004-08-30,316,363,184,25,37,0.871,0.4655,NEUTRAL
2004-08-31,298,366,189,12,40,0.814,0.4487,NEUTRAL
2004-09-01,572,134,154,60,15,4.269,0.8102,STRONG_BULL
2004-09-02,371,289,184,33,27,1.284,0.5622,BULL
2004-09-03,257,435,154,17,46,0.591,0.3715,BEAR
2004-09-06,295,355,196,27,17,0.831,0.4539,NEUTRAL
2004-09-07,472,199,172,30,11,2.372,0.7034,STRONG_BULL
2004-09-08,389,290,161,22,25,1.341,0.5728,BULL
2004-09-09,336,306,197,26,20,1.098,0.5234,BULL
2004-09-10,277,371,186,18,27,0.747,0.4276,BEAR
2004-09-13,507,180,144,45,9,2.817,0.738,STRONG_BULL
2004-09-14,323,350,152,20,28,0.923,0.48,NEUTRAL
2004-09-15,201,464,156,8,40,0.433,0.3022,CRASH
2004-09-16,307,324,191,28,9,0.948,0.4867,NEUTRAL
2004-09-17,101,591,128,5,37,0.171,0.146,CRASH
2004-09-20,318,392,108,32,20,0.811,0.4478,NEUTRAL
2004-09-21,390,253,171,38,8,1.542,0.6066,BULL
2004-09-22,448,191,171,19,22,2.346,0.7011,STRONG_BULL
2004-09-23,244,399,172,13,19,0.612,0.3797,BEAR
2004-09-24,258,392,163,13,18,0.658,0.3969,BEAR
2004-09-27,210,450,157,21,24,0.467,0.3183,CRASH
2004-09-29,199,462,147,17,35,0.431,0.3012,CRASH
2004-09-30,359,282,172,12,32,1.273,0.5601,BULL
2004-10-01,486,184,135,45,5,2.641,0.7254,STRONG_BULL
2004-10-04,575,114,124,46,8,5.044,0.8345,STRONG_BULL
2004-10-05,374,245,181,19,14,1.527,0.6043,BULL
2004-10-06,269,377,166,11,23,0.714,0.4166,BEAR
2004-10-07,371,261,175,25,11,1.421,0.5869,BULL
2004-10-08,328,301,173,23,13,1.09,0.5215,BULL
2004-10-11,389,308,101,34,12,1.263,0.5581,BULL
2004-10-12,122,575,105,7,46,0.212,0.1749,CRASH
2004-10-13,308,320,166,7,14,0.963,0.4906,NEUTRAL
2004-10-14,122,561,110,3,51,0.217,0.1783,CRASH
2004-10-15,269,370,149,10,15,0.727,0.421,BEAR
2004-10-18,135,532,119,0,38,0.254,0.2026,CRASH
2004-10-19,343,303,141,26,19,1.132,0.531,BULL
2004-10-20,278,343,161,15,18,0.81,0.4475,NEUTRAL
2004-10-21,274,306,203,10,13,0.895,0.4723,NEUTRAL
2004-10-22,192,435,154,5,22,0.441,0.306,CRASH
2004-10-26,78,631,70,1,59,0.124,0.1103,CRASH
2004-10-27,282,347,142,9,23,0.813,0.4484,NEUTRAL
2004-10-28,423,203,149,25,10,2.084,0.6757,STRONG_BULL
2004-10-29,182,466,127,7,40,0.391,0.2811,CRASH
2004-11-01,143,509,123,6,25,0.281,0.2194,CRASH
2004-11-02,514,134,125,29,9,3.836,0.7932,STRONG_BULL
2004-11-03,500,127,146,20,8,3.937,0.7974,STRONG_BULL
2004-11-04,245,355,176,9,14,0.69,0.4083,BEAR
2004-11-05,491,155,129,19,16,3.168,0.7601,STRONG_BULL
2004-11-08,284,361,129,10,20,0.787,0.4404,BEAR
2004-11-09,249,346,178,8,14,0.72,0.4186,BEAR
2004-11-10,326,244,205,3,15,1.336,0.5719,BULL
2004-11-11,130,507,129,4,25,0.256,0.2038,CRASH
2004-11-12,360,209,202,9,14,1.722,0.6326,BULL
2004-11-15,165,443,159,5,26,0.372,0.2711,CRASH
2004-11-16,210,377,183,3,17,0.557,0.3577,BEAR
2004-11-17,575,88,112,35,2,6.534,0.8673,STRONG_BULL
2004-11-18,414,213,144,13,4,1.944,0.6603,BULL
2004-11-19,261,335,173,3,17,0.779,0.4379,BEAR
2004-11-22,68,611,85,0,44,0.111,0.0999,CRASH
2004-11-23,257,331,172,7,13,0.776,0.4369,BEAR
2004-11-24,415,204,146,15,15,2.034,0.6704,STRONG_BULL
2004-11-25,124,511,127,3,26,0.243,0.1955,CRASH
2004-11-26,107,553,108,2,34,0.193,0.1618,CRASH
2004-11-29,236,390,149,5,28,0.605,0.3769,BEAR
2004-11-30,260,362,157,6,20,0.718,0.4179,BEAR
2004-12-01,269,352,167,5,13,0.764,0.4331,BEAR
2004-12-02,420,191,191,25,7,2.199,0.6874,STRONG_BULL
2004-12-03,276,330,197,7,21,0.836,0.4553,NEUTRAL
2004-12-06,354,261,194,7,16,1.356,0.5756,BULL
2004-12-07,279,327,206,8,13,0.853,0.4603,NEUTRAL
2004-12-08,200,446,176,2,30,0.448,0.3094,CRASH
2004-12-09,349,270,206,8,10,1.293,0.5639,BULL
2004-12-10,281,316,229,14,1,0.889,0.4706,NEUTRAL
2004-12-13,347,317,165,5,45,1.095,0.5227,BULL
2004-12-14,466,184,177,9,9,2.533,0.717,STRONG_BULL
2004-12-15,591,114,119,44,2,5.184,0.8383,STRONG_BULL
2004-12-16,366,293,171,11,14,1.249,0.5554,BULL
2004-12-17,290,372,170,5,26,0.78,0.4382,BEAR
2004-12-20,133,595,107,0,51,0.224,0.183,CRASH
2004-12-21,441,201,194,11,9,2.194,0.6869,STRONG_BULL
2004-12-22,382,289,167,5,22,1.322,0.5693,BULL
2004-12-23,180,500,159,1,29,0.36,0.2647,CRASH
2004-12-24,502,164,176,22,6,3.061,0.7538,STRONG_BULL
2004-12-27,218,498,133,3,36,0.438,0.3046,CRASH
2004-12-28,252,370,235,5,18,0.681,0.4051,BEAR
2004-12-29,707,70,87,55,3,10.1,0.9099,STRONG_BULL
2004-12-30,327,359,183,10,17,0.911,0.4767,NEUTRAL
2004-12-31,446,253,174,18,26,1.763,0.6381,BULL
2005-01-03,424,315,131,13,28,1.346,0.5737,BULL
2005-01-04,111,634,121,1,66,0.175,0.1489,CRASH
2005-01-05,119,638,113,3,59,0.187,0.1575,CRASH
2005-01-06,278,423,169,3,30,0.657,0.3965,BEAR
2005-01-07,123,620,129,0,67,0.198,0.1653,CRASH
2005-01-10,254,442,175,11,36,0.575,0.3651,BEAR
2005-01-11,453,241,188,26,18,1.88,0.6528,BULL
2005-01-12,66,728,88,3,94,0.091,0.0834,CRASH
2005-01-13,284,419,180,10,33,0.678,0.4041,BEAR
2005-01-14,483,249,156,28,18,1.94,0.6599,BULL
2005-01-17,492,240,159,33,15,2.05,0.6721,STRONG_BULL
2005-01-18,210,494,190,7,39,0.425,0.2982,CRASH
2005-01-19,174,531,203,5,55,0.328,0.247,CRASH
2005-01-20,305,444,166,20,42,0.687,0.4072,BEAR
2005-01-21,154,575,200,5,69,0.268,0.2114,CRASH
2005-01-24,85,731,119,0,124,0.116,0.1039,CRASH
2005-01-25,285,496,161,18,60,0.575,0.3651,BEAR
2005-01-27,261,484,207,10,53,0.539,0.3502,BEAR
2005-01-28,603,174,179,68,15,3.466,0.7761,STRONG_BULL
2005-01-31,735,97,134,107,8,7.577,0.8834,STRONG_BULL
2005-02-01,216,591,161,9,72,0.365,0.2674,CRASH
2005-02-02,380,372,219,40,24,1.022,0.5054,BULL
2005-02-03,397,356,162,8,0,1.115,0.5272,BULL
2005-02-14,538,265,168,52,34,2.03,0.67,STRONG_BULL
2005-02-15,314,476,180,15,81,0.66,0.3976,BEAR
2005-02-16,551,239,180,38,33,2.305,0.6974,STRONG_BULL
2005-02-17,218,616,136,5,110,0.354,0.2614,CRASH
2005-02-18,476,310,185,26,45,1.535,0.6055,BULL
2005-02-21,584,232,156,44,62,2.517,0.7157,STRONG_BULL
2005-02-22,139,683,150,9,91,0.204,0.1694,CRASH
2005-02-23,373,382,217,21,56,0.976,0.4939,NEUTRAL
2005-02-24,286,479,208,27,61,0.597,0.3738,BEAR
2005-02-25,552,237,183,86,17,2.329,0.6996,STRONG_BULL
2005-03-01,476,413,86,47,63,1.153,0.5355,BULL
2005-03-02,207,675,95,4,112,0.307,0.2349,CRASH
2005-03-03,403,464,108,16,84,0.869,0.465,NEUTRAL
2005-03-04,374,458,142,16,46,0.817,0.4496,NEUTRAL
2005-03-07,536,310,133,30,28,1.729,0.6336,BULL
2005-03-08,203,704,66,8,136,0.288,0.2236,CRASH
2005-03-09,573,296,104,37,30,1.936,0.6594,BULL
2005-03-10,304,579,91,22,74,0.525,0.3443,BEAR
2005-03-11,337,495,140,28,47,0.681,0.4051,BEAR
2005-03-14,235,637,102,9,138,0.369,0.2695,CRASH
2005-03-15,97,807,67,5,153,0.12,0.1071,CRASH
2005-03-16,359,471,143,22,52,0.762,0.4325,BEAR
2005-03-17,308,526,135,29,66,0.586,0.3695,BEAR
2005-03-18,395,417,160,32,52,0.947,0.4864,NEUTRAL
2005-03-21,412,399,158,22,43,1.033,0.5081,BULL
2005-03-22,194,667,107,17,109,0.291,0.2254,CRASH
2005-03-23,384,421,162,33,57,0.912,0.477,NEUTRAL
2005-03-24,337,472,157,39,61,0.714,0.4166,BEAR
2005-03-25,648,193,124,69,22,3.358,0.7705,STRONG_BULL
2005-03-28,317,508,144,21,86,0.624,0.3842,BEAR
2005-03-29,72,820,80,3,154,0.088,0.0809,CRASH
2005-03-30,345,483,141,28,66,0.714,0.4166,BEAR
2005-03-31,490,318,159,55,44,1.541,0.6065,BULL
2005-04-01,348,495,123,62,62,0.703,0.4128,BEAR
2005-04-04,345,478,138,42,67,0.722,0.4193,BEAR
2005-04-06,371,450,145,30,69,0.824,0.4518,NEUTRAL
2005-04-07,211,636,113,20,105,0.332,0.2492,CRASH
2005-04-08,562,247,153,57,42,2.275,0.6947,STRONG_BULL
2005-04-11,189,649,123,16,122,0.291,0.2254,CRASH
2005-04-12,336,445,178,40,49,0.755,0.4302,BEAR
2005-04-13,393,388,178,23,54,1.013,0.5032,BULL
2005-04-14,252,523,181,16,89,0.482,0.3252,CRASH
2005-04-15,132,707,111,10,122,0.187,0.1575,CRASH
2005-04-18,48,837,67,7,196,0.057,0.0539,CRASH
2005-04-19,537,248,164,77,42,2.165,0.684,STRONG_BULL
2005-04-20,122,689,136,17,137,0.177,0.1504,CRASH
2005-04-21,497,294,158,95,34,1.69,0.6283,BULL
2005-04-22,454,317,178,52,46,1.432,0.5888,BULL
2005-04-25,363,424,161,46,62,0.856,0.4612,NEUTRAL
2005-04-26,523,279,144,70,50,1.875,0.6522,BULL
2005-04-27,173,633,138,19,104,0.273,0.2145,CRASH
2005-04-28,534,235,171,69,33,2.272,0.6944,STRONG_BULL
2005-04-29,232,545,170,14,103,0.426,0.2987,CRASH
2005-05-03,373,393,182,53,56,0.949,0.4869,NEUTRAL
2005-05-04,201,584,153,20,84,0.344,0.256,CRASH
2005-05-05,708,125,112,137,12,5.664,0.8499,STRONG_BULL
2005-05-06,373,400,166,49,50,0.932,0.4824,NEUTRAL
2005-05-09,288,467,176,26,58,0.617,0.3816,BEAR
2005-05-10,238,518,179,14,74,0.459,0.3146,CRASH
2005-05-11,216,532,173,20,67,0.406,0.2888,CRASH
2005-05-12,320,414,192,20,51,0.773,0.436,BEAR
2005-05-13,473,279,176,70,35,1.695,0.6289,BULL
2005-05-16,167,615,140,14,99,0.272,0.2138,CRASH
2005-05-17,276,473,178,21,74,0.584,0.3687,BEAR
2005-05-18,415,304,203,35,40,1.365,0.5772,BULL
2005-05-19,513,226,181,45,29,2.27,0.6942,STRONG_BULL
2005-05-20,341,421,158,29,77,0.81,0.4475,NEUTRAL
2005-05-23,173,594,146,8,92,0.291,0.2254,CRASH
2005-05-24,349,345,220,28,34,1.012,0.503,BULL
2005-05-25,211,520,187,13,61,0.406,0.2888,CRASH
2005-05-26,477,247,188,52,31,1.931,0.6588,BULL
2005-05-27,484,247,169,47,34,1.96,0.6622,BULL
2005-05-30,352,388,155,35,45,0.907,0.4756,NEUTRAL
2005-05-31,330,385,179,22,40,0.857,0.4615,NEUTRAL
2005-06-01,430,318,147,33,55,1.352,0.5748,BULL
2005-06-02,603,161,135,54,24,3.745,0.7893,STRONG_BULL
2005-06-03,582,174,138,42,31,3.345,0.7699,STRONG_BULL
2005-06-06,504,257,115,33,34,1.961,0.6623,BULL
2005-06-07,199,539,146,15,58,0.369,0.2695,CRASH
2005-06-08,487,227,166,37,22,2.145,0.682,STRONG_BULL
2005-06-09,302,436,146,17,49,0.693,0.4093,BEAR
2005-06-10,459,262,159,42,31,1.752,0.6366,BULL
2005-06-13,404,328,144,42,26,1.232,0.552,BULL
2005-06-14,230,508,131,19,48,0.453,0.3118,CRASH
2005-06-15,501,212,158,32,27,2.363,0.7026,STRONG_BULL
2005-06-16,426,284,161,31,39,1.5,0.6,BULL
2005-06-17,276,410,183,22,32,0.673,0.4023,BEAR
2005-06-20,337,373,161,27,36,0.903,0.4745,NEUTRAL
2005-06-21,368,349,154,22,47,1.054,0.5131,BULL
2005-06-22,564,169,139,51,19,3.337,0.7694,STRONG_BULL
2005-06-23,402,321,144,24,37,1.252,0.556,BULL
2005-06-24,223,488,141,11,45,0.457,0.3137,CRASH
2005-06-27,299,406,153,10,59,0.736,0.424,BEAR
2005-06-28,334,369,157,29,22,0.905,0.4751,NEUTRAL
2005-06-29,178,546,129,13,47,0.326,0.2459,CRASH
2005-06-30,246,442,167,4,58,0.557,0.3577,BEAR
2005-07-01,376,314,162,27,28,1.197,0.5448,BULL
2005-07-04,343,351,152,17,31,0.977,0.4942,NEUTRAL
2005-07-05,274,414,154,15,35,0.662,0.3983,BEAR
2005-07-06,351,318,172,13,24,1.104,0.5247,BULL
2005-07-07,205,490,140,13,42,0.418,0.2948,CRASH
2005-07-08,263,402,167,19,24,0.654,0.3954,BEAR
2005-07-11,489,188,153,36,20,2.601,0.7223,STRONG_BULL
2005-07-12,459,193,177,31,15,2.378,0.704,STRONG_BULL
2005-07-13,413,263,154,26,13,1.57,0.6109,BULL
2005-07-14,392,252,183,29,18,1.556,0.6088,BULL
2005-07-15,349,327,143,24,16,1.067,0.5162,BULL
2005-07-19,343,323,146,19,24,1.062,0.515,BULL
2005-07-20,286,377,145,14,25,0.759,0.4315,BEAR
2005-07-21,199,457,151,9,19,0.435,0.3031,CRASH
2005-07-22,342,343,111,10,31,0.997,0.4992,NEUTRAL
2005-07-25,384,280,127,25,15,1.371,0.5782,BULL
2005-07-26,182,503,101,6,36,0.362,0.2658,CRASH
2005-07-28,332,328,121,8,21,1.012,0.503,BULL
2005-07-29,172,499,103,11,30,0.345,0.2565,CRASH
2005-08-01,229,397,133,18,14,0.577,0.3659,BEAR
2005-08-02,271,375,131,17,19,0.723,0.4196,BEAR
2005-08-03,506,145,129,32,6,3.49,0.7773,STRONG_BULL
2005-08-04,308,329,139,12,13,0.936,0.4835,NEUTRAL
2005-08-08,213,459,95,8,24,0.464,0.3169,CRASH
2005-08-09,317,314,144,8,25,1.01,0.5025,BULL
2005-08-10,241,396,136,2,21,0.609,0.3785,BEAR
2005-08-11,254,370,148,12,13,0.686,0.4069,BEAR
2005-08-12,379,288,103,15,17,1.316,0.5682,BULL
2005-08-15,124,556,87,4,37,0.223,0.1823,CRASH
2005-08-16,226,402,136,5,20,0.562,0.3598,BEAR
2005-08-17,271,352,139,8,16,0.77,0.435,BEAR
2005-08-18,229,397,133,18,14,0.577,0.3659,BEAR
2005-08-19,174,469,116,6,26,0.371,0.2706,CRASH
2005-08-22,367,245,145,9,15,1.498,0.5997,BULL
2005-08-23,236,394,128,5,22,0.599,0.3746,BEAR
2005-08-24,102,555,100,4,29,0.184,0.1554,CRASH
2005-08-25,249,385,120,6,15,0.647,0.3928,BEAR
2005-08-26,404,223,115,9,10,1.812,0.6444,BULL
2005-08-29,131,512,98,2,19,0.256,0.2038,CRASH
2005-08-30,271,343,129,5,12,0.79,0.4413,BEAR
2005-08-31,161,466,113,3,15,0.345,0.2565,CRASH
2005-09-02,553,120,63,13,3,4.608,0.8217,STRONG_BULL
2005-09-05,268,343,123,6,9,0.781,0.4385,BEAR
2005-09-06,397,356,162,8,0,1.115,0.5272,BULL
2005-09-07,262,334,132,3,9,0.784,0.4395,BEAR
2005-09-08,276,336,119,2,8,0.821,0.4509,NEUTRAL
2005-09-09,208,433,82,2,11,0.48,0.3243,CRASH
2005-09-12,307,306,104,4,4,1.003,0.5007,BULL
2005-09-13,230,367,125,2,7,0.627,0.3854,BEAR
2005-09-14,165,443,110,3,5,0.372,0.2711,CRASH
2005-09-15,111,499,110,0,8,0.222,0.1817,CRASH
2005-09-16,146,461,113,1,8,0.317,0.2407,CRASH
2005-09-19,260,332,123,4,5,0.783,0.4391,BEAR
2005-09-20,473,139,100,5,2,3.403,0.7729,STRONG_BULL
2005-09-21,174,422,122,0,6,0.412,0.2918,CRASH
2005-09-22,126,502,85,1,5,0.251,0.2006,CRASH
2005-09-23,187,401,121,2,3,0.466,0.3179,CRASH
2005-09-26,274,320,117,1,5,0.856,0.4612,NEUTRAL
2005-09-27,251,334,125,3,2,0.751,0.4289,BEAR
2005-09-28,234,334,135,1,1,0.701,0.4121,BEAR
2005-09-29,514,106,81,2,0,4.849,0.829,STRONG_BULL
2005-09-30,515,116,69,4,0,4.44,0.8162,STRONG_BULL
2005-10-03,317,308,79,2,4,1.029,0.5071,BULL
2005-10-04,262,363,77,1,1,0.722,0.4193,BEAR
2005-10-05,251,347,105,0,1,0.723,0.4196,BEAR
2005-10-06,248,358,91,2,2,0.693,0.4093,BEAR
2005-10-07,260,342,99,0,2,0.76,0.4318,BEAR
2005-10-11,230,363,104,0,0,0.634,0.388,BEAR
2005-10-12,165,442,81,0,0,0.373,0.2717,CRASH
2005-10-13,292,310,90,1,1,0.942,0.4851,NEUTRAL
2005-10-14,397,211,86,1,1,1.882,0.653,BULL
2005-10-17,69,587,36,0,2,0.118,0.1055,CRASH
2005-10-18,292,310,90,1,1,0.942,0.4851,NEUTRAL
2005-10-19,78,571,41,1,1,0.137,0.1205,CRASH
2005-10-20,284,328,78,0,0,0.866,0.4641,NEUTRAL
2005-10-21,324,272,96,0,2,1.191,0.5436,BULL
2005-10-24,221,385,82,0,1,0.574,0.3647,BEAR
2005-10-25,320,270,96,1,0,1.185,0.5423,BULL
2005-10-26,159,465,68,0,2,0.342,0.2548,CRASH
2005-10-27,206,394,88,0,1,0.523,0.3434,BEAR
2005-10-28,220,396,69,0,1,0.556,0.3573,BEAR
2005-10-31,570,76,41,1,0,7.5,0.8824,STRONG_BULL
2005-11-01,331,284,70,1,0,1.165,0.5381,BULL
2005-11-02,324,270,90,0,0,1.2,0.5455,BULL
2005-11-03,269,338,81,1,0,0.796,0.4432,BEAR
2005-11-04,296,292,100,0,1,1.014,0.5035,BULL
2005-11-07,153,456,80,0,1,0.336,0.2515,CRASH
2005-11-08,222,375,88,0,1,0.592,0.3719,BEAR
2005-11-09,524,104,63,0,0,5.038,0.8344,STRONG_BULL
2005-11-10,367,226,96,0,0,1.624,0.6189,BULL
2005-11-11,489,137,65,1,0,3.569,0.7811,STRONG_BULL
2005-11-14,379,236,72,0,1,1.606,0.6163,BULL
2005-11-15,189,423,78,0,0,0.447,0.3089,CRASH
2005-11-16,295,301,91,0,0,0.98,0.4949,NEUTRAL
2005-11-17,292,312,85,0,0,0.936,0.4835,NEUTRAL
2005-11-18,442,166,85,0,0,2.663,0.727,STRONG_BULL
2005-11-21,269,339,84,0,0,0.794,0.4426,BEAR
2005-11-22,224,363,106,0,0,0.617,0.3816,BEAR
2005-11-23,320,280,93,0,0,1.143,0.5334,BULL
2005-11-24,311,262,118,0,0,1.187,0.5428,BULL
2005-11-25,308,268,114,0,0,1.149,0.5347,BULL
2005-11-28,465,151,76,0,0,3.079,0.7548,STRONG_BULL
2005-11-29,266,340,84,0,0,0.782,0.4388,BEAR
2005-11-30,376,238,78,1,0,1.58,0.6124,BULL
2005-12-01,235,374,79,0,1,0.628,0.3857,BEAR
2005-12-02,324,272,95,0,0,1.191,0.5436,BULL
2005-12-05,556,79,55,0,0,7.038,0.8756,STRONG_BULL
2005-12-06,319,298,74,0,0,1.07,0.5169,BULL
2005-12-07,278,356,51,0,0,0.781,0.4385,BEAR
2005-12-08,186,417,81,0,0,0.446,0.3084,CRASH
2005-12-09,343,246,100,0,0,1.394,0.5823,BULL
2005-12-12,302,290,91,0,0,1.041,0.51,BULL
2005-12-13,280,295,114,0,0,0.949,0.4869,NEUTRAL
2005-12-14,275,314,99,0,0,0.876,0.467,NEUTRAL
2005-12-15,348,234,101,0,0,1.487,0.5979,BULL
2005-12-16,450,162,80,0,0,2.778,0.7353,STRONG_BULL
2005-12-19,515,119,55,0,0,4.328,0.8123,STRONG_BULL
2005-12-20,306,293,89,0,0,1.044,0.5108,BULL
2005-12-21,391,223,73,0,0,1.753,0.6368,BULL
2005-12-22,189,431,63,0,0,0.439,0.3051,CRASH
2005-12-23,445,152,90,0,0,2.928,0.7454,STRONG_BULL
2005-12-26,359,262,64,0,0,1.37,0.5781,BULL
2005-12-27,248,371,69,0,0,0.668,0.4005,BEAR
2005-12-28,233,385,68,0,0,0.605,0.3769,BEAR
2005-12-29,379,225,84,0,0,1.684,0.6274,BULL
2005-12-30,328,299,63,0,0,1.097,0.5231,BULL
2006-01-02,136,512,37,0,0,0.266,0.2101,CRASH
2006-01-03,520,121,47,0,0,4.298,0.8112,STRONG_BULL
2006-01-04,281,340,71,0,0,0.826,0.4524,NEUTRAL
2006-01-05,505,132,53,0,0,3.826,0.7928,STRONG_BULL
2006-01-06,280,350,58,0,0,0.8,0.4444,BEAR
2006-01-09,390,227,73,0,0,1.718,0.6321,BULL
2006-01-10,297,321,74,0,0,0.925,0.4805,NEUTRAL
2006-01-11,355,277,59,0,0,1.282,0.5618,BULL
2006-01-12,203,414,71,0,0,0.49,0.3289,CRASH
2006-01-13,167,451,69,0,0,0.37,0.2701,CRASH
2006-01-16,256,352,81,0,0,0.727,0.421,BEAR
2006-01-17,205,418,72,0,0,0.49,0.3289,CRASH
2006-01-18,42,628,19,0,0,0.067,0.0628,CRASH
2006-01-19,291,318,80,0,0,0.915,0.4778,NEUTRAL
2006-01-20,178,436,74,0,0,0.408,0.2898,CRASH
2006-01-23,66,579,40,0,0,0.114,0.1023,CRASH
2006-01-24,490,131,70,0,0,3.74,0.789,STRONG_BULL
2006-01-25,392,225,74,0,0,1.742,0.6353,BULL
2006-02-03,486,163,44,0,0,2.982,0.7489,STRONG_BULL
2006-02-06,526,98,64,0,0,5.367,0.8429,STRONG_BULL
2006-02-07,346,273,71,0,0,1.267,0.5589,BULL
2006-02-08,174,464,51,0,0,0.375,0.2727,CRASH
2006-02-09,209,375,104,0,0,0.557,0.3577,BEAR
2006-02-10,221,379,87,0,0,0.583,0.3683,BEAR
2006-02-13,173,458,58,0,0,0.378,0.2743,CRASH
2006-02-14,366,228,93,0,0,1.605,0.6161,BULL
2006-02-15,234,345,108,0,0,0.678,0.4041,BEAR
2006-02-16,424,163,100,0,0,2.601,0.7223,STRONG_BULL
2006-02-17,279,318,93,0,0,0.877,0.4672,NEUTRAL
2006-02-20,217,395,77,0,0,0.549,0.3544,BEAR
2006-02-21,115,509,62,0,0,0.226,0.1843,CRASH
2006-02-22,71,580,38,0,0,0.122,0.1087,CRASH
2006-02-23,151,478,61,0,0,0.316,0.2401,CRASH
2006-02-24,409,199,77,0,0,2.055,0.6727,STRONG_BULL
2006-02-27,256,334,96,0,0,0.766,0.4337,BEAR
2006-03-01,509,123,57,0,0,4.138,0.8054,STRONG_BULL
2006-03-02,276,303,105,0,0,0.911,0.4767,NEUTRAL
2006-03-03,112,517,61,0,0,0.217,0.1783,CRASH
2006-03-06,301,295,91,0,0,1.02,0.505,BULL
2006-03-07,170,422,94,0,0,0.403,0.2872,CRASH
2006-03-08,278,307,97,0,0,0.906,0.4753,NEUTRAL
2006-03-09,339,232,107,0,0,1.461,0.5937,BULL
2006-03-10,242,337,102,0,0,0.718,0.4179,BEAR
2006-03-13,362,242,80,0,0,1.496,0.5994,BULL
2006-03-14,126,501,58,0,0,0.251,0.2006,CRASH
2006-03-15,327,263,94,0,0,1.243,0.5542,BULL
2006-03-16,219,389,76,0,0,0.563,0.3602,BEAR
2006-03-17,315,290,80,0,0,1.086,0.5206,BULL
2006-03-20,284,305,93,0,0,0.931,0.4821,NEUTRAL
2006-03-21,173,422,88,0,1,0.41,0.2908,CRASH
2006-03-22,213,384,89,0,0,0.555,0.3569,BEAR
2006-03-23,205,391,90,0,0,0.524,0.3438,BEAR
2006-03-24,316,273,93,0,0,1.158,0.5366,BULL
2006-03-27,376,234,75,0,0,1.607,0.6164,BULL
2006-03-28,336,255,91,0,0,1.318,0.5686,BULL
2006-03-29,314,252,121,0,0,1.246,0.5548,BULL
2006-03-30,392,203,91,0,0,1.931,0.6588,BULL
2006-03-31,452,155,83,0,0,2.916,0.7446,STRONG_BULL
2006-04-03,410,203,75,0,0,2.02,0.6689,STRONG_BULL
2006-04-04,287,305,96,0,0,0.941,0.4848,NEUTRAL
2006-04-06,522,108,59,0,0,4.833,0.8286,STRONG_BULL
2006-04-07,341,272,79,0,0,1.254,0.5563,BULL
2006-04-10,309,303,80,0,0,1.02,0.505,BULL
2006-04-11,301,319,71,0,0,0.944,0.4856,NEUTRAL
2006-04-12,464,158,70,0,0,2.937,0.746,STRONG_BULL
2006-04-13,446,187,61,0,0,2.385,0.7046,STRONG_BULL
2006-04-14,480,154,57,0,0,3.117,0.7571,STRONG_BULL
2006-04-17,463,173,55,0,0,2.676,0.728,STRONG_BULL
2006-04-18,271,366,57,0,0,0.74,0.4253,BEAR
2006-04-19,315,303,73,0,0,1.04,0.5098,BULL
2006-04-20,357,264,71,0,0,1.352,0.5748,BULL
2006-04-21,226,394,75,0,0,0.574,0.3647,BEAR
2006-04-24,385,248,59,0,0,1.552,0.6082,BULL
2006-04-25,314,330,49,0,0,0.952,0.4877,NEUTRAL
2006-04-26,489,144,61,0,0,3.396,0.7725,STRONG_BULL
2006-04-27,293,347,50,0,0,0.844,0.4577,NEUTRAL
2006-04-28,316,301,73,0,0,1.05,0.5122,BULL
2006-05-02,404,254,32,0,0,1.591,0.614,BULL
2006-05-03,370,269,54,0,0,1.375,0.5789,BULL
2006-05-04,378,262,50,0,0,1.443,0.5907,BULL
2006-05-05,312,336,42,0,0,0.929,0.4816,NEUTRAL
2006-05-08,452,193,47,0,0,2.342,0.7008,STRONG_BULL
2006-05-09,255,377,60,0,0,0.676,0.4033,BEAR
2006-05-10,296,345,52,0,0,0.858,0.4618,NEUTRAL
2006-05-11,338,312,42,0,0,1.083,0.5199,BULL
2006-05-12,301,333,57,0,0,0.904,0.4748,NEUTRAL
2006-05-15,335,285,72,0,0,1.175,0.5402,BULL
2006-05-16,167,478,47,0,0,0.349,0.2587,CRASH
2006-05-17,277,357,59,0,0,0.776,0.4369,BEAR
2006-05-18,242,397,55,0,0,0.61,0.3789,BEAR
2006-05-19,350,272,71,0,0,1.287,0.5627,BULL
2006-05-22,154,489,50,0,0,0.315,0.2395,CRASH
2006-05-23,175,466,51,0,0,0.376,0.2733,CRASH
2006-05-24,375,248,67,0,0,1.512,0.6019,BULL
2006-05-25,360,256,72,0,0,1.406,0.5844,BULL
2006-05-26,271,337,81,0,0,0.804,0.4457,NEUTRAL
2006-05-29,256,350,76,0,0,0.731,0.4223,BEAR
2006-05-30,218,416,54,0,0,0.524,0.3438,BEAR
2006-06-01,335,288,68,0,0,1.163,0.5377,BULL
2006-06-02,328,276,87,0,0,1.188,0.543,BULL
2006-06-05,37,637,17,0,0,0.058,0.0548,CRASH
2006-06-06,233,388,69,0,0,0.601,0.3754,BEAR
2006-06-07,145,487,57,0,0,0.298,0.2296,CRASH
2006-06-08,15,659,16,0,0,0.023,0.0225,CRASH
2006-06-09,459,165,64,0,0,2.782,0.7356,STRONG_BULL
2006-06-12,266,342,83,0,0,0.778,0.4376,BEAR
2006-06-13,186,431,73,0,0,0.432,0.3017,CRASH
2006-06-14,575,70,42,0,0,8.214,0.8915,STRONG_BULL
2006-06-15,172,444,74,0,0,0.387,0.279,CRASH
2006-06-16,548,89,53,0,0,6.157,0.8603,STRONG_BULL
2006-06-19,302,319,70,0,0,0.947,0.4864,NEUTRAL
2006-06-20,46,623,21,0,0,0.074,0.0689,CRASH
2006-06-21,89,543,56,0,0,0.164,0.1409,CRASH
2006-06-22,607,46,38,0,0,13.196,0.9296,STRONG_BULL
2006-06-23,238,377,72,0,0,0.631,0.3869,BEAR
2006-06-26,504,114,70,0,0,4.421,0.8155,STRONG_BULL
2006-06-27,439,168,81,0,0,2.613,0.7232,STRONG_BULL
2006-06-28,247,363,77,0,0,0.68,0.4048,BEAR
2006-06-29,500,103,82,0,0,4.854,0.8292,STRONG_BULL
2006-06-30,418,194,74,0,0,2.155,0.683,STRONG_BULL
2006-07-03,324,280,82,0,0,1.157,0.5364,BULL
2006-07-04,301,278,106,0,0,1.083,0.5199,BULL
2006-07-05,143,482,60,0,0,0.297,0.229,CRASH
2006-07-06,350,237,96,0,0,1.477,0.5963,BULL
2006-07-07,300,306,78,0,0,0.98,0.4949,NEUTRAL
2006-07-10,320,283,83,0,0,1.131,0.5307,BULL
2006-07-11,220,361,104,0,0,0.609,0.3785,BEAR
2006-07-12,212,370,104,0,0,0.573,0.3643,BEAR
2006-07-13,161,412,114,0,0,0.391,0.2811,CRASH
2006-07-14,69,568,49,0,0,0.121,0.1079,CRASH
2006-07-17,36,612,38,0,0,0.059,0.0557,CRASH
2006-07-18,432,168,85,0,0,2.571,0.72,STRONG_BULL
2006-07-19,293,297,97,0,0,0.987,0.4967,NEUTRAL
2006-07-20,550,73,64,0,0,7.534,0.8828,STRONG_BULL
2006-07-21,256,354,76,0,0,0.723,0.4196,BEAR
2006-07-24,177,422,83,0,0,0.419,0.2953,CRASH
2006-07-25,433,159,95,0,0,2.723,0.7314,STRONG_BULL
2006-07-26,235,346,101,0,0,0.679,0.4044,BEAR
2006-07-27,434,142,108,0,0,3.056,0.7535,STRONG_BULL
2006-07-28,384,204,98,0,0,1.882,0.653,BULL
2006-07-31,254,339,92,0,0,0.749,0.4282,BEAR
2006-08-01,256,319,109,0,0,0.803,0.4454,NEUTRAL
2006-08-02,351,225,113,0,0,1.56,0.6094,BULL
2006-08-03,301,266,116,0,0,1.132,0.531,BULL
2006-08-04,216,382,92,0,0,0.565,0.361,BEAR
2006-08-07,153,455,74,0,0,0.336,0.2515,CRASH
2006-08-08,452,139,96,0,0,3.252,0.7648,STRONG_BULL
2006-08-09,373,219,93,0,0,1.703,0.63,BULL
2006-08-10,287,306,92,0,0,0.938,0.484,NEUTRAL
2006-08-11,213,398,73,0,0,0.535,0.3485,BEAR
2006-08-14,342,243,100,0,0,1.407,0.5845,BULL
2006-08-15,328,263,90,0,0,1.247,0.555,BULL
2006-08-16,455,150,77,0,0,3.033,0.752,STRONG_BULL
2006-08-17,286,310,91,0,0,0.923,0.48,NEUTRAL
2006-08-18,220,397,70,0,0,0.554,0.3565,BEAR
2006-08-21,31,632,23,0,0,0.049,0.0467,CRASH
2006-08-22,442,138,104,0,0,3.203,0.7621,STRONG_BULL
2006-08-23,187,415,81,0,0,0.451,0.3108,CRASH
2006-08-24,294,272,119,0,0,1.081,0.5195,BULL
2006-08-25,237,352,95,0,0,0.673,0.4023,BEAR
2006-08-28,82,548,50,0,0,0.15,0.1304,CRASH
2006-08-29,383,206,95,0,0,1.859,0.6502,BULL
2006-08-30,510,102,69,0,0,5.0,0.8333,STRONG_BULL
2006-08-31,322,277,85,0,0,1.162,0.5375,BULL
2006-09-01,288,324,72,0,0,0.889,0.4706,NEUTRAL
2006-09-04,463,141,80,0,0,3.284,0.7666,STRONG_BULL
2006-09-05,202,386,97,0,0,0.523,0.3434,BEAR
2006-09-06,150,454,78,0,0,0.33,0.2481,CRASH
2006-09-07,248,332,107,0,0,0.747,0.4276,BEAR
2006-09-08,294,300,91,0,0,0.98,0.4949,NEUTRAL
2006-09-11,339,242,104,0,0,1.401,0.5835,BULL
2006-09-12,87,523,76,0,0,0.166,0.1424,CRASH
2006-09-13,246,334,110,0,0,0.737,0.4243,BEAR
2006-09-14,69,570,50,0,0,0.121,0.1079,CRASH
2006-09-15,476,135,77,0,0,3.526,0.7791,STRONG_BULL
2006-09-18,644,24,22,0,0,26.833,0.9641,STRONG_BULL
2006-09-19,302,295,90,0,0,1.024,0.5059,BULL
2006-09-20,330,266,91,0,0,1.241,0.5538,BULL
2006-09-21,400,215,70,0,0,1.86,0.6503,BULL
2006-09-22,338,247,100,0,0,1.368,0.5777,BULL
2006-09-25,439,184,64,0,0,2.386,0.7047,STRONG_BULL
2006-09-26,267,342,77,0,0,0.781,0.4385,BEAR
2006-09-27,422,193,69,0,0,2.187,0.6862,STRONG_BULL
2006-09-28,144,481,57,0,0,0.299,0.2302,CRASH
2006-09-29,388,209,91,0,0,1.856,0.6499,BULL
2006-10-02,463,169,55,0,0,2.74,0.7326,STRONG_BULL
2006-10-03,323,293,66,0,0,1.102,0.5243,BULL
2006-10-04,246,370,68,0,0,0.665,0.3994,BEAR
2006-10-05,463,162,58,0,0,2.858,0.7408,STRONG_BULL
2006-10-11,430,210,45,0,0,2.048,0.6719,STRONG_BULL
2006-10-12,251,368,67,0,0,0.682,0.4055,BEAR
2006-10-13,489,138,59,0,0,3.543,0.7799,STRONG_BULL
2006-10-16,366,272,51,0,0,1.346,0.5737,BULL
2006-10-17,194,421,72,0,0,0.461,0.3155,CRASH
2006-10-18,194,419,73,0,0,0.463,0.3165,CRASH
2006-10-19,285,301,99,0,0,0.947,0.4864,NEUTRAL
2006-10-20,438,177,73,0,0,2.475,0.7122,STRONG_BULL
2006-10-23,330,280,73,0,0,1.179,0.5411,BULL
2006-10-24,369,230,90,0,0,1.604,0.616,BULL
2006-10-25,186,430,72,0,0,0.433,0.3022,CRASH
2006-10-26,290,301,95,0,0,0.963,0.4906,NEUTRAL
2006-10-27,195,425,65,0,0,0.459,0.3146,CRASH
2006-10-30,207,414,64,1,0,0.5,0.3333,CRASH
2006-10-31,311,275,101,0,0,1.131,0.5307,BULL
2006-11-01,342,262,81,0,0,1.305,0.5662,BULL
2006-11-02,362,250,71,0,0,1.448,0.5915,BULL
2006-11-03,470,141,75,1,0,3.333,0.7692,STRONG_BULL
2006-11-06,158,482,44,1,0,0.328,0.247,CRASH
2006-11-07,494,138,53,1,0,3.58,0.7817,STRONG_BULL
2006-11-08,334,290,63,0,0,1.152,0.5353,BULL
2006-11-09,242,374,71,0,0,0.647,0.3928,BEAR
2006-11-10,341,253,95,0,0,1.348,0.5741,BULL
2006-11-13,318,297,74,0,0,1.071,0.5171,BULL
2006-11-14,419,209,61,0,0,2.005,0.6672,STRONG_BULL
2006-11-15,342,283,63,0,0,1.208,0.5471,BULL
2006-11-16,345,277,65,0,0,1.245,0.5546,BULL
2006-11-17,336,282,72,0,0,1.191,0.5436,BULL
2006-11-20,270,364,53,0,0,0.742,0.4259,BEAR
2006-11-21,327,282,79,0,0,1.16,0.537,BULL
2006-11-22,384,230,72,0,0,1.67,0.6255,BULL
2006-11-23,385,238,66,0,0,1.618,0.618,BULL
2006-11-24,400,199,89,0,0,2.01,0.6678,STRONG_BULL
2006-11-27,373,250,63,0,0,1.492,0.5987,BULL
2006-11-28,252,378,57,0,0,0.667,0.4001,BEAR
2006-11-29,312,296,81,0,0,1.054,0.5131,BULL
2006-11-30,515,115,61,0,0,4.478,0.8175,STRONG_BULL
2006-12-01,406,230,55,0,0,1.765,0.6383,BULL
2006-12-04,466,189,33,0,0,2.466,0.7115,STRONG_BULL
2006-12-05,141,510,39,0,0,0.276,0.2163,CRASH
2006-12-06,509,129,53,0,0,3.946,0.7978,STRONG_BULL
2006-12-07,274,346,71,0,0,0.792,0.442,BEAR
2006-12-08,335,280,75,0,0,1.196,0.5446,BULL
2006-12-11,340,291,62,0,0,1.168,0.5387,BULL
2006-12-12,133,508,47,0,0,0.262,0.2076,CRASH
2006-12-13,181,452,57,0,0,0.4,0.2857,CRASH
2006-12-14,465,163,61,0,0,2.853,0.7405,STRONG_BULL
2006-12-15,436,186,71,0,0,2.344,0.701,STRONG_BULL
2006-12-18,472,160,59,0,0,2.95,0.7468,STRONG_BULL
2006-12-19,282,347,61,0,0,0.813,0.4484,NEUTRAL
2006-12-20,459,160,70,0,0,2.869,0.7415,STRONG_BULL
2006-12-21,203,441,44,0,0,0.46,0.3151,CRASH
2006-12-22,351,263,75,0,0,1.335,0.5717,BULL
2006-12-25,415,199,77,0,0,2.085,0.6759,STRONG_BULL
2006-12-26,462,167,60,0,0,2.766,0.7345,STRONG_BULL
2006-12-27,258,368,60,0,0,0.701,0.4121,BEAR
2006-12-28,214,409,66,0,0,0.523,0.3434,BEAR
2006-12-29,510,122,58,0,0,4.18,0.8069,STRONG_BULL
2007-01-02,414,233,44,0,0,1.777,0.6399,BULL
2007-01-03,225,412,54,0,0,0.546,0.3532,BEAR
2007-01-04,232,414,41,0,0,0.56,0.359,BEAR
2007-01-05,211,417,59,0,0,0.506,0.336,BEAR
2007-01-08,240,387,59,0,0,0.62,0.3827,BEAR
2007-01-09,461,153,74,0,0,3.013,0.7508,STRONG_BULL
2007-01-10,178,463,45,0,0,0.384,0.2775,CRASH
2007-01-11,83,571,34,0,0,0.145,0.1266,CRASH
2007-01-12,535,113,38,0,0,4.735,0.8256,STRONG_BULL
2007-01-15,273,346,70,0,0,0.789,0.441,BEAR
2007-01-16,356,263,70,0,0,1.354,0.5752,BULL
2007-01-17,407,212,69,0,0,1.92,0.6575,BULL
2007-01-18,424,196,68,0,0,2.163,0.6838,STRONG_BULL
2007-01-19,249,368,69,0,0,0.677,0.4037,BEAR
2007-01-22,291,329,62,0,0,0.884,0.4692,NEUTRAL
2007-01-23,308,297,81,0,0,1.037,0.5091,BULL
2007-01-24,350,253,82,0,0,1.383,0.5804,BULL
2007-01-25,214,396,74,0,0,0.54,0.3506,BEAR
2007-01-26,222,377,87,0,0,0.589,0.3707,BEAR
2007-01-29,152,472,60,0,0,0.322,0.2436,CRASH
2007-01-30,207,389,89,0,0,0.532,0.3473,BEAR
2007-01-31,154,453,79,0,0,0.34,0.2537,CRASH
2007-02-01,248,359,77,0,0,0.691,0.4086,BEAR
2007-02-02,448,167,72,0,0,2.683,0.7285,STRONG_BULL
2007-02-05,340,278,70,0,0,1.223,0.5502,BULL
2007-02-06,442,167,75,0,0,2.647,0.7258,STRONG_BULL
2007-02-07,184,429,73,0,0,0.429,0.3002,CRASH
2007-02-08,229,364,91,0,0,0.629,0.3861,BEAR
2007-02-09,365,243,77,0,0,1.502,0.6003,BULL
2007-02-12,179,448,57,0,0,0.4,0.2857,CRASH
2007-02-13,345,254,86,0,0,1.358,0.5759,BULL
2007-02-14,373,225,86,0,0,1.658,0.6238,BULL
2007-02-26,491,143,53,0,0,3.434,0.7745,STRONG_BULL
2007-02-27,296,325,65,0,0,0.911,0.4767,NEUTRAL
2007-03-01,85,575,25,0,0,0.148,0.1289,CRASH
2007-03-02,398,222,64,0,0,1.793,0.642,BULL
2007-03-05,33,635,16,0,0,0.052,0.0494,CRASH
2007-03-06,497,136,50,0,0,3.654,0.7851,STRONG_BULL
2007-03-07,333,281,69,0,0,1.185,0.5423,BULL
2007-03-08,509,115,61,0,0,4.426,0.8157,STRONG_BULL
2007-03-09,304,299,79,0,0,1.017,0.5042,BULL
2007-03-12,371,235,80,0,0,1.579,0.6123,BULL
2007-03-13,347,251,87,0,0,1.382,0.5802,BULL
2007-03-14,141,509,33,0,0,0.277,0.2169,CRASH
2007-03-15,562,73,47,0,0,7.699,0.885,STRONG_BULL
2007-03-16,333,278,71,0,0,1.198,0.545,BULL
2007-03-19,339,247,94,0,0,1.372,0.5784,BULL
2007-03-20,266,348,69,0,0,0.764,0.4331,BEAR
2007-03-21,338,267,78,0,0,1.266,0.5587,BULL
2007-03-22,338,268,75,0,0,1.261,0.5577,BULL
2007-03-23,363,228,92,0,0,1.592,0.6142,BULL
2007-03-26,373,244,66,0,0,1.529,0.6046,BULL
2007-03-27,239,394,50,0,0,0.607,0.3777,BEAR
2007-03-28,288,321,73,0,0,0.897,0.4729,NEUTRAL
2007-03-29,424,181,78,0,0,2.343,0.7009,STRONG_BULL
2007-03-30,356,266,62,0,0,1.338,0.5723,BULL
2007-04-02,381,239,62,0,0,1.594,0.6145,BULL
2007-04-03,386,226,71,0,0,1.708,0.6307,BULL
2007-04-04,339,291,53,0,0,1.165,0.5381,BULL
2007-04-09,391,243,50,0,0,1.609,0.6167,BULL
2007-04-10,272,360,53,0,0,0.756,0.4305,BEAR
2007-04-11,328,297,60,0,0,1.104,0.5247,BULL
2007-04-12,394,217,68,0,0,1.816,0.6449,BULL
2007-04-13,194,437,54,0,0,0.444,0.3075,CRASH
2007-04-16,304,335,45,0,0,0.907,0.4756,NEUTRAL
2007-04-17,92,552,39,0,0,0.167,0.1431,CRASH
2007-04-18,460,155,67,0,0,2.968,0.748,STRONG_BULL
2007-04-19,187,443,53,0,0,0.422,0.2968,CRASH
2007-04-20,407,210,64,0,0,1.938,0.6596,BULL
2007-04-23,338,294,49,0,0,1.15,0.5349,BULL
2007-04-24,324,278,78,0,0,1.165,0.5381,BULL
2007-04-25,180,437,65,0,0,0.412,0.2918,CRASH
2007-04-26,273,313,100,0,0,0.872,0.4658,NEUTRAL
2007-04-27,173,434,76,0,0,0.399,0.2852,CRASH
2007-04-30,90,559,34,0,0,0.161,0.1387,CRASH
2007-05-02,242,373,68,0,0,0.649,0.3936,BEAR
2007-05-03,123,519,41,0,0,0.237,0.1916,CRASH
2007-05-04,571,76,34,0,0,7.513,0.8825,STRONG_BULL
2007-05-07,446,177,58,0,0,2.52,0.7159,STRONG_BULL
2007-05-08,260,362,61,0,0,0.718,0.4179,BEAR
2007-05-09,206,395,80,0,0,0.522,0.343,BEAR
2007-05-10,362,233,87,0,0,1.554,0.6085,BULL
2007-05-11,206,396,79,0,0,0.52,0.3421,BEAR
2007-05-14,207,413,59,0,0,0.501,0.3338,BEAR
2007-05-15,199,401,81,0,0,0.496,0.3316,CRASH
2007-05-16,294,289,97,0,0,1.017,0.5042,BULL
2007-05-17,308,256,112,0,0,1.203,0.5461,BULL
2007-05-18,266,347,68,0,0,0.767,0.4341,BEAR
2007-05-21,457,153,70,0,0,2.987,0.7492,STRONG_BULL
2007-05-22,387,220,74,0,0,1.759,0.6375,BULL
2007-05-23,324,276,82,0,0,1.174,0.54,BULL
2007-05-24,226,380,75,0,0,0.595,0.373,BEAR
2007-05-25,235,366,80,0,0,0.642,0.391,BEAR
2007-05-28,250,351,78,0,0,0.712,0.4159,BEAR
2007-05-29,281,317,83,0,0,0.886,0.4698,NEUTRAL
2007-05-30,200,416,66,0,0,0.481,0.3248,CRASH
2007-05-31,453,160,68,0,0,2.831,0.739,STRONG_BULL
2007-06-01,332,267,82,0,0,1.243,0.5542,BULL
2007-06-04,334,277,70,0,0,1.206,0.5467,BULL
2007-06-05,232,393,56,0,0,0.59,0.3711,BEAR
2007-06-06,331,294,56,0,0,1.126,0.5296,BULL
2007-06-07,368,249,63,0,0,1.478,0.5964,BULL
2007-06-08,253,370,58,0,0,0.684,0.4062,BEAR
2007-06-11,385,229,67,0,0,1.681,0.627,BULL
2007-06-12,354,247,79,0,0,1.433,0.589,BULL
2007-06-13,282,335,65,0,0,0.842,0.4571,NEUTRAL
2007-06-14,322,293,66,0,0,1.099,0.5236,BULL
2007-06-15,376,248,57,0,0,1.516,0.6025,BULL
2007-06-20,395,241,45,0,0,1.639,0.6211,BULL
2007-06-21,379,245,58,0,0,1.547,0.6074,BULL
2007-06-22,501,138,43,0,0,3.63,0.784,STRONG_BULL
2007-06-25,429,196,58,0,0,2.189,0.6864,STRONG_BULL
2007-06-26,181,453,48,0,0,0.4,0.2857,CRASH
2007-06-27,365,244,73,0,0,1.496,0.5994,BULL
2007-06-28,424,187,68,0,0,2.267,0.6939,STRONG_BULL
2007-06-29,298,318,65,0,0,0.937,0.4837,NEUTRAL
2007-07-02,404,223,55,0,0,1.812,0.6444,BULL
2007-07-03,410,220,52,0,0,1.864,0.6508,BULL
2007-07-04,388,246,47,0,0,1.577,0.612,BULL
2007-07-05,432,191,59,0,0,2.262,0.6934,STRONG_BULL
2007-07-06,368,256,58,1,0,1.438,0.5898,BULL
2007-07-09,429,195,60,0,0,2.2,0.6875,STRONG_BULL
2007-07-10,307,307,69,0,0,1.0,0.5,NEUTRAL
2007-07-11,242,393,46,0,0,0.616,0.3812,BEAR
2007-07-12,443,182,56,0,0,2.434,0.7088,STRONG_BULL
2007-07-13,288,350,45,0,0,0.823,0.4515,NEUTRAL
2007-07-16,320,302,64,0,0,1.06,0.5146,BULL
2007-07-17,484,144,58,0,0,3.361,0.7707,STRONG_BULL
2007-07-18,402,239,43,0,0,1.682,0.6271,BULL
2007-07-19,291,320,75,0,0,0.909,0.4762,NEUTRAL
2007-07-20,353,278,53,0,0,1.27,0.5595,BULL
2007-07-23,397,235,51,0,0,1.689,0.6281,BULL
2007-07-24,355,275,54,0,0,1.291,0.5635,BULL
2007-07-25,373,254,58,0,0,1.469,0.595,BULL
2007-07-26,135,493,54,0,0,0.274,0.2151,CRASH
2007-07-27,112,553,19,0,0,0.203,0.1687,CRASH
2007-07-30,232,396,56,0,0,0.586,0.3695,BEAR
2007-07-31,539,97,47,0,0,5.557,0.8475,STRONG_BULL
2007-08-01,89,558,32,0,0,0.159,0.1372,CRASH
2007-08-02,151,481,52,0,0,0.314,0.239,CRASH
2007-08-03,418,197,68,0,0,2.122,0.6797,STRONG_BULL
2007-08-06,158,493,34,0,0,0.32,0.2424,CRASH
2007-08-07,257,348,79,0,1,0.739,0.425,BEAR
2007-08-08,574,66,43,1,0,8.697,0.8969,STRONG_BULL
2007-08-09,390,202,91,0,0,1.931,0.6588,BULL
2007-08-10,120,531,33,0,0,0.226,0.1843,CRASH
2007-08-13,235,386,64,0,0,0.609,0.3785,BEAR
2007-08-14,286,306,85,0,0,0.935,0.4832,NEUTRAL
2007-08-15,35,626,21,0,0,0.056,0.053,CRASH
2007-08-16,11,651,22,0,0,0.017,0.0167,CRASH
2007-08-17,107,536,37,0,0,0.2,0.1667,CRASH
2007-08-20,652,19,13,0,0,34.316,0.9717,STRONG_BULL
2007-08-21,193,435,54,0,0,0.444,0.3075,CRASH
2007-08-22,328,285,67,0,0,1.151,0.5351,BULL
2007-08-23,603,34,46,0,0,17.735,0.9466,STRONG_BULL
2007-08-24,261,366,53,0,0,0.713,0.4162,BEAR
2007-08-27,310,295,78,0,0,1.051,0.5124,BULL
2007-08-28,279,330,72,0,0,0.845,0.458,NEUTRAL
2007-08-29,202,430,51,0,0,0.47,0.3197,CRASH
2007-08-30,497,125,62,0,0,3.976,0.799,STRONG_BULL
2007-08-31,486,144,56,0,0,3.375,0.7714,STRONG_BULL
2007-09-03,348,279,54,0,0,1.247,0.555,BULL
2007-09-04,178,450,55,0,0,0.396,0.2837,CRASH
2007-09-05,230,392,59,0,0,0.587,0.3699,BEAR
2007-09-06,342,268,71,0,0,1.276,0.5606,BULL
2007-09-07,326,273,81,0,0,1.194,0.5442,BULL
2007-09-10,235,392,54,0,0,0.599,0.3746,BEAR
2007-09-11,409,195,77,0,0,2.097,0.6771,STRONG_BULL
2007-09-12,276,335,74,0,0,0.824,0.4518,NEUTRAL
2007-09-13,177,438,68,0,0,0.404,0.2877,CRASH
2007-09-14,370,227,87,0,0,1.63,0.6198,BULL
2007-09-17,170,457,56,0,0,0.372,0.2711,CRASH
2007-09-19,198,429,58,0,0,0.462,0.316,CRASH
2007-09-20,264,351,69,0,0,0.752,0.4292,BEAR
2007-09-21,538,96,50,0,0,5.604,0.8486,STRONG_BULL
2007-09-26,502,128,54,0,0,3.922,0.7968,STRONG_BULL
2007-09-27,444,185,50,0,0,2.4,0.7059,STRONG_BULL
2007-09-28,264,339,79,0,0,0.779,0.4379,BEAR
2007-10-01,304,311,71,0,0,0.977,0.4942,NEUTRAL
2007-10-02,305,314,65,0,0,0.971,0.4926,NEUTRAL
2007-10-03,239,388,58,0,0,0.616,0.3812,BEAR
2007-10-04,237,388,58,0,0,0.611,0.3793,BEAR
2007-10-05,237,380,63,0,0,0.624,0.3842,BEAR
2007-10-08,194,423,61,0,0,0.459,0.3146,CRASH
2007-10-09,155,474,53,0,0,0.327,0.2464,CRASH
2007-10-11,324,283,68,0,0,1.145,0.5338,BULL
2007-10-12,110,514,56,0,0,0.214,0.1763,CRASH
2007-10-15,198,412,68,0,0,0.481,0.3248,CRASH
2007-10-16,337,282,61,0,0,1.195,0.5444,BULL
2007-10-17,259,340,80,0,0,0.762,0.4325,BEAR
2007-10-18,368,251,59,0,0,1.466,0.5945,BULL
2007-10-19,198,397,86,0,0,0.499,0.3329,CRASH
2007-10-22,47,613,19,0,0,0.077,0.0715,CRASH
2007-10-23,518,113,49,0,0,4.584,0.8209,STRONG_BULL
2007-10-24,161,447,74,0,0,0.36,0.2647,CRASH
2007-10-25,356,250,72,0,0,1.424,0.5875,BULL
2007-10-26,331,278,74,0,0,1.191,0.5436,BULL
2007-10-29,446,177,61,0,0,2.52,0.7159,STRONG_BULL
2007-10-30,225,397,59,0,0,0.567,0.3618,BEAR
2007-10-31,260,355,68,0,0,0.732,0.4226,BEAR
2007-11-01,150,481,53,0,0,0.312,0.2378,CRASH
2007-11-02,79,579,30,0,0,0.136,0.1197,CRASH
2007-11-05,263,358,63,0,0,0.735,0.4236,BEAR
2007-11-06,286,325,74,0,0,0.88,0.4681,NEUTRAL
2007-11-07,255,353,81,0,0,0.722,0.4193,BEAR
2007-11-08,25,652,13,0,0,0.038,0.0366,CRASH
2007-11-09,264,376,49,0,0,0.702,0.4125,BEAR
2007-11-12,41,626,20,0,0,0.065,0.061,CRASH
2007-11-13,449,187,53,0,0,2.401,0.706,STRONG_BULL
2007-11-14,624,38,26,0,1,16.421,0.9426,STRONG_BULL
2007-11-16,202,412,73,0,0,0.49,0.3289,CRASH
2007-11-19,276,321,85,0,0,0.86,0.4624,NEUTRAL
2007-11-20,290,300,97,0,0,0.967,0.4916,NEUTRAL
2007-11-21,126,514,45,0,0,0.245,0.1968,CRASH
2007-11-22,200,398,86,0,0,0.503,0.3347,BEAR
2007-11-23,64,570,51,0,0,0.112,0.1007,CRASH
2007-11-26,396,208,79,0,0,1.904,0.6556,BULL
2007-11-27,80,560,41,0,0,0.143,0.1251,CRASH
2007-11-28,139,461,85,0,0,0.302,0.232,CRASH
2007-11-29,508,119,58,0,0,4.269,0.8102,STRONG_BULL
2007-11-30,562,81,43,0,0,6.938,0.874,STRONG_BULL
2007-12-03,367,242,77,0,0,1.517,0.6027,BULL
2007-12-04,449,156,80,0,0,2.878,0.7421,STRONG_BULL
2007-12-05,362,259,70,0,0,1.398,0.583,BULL
2007-12-06,268,359,61,0,0,0.747,0.4276,BEAR
2007-12-07,309,296,84,0,0,1.044,0.5108,BULL
2007-12-10,135,473,83,0,0,0.285,0.2218,CRASH
2007-12-11,287,313,89,0,0,0.917,0.4784,NEUTRAL
2007-12-12,200,423,66,1,0,0.473,0.3211,CRASH
2007-12-13,34,622,35,0,0,0.055,0.0521,CRASH
2007-12-14,100,547,48,0,0,0.183,0.1547,CRASH
2007-12-17,14,666,12,0,0,0.021,0.0206,CRASH
2007-12-18,134,515,47,0,0,0.26,0.2063,CRASH
2007-12-19,610,57,29,0,0,10.702,0.9145,STRONG_BULL
2007-12-20,74,571,42,0,0,0.13,0.115,CRASH
2007-12-21,266,333,86,0,0,0.799,0.4441,BEAR
2007-12-24,619,42,30,0,0,14.738,0.9365,STRONG_BULL
2007-12-25,414,187,88,0,0,2.214,0.6889,STRONG_BULL
2007-12-26,259,353,79,0,0,0.734,0.4233,BEAR
2007-12-27,567,66,56,0,0,8.591,0.8957,STRONG_BULL
2007-12-28,573,73,43,0,0,7.849,0.887,STRONG_BULL
2007-12-31,574,75,45,0,0,7.653,0.8844,STRONG_BULL
2008-01-02,239,389,73,0,0,0.614,0.3804,BEAR
2008-01-03,128,520,44,0,0,0.246,0.1974,CRASH
2008-01-04,429,206,63,0,0,2.083,0.6756,STRONG_BULL
2008-01-07,39,640,22,0,0,0.061,0.0575,CRASH
2008-01-08,364,275,58,0,0,1.324,0.5697,BULL
2008-01-09,380,250,70,0,0,1.52,0.6032,BULL
2008-01-10,389,239,75,0,0,1.628,0.6195,BULL
2008-01-11,321,301,79,0,0,1.066,0.516,BULL
2008-01-14,392,241,65,0,0,1.627,0.6193,BULL
2008-01-15,584,81,38,0,0,7.21,0.8782,STRONG_BULL
2008-01-16,103,574,23,0,0,0.179,0.1518,CRASH
2008-01-17,284,353,66,0,0,0.805,0.446,NEUTRAL
2008-01-18,430,201,68,0,0,2.139,0.6814,STRONG_BULL
2008-01-21,278,365,60,0,0,0.762,0.4325,BEAR
2008-01-22,5,692,8,0,0,0.007,0.007,CRASH
2008-01-23,78,595,31,0,0,0.131,0.1158,CRASH
2008-01-24,313,330,64,0,0,0.948,0.4867,NEUTRAL
2008-01-25,613,57,40,0,0,10.754,0.9149,STRONG_BULL
2008-01-28,53,619,33,0,0,0.086,0.0792,CRASH
2008-01-29,377,268,66,0,0,1.407,0.5845,BULL
2008-01-30,314,308,87,0,0,1.019,0.5047,BULL
2008-01-31,217,424,70,0,1,0.512,0.3386,BEAR
2008-02-01,582,88,39,1,0,6.614,0.8687,STRONG_BULL
2008-02-12,239,430,40,0,0,0.556,0.3573,BEAR
2008-02-13,301,315,91,0,0,0.956,0.4888,NEUTRAL
2008-02-14,637,39,37,0,0,16.333,0.9423,STRONG_BULL
2008-02-15,303,340,68,0,0,0.891,0.4712,NEUTRAL
2008-02-18,501,143,64,0,0,3.503,0.7779,STRONG_BULL
2008-02-19,559,97,55,0,0,5.763,0.8521,STRONG_BULL
2008-02-20,131,525,52,0,0,0.25,0.2,CRASH
2008-02-21,622,55,30,0,0,11.309,0.9188,STRONG_BULL
2008-02-22,289,337,78,0,0,0.858,0.4618,NEUTRAL
2008-02-25,539,118,47,0,0,4.568,0.8204,STRONG_BULL
2008-02-26,279,360,64,0,0,0.775,0.4366,BEAR
2008-02-27,536,121,54,0,0,4.43,0.8158,STRONG_BULL
2008-02-29,487,166,58,1,0,2.934,0.7458,STRONG_BULL
2008-03-03,229,449,34,0,0,0.51,0.3377,BEAR
2008-03-04,614,64,39,0,0,9.594,0.9056,STRONG_BULL
2008-03-05,364,304,47,0,0,1.197,0.5448,BULL
2008-03-06,479,201,38,0,0,2.383,0.7044,STRONG_BULL
2008-03-07,146,518,50,0,0,0.282,0.22,CRASH
2008-03-10,92,579,40,0,0,0.159,0.1372,CRASH
2008-03-11,421,223,69,0,0,1.888,0.6537,BULL
2008-03-12,382,251,84,0,0,1.522,0.6035,BULL
2008-03-13,61,619,33,1,0,0.099,0.0901,CRASH
2008-03-14,185,456,73,0,0,0.406,0.2888,CRASH
2008-03-17,123,555,34,0,1,0.222,0.1817,CRASH
2008-03-18,394,255,59,0,0,1.545,0.6071,BULL
2008-03-19,359,267,87,0,0,1.345,0.5736,BULL
2008-03-20,523,132,55,0,0,3.962,0.7985,STRONG_BULL
2008-03-21,533,118,64,0,0,4.517,0.8187,STRONG_BULL
2008-03-24,671,33,12,0,0,20.333,0.9531,STRONG_BULL
2008-03-25,369,302,44,0,0,1.222,0.55,BULL
2008-03-26,327,326,62,0,0,1.003,0.5007,BULL
2008-03-27,223,440,57,0,0,0.507,0.3364,BEAR
2008-03-28,465,185,67,0,0,2.514,0.7154,STRONG_BULL
2008-03-31,287,374,55,0,0,0.767,0.4341,BEAR
2008-04-01,183,485,49,0,0,0.377,0.2738,CRASH
2008-04-02,534,121,60,0,0,4.413,0.8153,STRONG_BULL
2008-04-03,319,328,68,0,0,0.973,0.4932,NEUTRAL
2008-04-07,560,102,57,0,0,5.49,0.8459,STRONG_BULL
2008-04-08,206,447,62,0,0,0.461,0.3155,CRASH
2008-04-09,346,310,64,0,0,1.116,0.5274,BULL
2008-04-10,538,127,52,0,0,4.236,0.809,STRONG_BULL
2008-04-11,366,286,64,0,0,1.28,0.5614,BULL
2008-04-14,316,364,40,0,0,0.868,0.4647,NEUTRAL
2008-04-15,409,241,68,0,0,1.697,0.6292,BULL
2008-04-16,500,159,59,0,0,3.145,0.7587,STRONG_BULL
2008-04-17,325,342,51,0,0,0.95,0.4872,NEUTRAL
2008-04-18,389,273,57,0,0,1.425,0.5876,BULL
2008-04-21,345,331,45,0,0,1.042,0.5103,BULL
2008-04-22,317,346,55,0,0,0.916,0.4781,NEUTRAL
2008-04-23,297,330,89,0,0,0.9,0.4737,NEUTRAL
2008-04-24,260,377,77,0,0,0.69,0.4083,BEAR
2008-04-25,178,466,73,0,0,0.382,0.2764,CRASH
2008-04-28,297,356,61,0,0,0.834,0.4547,NEUTRAL
2008-04-29,152,516,48,0,0,0.295,0.2278,CRASH
2008-04-30,337,312,70,0,0,1.08,0.5192,BULL
2008-05-02,326,336,57,0,0,0.97,0.4924,NEUTRAL
2008-05-05,252,414,51,0,0,0.609,0.3785,BEAR
2008-05-06,318,343,52,0,0,0.927,0.4811,NEUTRAL
2008-05-07,445,200,69,0,0,2.225,0.6899,STRONG_BULL
2008-05-08,283,371,62,0,0,0.763,0.4328,BEAR
2008-05-09,279,371,65,0,0,0.752,0.4292,BEAR
2008-05-12,312,352,53,0,0,0.886,0.4698,NEUTRAL
2008-05-13,502,158,49,0,0,3.177,0.7606,STRONG_BULL
2008-05-14,363,278,76,0,0,1.306,0.5663,BULL
2008-05-15,527,127,66,0,0,4.15,0.8058,STRONG_BULL
2008-05-16,424,223,70,0,0,1.901,0.6553,BULL
2008-05-19,469,190,61,0,0,2.468,0.7116,STRONG_BULL
2008-05-20,119,557,45,0,0,0.214,0.1763,CRASH
2008-05-21,302,345,74,0,0,0.875,0.4667,NEUTRAL
2008-05-22,272,381,66,0,0,0.714,0.4166,BEAR
2008-05-23,98,582,40,0,0,0.168,0.1438,CRASH
2008-05-26,59,635,23,0,0,0.093,0.0851,CRASH
2008-05-27,398,246,72,0,0,1.618,0.618,BULL
2008-05-28,126,539,53,0,0,0.234,0.1896,CRASH
2008-05-29,243,408,64,0,0,0.596,0.3734,BEAR
2008-05-30,146,517,51,0,0,0.282,0.22,CRASH
2008-06-02,416,233,63,0,0,1.785,0.6409,BULL
2008-06-03,179,473,63,0,0,0.378,0.2743,CRASH
2008-06-04,390,226,100,0,0,1.726,0.6332,BULL
2008-06-05,566,88,67,0,0,6.432,0.8654,STRONG_BULL
2008-06-06,321,320,79,0,0,1.003,0.5007,BULL
2008-06-09,91,598,27,0,0,0.152,0.1319,CRASH
2008-06-10,50,619,50,0,0,0.081,0.0749,CRASH
2008-06-11,90,594,34,0,0,0.152,0.1319,CRASH
2008-06-12,15,682,19,0,0,0.022,0.0215,CRASH
2008-06-13,404,245,66,0,0,1.649,0.6225,BULL
2008-06-16,411,216,88,0,0,1.903,0.6555,BULL
2008-06-17,304,333,76,0,0,0.913,0.4773,NEUTRAL
2008-06-18,511,141,60,0,0,3.624,0.7837,STRONG_BULL
2008-06-19,79,602,34,0,0,0.131,0.1158,CRASH
2008-06-20,102,577,35,0,0,0.177,0.1504,CRASH
2008-06-23,150,515,48,0,0,0.291,0.2254,CRASH
2008-06-24,93,583,38,0,0,0.16,0.1379,CRASH
2008-06-25,514,141,62,0,0,3.645,0.7847,STRONG_BULL
2008-06-26,358,278,77,0,0,1.288,0.5629,BULL
2008-06-27,511,141,60,0,0,3.624,0.7837,STRONG_BULL
2008-06-30,144,531,39,0,0,0.271,0.2132,CRASH
2008-07-01,103,562,49,0,0,0.183,0.1547,CRASH
2008-07-02,523,139,49,0,0,3.763,0.79,STRONG_BULL
2008-07-03,585,85,42,0,0,6.882,0.8731,STRONG_BULL
2008-07-04,117,561,35,0,0,0.209,0.1729,CRASH
2008-07-07,507,150,56,0,0,3.38,0.7717,STRONG_BULL
2008-07-08,42,642,29,0,0,0.065,0.061,CRASH
2008-07-09,376,246,90,0,0,1.528,0.6044,BULL
2008-07-10,350,289,77,0,0,1.211,0.5477,BULL
2008-07-11,598,82,37,0,0,7.293,0.8794,STRONG_BULL
2008-07-14,227,416,71,0,0,0.546,0.3532,BEAR
2008-07-15,23,671,24,0,0,0.034,0.0329,CRASH
2008-07-16,91,567,57,0,0,0.16,0.1379,CRASH
2008-07-17,580,88,47,0,0,6.591,0.8683,STRONG_BULL
2008-07-18,72,614,27,0,0,0.117,0.1047,CRASH
2008-07-21,555,118,41,0,0,4.703,0.8247,STRONG_BULL
2008-07-22,372,267,75,0,0,1.393,0.5821,BULL
2008-07-23,678,15,26,0,0,45.2,0.9784,STRONG_BULL
2008-07-24,439,182,91,0,0,2.412,0.7069,STRONG_BULL
2008-07-25,133,534,47,0,0,0.249,0.1994,CRASH
2008-07-29,94,570,51,0,0,0.165,0.1416,CRASH
2008-07-30,378,257,81,0,0,1.471,0.5953,BULL
2008-07-31,172,461,80,0,0,0.373,0.2717,CRASH
2008-08-01,156,476,81,0,0,0.328,0.247,CRASH
2008-08-04,230,399,84,0,0,0.576,0.3655,BEAR
2008-08-05,67,593,55,0,0,0.113,0.1015,CRASH
2008-08-06,575,101,38,0,0,5.693,0.8506,STRONG_BULL
2008-08-07,359,270,87,0,0,1.33,0.5708,BULL
2008-08-08,615,58,41,0,0,10.603,0.9138,STRONG_BULL
2008-08-11,527,130,57,0,0,4.054,0.8021,STRONG_BULL
2008-08-12,269,366,79,0,0,0.735,0.4236,BEAR
2008-08-13,385,260,67,0,0,1.481,0.5969,BULL
2008-08-14,472,158,84,0,0,2.987,0.7492,STRONG_BULL
2008-08-15,89,570,52,0,0,0.156,0.1349,CRASH
2009-04-23,277,406,52,0,0,0.682,0.4055,BEAR
2009-04-24,419,248,71,0,0,1.69,0.6283,BULL
2009-04-27,93,624,19,0,0,0.149,0.1297,CRASH
2009-04-28,88,628,20,0,0,0.14,0.1228,CRASH
2009-04-29,264,417,53,0,0,0.633,0.3876,BEAR
2009-04-30,724,6,7,0,0,120.667,0.9918,STRONG_BULL
2009-05-04,641,78,19,0,0,8.218,0.8915,STRONG_BULL
2009-05-05,195,507,36,0,0,0.385,0.278,CRASH
2009-05-06,645,72,21,0,0,8.958,0.8996,STRONG_BULL
2009-05-07,465,223,49,0,0,2.085,0.6759,STRONG_BULL
2009-05-08,402,287,47,0,0,1.401,0.5835,BULL
2009-05-11,454,226,54,0,0,2.009,0.6677,STRONG_BULL
2009-05-12,103,610,23,0,0,0.169,0.1446,CRASH
2009-05-13,500,173,63,0,0,2.89,0.7429,STRONG_BULL
2009-05-14,181,510,43,0,0,0.355,0.262,CRASH
2009-05-15,529,157,49,0,0,3.369,0.7711,STRONG_BULL
2009-05-18,420,269,47,0,0,1.561,0.6095,BULL
2009-05-19,350,328,57,0,0,1.067,0.5162,BULL
2009-05-20,385,302,52,0,0,1.275,0.5604,BULL
2009-05-21,480,223,33,0,0,2.152,0.6827,STRONG_BULL
2009-05-22,401,276,60,0,0,1.453,0.5923,BULL
2009-05-25,420,280,38,0,0,1.5,0.6,BULL
2009-05-26,190,517,31,0,0,0.368,0.269,CRASH
2009-05-27,633,72,29,0,0,8.792,0.8979,STRONG_BULL
2009-06-01,349,337,54,0,0,1.036,0.5088,BULL
2009-06-02,217,478,45,0,0,0.454,0.3122,CRASH
2009-06-03,196,501,44,0,0,0.391,0.2811,CRASH
2009-06-04,324,365,50,0,0,0.888,0.4703,NEUTRAL
2009-06-05,423,251,64,0,0,1.685,0.6276,BULL
2009-06-08,70,653,17,0,0,0.107,0.0967,CRASH
2009-06-09,49,675,14,0,0,0.073,0.068,CRASH
2009-06-10,264,406,68,0,0,0.65,0.3939,BEAR
2009-06-11,585,123,30,0,0,4.756,0.8263,STRONG_BULL
2009-06-12,242,435,61,0,0,0.556,0.3573,BEAR
2009-06-15,37,688,11,0,0,0.054,0.0512,CRASH
2009-06-16,274,404,60,0,0,0.678,0.4041,BEAR
2009-06-17,300,367,70,0,0,0.817,0.4496,NEUTRAL
2009-06-18,211,481,45,0,0,0.439,0.3051,CRASH
2009-06-19,577,113,47,0,0,5.106,0.8362,STRONG_BULL
2009-06-22,507,164,65,0,0,3.091,0.7556,STRONG_BULL
2009-06-23,132,562,46,0,0,0.235,0.1903,CRASH
2009-06-24,625,72,42,0,0,8.681,0.8967,STRONG_BULL
2009-06-25,544,139,54,0,0,3.914,0.7965,STRONG_BULL
2009-06-26,363,302,76,0,0,1.202,0.5459,BULL
2009-06-29,206,480,53,0,0,0.429,0.3002,CRASH
2009-06-30,297,355,90,0,0,0.837,0.4556,NEUTRAL
2009-07-01,629,59,53,0,0,10.661,0.9142,STRONG_BULL
2009-07-02,570,123,48,0,0,4.634,0.8225,STRONG_BULL
2009-07-03,309,354,76,0,0,0.873,0.4661,NEUTRAL
2009-07-06,426,244,74,0,0,1.746,0.6358,BULL
2009-07-07,469,201,69,0,0,2.333,0.7,STRONG_BULL
2009-07-08,229,450,63,0,0,0.509,0.3373,BEAR
2009-07-09,522,158,62,0,0,3.304,0.7677,STRONG_BULL
2009-07-10,293,383,64,0,0,0.765,0.4334,BEAR
2009-07-13,40,674,24,0,0,0.059,0.0557,CRASH
2009-07-14,577,101,60,0,0,5.713,0.851,STRONG_BULL
2009-07-15,598,86,57,0,0,6.953,0.8743,STRONG_BULL
2009-07-16,338,307,96,0,0,1.101,0.524,BULL
2009-07-17,549,119,71,0,0,4.613,0.8218,STRONG_BULL
2009-07-20,549,121,70,0,0,4.537,0.8194,STRONG_BULL
2009-07-21,321,354,64,0,0,0.907,0.4756,NEUTRAL
2009-07-22,403,267,69,0,0,1.509,0.6014,BULL
2009-07-23,264,388,89,0,0,0.68,0.4048,BEAR
2009-07-24,321,354,66,0,0,0.907,0.4756,NEUTRAL
2009-07-27,446,223,72,0,0,2.0,0.6667,BULL
2009-07-28,591,93,59,0,0,6.355,0.864,STRONG_BULL
2009-07-29,274,413,53,0,0,0.663,0.3987,BEAR
2009-07-30,250,427,64,0,0,0.585,0.3691,BEAR
2009-07-31,450,227,64,0,0,1.982,0.6647,BULL
2009-08-03,446,244,51,0,0,1.828,0.6464,BULL
2009-08-04,166,530,43,0,0,0.313,0.2384,CRASH
2009-08-05,92,605,46,0,0,0.152,0.1319,CRASH
2009-08-06,312,354,72,0,0,0.881,0.4684,NEUTRAL
2009-08-10,369,303,69,0,0,1.218,0.5491,BULL
2009-08-11,395,277,66,0,0,1.426,0.5878,BULL
2009-08-12,366,290,83,0,0,1.262,0.5579,BULL
2009-08-13,591,93,57,0,0,6.355,0.864,STRONG_BULL
2009-08-14,378,299,66,0,0,1.264,0.5583,BULL
2009-08-17,159,534,51,0,0,0.298,0.2296,CRASH
2009-08-18,48,666,29,0,0,0.072,0.0672,CRASH
2009-08-19,371,273,98,0,0,1.359,0.5761,BULL
2009-08-20,128,570,43,0,0,0.225,0.1837,CRASH
2009-08-21,188,485,69,0,0,0.388,0.2795,CRASH
2009-08-24,639,65,36,0,0,9.831,0.9077,STRONG_BULL
2009-08-25,236,434,68,0,0,0.544,0.3523,BEAR
2009-08-26,130,563,46,0,0,0.231,0.1877,CRASH
2009-08-27,249,411,81,0,1,0.606,0.3773,BEAR
2009-08-28,459,206,76,1,0,2.228,0.6902,STRONG_BULL
2009-08-31,433,254,54,0,0,1.705,0.6303,BULL
2009-09-01,636,64,39,1,0,9.938,0.9086,STRONG_BULL
2009-09-02,384,281,74,0,0,1.367,0.5775,BULL
2009-09-03,512,178,52,0,0,2.876,0.742,STRONG_BULL
2009-09-04,366,307,68,0,0,1.192,0.5438,BULL
2009-09-07,454,213,72,0,0,2.131,0.6806,STRONG_BULL
2009-09-08,456,224,58,0,0,2.036,0.6706,STRONG_BULL
2009-09-09,246,440,54,0,0,0.559,0.3586,BEAR
2009-09-10,237,430,70,0,0,0.551,0.3553,BEAR
2009-09-11,472,198,66,0,0,2.384,0.7045,STRONG_BULL
2009-09-14,220,455,64,0,0,0.484,0.3261,CRASH
2009-09-15,542,120,75,0,0,4.517,0.8187,STRONG_BULL
2009-09-16,574,106,58,0,0,5.415,0.8441,STRONG_BULL
2009-09-17,325,344,69,0,0,0.945,0.4859,NEUTRAL
2009-09-18,534,140,64,0,0,3.814,0.7923,STRONG_BULL
2009-09-21,378,302,60,0,0,1.252,0.556,BULL
2009-09-22,229,445,64,0,0,0.515,0.3399,BEAR
2009-09-23,89,629,21,0,0,0.141,0.1236,CRASH
2009-09-24,262,391,80,0,0,0.67,0.4012,BEAR
2009-09-25,417,233,87,0,0,1.79,0.6416,BULL
2009-09-28,152,534,51,0,0,0.285,0.2218,CRASH
2009-09-29,533,135,73,0,0,3.948,0.7979,STRONG_BULL
2009-09-30,544,135,62,0,0,4.03,0.8012,STRONG_BULL
2009-10-01,323,358,60,0,0,0.902,0.4742,NEUTRAL
2009-10-02,150,541,51,0,0,0.277,0.2169,CRASH
2009-10-05,512,178,53,0,0,2.876,0.742,STRONG_BULL
2009-10-06,525,159,60,0,0,3.302,0.7675,STRONG_BULL
2009-10-07,437,259,48,0,0,1.687,0.6278,BULL
2009-10-08,211,479,57,0,0,0.441,0.306,CRASH
2009-10-09,484,200,62,0,0,2.42,0.7076,STRONG_BULL
2009-10-12,505,178,64,0,0,2.837,0.7394,STRONG_BULL
2009-10-13,294,399,53,0,0,0.737,0.4243,BEAR
2009-10-14,531,154,63,0,0,3.448,0.7752,STRONG_BULL
2009-10-15,239,460,49,0,0,0.52,0.3421,BEAR
2009-10-16,395,267,86,0,0,1.479,0.5966,BULL
2009-10-19,492,199,56,0,0,2.472,0.712,STRONG_BULL
2009-10-20,292,392,60,0,0,0.745,0.4269,BEAR
2009-10-21,252,426,69,0,0,0.592,0.3719,BEAR
2009-10-22,144,573,29,0,0,0.251,0.2006,CRASH
2009-10-23,455,230,64,0,0,1.978,0.6642,BULL
2009-10-26,271,403,71,0,0,0.672,0.4019,BEAR
2009-10-27,205,485,57,0,0,0.423,0.2973,CRASH
2009-10-28,119,584,43,0,0,0.204,0.1694,CRASH
2009-10-29,56,667,25,0,0,0.084,0.0775,CRASH
2009-10-30,324,350,73,0,0,0.926,0.4808,NEUTRAL
2009-11-02,243,451,51,0,0,0.539,0.3502,BEAR
2009-11-03,449,219,79,0,0,2.05,0.6721,STRONG_BULL
2009-11-04,397,356,162,8,0,1.115,0.5272,BULL
2009-11-05,194,501,53,0,0,0.387,0.279,CRASH
2009-11-06,370,281,98,0,0,1.317,0.5684,BULL
2009-11-09,425,256,69,0,0,1.66,0.6241,BULL
2009-11-10,418,252,80,0,0,1.659,0.6239,BULL
2009-11-11,450,211,85,0,0,2.133,0.6808,STRONG_BULL
2009-11-12,348,307,95,0,0,1.134,0.5314,BULL
2009-11-13,326,326,95,0,0,1.0,0.5,NEUTRAL
2009-11-16,576,115,57,0,0,5.009,0.8336,STRONG_BULL
2009-11-17,182,515,54,0,0,0.353,0.2609,CRASH
2009-11-18,546,145,60,0,0,3.766,0.7902,STRONG_BULL
2009-11-19,324,358,68,1,0,0.905,0.4751,NEUTRAL
2009-11-20,274,405,82,0,0,0.677,0.4037,BEAR
2009-11-23,276,391,83,0,0,0.706,0.4138,BEAR
2009-11-24,361,298,89,0,0,1.211,0.5477,BULL
2009-11-25,339,335,75,0,0,1.012,0.503,BULL
2009-11-26,268,388,92,0,0,0.691,0.4086,BEAR
2009-11-27,40,694,16,0,0,0.058,0.0548,CRASH
2009-11-30,645,68,36,0,0,9.485,0.9046,STRONG_BULL
2009-12-01,400,269,83,0,0,1.487,0.5979,BULL
2009-12-02,382,294,72,0,0,1.299,0.565,BULL
2009-12-03,230,448,72,0,0,0.513,0.3391,BEAR
2009-12-04,249,408,95,0,0,0.61,0.3789,BEAR
2009-12-07,665,54,27,0,0,12.315,0.9249,STRONG_BULL
2009-12-08,340,334,77,0,0,1.018,0.5045,BULL
2009-12-09,444,222,84,0,0,2.0,0.6667,BULL
2009-12-10,127,587,37,0,0,0.216,0.1776,CRASH
2009-12-11,641,58,53,0,0,11.052,0.917,STRONG_BULL
2009-12-14,444,239,69,0,0,1.858,0.6501,BULL
2009-12-15,339,347,68,0,0,0.977,0.4942,NEUTRAL
2009-12-16,248,448,56,0,0,0.554,0.3565,BEAR
2009-12-17,160,529,68,0,0,0.302,0.232,CRASH
2009-12-18,336,334,82,0,0,1.006,0.5015,BULL
2009-12-21,417,246,95,0,0,1.695,0.6289,BULL
2009-12-22,457,218,82,0,0,2.096,0.677,STRONG_BULL
2009-12-23,377,287,95,0,0,1.314,0.5678,BULL
2009-12-24,344,340,77,0,0,1.012,0.503,BULL
2009-12-25,370,289,99,0,0,1.28,0.5614,BULL
2009-12-28,520,170,72,0,0,3.059,0.7536,STRONG_BULL
2009-12-29,358,324,79,1,0,1.105,0.5249,BULL
2009-12-30,498,177,86,0,0,2.814,0.7378,STRONG_BULL
2009-12-31,498,194,71,0,0,2.567,0.7197,STRONG_BULL
2010-01-04,325,385,52,0,0,0.844,0.4577,NEUTRAL
2010-01-05,217,500,45,0,0,0.434,0.3026,CRASH
2010-01-06,486,216,63,0,0,2.25,0.6923,STRONG_BULL
2010-01-07,161,565,38,0,0,0.285,0.2218,CRASH
2010-01-08,463,237,65,0,0,1.954,0.6615,BULL
2010-01-11,449,257,59,0,0,1.747,0.636,BULL
2010-01-12,349,363,52,0,0,0.961,0.4901,NEUTRAL
2010-01-13,224,492,49,0,0,0.455,0.3127,CRASH
2010-01-14,517,174,72,0,0,2.971,0.7482,STRONG_BULL
2010-01-15,452,242,68,0,0,1.868,0.6513,BULL
2010-01-18,371,325,67,0,0,1.142,0.5331,BULL
2010-01-19,203,500,58,0,0,0.406,0.2888,CRASH
2010-01-20,240,448,74,0,0,0.536,0.349,BEAR
2010-01-21,97,626,36,0,0,0.155,0.1342,CRASH
2010-01-25,180,524,54,0,0,0.344,0.256,CRASH
2010-01-26,15,735,11,0,0,0.02,0.0196,CRASH
2010-01-27,181,521,56,0,0,0.347,0.2576,CRASH
2010-01-28,714,30,17,0,0,23.8,0.9597,STRONG_BULL
2010-01-29,180,547,33,0,0,0.329,0.2476,CRASH
2010-02-01,221,484,58,0,0,0.457,0.3137,CRASH
2010-02-02,98,623,40,0,0,0.157,0.1357,CRASH
2010-02-03,567,134,60,0,0,4.231,0.8088,STRONG_BULL
2010-02-04,404,265,91,0,0,1.525,0.604,BULL
2010-02-05,13,741,7,0,0,0.018,0.0177,CRASH
2010-02-08,468,219,73,0,0,2.137,0.6812,STRONG_BULL
2010-02-09,714,32,14,0,0,22.312,0.9571,STRONG_BULL
2010-02-10,610,98,54,0,0,6.224,0.8616,STRONG_BULL
2010-02-22,563,155,43,0,0,3.632,0.7841,STRONG_BULL
2010-02-23,398,264,100,0,0,1.508,0.6013,BULL
2010-02-24,242,446,71,0,0,0.543,0.3519,BEAR
2010-02-25,169,537,55,0,0,0.315,0.2395,CRASH
2010-02-26,304,382,76,0,0,0.796,0.4432,BEAR
2010-03-01,676,49,36,0,0,13.796,0.9324,STRONG_BULL
2010-03-02,328,350,85,0,0,0.937,0.4837,NEUTRAL
2010-03-03,437,227,99,0,0,1.925,0.6581,BULL
2010-03-04,261,440,59,0,0,0.593,0.3723,BEAR
2010-03-05,541,118,105,0,0,4.585,0.8209,STRONG_BULL
2010-03-08,557,137,68,0,0,4.066,0.8026,STRONG_BULL
2010-03-09,296,376,86,0,0,0.787,0.4404,BEAR
2010-03-10,340,324,96,0,0,1.049,0.512,BULL
2010-03-11,262,430,69,0,0,0.609,0.3785,BEAR
2010-03-12,324,332,105,0,0,0.976,0.4939,NEUTRAL
2010-03-15,130,580,51,0,0,0.224,0.183,CRASH
2010-03-16,526,152,84,0,0,3.461,0.7758,STRONG_BULL
2010-03-17,670,52,40,0,0,12.885,0.928,STRONG_BULL
2010-03-18,537,144,80,0,0,3.729,0.7885,STRONG_BULL
2010-03-19,452,252,56,0,0,1.794,0.6421,BULL
2010-03-22,356,337,66,0,0,1.056,0.5136,BULL
2010-03-23,269,423,67,0,0,0.636,0.3888,BEAR
2010-03-24,317,360,82,0,0,0.881,0.4684,NEUTRAL
2010-03-25,277,407,76,0,0,0.681,0.4051,BEAR
2010-03-26,405,275,78,0,0,1.473,0.5956,BULL
2010-03-29,480,200,79,0,0,2.4,0.7059,STRONG_BULL
2010-03-30,322,347,89,0,0,0.928,0.4813,NEUTRAL
2010-03-31,291,405,63,0,0,0.719,0.4183,BEAR
2010-04-01,483,192,85,0,0,2.516,0.7156,STRONG_BULL
2010-04-02,379,293,87,0,0,1.294,0.5641,BULL
2010-04-06,391,295,76,0,0,1.325,0.5699,BULL
2010-04-07,400,269,92,0,0,1.487,0.5979,BULL
2010-04-08,231,477,56,0,0,0.484,0.3261,CRASH
2010-04-09,436,260,67,0,0,1.677,0.6264,BULL
2010-04-12,406,286,70,0,0,1.42,0.5868,BULL
2010-04-13,158,558,46,0,0,0.283,0.2206,CRASH
2010-04-14,565,130,67,0,0,4.346,0.8129,STRONG_BULL
2010-04-15,490,216,56,0,0,2.269,0.6941,STRONG_BULL
2010-04-16,264,426,70,0,0,0.62,0.3827,BEAR
2010-04-19,36,719,8,0,0,0.05,0.0476,CRASH
2010-04-20,512,205,45,0,0,2.498,0.7141,STRONG_BULL
2010-04-21,639,83,40,0,0,7.699,0.885,STRONG_BULL
2010-04-22,283,391,87,0,0,0.724,0.42,BEAR
2010-04-23,374,297,91,0,0,1.259,0.5573,BULL
2010-04-26,522,175,65,0,0,2.983,0.7489,STRONG_BULL
2010-04-27,270,428,66,0,0,0.631,0.3869,BEAR
2010-04-28,198,516,48,0,0,0.384,0.2775,CRASH
2010-04-29,380,311,70,0,0,1.222,0.55,BULL
2010-04-30,131,584,47,0,0,0.224,0.183,CRASH
2010-05-03,198,519,44,0,0,0.382,0.2764,CRASH
2010-05-04,228,471,61,0,0,0.484,0.3261,CRASH
2010-05-05,43,707,12,0,0,0.061,0.0575,CRASH
2010-05-06,101,625,35,0,0,0.162,0.1394,CRASH
2010-05-07,207,492,61,0,0,0.421,0.2963,CRASH
2010-05-10,652,77,30,0,0,8.468,0.8944,STRONG_BULL
2010-05-11,202,492,66,0,0,0.411,0.2913,CRASH
2010-05-12,315,344,98,0,0,0.916,0.4781,NEUTRAL
2010-05-13,704,32,25,0,0,22.0,0.9565,STRONG_BULL
2010-05-14,376,298,87,0,0,1.262,0.5579,BULL
2010-05-17,56,679,25,0,0,0.082,0.0758,CRASH
2010-05-18,288,393,78,0,0,0.733,0.423,BEAR
2010-05-19,430,266,65,0,0,1.617,0.6179,BULL
2010-05-20,48,679,32,0,1,0.071,0.0663,CRASH
2010-05-21,22,726,10,0,0,0.03,0.0291,CRASH
2010-05-24,586,127,48,0,0,4.614,0.8219,STRONG_BULL
2010-05-25,24,724,14,0,0,0.033,0.0319,CRASH
2010-05-26,499,212,48,0,0,2.354,0.7018,STRONG_BULL
2010-05-27,682,57,21,0,0,11.965,0.9229,STRONG_BULL
2010-05-28,565,126,69,0,0,4.484,0.8177,STRONG_BULL
2010-05-31,482,195,80,0,0,2.472,0.712,STRONG_BULL
2010-06-01,186,518,55,0,0,0.359,0.2642,CRASH
2010-06-02,126,589,45,0,0,0.214,0.1763,CRASH
2010-06-03,711,32,17,0,0,22.219,0.9569,STRONG_BULL
2010-06-04,314,350,98,0,0,0.897,0.4729,NEUTRAL
2010-06-07,47,691,24,0,0,0.068,0.0637,CRASH
2010-06-08,473,209,78,0,0,2.263,0.6935,STRONG_BULL
2010-06-09,73,642,45,0,0,0.114,0.1023,CRASH
2010-06-10,604,104,52,0,0,5.808,0.8531,STRONG_BULL
2010-06-11,613,102,47,0,0,6.01,0.8573,STRONG_BULL
2010-06-14,574,126,57,0,0,4.556,0.82,STRONG_BULL
2010-06-15,456,224,80,0,0,2.036,0.6706,STRONG_BULL
2010-06-17,504,181,74,0,0,2.785,0.7358,STRONG_BULL
2010-06-18,266,399,95,0,0,0.667,0.4001,BEAR
2010-06-21,666,56,39,0,0,11.893,0.9224,STRONG_BULL
2010-06-22,329,329,100,0,0,1.0,0.5,NEUTRAL
2010-06-23,292,395,72,0,0,0.739,0.425,BEAR
2010-06-24,417,241,104,0,0,1.73,0.6337,BULL
2010-06-25,94,636,31,0,1,0.148,0.1289,CRASH
2010-06-28,320,351,88,0,1,0.912,0.477,NEUTRAL
2010-06-29,116,569,75,0,0,0.204,0.1694,CRASH
2010-06-30,104,610,46,0,0,0.17,0.1453,CRASH
2010-07-01,227,459,74,0,0,0.495,0.3311,CRASH
2010-07-02,516,155,90,0,0,3.329,0.769,STRONG_BULL
2010-07-05,556,140,63,0,0,3.971,0.7988,STRONG_BULL
2010-07-06,596,96,65,0,0,6.208,0.8613,STRONG_BULL
2010-07-07,356,315,90,0,0,1.13,0.5305,BULL
2010-07-08,507,160,94,0,0,3.169,0.7601,STRONG_BULL
2010-07-09,365,311,86,0,0,1.174,0.54,BULL
2010-07-12,322,346,91,0,0,0.931,0.4821,NEUTRAL
2010-07-13,199,463,100,0,0,0.43,0.3007,CRASH
2010-07-14,541,116,106,0,0,4.664,0.8234,STRONG_BULL
2010-07-15,379,262,121,0,0,1.447,0.5913,BULL
2010-07-16,215,479,67,0,0,0.449,0.3099,CRASH
2010-07-19,266,403,92,0,0,0.66,0.3976,BEAR
2010-07-20,503,175,86,0,0,2.874,0.7419,STRONG_BULL
2010-07-21,305,366,92,0,0,0.833,0.4544,NEUTRAL
2010-07-22,342,319,101,0,0,1.072,0.5174,BULL
2010-07-23,528,146,90,0,0,3.616,0.7834,STRONG_BULL
2010-07-26,367,311,86,0,0,1.18,0.5413,BULL
2010-07-27,257,407,100,0,0,0.631,0.3869,BEAR
2010-07-28,454,216,93,0,0,2.102,0.6776,STRONG_BULL
2010-07-29,341,329,92,0,0,1.036,0.5088,BULL
2010-07-30,253,430,81,0,0,0.588,0.3703,BEAR
2010-08-02,613,101,49,0,0,6.069,0.8585,STRONG_BULL
2010-08-03,452,238,73,0,0,1.899,0.6551,BULL
2010-08-04,413,269,79,0,0,1.535,0.6055,BULL
2010-08-05,215,482,65,0,0,0.446,0.3084,CRASH
2010-08-06,436,240,86,0,0,1.817,0.645,BULL
2010-08-09,459,228,74,0,0,2.013,0.6681,STRONG_BULL
2010-08-10,215,469,77,0,0,0.458,0.3141,CRASH
2010-08-11,160,538,61,0,0,0.297,0.229,CRASH
2010-08-12,279,399,83,0,0,0.699,0.4114,BEAR
2010-08-13,583,122,57,0,0,4.779,0.827,STRONG_BULL
2010-08-16,413,266,85,0,0,1.553,0.6083,BULL
2010-08-17,341,350,72,0,0,0.974,0.4934,NEUTRAL
2010-08-18,308,378,77,0,0,0.815,0.449,NEUTRAL
2010-08-19,305,376,82,0,0,0.811,0.4478,NEUTRAL
2010-08-20,274,405,82,0,0,0.677,0.4037,BEAR
2010-08-23,394,289,77,0,0,1.363,0.5768,BULL
2010-08-24,235,445,79,0,0,0.528,0.3455,BEAR
2010-08-25,46,693,23,0,0,0.066,0.0619,CRASH
2010-08-26,158,550,52,0,0,0.287,0.223,CRASH
2010-08-27,418,251,90,0,0,1.665,0.6248,BULL
2010-08-30,290,379,90,0,0,0.765,0.4334,BEAR
2010-08-31,71,661,29,0,0,0.107,0.0967,CRASH
2010-09-01,604,120,40,0,0,5.033,0.8342,STRONG_BULL
2010-09-02,425,251,84,0,0,1.693,0.6287,BULL
2010-09-03,606,107,47,0,0,5.664,0.8499,STRONG_BULL
2010-09-06,512,172,76,0,0,2.977,0.7486,STRONG_BULL
2010-09-07,272,426,65,0,0,0.638,0.3895,BEAR
2010-09-08,221,499,44,0,0,0.443,0.307,CRASH
2010-09-09,262,414,87,0,0,0.633,0.3876,BEAR
2010-09-10,409,266,87,0,0,1.538,0.606,BULL
2010-09-13,592,111,61,0,0,5.333,0.8421,STRONG_BULL
2010-09-14,414,252,96,0,0,1.643,0.6216,BULL
2010-09-15,380,288,93,0,0,1.319,0.5688,BULL
2010-09-16,196,487,80,0,0,0.402,0.2867,CRASH
2010-09-17,440,222,102,0,0,1.982,0.6647,BULL
2010-09-20,366,316,80,0,0,1.158,0.5366,BULL
2010-09-21,308,364,90,0,0,0.846,0.4583,NEUTRAL
2010-09-23,300,363,99,0,0,0.826,0.4524,NEUTRAL
2010-09-24,227,455,81,0,0,0.499,0.3329,CRASH
2010-09-27,307,385,72,0,0,0.797,0.4435,BEAR
2010-09-28,253,413,94,0,0,0.613,0.38,BEAR
2010-09-29,487,181,95,0,0,2.691,0.7291,STRONG_BULL
2010-09-30,321,358,82,0,0,0.897,0.4729,NEUTRAL
2010-10-01,346,327,84,0,0,1.058,0.5141,BULL
2010-10-04,304,400,53,0,0,0.76,0.4318,BEAR
2010-10-05,192,503,60,0,0,0.382,0.2764,CRASH
2010-10-06,498,179,80,0,0,2.782,0.7356,STRONG_BULL
2010-10-07,307,376,73,0,0,0.816,0.4493,NEUTRAL
2010-10-08,193,484,79,0,0,0.399,0.2852,CRASH
2010-10-11,181,514,62,0,0,0.352,0.2604,CRASH
2010-10-12,156,557,43,0,0,0.28,0.2188,CRASH
2010-10-13,364,292,102,0,0,1.247,0.555,BULL
2010-10-14,502,183,73,0,0,2.743,0.7328,STRONG_BULL
2010-10-15,247,452,61,0,0,0.546,0.3532,BEAR
2010-10-18,100,614,45,0,0,0.163,0.1402,CRASH
2010-10-19,256,409,95,0,0,0.626,0.385,BEAR
2010-10-20,488,202,70,0,0,2.416,0.7073,STRONG_BULL
2010-10-21,303,377,83,0,0,0.804,0.4457,NEUTRAL
2010-10-22,350,312,102,0,0,1.122,0.5287,BULL
2010-10-25,538,154,71,0,0,3.494,0.7775,STRONG_BULL
2010-10-26,365,314,86,0,0,1.162,0.5375,BULL
2010-10-27,176,530,58,0,0,0.332,0.2492,CRASH
2010-10-28,392,285,86,0,0,1.375,0.5789,BULL
2010-10-29,156,542,65,0,0,0.288,0.2236,CRASH
2010-11-01,350,341,70,0,0,1.026,0.5064,BULL
2010-11-02,162,538,63,0,0,0.301,0.2314,CRASH
2010-11-03,111,614,38,0,0,0.181,0.1533,CRASH
2010-11-04,499,198,67,0,0,2.52,0.7159,STRONG_BULL
2010-11-05,489,203,71,0,0,2.409,0.7067,STRONG_BULL
2010-11-08,269,449,45,0,0,0.599,0.3746,BEAR
2010-11-09,411,280,70,0,0,1.468,0.5948,BULL
2010-11-10,353,337,74,0,0,1.047,0.5115,BULL
2010-11-11,430,264,66,0,0,1.629,0.6196,BULL
2010-11-12,97,624,43,0,0,0.155,0.1342,CRASH
2010-11-15,137,579,46,0,0,0.237,0.1916,CRASH
2010-11-16,449,222,93,0,0,2.023,0.6692,STRONG_BULL
2010-11-17,203,478,82,0,0,0.425,0.2982,CRASH
2010-11-18,419,231,113,0,0,1.814,0.6446,BULL
2010-11-19,324,324,118,0,0,1.0,0.5,NEUTRAL
2010-11-22,392,246,129,0,0,1.593,0.6143,BULL
2010-11-23,217,449,101,0,1,0.483,0.3257,CRASH
2010-11-24,169,511,85,0,0,0.331,0.2487,CRASH
2010-11-25,418,243,102,0,0,1.72,0.6324,BULL
2010-11-26,198,491,77,0,0,0.403,0.2872,CRASH
2010-11-29,580,129,54,0,0,4.496,0.818,STRONG_BULL
2010-11-30,446,244,78,0,0,1.828,0.6464,BULL
2010-12-01,582,129,57,0,0,4.512,0.8186,STRONG_BULL
2010-12-02,409,291,69,0,0,1.405,0.5842,BULL
2010-12-03,350,331,88,0,0,1.057,0.5139,BULL
2010-12-06,460,240,68,0,0,1.917,0.6572,BULL
2010-12-07,397,282,89,0,0,1.408,0.5847,BULL
2010-12-08,323,361,83,0,0,0.895,0.4723,NEUTRAL
2010-12-09,450,254,67,0,0,1.772,0.6392,BULL
2010-12-10,232,472,66,0,0,0.492,0.3298,CRASH
2010-12-13,433,240,95,0,0,1.804,0.6434,BULL
2010-12-14,282,427,61,1,0,0.66,0.3976,BEAR
2010-12-15,283,416,68,0,0,0.68,0.4048,BEAR
2010-12-16,378,296,95,0,0,1.277,0.5608,BULL
2010-12-17,351,342,78,0,0,1.026,0.5064,BULL
2010-12-20,252,454,63,0,0,0.555,0.3569,BEAR
2010-12-21,487,201,83,0,0,2.423,0.7079,STRONG_BULL
2010-12-22,424,269,76,0,0,1.576,0.6118,BULL
2010-12-23,415,281,74,0,0,1.477,0.5963,BULL
2010-12-24,189,497,85,0,0,0.38,0.2754,CRASH
2010-12-27,298,382,92,0,0,0.78,0.4382,BEAR
2010-12-28,183,512,73,0,0,0.357,0.2631,CRASH
2010-12-29,202,513,59,0,0,0.394,0.2826,CRASH
2010-12-30,371,308,96,0,0,1.205,0.5465,BULL
2010-12-31,451,237,89,0,0,1.903,0.6555,BULL
2011-01-03,417,308,56,0,0,1.354,0.5752,BULL
2011-01-04,438,282,59,0,0,1.553,0.6083,BULL
2011-01-05,130,607,39,0,0,0.214,0.1763,CRASH
2011-01-06,445,235,98,0,0,1.894,0.6545,BULL
2011-01-07,145,569,63,0,0,0.255,0.2032,CRASH
2011-01-10,310,389,78,0,0,0.797,0.4435,BEAR
2011-01-11,531,155,92,0,0,3.426,0.7741,STRONG_BULL
2011-01-12,426,266,85,0,0,1.602,0.6157,BULL
2011-01-13,276,411,89,0,0,0.672,0.4019,BEAR
2011-01-14,277,380,118,0,0,0.729,0.4216,BEAR
2011-01-17,209,504,65,0,0,0.415,0.2933,CRASH
2011-01-18,409,277,92,0,0,1.477,0.5963,BULL
2011-01-19,485,196,97,0,0,2.474,0.7121,STRONG_BULL
2011-01-20,194,491,91,0,0,0.395,0.2832,CRASH
2011-01-21,219,490,69,0,0,0.447,0.3089,CRASH
2011-01-24,251,431,92,0,0,0.582,0.3679,BEAR
2011-01-25,316,357,105,0,0,0.885,0.4695,NEUTRAL
2011-01-26,385,283,110,0,0,1.36,0.5763,BULL
2011-01-27,319,335,126,0,0,0.952,0.4877,NEUTRAL
2011-01-28,273,413,93,0,0,0.661,0.398,BEAR
2011-02-08,328,400,52,0,0,0.82,0.4505,NEUTRAL
2011-02-09,229,480,70,0,0,0.477,0.323,CRASH
2011-02-10,192,522,63,0,0,0.368,0.269,CRASH
2011-02-11,64,687,26,0,0,0.093,0.0851,CRASH
2011-02-14,473,232,72,0,0,2.039,0.6709,STRONG_BULL
2011-02-15,320,380,77,0,0,0.842,0.4571,NEUTRAL
2011-02-16,407,292,78,0,0,1.394,0.5823,BULL
2011-02-17,284,411,82,0,0,0.691,0.4086,BEAR
2011-02-18,608,120,49,0,0,5.067,0.8352,STRONG_BULL
2011-02-21,276,439,63,0,0,0.629,0.3861,BEAR
2011-02-22,73,690,14,0,0,0.106,0.0958,CRASH
2011-02-23,86,652,40,0,0,0.132,0.1166,CRASH
2011-02-24,359,312,107,0,0,1.151,0.5351,BULL
2011-02-25,421,288,67,0,0,1.462,0.5938,BULL
2011-03-01,626,103,48,0,0,6.078,0.8587,STRONG_BULL
2011-03-02,202,514,63,0,0,0.393,0.2821,CRASH
2011-03-03,578,132,69,0,0,4.379,0.8141,STRONG_BULL
2011-03-04,251,452,74,0,0,0.555,0.3569,BEAR
2011-03-07,231,458,89,0,0,0.504,0.3351,BEAR
2011-03-08,408,285,84,0,0,1.432,0.5888,BULL
2011-03-09,341,356,79,0,0,0.958,0.4893,NEUTRAL
2011-03-10,185,521,72,0,0,0.355,0.262,CRASH
2011-03-11,181,533,65,0,0,0.34,0.2537,CRASH
2011-03-14,147,607,25,0,0,0.242,0.1948,CRASH
2011-03-15,31,743,7,0,0,0.042,0.0403,CRASH
2011-03-16,505,228,46,0,0,2.215,0.689,STRONG_BULL
2011-03-17,232,486,60,0,0,0.477,0.323,CRASH
2011-03-18,670,70,39,0,0,9.571,0.9054,STRONG_BULL
2011-03-21,583,149,45,0,0,3.913,0.7965,STRONG_BULL
2011-03-22,520,168,86,0,0,3.095,0.7558,STRONG_BULL
2011-03-23,426,255,96,0,0,1.671,0.6256,BULL
2011-03-24,468,229,78,0,0,2.044,0.6715,STRONG_BULL
2011-03-25,265,412,98,0,0,0.643,0.3914,BEAR
2011-03-28,185,529,61,0,0,0.35,0.2593,CRASH
2011-03-29,378,299,99,0,0,1.264,0.5583,BULL
2011-03-30,459,211,108,0,0,2.175,0.685,STRONG_BULL
2011-03-31,369,314,91,0,0,1.175,0.5402,BULL
2011-04-01,392,297,86,0,0,1.32,0.569,BULL
2011-04-06,498,190,89,0,0,2.621,0.7238,STRONG_BULL
2011-04-07,497,197,82,0,0,2.523,0.7162,STRONG_BULL
2011-04-08,391,297,89,0,0,1.316,0.5682,BULL
2011-04-11,287,424,67,0,0,0.677,0.4037,BEAR
2011-04-12,124,609,47,0,0,0.204,0.1694,CRASH
2011-04-13,498,209,71,0,0,2.383,0.7044,STRONG_BULL
2011-04-14,430,261,87,0,0,1.648,0.6224,BULL
2011-04-15,194,517,66,0,0,0.375,0.2727,CRASH
2011-04-18,231,476,70,0,0,0.485,0.3266,CRASH
2011-04-19,173,541,65,0,0,0.32,0.2424,CRASH
2011-04-20,627,102,49,0,0,6.147,0.8601,STRONG_BULL
2011-04-21,549,167,65,0,0,3.287,0.7667,STRONG_BULL
2011-04-22,408,285,85,0,0,1.432,0.5888,BULL
2011-04-25,305,396,78,0,0,0.77,0.435,BEAR
2011-04-26,320,373,84,0,0,0.858,0.4618,NEUTRAL
2011-04-27,418,269,92,0,0,1.554,0.6085,BULL
2011-04-28,200,504,76,0,0,0.397,0.2842,CRASH
2011-04-29,187,549,43,0,0,0.341,0.2543,CRASH
2011-05-03,233,490,56,0,0,0.476,0.3225,CRASH
2011-05-04,461,246,73,0,0,1.874,0.6521,BULL
2011-05-05,376,334,70,0,0,1.126,0.5296,BULL
2011-05-06,298,394,87,0,0,0.756,0.4305,BEAR
2011-05-09,424,291,64,0,0,1.457,0.593,BULL
2011-05-10,290,400,91,0,0,0.725,0.4203,BEAR
2011-05-11,246,465,68,0,0,0.529,0.346,BEAR
2011-05-12,301,382,99,0,0,0.788,0.4407,BEAR
2011-05-13,335,349,94,0,0,0.96,0.4898,NEUTRAL
2011-05-16,156,548,76,0,0,0.285,0.2218,CRASH
2011-05-17,225,460,96,0,0,0.489,0.3284,CRASH
2011-05-18,484,213,84,0,0,2.272,0.6944,STRONG_BULL
2011-05-19,188,492,105,0,0,0.382,0.2764,CRASH
2011-05-20,134,576,71,0,0,0.233,0.189,CRASH
2011-05-23,150,591,40,0,0,0.254,0.2026,CRASH
2011-05-24,275,429,78,0,0,0.641,0.3906,BEAR
2011-05-25,297,391,93,0,0,0.76,0.4318,BEAR
2011-05-26,507,178,95,0,0,2.848,0.7401,STRONG_BULL
2011-05-27,369,314,99,0,0,1.175,0.5402,BULL
2011-05-30,419,276,87,0,0,1.518,0.6029,BULL
2011-05-31,647,80,54,0,0,8.088,0.89,STRONG_BULL
2011-06-01,392,307,82,0,0,1.277,0.5608,BULL
2011-06-02,194,524,62,0,0,0.37,0.2701,CRASH
2011-06-03,442,229,110,0,0,1.93,0.6587,BULL
2011-06-07,357,316,105,0,0,1.13,0.5305,BULL
2011-06-08,258,436,86,0,0,0.592,0.3719,BEAR
2011-06-09,279,406,97,0,0,0.687,0.4072,BEAR
2011-06-10,87,639,56,0,0,0.136,0.1197,CRASH
2011-06-13,123,613,45,0,0,0.201,0.1674,CRASH
2011-06-14,594,122,65,0,0,4.869,0.8296,STRONG_BULL
2011-06-15,303,397,80,0,0,0.763,0.4328,BEAR
2011-06-16,55,685,40,0,0,0.08,0.0741,CRASH
2011-06-17,258,439,84,0,0,0.588,0.3703,BEAR
2011-06-20,84,655,42,0,0,0.128,0.1135,CRASH
2011-06-21,401,311,69,0,0,1.289,0.5631,BULL
2011-06-22,532,170,79,0,0,3.129,0.7578,STRONG_BULL
2011-06-23,276,434,70,0,0,0.636,0.3888,BEAR
2011-06-24,399,294,87,0,0,1.357,0.5757,BULL
2011-06-27,256,438,87,0,0,0.584,0.3687,BEAR
2011-06-28,416,266,101,0,0,1.564,0.61,BULL
2011-06-29,560,130,94,0,0,4.308,0.8116,STRONG_BULL
2011-06-30,444,248,92,0,0,1.79,0.6416,BULL
2011-07-01,529,171,83,0,0,3.094,0.7557,STRONG_BULL
2011-07-04,327,347,110,0,0,0.942,0.4851,NEUTRAL
2011-07-05,254,436,93,0,0,0.583,0.3683,BEAR
2011-07-06,338,330,115,0,0,1.024,0.5059,BULL
2011-07-07,404,276,99,0,0,1.464,0.5942,BULL
2011-07-08,259,422,101,0,0,0.614,0.3804,BEAR
2011-07-11,156,550,73,0,0,0.284,0.2212,CRASH
2011-07-12,73,666,42,0,0,0.11,0.0991,CRASH
2011-07-13,290,393,98,0,0,0.738,0.4246,BEAR
2011-07-14,239,433,110,0,0,0.552,0.3557,BEAR
2011-07-15,614,97,72,0,0,6.33,0.8636,STRONG_BULL
2011-07-18,294,418,72,0,0,0.703,0.4128,BEAR
2011-07-19,307,369,106,0,0,0.832,0.4541,NEUTRAL
2011-07-20,647,80,56,0,0,8.088,0.89,STRONG_BULL
2011-07-21,341,343,96,0,0,0.994,0.4985,NEUTRAL
2011-07-22,525,167,93,0,0,3.144,0.7587,STRONG_BULL
2011-07-25,118,606,58,0,0,0.195,0.1632,CRASH
2011-07-26,484,178,120,0,0,2.719,0.7311,STRONG_BULL
2011-07-27,436,267,82,0,0,1.633,0.6202,BULL
2011-07-28,211,490,84,0,0,0.431,0.3012,CRASH
2011-07-29,164,541,81,0,0,0.303,0.2325,CRASH
2011-08-01,578,152,56,0,0,3.803,0.7918,STRONG_BULL
2011-08-02,221,481,83,0,0,0.459,0.3146,CRASH
2011-08-03,127,616,40,0,0,0.206,0.1708,CRASH
2011-08-04,181,511,94,0,0,0.354,0.2614,CRASH
2011-08-05,8,766,12,0,0,0.01,0.0099,CRASH
2011-08-08,45,712,26,0,0,0.063,0.0593,CRASH
2011-08-09,209,510,64,0,0,0.41,0.2908,CRASH
2011-08-10,711,42,32,0,0,16.929,0.9442,STRONG_BULL
2011-08-11,211,510,65,0,0,0.414,0.2928,CRASH
2011-08-12,412,298,73,0,0,1.383,0.5804,BULL
2011-08-15,685,62,36,0,0,11.048,0.917,STRONG_BULL
2011-08-16,394,297,93,0,0,1.327,0.5703,BULL
2011-08-17,240,466,78,0,0,0.515,0.3399,BEAR
2011-08-18,97,630,58,0,0,0.154,0.1334,CRASH
2011-08-19,21,752,11,0,0,0.028,0.0272,CRASH
2011-08-22,212,505,66,0,0,0.42,0.2958,CRASH
2011-08-23,710,50,21,0,0,14.2,0.9342,STRONG_BULL
2011-08-24,266,445,70,0,0,0.598,0.3742,BEAR
2011-08-25,180,526,77,0,0,0.342,0.2548,CRASH
2011-08-26,293,403,85,0,0,0.727,0.421,BEAR
2011-08-29,656,70,57,0,0,9.371,0.9036,STRONG_BULL
2011-08-30,540,175,69,0,0,3.086,0.7553,STRONG_BULL
2011-08-31,510,188,88,0,0,2.713,0.7307,STRONG_BULL
2011-09-01,397,321,71,0,0,1.237,0.553,BULL
2011-09-02,318,368,101,0,0,0.864,0.4635,NEUTRAL
2011-09-05,81,681,26,1,0,0.119,0.1063,CRASH
2011-09-06,78,676,34,0,0,0.115,0.1031,CRASH
2011-09-07,659,91,36,0,0,7.242,0.8787,STRONG_BULL
2011-09-08,415,272,96,0,0,1.526,0.6041,BULL
2011-09-09,401,270,115,0,0,1.485,0.5976,BULL
2011-09-13,64,679,42,0,0,0.094,0.0859,CRASH
2011-09-14,65,670,51,0,0,0.097,0.0884,CRASH
2011-09-15,642,81,63,0,0,7.926,0.888,STRONG_BULL
2011-09-16,708,46,36,0,0,15.391,0.939,STRONG_BULL
2011-09-19,141,582,66,0,0,0.242,0.1948,CRASH
2011-09-20,427,266,93,0,0,1.605,0.6161,BULL
2011-09-21,495,205,90,0,0,2.415,0.7072,STRONG_BULL
2011-09-22,63,699,25,0,0,0.09,0.0826,CRASH
2011-09-23,32,739,17,0,1,0.043,0.0412,CRASH
2011-09-26,34,733,17,0,0,0.046,0.044,CRASH
2011-09-27,636,124,29,0,0,5.129,0.8368,STRONG_BULL
2011-09-28,388,292,104,0,0,1.329,0.5706,BULL
2011-09-29,484,202,101,0,0,2.396,0.7055,STRONG_BULL
2011-09-30,444,237,100,0,0,1.873,0.6519,BULL
2011-10-03,61,678,49,0,1,0.09,0.0826,CRASH
2011-10-04,319,384,85,0,0,0.831,0.4539,NEUTRAL
2011-10-05,218,467,102,0,0,0.467,0.3183,CRASH
2011-10-06,609,116,66,0,0,5.25,0.84,STRONG_BULL
2011-10-07,526,188,77,0,0,2.798,0.7367,STRONG_BULL
2011-10-11,684,64,42,1,0,10.688,0.9144,STRONG_BULL
2011-10-12,321,367,103,0,0,0.875,0.4667,NEUTRAL
2011-10-13,497,208,84,0,0,2.389,0.7049,STRONG_BULL
2011-10-14,214,491,79,0,0,0.436,0.3036,CRASH
2011-10-17,566,141,81,0,0,4.014,0.8006,STRONG_BULL
2011-10-18,119,620,50,0,0,0.192,0.1611,CRASH
2011-10-19,308,375,107,0,0,0.821,0.4509,NEUTRAL
2011-10-20,110,604,71,0,0,0.182,0.154,CRASH
2011-10-21,363,333,98,0,0,1.09,0.5215,BULL
2011-10-24,714,55,25,0,0,12.982,0.9285,STRONG_BULL
2011-10-25,350,346,99,1,0,1.012,0.503,BULL
2011-10-26,401,275,119,0,0,1.458,0.5932,BULL
2011-10-27,518,214,64,0,0,2.421,0.7077,STRONG_BULL
2011-10-28,340,378,79,0,0,0.899,0.4734,NEUTRAL
2011-10-31,256,480,56,0,0,0.533,0.3477,BEAR
2011-11-01,445,262,91,0,0,1.698,0.6294,BULL
2011-11-02,239,477,85,0,0,0.501,0.3338,BEAR
2011-11-03,105,637,56,0,0,0.165,0.1416,CRASH
2011-11-04,724,47,29,0,0,15.404,0.939,STRONG_BULL
2011-11-07,376,324,97,0,0,1.16,0.537,BULL
2011-11-08,277,412,114,0,0,0.672,0.4019,BEAR
2011-11-09,224,474,97,0,0,0.473,0.3211,CRASH
2011-11-10,25,750,20,0,0,0.033,0.0319,CRASH
2011-11-11,461,253,83,0,0,1.822,0.6456,BULL
2011-11-14,686,59,51,0,0,11.627,0.9208,STRONG_BULL
2011-11-15,153,543,99,0,0,0.282,0.22,CRASH
2011-11-16,86,655,56,0,0,0.131,0.1158,CRASH
2011-11-17,321,383,92,0,0,0.838,0.4559,NEUTRAL
2011-11-18,89,670,40,0,0,0.133,0.1174,CRASH
2011-11-21,20,751,21,0,0,0.027,0.0263,CRASH
2011-11-22,120,626,49,0,0,0.192,0.1611,CRASH
2011-11-23,50,714,33,0,0,0.07,0.0654,CRASH
2011-11-24,499,241,56,0,1,2.071,0.6744,STRONG_BULL
2011-11-25,202,520,77,0,0,0.388,0.2795,CRASH
2011-11-28,640,100,55,0,0,6.4,0.8649,STRONG_BULL
2011-11-29,671,71,56,0,0,9.451,0.9043,STRONG_BULL
2011-11-30,90,662,44,0,0,0.136,0.1197,CRASH
2011-12-01,763,16,23,0,0,47.688,0.9795,STRONG_BULL
2011-12-02,234,493,72,0,0,0.475,0.322,CRASH
2011-12-05,230,477,93,0,0,0.482,0.3252,CRASH
2011-12-06,59,699,43,0,0,0.084,0.0775,CRASH
2011-12-07,437,265,100,0,0,1.649,0.6225,BULL
2011-12-08,144,588,69,0,0,0.245,0.1968,CRASH
2011-12-09,191,545,64,0,0,0.35,0.2593,CRASH
2011-12-12,408,282,111,0,0,1.447,0.5913,BULL
2011-12-13,166,541,93,0,0,0.307,0.2349,CRASH
2011-12-14,511,188,104,0,0,2.718,0.731,STRONG_BULL
2011-12-15,80,674,46,0,0,0.119,0.1063,CRASH
2011-12-16,323,371,109,0,0,0.871,0.4655,NEUTRAL
2011-12-19,43,735,23,0,0,0.059,0.0557,CRASH
2011-12-20,457,268,77,0,0,1.705,0.6303,BULL
2011-12-21,777,14,15,0,0,55.5,0.9823,STRONG_BULL
2011-12-22,240,491,67,0,0,0.489,0.3284,CRASH
2011-12-23,740,32,33,0,0,23.125,0.9585,STRONG_BULL
2011-12-26,291,432,77,0,0,0.674,0.4026,BEAR
2011-12-27,256,453,91,0,0,0.565,0.361,BEAR
2011-12-28,304,385,115,0,0,0.79,0.4413,BEAR
2011-12-29,360,314,126,0,0,1.146,0.534,BULL
2011-12-30,300,369,133,0,0,0.813,0.4484,NEUTRAL
2012-01-02,100,649,55,0,0,0.154,0.1334,CRASH
2012-01-03,634,101,70,0,0,6.277,0.8626,STRONG_BULL
2012-01-04,441,254,110,0,0,1.736,0.6345,BULL
2012-01-05,491,208,103,0,0,2.361,0.7025,STRONG_BULL
2012-01-06,277,434,97,0,0,0.638,0.3895,BEAR
2012-01-09,208,521,75,0,0,0.399,0.2852,CRASH
2012-01-10,551,164,92,0,0,3.36,0.7706,STRONG_BULL
2012-01-11,354,342,108,0,0,1.035,0.5086,BULL
2012-01-12,170,539,98,0,0,0.315,0.2395,CRASH
2012-01-13,166,546,95,0,0,0.304,0.2331,CRASH
2012-01-16,388,327,88,0,0,1.187,0.5428,BULL
2012-01-17,723,40,44,0,0,18.075,0.9476,STRONG_BULL
2012-01-18,411,326,72,0,0,1.261,0.5577,BULL
2012-01-30,760,33,17,0,0,23.03,0.9584,STRONG_BULL
2012-01-31,666,113,27,0,0,5.894,0.8549,STRONG_BULL
2012-02-01,676,104,28,0,0,6.5,0.8667,STRONG_BULL
2012-02-02,638,129,40,0,0,4.946,0.8318,STRONG_BULL
2012-02-03,436,305,70,0,0,1.43,0.5885,BULL
2012-02-06,175,583,54,0,0,0.3,0.2308,CRASH
2012-02-07,331,410,69,0,0,0.807,0.4466,NEUTRAL
2012-02-08,742,39,29,0,0,19.026,0.9501,STRONG_BULL
2012-02-09,527,217,67,0,0,2.429,0.7084,STRONG_BULL
2012-02-10,382,355,71,0,0,1.076,0.5183,BULL
2012-02-13,554,189,66,0,0,2.931,0.7456,STRONG_BULL
2012-02-14,226,519,65,0,0,0.435,0.3031,CRASH
2012-02-15,670,86,55,0,0,7.791,0.8862,STRONG_BULL
2012-02-16,92,680,37,0,0,0.135,0.1189,CRASH
2012-02-17,373,359,76,0,0,1.039,0.5096,BULL
2012-02-20,587,151,71,0,0,3.887,0.7954,STRONG_BULL
2012-02-21,260,478,68,0,0,0.544,0.3523,BEAR
2012-02-22,581,137,91,0,0,4.241,0.8092,STRONG_BULL
2012-02-23,239,491,80,0,0,0.487,0.3275,CRASH
2012-02-24,261,458,87,0,0,0.57,0.3631,BEAR
2012-02-29,523,211,75,0,0,2.479,0.7126,STRONG_BULL
2012-03-01,463,244,101,0,0,1.898,0.6549,BULL
2012-03-02,509,213,87,0,0,2.39,0.705,STRONG_BULL
2012-03-05,115,648,44,0,0,0.177,0.1504,CRASH
2012-03-06,96,680,34,0,0,0.141,0.1236,CRASH
2012-03-07,292,436,79,0,0,0.67,0.4012,BEAR
2012-03-08,590,149,69,0,0,3.96,0.7984,STRONG_BULL
2012-03-09,533,197,78,0,0,2.706,0.7302,STRONG_BULL
2012-03-12,177,573,57,0,0,0.309,0.2361,CRASH
2012-03-13,466,249,91,0,0,1.871,0.6517,BULL
2012-03-14,582,153,74,0,0,3.804,0.7918,STRONG_BULL
2012-03-15,326,396,87,0,0,0.823,0.4515,NEUTRAL
2012-03-16,310,407,93,0,0,0.762,0.4325,BEAR
2012-03-19,216,513,79,0,0,0.421,0.2963,CRASH
2012-03-20,180,546,76,0,0,0.33,0.2481,CRASH
2012-03-21,290,418,99,0,0,0.694,0.4097,BEAR
2012-03-22,552,177,79,0,0,3.119,0.7572,STRONG_BULL
2012-03-23,360,335,111,0,0,1.075,0.5181,BULL
2012-03-26,260,470,77,0,0,0.553,0.3561,BEAR
2012-03-27,258,476,74,0,0,0.542,0.3515,BEAR
2012-03-28,255,452,96,0,0,0.564,0.3606,BEAR
2012-03-29,29,758,23,1,0,0.038,0.0366,CRASH
2012-03-30,555,190,61,0,1,2.921,0.745,STRONG_BULL
2012-04-02,194,562,52,0,0,0.345,0.2565,CRASH
2012-04-03,65,720,25,0,0,0.09,0.0826,CRASH
2012-04-05,95,672,42,0,0,0.141,0.1236,CRASH
2012-04-06,696,74,39,0,0,9.405,0.9039,STRONG_BULL
2012-04-09,129,623,56,0,0,0.207,0.1715,CRASH
2012-04-10,571,170,66,0,0,3.359,0.7706,STRONG_BULL
2012-04-11,353,378,77,0,0,0.934,0.4829,NEUTRAL
2012-04-12,416,281,112,0,0,1.48,0.5968,BULL
2012-04-13,702,64,43,0,0,10.969,0.9165,STRONG_BULL
2012-04-16,157,580,68,0,0,0.271,0.2132,CRASH
2012-04-17,51,718,38,0,0,0.071,0.0663,CRASH
2012-04-18,302,397,106,0,0,0.761,0.4321,BEAR
2012-04-19,321,379,108,0,0,0.847,0.4586,NEUTRAL
2012-04-20,82,677,46,0,0,0.121,0.1079,CRASH
2012-04-23,143,596,66,0,0,0.24,0.1935,CRASH
2012-04-24,324,388,98,0,0,0.835,0.455,NEUTRAL
2012-04-25,662,85,61,0,0,7.788,0.8862,STRONG_BULL
2012-04-26,217,487,104,0,0,0.446,0.3084,CRASH
2012-04-27,181,550,81,0,0,0.329,0.2476,CRASH
2012-04-30,419,310,81,0,0,1.352,0.5748,BULL
2012-05-02,750,44,17,0,0,17.045,0.9446,STRONG_BULL
2012-05-03,240,484,82,0,0,0.496,0.3316,CRASH
2012-05-04,561,162,89,0,0,3.463,0.7759,STRONG_BULL
2012-05-07,87,681,41,0,0,0.128,0.1135,CRASH
2012-05-08,388,290,133,0,0,1.338,0.5723,BULL
2012-05-09,132,609,71,0,0,0.217,0.1783,CRASH
2012-05-10,246,443,121,0,1,0.555,0.3569,BEAR
2012-05-11,99,656,58,0,0,0.151,0.1312,CRASH
2012-05-14,164,549,98,0,0,0.299,0.2302,CRASH
2012-05-15,373,333,109,0,0,1.12,0.5283,BULL
2012-05-16,65,715,32,0,0,0.091,0.0834,CRASH
2012-05-17,604,132,78,0,0,4.576,0.8207,STRONG_BULL
2012-05-18,28,770,14,0,0,0.036,0.0347,CRASH
2012-05-21,458,234,119,0,0,1.957,0.6618,BULL
2012-05-22,670,86,56,0,0,7.791,0.8862,STRONG_BULL
2012-05-23,64,697,51,0,0,0.092,0.0842,CRASH
2012-05-24,135,612,67,0,0,0.221,0.181,CRASH
2012-05-25,174,542,96,0,0,0.321,0.243,CRASH
2012-05-28,546,181,83,0,0,3.017,0.7511,STRONG_BULL
2012-05-29,778,18,17,0,0,43.222,0.9774,STRONG_BULL
2012-05-30,142,616,52,0,0,0.231,0.1877,CRASH
2012-05-31,406,301,105,0,0,1.349,0.5743,BULL
2012-06-01,49,726,34,0,0,0.067,0.0628,CRASH
2012-06-04,22,775,13,0,0,0.028,0.0272,CRASH
2012-06-05,697,67,49,0,0,10.403,0.9123,STRONG_BULL
2012-06-06,628,123,60,0,0,5.106,0.8362,STRONG_BULL
2012-06-07,381,311,120,0,0,1.225,0.5506,BULL
2012-06-08,228,462,118,0,0,0.494,0.3307,CRASH
2012-06-11,637,104,72,0,0,6.125,0.8596,STRONG_BULL
2012-06-12,221,489,101,0,0,0.452,0.3113,CRASH
2012-06-13,481,224,104,0,0,2.147,0.6822,STRONG_BULL
2012-06-14,262,418,128,0,0,0.627,0.3854,BEAR
2012-06-15,549,194,67,0,0,2.83,0.7389,STRONG_BULL
2012-06-18,663,111,40,0,0,5.973,0.8566,STRONG_BULL
2012-06-19,203,519,92,0,0,0.391,0.2811,CRASH
2012-06-20,572,133,102,0,0,4.301,0.8114,STRONG_BULL
2012-06-21,312,395,102,0,0,0.79,0.4413,BEAR
2012-06-22,246,458,106,0,0,0.537,0.3494,BEAR
2012-06-25,227,482,103,0,0,0.471,0.3202,CRASH
2012-06-26,161,557,91,0,0,0.289,0.2242,CRASH
2012-06-27,451,218,142,0,0,2.069,0.6742,STRONG_BULL
2012-06-28,304,353,157,0,0,0.861,0.4627,NEUTRAL
2012-06-29,642,91,79,0,0,7.055,0.8759,STRONG_BULL
2012-07-02,543,175,95,0,0,3.103,0.7563,STRONG_BULL
2012-07-03,575,154,83,0,0,3.734,0.7888,STRONG_BULL
2012-07-04,547,157,109,0,0,3.484,0.777,STRONG_BULL
2012-07-05,276,418,114,0,0,0.66,0.3976,BEAR
2012-07-06,212,503,91,0,0,0.421,0.2963,CRASH
2012-07-09,212,455,145,0,0,0.466,0.3179,CRASH
2012-07-10,160,528,119,0,0,0.303,0.2325,CRASH
2012-07-11,394,284,134,0,0,1.387,0.5811,BULL
2012-07-12,96,620,91,0,0,0.155,0.1342,CRASH
2012-07-13,155,548,106,0,0,0.283,0.2206,CRASH
2012-07-16,176,511,123,0,0,0.344,0.256,CRASH
2012-07-17,454,221,138,0,0,2.054,0.6726,STRONG_BULL
2012-07-18,205,497,112,0,0,0.412,0.2918,CRASH
2012-07-19,607,115,91,0,0,5.278,0.8407,STRONG_BULL
2012-07-20,339,317,154,0,0,1.069,0.5167,BULL
2012-07-23,62,683,60,0,0,0.091,0.0834,CRASH
2012-07-24,214,476,121,0,0,0.45,0.3103,CRASH
2012-07-25,344,333,127,0,0,1.033,0.5081,BULL
2012-07-26,420,244,141,0,0,1.721,0.6325,BULL
2012-07-27,649,85,80,0,0,7.635,0.8842,STRONG_BULL
2012-07-30,479,224,107,0,0,2.138,0.6813,STRONG_BULL
2012-07-31,500,188,119,0,0,2.66,0.7268,STRONG_BULL
2012-08-01,429,248,128,0,0,1.73,0.6337,BULL
2012-08-03,219,507,81,0,0,0.432,0.3017,CRASH
2012-08-06,460,244,109,0,0,1.885,0.6534,BULL
2012-08-07,282,410,116,0,0,0.688,0.4076,BEAR
2012-08-08,467,224,121,0,0,2.085,0.6759,STRONG_BULL
2012-08-09,642,87,86,0,0,7.379,0.8807,STRONG_BULL
2012-08-10,407,320,84,0,0,1.272,0.5599,BULL
2012-08-13,335,375,104,0,0,0.893,0.4717,NEUTRAL
2012-08-14,432,257,127,0,0,1.681,0.627,BULL
2012-08-15,364,340,112,0,0,1.071,0.5171,BULL
2012-08-16,524,173,119,0,0,3.029,0.7518,STRONG_BULL
2012-08-17,347,349,118,0,0,0.994,0.4985,NEUTRAL
2012-08-20,203,529,82,0,0,0.384,0.2775,CRASH
2012-08-21,482,229,103,0,0,2.105,0.6779,STRONG_BULL
2012-08-22,346,347,118,0,0,0.997,0.4992,NEUTRAL
2012-08-23,369,299,145,0,0,1.234,0.5524,BULL
2012-08-24,331,370,108,0,0,0.895,0.4723,NEUTRAL
2012-08-27,279,423,113,0,0,0.66,0.3976,BEAR
2012-08-28,91,666,59,0,0,0.137,0.1205,CRASH
2012-08-29,457,242,113,0,0,1.888,0.6537,BULL
2012-08-30,274,419,119,0,0,0.654,0.3954,BEAR
2012-08-31,333,371,109,0,0,0.898,0.4731,NEUTRAL
2012-09-03,504,233,78,0,0,2.163,0.6838,STRONG_BULL
2012-09-04,382,345,88,0,0,1.107,0.5254,BULL
2012-09-05,200,520,94,0,0,0.385,0.278,CRASH
2012-09-06,263,469,86,0,0,0.561,0.3594,BEAR
2012-09-07,575,153,87,0,0,3.758,0.7898,STRONG_BULL
2012-09-10,518,213,84,0,0,2.432,0.7086,STRONG_BULL
2012-09-11,260,456,100,0,0,0.57,0.3631,BEAR
2012-09-12,525,195,97,0,0,2.692,0.7291,STRONG_BULL
2012-09-13,334,371,111,0,0,0.9,0.4737,NEUTRAL
2012-09-14,603,135,78,0,0,4.467,0.8171,STRONG_BULL
2012-09-17,415,317,86,0,0,1.309,0.5669,BULL
2012-09-18,317,400,99,0,0,0.792,0.442,BEAR
2012-09-19,446,275,97,0,0,1.622,0.6186,BULL
2012-09-20,255,470,93,0,0,0.543,0.3519,BEAR
2012-09-21,448,260,107,0,0,1.723,0.6328,BULL
2012-09-24,347,372,94,0,0,0.933,0.4827,NEUTRAL
2012-09-25,239,476,100,0,0,0.502,0.3342,BEAR
2012-09-26,142,611,57,0,0,0.232,0.1883,CRASH
2012-09-27,426,266,121,0,0,1.602,0.6157,BULL
2012-09-28,306,393,113,0,0,0.779,0.4379,BEAR
2012-10-01,302,399,111,0,0,0.757,0.4308,BEAR
2012-10-02,409,289,114,0,0,1.415,0.5859,BULL
2012-10-03,212,499,103,0,0,0.425,0.2982,CRASH
2012-10-04,266,442,106,0,0,0.602,0.3758,BEAR
2012-10-05,326,363,125,0,0,0.898,0.4731,NEUTRAL
2012-10-08,123,630,63,0,0,0.195,0.1632,CRASH
2012-10-09,202,526,89,0,0,0.384,0.2775,CRASH
2012-10-11,91,687,38,0,0,0.132,0.1166,CRASH
2012-10-12,256,447,115,0,0,0.573,0.3643,BEAR
2012-10-15,206,532,79,0,0,0.387,0.279,CRASH
2012-10-16,546,166,105,0,0,3.289,0.7668,STRONG_BULL
2012-10-17,348,365,104,0,0,0.953,0.488,NEUTRAL
2012-10-18,293,427,93,0,0,0.686,0.4069,BEAR
2012-10-19,192,513,105,0,0,0.374,0.2722,CRASH
2012-10-22,183,533,97,0,0,0.343,0.2554,CRASH
2012-10-23,265,422,127,0,0,0.628,0.3857,BEAR
2012-10-24,189,502,118,0,0,0.376,0.2733,CRASH
2012-10-25,122,615,72,0,0,0.198,0.1653,CRASH
2012-10-26,40,751,26,0,0,0.053,0.0503,CRASH
2012-10-29,128,624,66,0,1,0.205,0.1701,CRASH
2012-10-30,670,98,47,0,0,6.837,0.8724,STRONG_BULL
2012-10-31,288,437,88,0,0,0.659,0.3972,BEAR
2012-11-01,474,248,92,0,0,1.911,0.6565,BULL
2012-11-02,453,287,76,0,0,1.578,0.6121,BULL
2012-11-05,192,555,69,0,0,0.346,0.2571,CRASH
2012-11-06,566,159,92,0,0,3.56,0.7807,STRONG_BULL
2012-11-07,580,153,86,0,0,3.791,0.7913,STRONG_BULL
2012-11-08,165,576,76,0,0,0.286,0.2224,CRASH
2012-11-09,631,117,70,0,0,5.393,0.8436,STRONG_BULL
2012-11-12,249,453,115,0,0,0.55,0.3548,BEAR
2012-11-13,70,704,48,0,0,0.099,0.0901,CRASH
2012-11-14,417,261,139,0,0,1.598,0.6151,BULL
2012-11-15,263,419,135,0,0,0.628,0.3857,BEAR
2012-11-16,211,486,121,0,0,0.434,0.3026,CRASH
2012-11-19,209,500,107,0,0,0.418,0.2948,CRASH
2012-11-20,321,367,130,0,0,0.875,0.4667,NEUTRAL
2012-11-21,108,641,74,0,0,0.168,0.1438,CRASH
2012-11-22,419,263,134,0,0,1.593,0.6143,BULL
2012-11-23,768,23,29,0,0,33.391,0.9709,STRONG_BULL
2012-11-26,659,91,68,0,0,7.242,0.8787,STRONG_BULL
2012-11-27,387,312,121,0,0,1.24,0.5536,BULL
2012-11-28,370,323,122,0,0,1.146,0.534,BULL
2012-11-29,573,148,96,0,0,3.872,0.7947,STRONG_BULL
2012-11-30,535,186,99,0,0,2.876,0.742,STRONG_BULL
2012-12-03,510,206,102,0,0,2.476,0.7123,STRONG_BULL
2012-12-04,483,225,112,0,0,2.147,0.6822,STRONG_BULL
2012-12-05,505,217,100,0,0,2.327,0.6994,STRONG_BULL
2012-12-06,273,453,94,0,0,0.603,0.3762,BEAR
2012-12-07,266,426,132,0,0,0.624,0.3842,BEAR
2012-12-10,185,553,82,0,0,0.335,0.2509,CRASH
2012-12-11,215,510,95,0,0,0.422,0.2968,CRASH
2012-12-12,609,124,88,0,0,4.911,0.8308,STRONG_BULL
2012-12-13,593,131,99,0,0,4.527,0.8191,STRONG_BULL
2012-12-14,247,456,121,0,0,0.542,0.3515,BEAR
2012-12-17,267,481,72,0,0,0.555,0.3569,BEAR
2012-12-18,431,289,103,0,0,1.491,0.5986,BULL
2012-12-19,423,272,133,0,0,1.555,0.6086,BULL
2012-12-20,215,540,65,0,0,0.398,0.2847,CRASH
2012-12-21,157,589,77,0,0,0.267,0.2107,CRASH
2012-12-24,411,298,118,0,0,1.379,0.5797,BULL
2012-12-25,693,88,47,0,0,7.875,0.8873,STRONG_BULL
2012-12-26,411,326,90,0,0,1.261,0.5577,BULL
2012-12-27,302,385,141,0,0,0.784,0.4395,BEAR
2012-12-28,471,230,126,0,0,2.048,0.6719,STRONG_BULL
2013-01-01,413,352,109,8,1,1.173,0.5398,BULL
2013-01-02,564,174,91,0,0,3.241,0.7642,STRONG_BULL
2013-01-03,516,220,93,0,0,2.345,0.701,STRONG_BULL
2013-01-04,278,447,102,0,0,0.622,0.3835,BEAR
2013-01-07,373,349,103,0,0,1.069,0.5167,BULL
2013-01-08,201,537,86,0,0,0.374,0.2722,CRASH
2013-01-09,417,282,127,0,0,1.479,0.5966,BULL
2013-01-10,481,252,92,0,0,1.909,0.6562,BULL
2013-01-11,413,309,103,0,0,1.337,0.5721,BULL
2013-01-14,388,336,104,0,0,1.155,0.536,BULL
2013-01-15,228,513,84,0,0,0.444,0.3075,CRASH
2013-01-16,187,543,97,0,0,0.344,0.256,CRASH
2013-01-17,54,731,39,0,0,0.074,0.0689,CRASH
2013-01-18,690,70,63,0,0,9.857,0.9079,STRONG_BULL
2013-01-21,364,358,97,0,0,1.017,0.5042,BULL
2013-01-22,431,270,121,0,0,1.596,0.6148,BULL
2013-01-23,308,387,129,0,0,0.796,0.4432,BEAR
2013-01-24,187,547,90,0,0,0.342,0.2548,CRASH
2013-01-25,217,485,125,0,0,0.447,0.3089,CRASH
2013-01-28,410,285,130,0,0,1.439,0.59,BULL
2013-01-29,631,104,91,0,0,6.067,0.8585,STRONG_BULL
2013-01-30,520,180,126,0,0,2.889,0.7429,STRONG_BULL
2013-01-31,282,439,105,0,0,0.642,0.391,BEAR
2013-02-01,334,376,118,0,0,0.888,0.4703,NEUTRAL
2013-02-04,428,276,124,0,0,1.551,0.608,BULL
2013-02-05,212,522,93,0,0,0.406,0.2888,CRASH
2013-02-06,292,425,110,0,0,0.687,0.4072,BEAR
2013-02-18,486,256,84,0,0,1.898,0.6549,BULL
2013-02-19,437,272,118,0,0,1.607,0.6164,BULL
2013-02-20,478,229,119,0,0,2.087,0.6761,STRONG_BULL
2013-02-21,191,560,73,0,0,0.341,0.2543,CRASH
2013-02-22,276,429,119,0,0,0.643,0.3914,BEAR
2013-02-25,312,414,100,0,0,0.754,0.4299,BEAR
2013-02-26,162,594,71,0,0,0.273,0.2145,CRASH
2013-02-27,371,310,145,0,0,1.197,0.5448,BULL
2013-03-01,527,183,113,0,0,2.88,0.7423,STRONG_BULL
2013-03-04,145,628,53,0,0,0.231,0.1877,CRASH
2013-03-05,500,223,102,0,0,2.242,0.6915,STRONG_BULL
2013-03-06,419,290,118,0,0,1.445,0.591,BULL
2013-03-07,431,298,97,0,0,1.446,0.5912,BULL
2013-03-08,460,273,92,0,0,1.685,0.6276,BULL
2013-03-11,422,294,108,0,0,1.435,0.5893,BULL
2013-03-12,188,546,93,0,0,0.344,0.256,CRASH
2013-03-13,280,427,122,0,0,0.656,0.3961,BEAR
2013-03-14,217,494,118,0,0,0.439,0.3051,CRASH
2013-03-15,293,445,89,0,0,0.658,0.3969,BEAR
2013-03-18,80,705,44,0,0,0.113,0.1015,CRASH
2013-03-19,514,194,120,0,0,2.649,0.726,STRONG_BULL
2013-03-20,254,462,111,0,0,0.55,0.3548,BEAR
2013-03-21,487,218,118,0,0,2.234,0.6908,STRONG_BULL
2013-03-22,329,372,125,0,0,0.884,0.4692,NEUTRAL
2013-03-25,499,224,103,0,0,2.228,0.6902,STRONG_BULL
2013-03-26,355,349,122,0,0,1.017,0.5042,BULL
2013-03-27,422,280,129,0,0,1.507,0.6011,BULL
2013-03-28,307,420,101,0,0,0.731,0.4223,BEAR
2013-03-29,519,208,103,0,0,2.495,0.7139,STRONG_BULL
2013-04-01,246,483,101,0,0,0.509,0.3373,BEAR
2013-04-02,348,360,119,0,0,0.967,0.4916,NEUTRAL
2013-04-03,452,264,110,0,0,1.712,0.6313,BULL
2013-04-08,55,758,13,0,0,0.073,0.068,CRASH
2013-04-09,285,424,118,0,0,0.672,0.4019,BEAR
2013-04-10,429,286,112,0,0,1.5,0.6,BULL
2013-04-11,610,146,71,0,0,4.178,0.8069,STRONG_BULL
2013-04-12,259,467,103,0,0,0.555,0.3569,BEAR
2013-04-15,205,544,79,0,0,0.377,0.2738,CRASH
2013-04-16,348,364,115,0,0,0.956,0.4888,NEUTRAL
2013-04-17,464,262,102,0,0,1.771,0.6391,BULL
2013-04-18,342,378,107,0,0,0.905,0.4751,NEUTRAL
2013-04-19,564,169,94,0,0,3.337,0.7694,STRONG_BULL
2013-04-22,419,311,100,0,0,1.347,0.5739,BULL
2013-04-23,354,384,93,0,0,0.922,0.4797,NEUTRAL
2013-04-24,547,190,91,0,0,2.879,0.7422,STRONG_BULL
2013-04-25,261,484,84,0,0,0.539,0.3502,BEAR
2013-04-26,308,420,102,0,0,0.733,0.423,BEAR
2013-04-29,304,395,129,0,0,0.77,0.435,BEAR
2013-04-30,483,241,106,0,0,2.004,0.6671,STRONG_BULL
2013-05-02,341,363,123,0,0,0.939,0.4843,NEUTRAL
2013-05-03,332,382,116,0,0,0.869,0.465,NEUTRAL
2013-05-06,428,302,96,0,0,1.417,0.5863,BULL
2013-05-07,296,406,129,0,0,0.729,0.4216,BEAR
2013-05-08,486,234,112,0,0,2.077,0.675,STRONG_BULL
2013-05-09,456,266,111,0,0,1.714,0.6315,BULL
2013-05-10,321,408,101,0,0,0.787,0.4404,BEAR
2013-05-13,211,523,93,0,0,0.403,0.2872,CRASH
2013-05-14,358,357,114,0,0,1.003,0.5007,BULL
2013-05-15,570,164,98,0,0,3.476,0.7766,STRONG_BULL
2013-05-16,446,303,84,0,0,1.472,0.5955,BULL
2013-05-17,414,311,106,0,0,1.331,0.571,BULL
2013-05-20,405,323,101,0,0,1.254,0.5563,BULL
2013-05-21,479,258,91,0,0,1.857,0.65,BULL
2013-05-22,470,268,91,0,0,1.754,0.6369,BULL
2013-05-23,119,666,46,0,0,0.179,0.1518,CRASH
2013-05-24,200,546,84,0,0,0.366,0.2679,CRASH
2013-05-27,553,180,96,0,0,3.072,0.7544,STRONG_BULL
2013-05-28,368,322,139,0,0,1.143,0.5334,BULL
2013-05-29,543,189,96,0,0,2.873,0.7418,STRONG_BULL
2013-05-30,237,485,108,0,0,0.489,0.3284,CRASH
2013-05-31,426,299,105,0,0,1.425,0.5876,BULL
2013-06-03,274,472,83,0,0,0.581,0.3675,BEAR
2013-06-04,235,495,101,0,0,0.475,0.322,CRASH
2013-06-05,321,398,113,0,0,0.807,0.4466,NEUTRAL
2013-06-06,180,581,68,0,0,0.31,0.2366,CRASH
2013-06-07,180,553,99,0,0,0.325,0.2453,CRASH
2013-06-10,528,212,88,0,0,2.491,0.7135,STRONG_BULL
2013-06-11,277,467,87,0,0,0.593,0.3723,BEAR
2013-06-13,64,729,39,0,0,0.088,0.0809,CRASH
2013-06-14,166,580,81,0,0,0.286,0.2224,CRASH
2013-06-17,593,146,87,0,0,4.062,0.8024,STRONG_BULL
2013-06-18,433,279,120,0,0,1.552,0.6082,BULL
2013-06-19,377,323,127,0,0,1.167,0.5385,BULL
2013-06-20,142,606,81,0,0,0.234,0.1896,CRASH
2013-06-21,186,591,51,0,0,0.315,0.2395,CRASH
2013-06-24,411,311,106,0,0,1.322,0.5693,BULL
2013-06-25,71,722,38,0,0,0.098,0.0893,CRASH
2013-06-26,636,117,75,0,0,5.436,0.8446,STRONG_BULL
2013-06-27,546,172,112,0,0,3.174,0.7604,STRONG_BULL
2013-06-28,397,300,131,0,0,1.323,0.5695,BULL
2013-07-01,593,159,78,0,0,3.73,0.7886,STRONG_BULL
2013-07-02,287,424,117,0,0,0.677,0.4037,BEAR
2013-07-03,170,569,92,0,0,0.299,0.2302,CRASH
2013-07-04,236,457,137,0,0,0.516,0.3404,BEAR
2013-07-05,543,174,111,0,0,3.121,0.7573,STRONG_BULL
2013-07-08,186,540,101,0,0,0.344,0.256,CRASH
2013-07-09,445,243,143,0,0,1.831,0.6468,BULL
2013-07-10,368,334,127,0,0,1.102,0.5243,BULL
2013-07-11,580,158,91,0,0,3.671,0.7859,STRONG_BULL
2013-07-12,457,251,118,0,0,1.821,0.6455,BULL
2013-07-15,491,206,129,0,0,2.383,0.7044,STRONG_BULL
2013-07-16,431,275,120,0,0,1.567,0.6104,BULL
2013-07-17,377,328,124,0,0,1.149,0.5347,BULL
2013-07-18,238,455,136,0,0,0.523,0.3434,BEAR
2013-07-19,187,546,94,0,0,0.342,0.2548,CRASH
2013-07-22,463,248,116,0,0,1.867,0.6512,BULL
2013-07-23,547,175,106,0,0,3.126,0.7576,STRONG_BULL
2013-07-24,341,354,134,0,0,0.963,0.4906,NEUTRAL
2013-07-25,325,372,128,0,0,0.874,0.4664,NEUTRAL
2013-07-26,273,437,114,0,0,0.625,0.3846,BEAR
2013-07-29,204,536,84,0,0,0.381,0.2759,CRASH
2013-07-30,480,221,123,0,0,2.172,0.6847,STRONG_BULL
2013-07-31,189,541,95,0,0,0.349,0.2587,CRASH
2013-08-01,346,331,151,0,0,1.045,0.511,BULL
2013-08-02,392,310,127,0,0,1.265,0.5585,BULL
2013-08-05,486,245,98,0,0,1.984,0.6649,BULL
2013-08-06,219,525,81,0,0,0.417,0.2943,CRASH
2013-08-07,120,643,65,0,0,0.187,0.1575,CRASH
2013-08-08,400,284,143,0,0,1.408,0.5847,BULL
2013-08-09,279,452,94,0,0,0.617,0.3816,BEAR
2013-08-12,358,394,73,0,0,0.909,0.4762,NEUTRAL
2013-08-13,524,213,91,0,0,2.46,0.711,STRONG_BULL
2013-08-14,297,415,111,0,0,0.716,0.4172,BEAR
2013-08-15,225,491,108,0,0,0.458,0.3141,CRASH
2013-08-16,344,356,126,0,0,0.966,0.4914,NEUTRAL
2013-08-19,308,407,115,0,0,0.757,0.4308,BEAR
2013-08-20,137,616,71,0,0,0.222,0.1817,CRASH
2013-08-22,341,398,85,0,0,0.857,0.4615,NEUTRAL
2013-08-23,507,206,116,0,0,2.461,0.7111,STRONG_BULL
2013-08-26,387,310,132,0,0,1.248,0.5552,BULL
2013-08-27,110,622,95,0,0,0.177,0.1504,CRASH
2013-08-28,192,542,91,0,0,0.354,0.2614,CRASH
2013-08-29,576,138,114,0,0,4.174,0.8067,STRONG_BULL
2013-08-30,548,191,89,0,0,2.869,0.7415,STRONG_BULL
2013-09-02,448,306,71,0,0,1.464,0.5942,BULL
2013-09-03,511,224,93,0,0,2.281,0.6952,STRONG_BULL
2013-09-04,325,392,104,0,0,0.829,0.4533,NEUTRAL
2013-09-05,537,182,105,0,0,2.951,0.7469,STRONG_BULL
2013-09-06,374,331,120,0,0,1.13,0.5305,BULL
2013-09-09,232,535,56,0,0,0.434,0.3026,CRASH
2013-09-10,249,466,110,0,0,0.534,0.3481,BEAR
2013-09-11,345,349,129,0,0,0.989,0.4972,NEUTRAL
2013-09-12,424,283,118,0,0,1.498,0.5997,BULL
2013-09-13,247,486,92,0,0,0.508,0.3369,BEAR
2013-09-16,513,196,121,0,0,2.617,0.7235,STRONG_BULL
2013-09-17,297,395,135,0,0,0.752,0.4292,BEAR
2013-09-18,375,334,120,0,0,1.123,0.529,BULL
2013-09-23,494,232,104,0,0,2.129,0.6804,STRONG_BULL
2013-09-24,376,329,127,0,0,1.143,0.5334,BULL
2013-09-25,436,292,106,0,0,1.493,0.5989,BULL
2013-09-26,146,607,81,0,0,0.241,0.1942,CRASH
2013-09-27,382,331,117,0,0,1.154,0.5357,BULL
2013-09-30,334,409,84,0,0,0.817,0.4496,NEUTRAL
2013-10-01,351,361,117,0,0,0.972,0.4929,NEUTRAL
2013-10-02,430,286,114,0,0,1.503,0.6005,BULL
2013-10-03,591,167,71,0,0,3.539,0.7797,STRONG_BULL
2013-10-04,362,358,105,0,0,1.011,0.5027,BULL
2013-10-07,376,367,83,0,0,1.025,0.5062,BULL
2013-10-08,330,406,93,0,0,0.813,0.4484,NEUTRAL
2013-10-09,179,583,65,0,0,0.307,0.2349,CRASH
2013-10-11,317,416,97,0,0,0.762,0.4325,BEAR
2013-10-14,155,618,59,0,0,0.251,0.2006,CRASH
2013-10-15,669,97,65,0,0,6.897,0.8734,STRONG_BULL
2013-10-16,338,399,94,0,0,0.847,0.4586,NEUTRAL
2013-10-17,481,239,111,0,0,2.013,0.6681,STRONG_BULL
2013-10-18,509,211,110,0,0,2.412,0.7069,STRONG_BULL
2013-10-21,302,420,111,0,0,0.719,0.4183,BEAR
2013-10-22,298,436,95,0,0,0.683,0.4058,BEAR
2013-10-23,250,495,87,0,0,0.505,0.3355,BEAR
2013-10-24,427,280,120,0,0,1.525,0.604,BULL
2013-10-25,263,467,101,0,0,0.563,0.3602,BEAR
2013-10-28,367,370,91,0,0,0.992,0.498,NEUTRAL
2013-10-29,345,379,110,0,0,0.91,0.4764,NEUTRAL
2013-10-30,463,243,125,0,0,1.905,0.6558,BULL
2013-10-31,291,426,109,0,0,0.683,0.4058,BEAR
2013-11-01,200,542,89,0,0,0.369,0.2695,CRASH
2013-11-04,257,502,74,0,0,0.512,0.3386,BEAR
2013-11-05,185,570,79,0,0,0.325,0.2453,CRASH
2013-11-06,298,445,89,0,0,0.67,0.4012,BEAR
2013-11-07,387,344,104,0,0,1.125,0.5294,BULL
2013-11-08,232,513,91,0,0,0.452,0.3113,CRASH
2013-11-11,300,445,89,0,0,0.674,0.4026,BEAR
2013-11-12,257,485,94,0,0,0.53,0.3464,BEAR
2013-11-13,220,528,87,0,0,0.417,0.2943,CRASH
2013-11-14,521,235,80,0,0,2.217,0.6892,STRONG_BULL
2013-11-15,414,324,96,0,0,1.278,0.561,BULL
2013-11-18,308,425,99,0,0,0.725,0.4203,BEAR
2013-11-19,537,197,101,0,0,2.726,0.7316,STRONG_BULL
2013-11-20,320,402,116,0,0,0.796,0.4432,BEAR
2013-11-21,183,591,63,1,0,0.31,0.2366,CRASH
2013-11-22,324,403,111,0,0,0.804,0.4457,NEUTRAL
2013-11-25,534,213,92,0,0,2.507,0.7149,STRONG_BULL
2013-11-26,475,272,95,0,0,1.746,0.6358,BULL
2013-11-27,432,303,110,0,0,1.426,0.5878,BULL
2013-11-28,557,185,99,0,0,3.011,0.7507,STRONG_BULL
2013-11-29,516,224,104,0,0,2.304,0.6973,STRONG_BULL
2013-12-02,376,374,98,0,0,1.005,0.5012,BULL
2013-12-03,329,404,114,0,0,0.814,0.4487,NEUTRAL
2013-12-04,361,381,106,0,0,0.948,0.4867,NEUTRAL
2013-12-05,251,499,95,1,0,0.503,0.3347,BEAR
2013-12-06,398,319,131,0,0,1.248,0.5552,BULL
2013-12-09,419,335,95,0,0,1.251,0.5558,BULL
2013-12-10,336,415,96,0,0,0.81,0.4475,NEUTRAL
2013-12-11,234,500,114,0,0,0.468,0.3188,CRASH
2013-12-12,297,454,93,0,0,0.654,0.3954,BEAR
2013-12-13,468,273,109,0,0,1.714,0.6315,BULL
2013-12-16,227,533,87,0,1,0.426,0.2987,CRASH
2013-12-17,433,284,132,0,0,1.525,0.604,BULL
2013-12-18,423,288,135,0,0,1.469,0.595,BULL
2013-12-19,388,325,133,0,0,1.194,0.5442,BULL
2013-12-20,364,372,113,0,0,0.978,0.4944,NEUTRAL
2013-12-23,467,277,106,0,0,1.686,0.6277,BULL
2013-12-24,392,356,102,0,0,1.101,0.524,BULL
2013-12-25,425,319,107,0,0,1.332,0.5712,BULL
2013-12-26,421,315,114,0,0,1.337,0.5721,BULL
2013-12-27,450,293,111,0,0,1.536,0.6057,BULL
2013-12-30,541,224,91,0,0,2.415,0.7072,STRONG_BULL
2013-12-31,345,393,118,0,0,0.878,0.4675,NEUTRAL
2014-01-02,470,295,87,0,0,1.593,0.6143,BULL
2014-01-03,320,448,88,0,0,0.714,0.4166,BEAR
2014-01-06,282,513,61,0,0,0.55,0.3548,BEAR
2014-01-07,543,224,89,0,0,2.424,0.7079,STRONG_BULL
2014-01-08,442,317,97,0,0,1.394,0.5823,BULL
2014-01-09,273,490,91,0,0,0.557,0.3577,BEAR
2014-01-10,471,274,110,0,0,1.719,0.6322,BULL
2014-01-13,373,392,90,0,0,0.952,0.4877,NEUTRAL
2014-01-14,277,491,86,0,0,0.564,0.3606,BEAR
2014-01-15,488,269,98,0,0,1.814,0.6446,BULL
2014-01-16,268,501,86,0,0,0.535,0.3485,BEAR
2014-01-17,287,456,113,1,0,0.629,0.3861,BEAR
2014-01-20,378,388,90,0,0,0.974,0.4934,NEUTRAL
2014-01-21,319,419,115,0,0,0.761,0.4321,BEAR
2014-01-22,353,380,121,0,0,0.929,0.4816,NEUTRAL
2014-01-23,279,477,99,0,0,0.585,0.3691,BEAR
2014-01-24,246,506,102,0,0,0.486,0.3271,CRASH
2014-01-27,124,672,60,0,0,0.185,0.1561,CRASH
2014-02-05,264,538,55,0,0,0.491,0.3293,CRASH
2014-02-06,527,232,99,0,0,2.272,0.6944,STRONG_BULL
2014-02-07,507,268,84,0,0,1.892,0.6542,BULL
2014-02-10,398,365,96,0,0,1.09,0.5215,BULL
2014-02-11,440,328,89,0,0,1.341,0.5728,BULL
2014-02-12,470,292,97,0,0,1.61,0.6169,BULL
2014-02-13,258,516,84,0,0,0.5,0.3333,CRASH
2014-02-14,321,435,104,0,0,0.738,0.4246,BEAR
2014-02-17,330,412,114,0,0,0.801,0.4448,NEUTRAL
2014-02-18,485,272,100,0,0,1.783,0.6407,BULL
2014-02-19,448,311,94,0,0,1.441,0.5903,BULL
2014-02-20,279,492,84,0,0,0.567,0.3618,BEAR
2014-02-21,548,205,103,0,0,2.673,0.7277,STRONG_BULL
2014-02-24,318,451,86,0,0,0.705,0.4135,BEAR
2014-02-25,377,372,108,0,0,1.013,0.5032,BULL
2014-02-26,393,366,97,0,0,1.074,0.5178,BULL
2014-02-27,458,308,92,0,0,1.487,0.5979,BULL
2014-03-03,274,523,62,0,0,0.524,0.3438,BEAR
2014-03-04,251,532,76,0,0,0.472,0.3207,CRASH
2014-03-05,545,196,117,0,0,2.781,0.7355,STRONG_BULL
2014-03-06,439,318,99,0,0,1.381,0.58,BULL
2014-03-07,197,576,86,0,0,0.342,0.2548,CRASH
2014-03-10,327,433,99,0,0,0.755,0.4302,BEAR
2014-03-11,417,345,95,0,0,1.209,0.5473,BULL
2014-03-12,323,415,119,0,0,0.778,0.4376,BEAR
2014-03-13,397,334,128,0,0,1.189,0.5432,BULL
2014-03-14,261,496,102,0,0,0.526,0.3447,BEAR
2014-03-17,471,280,106,0,0,1.682,0.6271,BULL
2014-03-18,415,324,118,0,0,1.281,0.5616,BULL
2014-03-19,206,572,78,0,0,0.36,0.2647,CRASH
2014-03-20,158,627,73,0,0,0.252,0.2013,CRASH
2014-03-21,313,463,78,0,0,0.676,0.4033,BEAR
2014-03-24,249,527,80,0,0,0.472,0.3207,CRASH
2014-03-25,695,88,72,0,0,7.898,0.8876,STRONG_BULL
2014-03-26,482,276,99,0,0,1.746,0.6358,BULL
2014-03-27,358,403,95,0,0,0.888,0.4703,NEUTRAL
2014-03-28,224,580,53,0,0,0.386,0.2785,CRASH
2014-03-31,634,152,74,0,0,4.171,0.8066,STRONG_BULL
2014-04-01,398,364,97,0,0,1.093,0.5222,BULL
2014-04-02,446,313,100,0,0,1.425,0.5876,BULL
2014-04-03,372,370,117,0,0,1.005,0.5012,BULL
2014-04-07,319,451,90,0,0,0.707,0.4142,BEAR
2014-04-08,340,401,119,0,0,0.848,0.4589,NEUTRAL
2014-04-09,511,226,121,0,0,2.261,0.6933,STRONG_BULL
2014-04-10,290,463,107,0,0,0.626,0.385,BEAR
2014-04-11,170,605,85,0,0,0.281,0.2194,CRASH
2014-04-14,148,639,67,0,0,0.232,0.1883,CRASH
2014-04-15,549,213,96,0,0,2.577,0.7204,STRONG_BULL
2014-04-16,566,202,93,0,0,2.802,0.737,STRONG_BULL
2014-04-17,413,323,124,0,0,1.279,0.5612,BULL
2014-04-18,292,462,106,0,0,0.632,0.3873,BEAR
2014-04-21,339,416,106,0,0,0.815,0.449,NEUTRAL
2014-04-22,401,352,107,0,0,1.139,0.5325,BULL
2014-04-23,235,548,79,0,0,0.429,0.3002,CRASH
2014-04-24,188,588,82,0,0,0.32,0.2424,CRASH
2014-04-25,28,802,29,0,0,0.035,0.0338,CRASH
2014-04-28,354,432,74,0,0,0.819,0.4502,NEUTRAL
2014-04-29,651,139,69,0,0,4.683,0.824,STRONG_BULL
2014-04-30,161,620,78,0,0,0.26,0.2063,CRASH
2014-05-02,616,155,86,0,0,3.974,0.799,STRONG_BULL
2014-05-05,411,333,117,0,0,1.234,0.5524,BULL
2014-05-06,434,318,108,0,0,1.365,0.5772,BULL
2014-05-07,291,470,100,0,0,0.619,0.3823,BEAR
2014-05-08,458,298,103,0,0,1.537,0.6058,BULL
2014-05-09,175,601,81,0,0,0.291,0.2254,CRASH
2014-05-12,199,579,81,0,0,0.344,0.256,CRASH
2014-05-13,233,535,92,0,0,0.436,0.3036,CRASH
2014-05-14,379,363,115,0,0,1.044,0.5108,BULL
2014-05-15,367,364,131,0,0,1.008,0.502,BULL
2014-05-16,361,397,101,0,0,0.909,0.4762,NEUTRAL
2014-05-19,470,294,96,0,0,1.599,0.6152,BULL
2014-05-20,319,426,115,0,0,0.749,0.4282,BEAR
2014-05-21,221,550,90,0,0,0.402,0.2867,CRASH
2014-05-22,397,356,162,8,0,1.115,0.5272,BULL
2014-05-23,468,275,118,0,0,1.702,0.6299,BULL
2014-05-26,480,270,110,0,0,1.778,0.64,BULL
2014-05-27,316,433,110,0,0,0.73,0.422,BEAR
2014-05-28,482,261,120,0,0,1.847,0.6488,BULL
2014-05-29,379,364,119,0,0,1.041,0.51,BULL
2014-05-30,372,379,111,0,0,0.982,0.4955,NEUTRAL
2014-06-03,297,473,90,0,0,0.628,0.3857,BEAR
2014-06-04,352,391,115,0,0,0.9,0.4737,NEUTRAL
2014-06-05,375,361,123,0,0,1.039,0.5096,BULL
2014-06-06,361,400,98,0,0,0.902,0.4742,NEUTRAL
2014-06-09,435,319,109,0,0,1.364,0.577,BULL
2014-06-10,359,397,104,0,0,0.904,0.4748,NEUTRAL
2014-06-11,395,348,115,0,0,1.135,0.5316,BULL
2014-06-12,346,395,121,0,0,0.876,0.467,NEUTRAL
2014-06-13,319,409,132,0,0,0.78,0.4382,BEAR
2014-06-16,402,359,98,0,0,1.12,0.5283,BULL
2014-06-17,352,369,143,0,0,0.954,0.4882,NEUTRAL
2014-06-18,438,334,90,0,0,1.311,0.5673,BULL
2014-06-19,427,325,111,0,0,1.314,0.5678,BULL
2014-06-20,251,520,89,0,0,0.483,0.3257,CRASH
2014-06-23,162,627,74,0,0,0.258,0.2051,CRASH
2014-06-24,526,224,113,0,0,2.348,0.7013,STRONG_BULL
2014-06-25,366,375,122,0,0,0.976,0.4939,NEUTRAL
2014-06-26,541,218,104,0,0,2.482,0.7128,STRONG_BULL
2014-06-27,306,425,130,0,0,0.72,0.4186,BEAR
2014-06-30,523,231,108,0,0,2.264,0.6936,STRONG_BULL
2014-07-01,435,306,120,0,0,1.422,0.5871,BULL
2014-07-02,222,551,88,0,0,0.403,0.2872,CRASH
2014-07-03,451,287,125,0,0,1.571,0.611,BULL
2014-07-04,346,390,125,0,0,0.887,0.4701,NEUTRAL
2014-07-07,280,475,104,0,0,0.589,0.3707,BEAR
2014-07-08,402,335,126,0,0,1.2,0.5455,BULL
2014-07-09,260,486,118,0,0,0.535,0.3485,BEAR
2014-07-10,440,308,117,0,0,1.429,0.5883,BULL
2014-07-11,124,679,59,0,0,0.183,0.1547,CRASH
2014-07-14,562,210,90,0,0,2.676,0.728,STRONG_BULL
2014-07-15,397,356,162,8,0,1.115,0.5272,BULL
2014-07-16,254,505,104,0,0,0.503,0.3347,BEAR
2014-07-17,400,334,130,0,0,1.198,0.545,BULL
2014-07-18,351,389,123,0,0,0.902,0.4742,NEUTRAL
2014-07-21,433,315,114,0,0,1.375,0.5789,BULL
2014-07-22,487,257,119,0,0,1.895,0.6546,BULL
2014-07-24,434,283,145,0,0,1.534,0.6054,BULL
2014-07-25,236,507,119,0,0,0.465,0.3174,CRASH
2014-07-28,369,395,95,0,0,0.934,0.4829,NEUTRAL
2014-07-29,204,559,98,0,0,0.365,0.2674,CRASH
2014-07-30,585,158,120,0,0,3.703,0.7874,STRONG_BULL
2014-07-31,304,427,132,0,0,0.712,0.4159,BEAR
2014-08-01,238,539,88,0,0,0.442,0.3065,CRASH
2014-08-04,424,334,103,0,0,1.269,0.5593,BULL
2014-08-05,146,635,81,0,0,0.23,0.187,CRASH
2014-08-06,135,661,65,0,0,0.204,0.1694,CRASH
2014-08-07,307,431,126,0,0,0.712,0.4159,BEAR
2014-08-08,226,551,84,0,0,0.41,0.2908,CRASH
2014-08-11,647,130,83,0,0,4.977,0.8327,STRONG_BULL
2014-08-12,252,498,109,0,0,0.506,0.336,BEAR
2014-08-13,555,220,87,0,0,2.523,0.7162,STRONG_BULL
2014-08-14,211,565,82,0,0,0.373,0.2717,CRASH
2014-08-15,268,482,108,0,0,0.556,0.3573,BEAR
2014-08-18,121,668,70,0,0,0.181,0.1533,CRASH
2014-08-19,609,159,92,0,0,3.83,0.793,STRONG_BULL
2014-08-20,369,365,124,0,0,1.011,0.5027,BULL
2014-08-21,224,528,107,0,0,0.424,0.2978,CRASH
2014-08-22,758,63,40,0,0,12.032,0.9233,STRONG_BULL
2014-08-25,523,217,125,0,0,2.41,0.7067,STRONG_BULL
2014-08-26,471,281,111,1,0,1.676,0.6263,BULL
2014-08-27,562,202,99,0,0,2.782,0.7356,STRONG_BULL
2014-08-28,327,410,124,0,0,0.798,0.4438,BEAR
2014-08-29,455,289,120,0,0,1.574,0.6115,BULL
2014-09-01,398,357,108,0,0,1.115,0.5272,BULL
2014-09-02,160,610,88,0,0,0.262,0.2076,CRASH
2014-09-03,312,428,121,0,0,0.729,0.4216,BEAR
2014-09-04,330,379,150,0,0,0.871,0.4655,NEUTRAL
2014-09-05,384,361,117,0,0,1.064,0.5155,BULL
2014-09-09,379,360,121,0,0,1.053,0.5129,BULL
2014-09-10,232,522,107,0,0,0.444,0.3075,CRASH
2014-09-11,247,492,119,0,0,0.502,0.3342,BEAR
2014-09-12,122,643,86,0,0,0.19,0.1597,CRASH
2014-09-15,251,487,116,0,0,0.515,0.3399,BEAR
2014-09-16,167,603,87,0,0,0.277,0.2169,CRASH
2014-09-17,479,260,122,0,0,1.842,0.6481,BULL
2014-09-18,432,303,121,0,0,1.426,0.5878,BULL
2014-09-19,518,235,101,0,0,2.204,0.6879,STRONG_BULL
2014-09-22,182,601,73,0,0,0.303,0.2325,CRASH
2014-09-23,239,511,109,0,0,0.468,0.3188,CRASH
2014-09-24,450,296,114,0,0,1.52,0.6032,BULL
2014-09-25,97,706,56,0,0,0.137,0.1205,CRASH
2014-09-26,205,551,101,0,1,0.372,0.2711,CRASH
2014-09-29,373,362,121,0,0,1.03,0.5074,BULL
2014-09-30,431,337,89,0,0,1.279,0.5612,BULL
2014-10-01,337,417,102,0,0,0.808,0.4469,NEUTRAL
2014-10-02,341,402,111,0,0,0.848,0.4589,NEUTRAL
2014-10-03,612,151,96,0,0,4.053,0.8021,STRONG_BULL
2014-10-06,369,376,111,0,0,0.981,0.4952,NEUTRAL
2014-10-07,134,643,82,0,0,0.208,0.1722,CRASH
2014-10-08,153,617,86,0,0,0.248,0.1987,CRASH
2014-10-09,228,531,96,0,0,0.429,0.3002,CRASH
2014-10-13,38,797,18,0,0,0.048,0.0458,CRASH
2014-10-14,408,366,81,0,0,1.115,0.5272,BULL
2014-10-15,103,709,44,0,0,0.145,0.1266,CRASH
2014-10-16,248,527,81,0,0,0.471,0.3202,CRASH
2014-10-17,142,666,51,0,0,0.213,0.1756,CRASH
2014-10-20,666,136,61,0,0,4.897,0.8304,STRONG_BULL
2014-10-21,363,403,91,0,0,0.901,0.474,NEUTRAL
2014-10-22,601,177,81,0,0,3.395,0.7725,STRONG_BULL
2014-10-23,248,517,95,0,0,0.48,0.3243,CRASH
2014-10-24,116,681,62,0,0,0.17,0.1453,CRASH
2014-10-27,100,706,53,0,0,0.142,0.1243,CRASH
2014-10-28,777,47,38,0,0,16.532,0.943,STRONG_BULL
2014-10-29,752,70,36,0,0,10.743,0.9148,STRONG_BULL
2014-10-30,356,388,110,0,0,0.918,0.4786,NEUTRAL
2014-10-31,657,117,81,0,0,5.615,0.8488,STRONG_BULL
2014-11-03,507,269,85,0,0,1.885,0.6534,BULL
2014-11-04,273,470,121,0,0,0.581,0.3675,BEAR
2014-11-05,303,466,92,0,0,0.65,0.3939,BEAR
2014-11-06,146,616,96,0,0,0.237,0.1916,CRASH
2014-11-07,567,187,108,0,0,3.032,0.752,STRONG_BULL
2014-11-10,496,261,105,0,0,1.9,0.6552,BULL
2014-11-11,357,404,102,0,0,0.884,0.4692,NEUTRAL
2014-11-12,160,627,74,0,0,0.255,0.2032,CRASH
2014-11-13,386,361,115,0,0,1.069,0.5167,BULL
2014-11-14,374,367,120,0,0,1.019,0.5047,BULL
2014-11-17,140,652,67,0,0,0.215,0.177,CRASH
2014-11-18,151,621,92,0,0,0.243,0.1955,CRASH
2014-11-19,515,235,111,0,0,2.191,0.6866,STRONG_BULL
2014-11-20,615,162,84,0,0,3.796,0.7915,STRONG_BULL
2014-11-21,493,267,100,0,0,1.846,0.6486,BULL
2014-11-24,414,335,112,0,0,1.236,0.5528,BULL
2014-11-25,330,403,130,0,0,0.819,0.4502,NEUTRAL
2014-11-26,372,365,126,0,0,1.019,0.5047,BULL
2014-11-27,331,401,129,0,0,0.825,0.4521,NEUTRAL
2014-11-28,324,414,124,0,0,0.783,0.4391,BEAR
2014-12-01,300,471,92,0,0,0.637,0.3891,BEAR
2014-12-02,459,318,84,0,0,1.443,0.5907,BULL
2014-12-03,756,64,46,0,0,11.812,0.9219,STRONG_BULL
2014-12-04,451,323,90,0,0,1.396,0.5826,BULL
2014-12-05,488,266,109,0,0,1.835,0.6473,BULL
2014-12-08,374,399,91,0,0,0.937,0.4837,NEUTRAL
2014-12-09,214,550,101,0,0,0.389,0.2801,CRASH
2014-12-10,188,605,71,0,0,0.311,0.2372,CRASH
2014-12-11,335,418,111,0,0,0.801,0.4448,NEUTRAL
2014-12-12,491,248,123,0,0,1.98,0.6644,BULL
2014-12-15,280,467,114,0,0,0.6,0.375,BEAR
2014-12-16,451,322,91,0,0,1.401,0.5835,BULL
2014-12-17,147,642,78,0,0,0.229,0.1863,CRASH
2014-12-18,386,334,146,0,0,1.156,0.5362,BULL
2014-12-19,355,417,94,0,0,0.851,0.4598,NEUTRAL
2014-12-22,610,162,96,0,0,3.765,0.7901,STRONG_BULL
2014-12-23,480,259,126,0,0,1.853,0.6495,BULL
2014-12-24,626,144,97,0,0,4.347,0.813,STRONG_BULL
2014-12-25,333,412,120,0,0,0.808,0.4469,NEUTRAL
2014-12-26,496,235,135,0,0,2.111,0.6786,STRONG_BULL
2014-12-29,380,372,116,0,0,1.022,0.5054,BULL
2014-12-30,256,473,138,0,0,0.541,0.3511,BEAR
2014-12-31,448,268,152,0,0,1.672,0.6257,BULL
2015-01-05,387,399,83,0,0,0.97,0.4924,NEUTRAL
2015-01-06,110,723,35,0,0,0.152,0.1319,CRASH
2015-01-07,486,259,126,0,0,1.876,0.6523,BULL
2015-01-08,523,237,109,0,0,2.207,0.6882,STRONG_BULL
2015-01-09,430,327,109,0,0,1.315,0.568,BULL
2015-01-12,258,503,106,0,0,0.513,0.3391,BEAR
2015-01-13,472,299,98,0,0,1.579,0.6123,BULL
2015-01-14,307,437,124,0,0,0.703,0.4128,BEAR
2015-01-15,263,514,92,0,0,0.512,0.3386,BEAR
2015-01-16,120,687,61,0,0,0.175,0.1489,CRASH
2015-01-19,274,495,97,0,0,0.554,0.3565,BEAR
2015-01-20,684,98,88,0,0,6.98,0.8747,STRONG_BULL
2015-01-21,405,348,112,0,0,1.164,0.5379,BULL
2015-01-22,562,201,105,0,0,2.796,0.7366,STRONG_BULL
2015-01-23,355,374,140,0,0,0.949,0.4869,NEUTRAL
2015-01-26,283,491,96,0,0,0.576,0.3655,BEAR
2015-01-27,443,284,141,0,0,1.56,0.6094,BULL
2015-01-28,335,392,137,0,0,0.855,0.4609,NEUTRAL
2015-01-29,279,468,123,0,0,0.596,0.3734,BEAR
2015-01-30,257,469,137,0,0,0.548,0.354,BEAR
2015-02-02,234,528,104,0,0,0.443,0.307,CRASH
2015-02-03,451,282,134,0,0,1.599,0.6152,BULL
2015-02-04,373,344,152,0,0,1.084,0.5202,BULL
2015-02-05,335,401,133,0,0,0.835,0.455,NEUTRAL
2015-02-06,266,471,129,0,0,0.565,0.361,BEAR
2015-02-09,259,481,129,0,0,0.538,0.3498,BEAR
2015-02-10,330,424,116,0,0,0.778,0.4376,BEAR
2015-02-11,311,429,125,0,0,0.725,0.4203,BEAR
2015-02-12,301,424,139,0,0,0.71,0.4152,BEAR
2015-02-13,425,299,147,0,0,1.421,0.5869,BULL
2015-02-24,580,199,93,0,0,2.915,0.7446,STRONG_BULL
2015-02-25,466,282,121,0,0,1.652,0.6229,BULL
2015-02-26,658,332,90,44,2,1.982,0.6647,BULL
2015-03-02,307,451,112,0,0,0.681,0.4051,BEAR
2015-03-03,336,408,128,0,0,0.824,0.4518,NEUTRAL
2015-03-04,346,391,128,0,0,0.885,0.4695,NEUTRAL
2015-03-05,407,324,139,0,0,1.256,0.5567,BULL
2015-03-06,499,247,123,0,0,2.02,0.6689,STRONG_BULL
2015-03-09,290,469,110,0,0,0.618,0.382,BEAR
2015-03-10,267,496,105,0,0,0.538,0.3498,BEAR
2015-03-11,211,575,85,0,0,0.367,0.2685,CRASH
2015-03-12,513,238,118,0,0,2.155,0.683,STRONG_BULL
2015-03-13,377,353,139,0,0,1.068,0.5164,BULL
2015-03-16,325,431,113,0,0,0.754,0.4299,BEAR
2015-03-17,301,444,123,0,0,0.678,0.4041,BEAR
2015-03-18,448,308,113,0,0,1.455,0.5927,BULL
2015-03-19,537,220,115,0,0,2.441,0.7094,STRONG_BULL
2015-03-20,389,370,110,0,0,1.051,0.5124,BULL
2015-03-23,354,385,131,0,0,0.919,0.4789,NEUTRAL
2015-03-24,338,424,111,1,0,0.797,0.4435,BEAR
2015-03-25,209,569,95,0,0,0.367,0.2685,CRASH
2015-03-26,363,397,114,0,0,0.914,0.4775,NEUTRAL
2015-03-27,318,452,102,0,0,0.704,0.4131,BEAR
2015-03-30,253,521,99,0,0,0.486,0.3271,CRASH
2015-03-31,471,301,101,0,0,1.565,0.6101,BULL
2015-04-01,222,568,80,0,0,0.391,0.2811,CRASH
2015-04-02,515,245,113,0,0,2.102,0.6776,STRONG_BULL
2015-04-07,506,281,83,0,0,1.801,0.643,BULL
2015-04-08,336,445,90,0,0,0.755,0.4302,BEAR
2015-04-09,321,451,99,2,0,0.712,0.4159,BEAR
2015-04-10,360,425,86,1,0,0.847,0.4586,NEUTRAL
2015-04-13,468,297,108,2,0,1.576,0.6118,BULL
2015-04-14,443,321,108,1,0,1.38,0.5798,BULL
2015-04-15,188,607,79,0,2,0.31,0.2366,CRASH
2015-04-16,435,326,115,0,0,1.334,0.5716,BULL
2015-04-17,328,452,96,0,0,0.726,0.4206,BEAR
2015-04-20,206,581,87,0,1,0.355,0.262,CRASH
2015-04-21,148,646,81,1,0,0.229,0.1863,CRASH
2015-04-22,462,306,104,0,0,1.51,0.6016,BULL
2015-04-23,610,178,88,0,0,3.427,0.7741,STRONG_BULL
2015-04-24,489,290,95,0,0,1.686,0.6277,BULL
2015-04-27,519,254,100,0,0,2.043,0.6714,STRONG_BULL
2015-04-28,351,417,108,0,0,0.842,0.4571,NEUTRAL
2015-04-29,335,441,98,0,1,0.76,0.4318,BEAR
2015-04-30,517,265,92,0,0,1.951,0.6611,BULL
2015-05-04,243,545,84,0,0,0.446,0.3084,CRASH
2015-05-05,263,525,88,0,0,0.501,0.3338,BEAR
2015-05-06,466,298,109,0,0,1.564,0.61,BULL
2015-05-07,169,627,78,0,0,0.27,0.2126,CRASH
2015-05-08,272,502,99,0,0,0.542,0.3515,BEAR
2015-05-11,159,660,55,0,0,0.241,0.1942,CRASH
2015-05-12,389,395,90,0,0,0.985,0.4962,NEUTRAL
2015-05-13,461,318,94,0,0,1.45,0.5918,BULL
2015-05-14,202,571,100,0,0,0.354,0.2614,CRASH
2015-05-15,254,537,83,0,0,0.473,0.3211,CRASH
2015-05-18,260,547,68,0,0,0.475,0.322,CRASH
2015-05-19,581,218,78,0,0,2.665,0.7271,STRONG_BULL
2015-05-20,338,454,84,0,0,0.744,0.4266,BEAR
2015-05-21,334,450,97,6,0,0.742,0.4259,BEAR
2015-05-22,456,313,106,0,0,1.457,0.593,BULL
2015-05-25,277,513,87,0,0,0.54,0.3506,BEAR
2015-05-26,395,387,92,0,0,1.021,0.5052,BULL
2015-05-27,420,336,119,0,0,1.25,0.5556,BULL
2015-05-28,483,287,104,0,0,1.683,0.6273,BULL
2015-05-29,347,439,90,0,0,0.79,0.4413,BEAR
2015-06-01,306,489,75,11,1,0.626,0.385,BEAR
2015-06-02,321,438,113,10,1,0.733,0.423,BEAR
2015-06-03,156,634,86,8,2,0.246,0.1974,CRASH
2015-06-04,61,784,32,1,11,0.078,0.0724,CRASH
2015-06-05,252,574,50,3,3,0.439,0.3051,CRASH
2015-06-08,321,484,70,1,15,0.663,0.3987,BEAR
2015-06-09,72,779,26,4,100,0.092,0.0842,CRASH
2015-06-10,700,122,55,16,3,5.738,0.8516,STRONG_BULL
2015-06-11,279,506,91,8,1,0.551,0.3553,BEAR
2015-06-12,425,354,97,11,4,1.201,0.5457,BULL
2015-06-15,397,386,92,13,1,1.028,0.5069,BULL
2015-06-16,174,634,69,5,4,0.274,0.2151,CRASH
2015-06-17,379,398,101,11,1,0.952,0.4877,NEUTRAL
2015-06-18,603,200,71,12,1,3.015,0.7509,STRONG_BULL
2015-06-22,526,258,90,14,0,2.039,0.6709,STRONG_BULL
2015-06-23,486,287,104,10,0,1.693,0.6287,BULL
2015-06-24,330,444,102,7,0,0.743,0.4263,BEAR
2015-06-25,494,269,112,12,0,1.836,0.6474,BULL
2015-06-26,362,391,123,6,0,0.926,0.4808,NEUTRAL
2015-06-29,69,759,48,2,5,0.091,0.0834,CRASH
2015-06-30,562,211,105,8,0,2.664,0.7271,STRONG_BULL
2015-07-01,608,174,93,8,0,3.494,0.7775,STRONG_BULL
2015-07-02,372,382,120,8,0,0.974,0.4934,NEUTRAL
2015-07-03,302,456,120,6,0,0.662,0.3983,BEAR
2015-07-06,136,652,88,4,6,0.209,0.1729,CRASH
2015-07-07,458,297,122,2,2,1.542,0.6066,BULL
2015-07-08,46,783,49,2,19,0.059,0.0557,CRASH
2015-07-09,228,544,103,4,1,0.419,0.2953,CRASH
2015-07-13,649,152,76,19,0,4.27,0.8102,STRONG_BULL
2015-07-14,330,416,135,2,0,0.793,0.4423,BEAR
2015-07-15,303,433,141,2,1,0.7,0.4118,BEAR
2015-07-16,434,317,129,4,0,1.369,0.5779,BULL
2015-07-17,314,442,120,2,0,0.71,0.4152,BEAR
2015-07-20,213,551,112,3,3,0.387,0.279,CRASH
2015-07-21,265,496,115,0,3,0.534,0.3481,BEAR
2015-07-22,201,562,114,1,2,0.358,0.2636,CRASH
2015-07-23,236,547,97,2,8,0.431,0.3012,CRASH
2015-07-24,244,528,105,0,6,0.462,0.316,CRASH
2015-07-27,44,805,30,0,94,0.055,0.0521,CRASH
2015-07-28,468,330,83,7,2,1.418,0.5864,BULL
2015-07-29,346,416,115,3,6,0.832,0.4541,NEUTRAL
2015-07-30,608,173,101,5,2,3.514,0.7785,STRONG_BULL
2015-07-31,250,525,101,2,5,0.476,0.3225,CRASH
2015-08-03,134,665,80,3,9,0.202,0.1681,CRASH
2015-08-04,198,592,90,2,31,0.334,0.2504,CRASH
2015-08-05,664,141,76,9,3,4.709,0.8248,STRONG_BULL
2015-08-06,219,544,114,2,5,0.403,0.2872,CRASH
2015-08-07,479,279,116,7,5,1.717,0.6319,BULL
2015-08-10,632,162,80,22,0,3.901,0.796,STRONG_BULL
2015-08-11,189,603,88,2,7,0.313,0.2384,CRASH
2015-08-12,278,510,91,2,2,0.545,0.3528,BEAR
2015-08-13,490,283,104,5,1,1.731,0.6338,BULL
2015-08-14,420,369,90,5,2,1.138,0.5323,BULL
2015-08-17,199,572,107,4,10,0.348,0.2582,CRASH
2015-08-18,236,554,87,4,2,0.426,0.2987,CRASH
2015-08-19,69,774,35,2,15,0.089,0.0817,CRASH
2015-08-20,505,304,71,6,2,1.661,0.6242,BULL
2015-08-21,45,814,18,2,40,0.055,0.0521,CRASH
2015-08-24,22,839,23,1,271,0.026,0.0253,CRASH
2015-08-25,588,222,71,23,5,2.649,0.726,STRONG_BULL
2015-08-26,612,181,88,23,1,3.381,0.7717,STRONG_BULL
2015-08-27,696,115,69,30,0,6.052,0.8582,STRONG_BULL
2015-08-28,767,69,45,30,0,11.116,0.9175,STRONG_BULL
2015-08-31,504,276,100,22,1,1.826,0.6461,BULL
2015-09-01,420,349,111,7,0,1.203,0.5461,BULL
2015-09-02,420,333,126,10,0,1.261,0.5577,BULL
2015-09-03,666,126,86,16,0,5.286,0.8409,STRONG_BULL
2015-09-04,189,598,90,8,1,0.316,0.2401,CRASH
2015-09-07,406,349,119,6,1,1.163,0.5377,BULL
2015-09-08,484,273,120,8,0,1.773,0.6394,BULL
2015-09-09,809,36,34,16,0,22.472,0.9574,STRONG_BULL
2015-09-10,516,261,96,5,0,1.977,0.6641,BULL
2015-09-11,450,331,95,7,1,1.36,0.5763,BULL
2015-09-14,294,466,119,13,1,0.631,0.3869,BEAR
2015-09-15,257,503,121,5,1,0.511,0.3382,BEAR
2015-09-16,524,259,94,10,1,2.023,0.6692,STRONG_BULL
2015-09-17,655,136,88,12,0,4.816,0.8281,STRONG_BULL
2015-09-18,558,212,104,15,1,2.632,0.7247,STRONG_BULL
2015-09-21,133,695,51,8,0,0.191,0.1604,CRASH
2015-09-22,560,234,84,11,0,2.393,0.7053,STRONG_BULL
2015-09-23,120,705,54,5,3,0.17,0.1453,CRASH
2015-09-24,167,640,68,2,1,0.261,0.207,CRASH
2015-09-25,450,296,129,9,1,1.52,0.6032,BULL
2015-09-30,341,424,110,11,1,0.804,0.4457,NEUTRAL
2015-10-01,685,128,65,11,1,5.352,0.8426,STRONG_BULL
2015-10-02,423,333,121,8,1,1.27,0.5595,BULL
2015-10-05,631,166,81,19,1,3.801,0.7917,STRONG_BULL
2015-10-06,392,382,105,11,0,1.026,0.5064,BULL
2015-10-07,579,190,106,17,2,3.047,0.7529,STRONG_BULL
2015-10-08,201,577,96,3,5,0.348,0.2582,CRASH
2015-10-12,536,261,83,13,0,2.054,0.6726,STRONG_BULL
2015-10-13,488,293,97,15,1,1.666,0.6249,BULL
2015-10-14,413,352,109,8,1,1.173,0.5398,BULL
2015-10-15,459,287,130,6,0,1.599,0.6152,BULL
2015-10-16,455,329,95,11,0,1.383,0.5804,BULL
2015-10-19,453,329,95,18,0,1.377,0.5793,BULL
2015-10-20,517,251,104,19,0,2.06,0.6732,STRONG_BULL
2015-10-21,324,453,97,15,0,0.715,0.4169,BEAR
2015-10-22,383,375,122,14,1,1.021,0.5052,BULL
2015-10-23,413,357,110,8,1,1.157,0.5364,BULL
2015-10-26,548,222,107,9,1,2.468,0.7116,STRONG_BULL
2015-10-27,287,484,108,10,3,0.593,0.3723,BEAR
2015-10-28,290,486,103,7,0,0.597,0.3738,BEAR
2015-10-29,167,635,78,5,2,0.263,0.2082,CRASH
2015-10-30,345,446,92,7,0,0.774,0.4363,BEAR
2015-11-02,468,298,114,8,0,1.57,0.6109,BULL
2015-11-03,569,213,99,9,1,2.671,0.7276,STRONG_BULL
2015-11-04,624,163,97,10,0,3.828,0.7929,STRONG_BULL
2015-11-05,432,335,116,12,0,1.29,0.5633,BULL
2015-11-06,159,659,61,3,0,0.241,0.1942,CRASH
2015-11-09,159,652,69,4,2,0.244,0.1961,CRASH
2015-11-10,251,549,84,2,4,0.457,0.3137,CRASH
2015-11-11,117,697,66,4,5,0.168,0.1438,CRASH
2015-11-12,355,421,109,2,2,0.843,0.4574,NEUTRAL
2015-11-13,211,597,79,5,3,0.353,0.2609,CRASH
2015-11-16,271,547,65,8,7,0.495,0.3311,CRASH
2015-11-17,673,149,66,12,4,4.517,0.8187,STRONG_BULL
2015-11-18,264,548,77,4,6,0.482,0.3252,CRASH
2015-11-19,608,186,91,15,5,3.269,0.7658,STRONG_BULL
2015-11-20,352,414,116,16,2,0.85,0.4595,NEUTRAL
2015-11-23,389,393,97,12,2,0.99,0.4975,NEUTRAL
2015-11-24,170,613,102,5,3,0.277,0.2169,CRASH
2015-11-25,215,584,88,10,1,0.368,0.269,CRASH
2015-11-26,595,188,102,8,0,3.165,0.7599,STRONG_BULL
2015-11-27,237,541,106,7,1,0.438,0.3046,CRASH
2015-11-30,168,647,70,4,2,0.26,0.2063,CRASH
2015-12-01,659,138,89,12,0,4.775,0.8268,STRONG_BULL
2015-12-02,396,376,111,15,0,1.053,0.5129,BULL
2015-12-03,378,368,137,6,1,1.027,0.5067,BULL
2015-12-04,314,464,104,10,0,0.677,0.4037,BEAR
2015-12-07,453,316,112,17,0,1.434,0.5892,BULL
2015-12-08,165,649,71,3,1,0.254,0.2026,CRASH
2015-12-09,116,710,57,1,8,0.163,0.1402,CRASH
2015-12-10,322,480,77,7,2,0.671,0.4016,BEAR
2015-12-11,143,661,77,4,6,0.216,0.1776,CRASH
2015-12-14,211,596,73,2,0,0.354,0.2614,CRASH
2015-12-15,568,218,100,9,0,2.606,0.7227,STRONG_BULL
2015-12-16,602,184,98,12,1,3.272,0.7659,STRONG_BULL
2015-12-17,641,158,86,6,0,4.057,0.8023,STRONG_BULL
2015-12-18,334,450,97,6,0,0.742,0.4259,BEAR
2015-12-21,493,291,104,16,1,1.694,0.6288,BULL
2015-12-22,318,453,116,5,1,0.702,0.4125,BEAR
2015-12-23,418,357,112,4,1,1.171,0.5394,BULL
2015-12-24,308,471,103,7,0,0.654,0.3954,BEAR
2015-12-25,552,207,125,6,1,2.667,0.7273,STRONG_BULL
2015-12-28,316,462,107,5,0,0.684,0.4062,BEAR
2015-12-29,240,527,118,3,1,0.455,0.3127,CRASH
2015-12-30,372,399,114,3,1,0.932,0.4824,NEUTRAL
2015-12-31,481,255,148,3,1,1.886,0.6535,BULL
2016-01-04,118,720,44,6,2,0.164,0.1409,CRASH
2016-01-05,225,563,92,2,0,0.4,0.2857,CRASH
2016-01-06,171,629,88,3,1,0.272,0.2138,CRASH
2016-01-07,93,755,39,0,10,0.123,0.1095,CRASH
2016-01-08,661,143,81,7,1,4.622,0.8221,STRONG_BULL
2016-01-11,126,710,51,1,4,0.177,0.1504,CRASH
2016-01-12,213,588,86,2,8,0.362,0.2658,CRASH
2016-01-13,503,272,113,4,3,1.849,0.649,BULL
2016-01-14,133,681,67,2,3,0.195,0.1632,CRASH
2016-01-15,352,412,119,4,0,0.854,0.4606,NEUTRAL
2016-01-18,700,137,48,27,0,5.109,0.8363,STRONG_BULL
2016-01-19,546,238,101,5,0,2.294,0.6964,STRONG_BULL
2016-01-20,106,730,51,1,2,0.145,0.1266,CRASH
2016-01-21,285,476,118,4,1,0.599,0.3746,BEAR
2016-01-22,492,254,137,5,1,1.937,0.6595,BULL
2016-01-25,713,89,83,8,1,8.011,0.889,STRONG_BULL
2016-01-26,231,537,112,2,0,0.43,0.3007,CRASH
2016-01-27,353,414,115,4,0,0.853,0.4603,NEUTRAL
2016-01-28,547,211,127,8,2,2.592,0.7216,STRONG_BULL
2016-01-29,633,178,78,7,4,3.556,0.7805,STRONG_BULL
2016-02-01,340,437,110,4,1,0.778,0.4376,BEAR
2016-02-02,372,389,126,5,1,0.956,0.4888,NEUTRAL
2016-02-03,197,574,118,2,1,0.343,0.2554,CRASH
2016-02-15,473,348,68,17,2,1.359,0.5761,BULL
2016-02-16,686,136,68,12,0,5.044,0.8345,STRONG_BULL
2016-02-17,385,393,112,5,1,0.98,0.4949,NEUTRAL
2016-02-18,579,197,111,11,0,2.939,0.7461,STRONG_BULL
2016-02-19,411,349,124,9,0,1.178,0.5409,BULL
2016-02-22,431,333,128,5,2,1.294,0.5641,BULL
2016-02-23,536,247,106,11,0,2.17,0.6845,STRONG_BULL
2016-02-24,225,586,74,8,2,0.384,0.2775,CRASH
2016-02-25,507,265,113,9,1,1.913,0.6567,BULL
2016-02-26,560,206,121,4,0,2.718,0.731,STRONG_BULL
2016-03-01,588,207,93,12,0,2.841,0.7397,STRONG_BULL
2016-03-02,525,253,109,9,1,2.075,0.6748,STRONG_BULL
2016-03-03,453,346,87,8,2,1.309,0.5669,BULL
2016-03-04,570,215,102,15,1,2.651,0.7261,STRONG_BULL
2016-03-07,449,345,93,19,0,1.301,0.5654,BULL
2016-03-08,369,413,108,16,1,0.893,0.4717,NEUTRAL
2016-03-09,294,506,82,8,3,0.581,0.3675,BEAR
2016-03-10,439,340,110,16,0,1.291,0.5635,BULL
2016-03-11,447,331,106,9,0,1.35,0.5745,BULL
2016-03-14,479,302,106,22,0,1.586,0.6133,BULL
2016-03-15,91,750,49,4,3,0.121,0.1079,CRASH
2016-03-16,687,127,74,12,1,5.409,0.844,STRONG_BULL
2016-03-17,261,519,110,11,1,0.503,0.3347,BEAR
2016-03-18,532,265,90,7,0,2.008,0.6676,STRONG_BULL
2016-03-21,431,354,100,11,2,1.218,0.5491,BULL
2016-03-22,275,493,123,4,3,0.558,0.3582,BEAR
2016-03-23,309,485,97,8,0,0.637,0.3891,BEAR
2016-03-24,257,538,96,2,1,0.478,0.3234,CRASH
2016-03-25,337,449,104,10,1,0.751,0.4289,BEAR
2016-03-28,238,540,111,4,1,0.441,0.306,CRASH
2016-03-29,118,711,60,0,4,0.166,0.1424,CRASH
2016-03-30,675,149,67,7,0,4.53,0.8192,STRONG_BULL
2016-03-31,365,414,111,7,3,0.882,0.4687,NEUTRAL
2016-04-01,337,447,106,5,4,0.754,0.4299,BEAR
2016-04-06,257,559,76,7,3,0.46,0.3151,CRASH
2016-04-07,288,499,103,6,1,0.577,0.3659,BEAR
2016-04-08,434,335,118,7,2,1.296,0.5645,BULL
2016-04-11,329,447,107,11,3,0.736,0.424,BEAR
2016-04-12,178,624,91,4,4,0.285,0.2218,CRASH
2016-04-13,607,180,101,7,1,3.372,0.7713,STRONG_BULL
2016-04-14,486,284,120,8,0,1.711,0.6311,BULL
2016-04-15,377,408,102,5,1,0.924,0.4802,NEUTRAL
2016-04-18,292,470,124,10,0,0.621,0.3831,BEAR
2016-04-19,360,409,119,1,1,0.88,0.4681,NEUTRAL
2016-04-20,132,678,81,1,1,0.195,0.1632,CRASH
2016-04-21,389,384,112,5,1,1.013,0.5032,BULL
2016-04-22,190,602,91,0,3,0.316,0.2401,CRASH
2016-04-25,333,423,132,4,3,0.787,0.4404,BEAR
2016-04-26,469,309,110,5,0,1.518,0.6029,BULL
2016-04-27,269,489,128,3,1,0.55,0.3548,BEAR
2016-04-28,189,586,113,3,0,0.323,0.2441,CRASH
2016-04-29,177,633,77,2,3,0.28,0.2188,CRASH
2016-05-03,194,612,81,2,5,0.317,0.2407,CRASH
2016-05-04,159,649,78,2,2,0.245,0.1968,CRASH
2016-05-05,397,381,105,5,6,1.042,0.5103,BULL
2016-05-06,312,454,121,1,3,0.687,0.4072,BEAR
2016-05-09,261,509,118,2,7,0.513,0.3391,BEAR
2016-05-10,501,296,92,8,4,1.693,0.6287,BULL
2016-05-11,247,537,103,6,7,0.46,0.3151,CRASH
2016-05-12,186,602,96,3,5,0.309,0.2361,CRASH
2016-05-13,230,561,96,3,7,0.41,0.2908,CRASH
2016-05-16,362,421,99,2,3,0.86,0.4624,NEUTRAL
2016-05-17,602,182,104,7,1,3.308,0.7679,STRONG_BULL
2016-05-18,333,433,116,3,3,0.769,0.4347,BEAR
2016-05-19,208,555,120,3,2,0.375,0.2727,CRASH
2016-05-20,491,254,139,0,1,1.933,0.6591,BULL
2016-05-23,766,65,60,9,0,11.785,0.9218,STRONG_BULL
2016-05-24,325,439,121,2,1,0.74,0.4253,BEAR
2016-05-25,602,188,97,7,2,3.202,0.762,STRONG_BULL
2016-05-26,420,339,125,6,1,1.239,0.5534,BULL
2016-05-27,521,255,111,6,0,2.043,0.6714,STRONG_BULL
2016-05-30,539,233,114,8,1,2.313,0.6982,STRONG_BULL
2016-05-31,345,420,123,6,2,0.821,0.4509,NEUTRAL
2016-06-01,520,248,120,9,0,2.097,0.6771,STRONG_BULL
2016-06-02,215,587,90,2,3,0.366,0.2679,CRASH
2016-06-03,356,389,143,4,1,0.915,0.4778,NEUTRAL
2016-06-06,248,517,126,1,1,0.48,0.3243,CRASH
2016-06-07,519,244,127,6,2,2.127,0.6802,STRONG_BULL
2016-06-08,368,382,141,2,0,0.963,0.4906,NEUTRAL
2016-06-13,108,730,52,3,4,0.148,0.1289,CRASH
2016-06-14,519,250,121,4,3,2.076,0.6749,STRONG_BULL
2016-06-15,431,301,162,4,0,1.432,0.5888,BULL
2016-06-16,188,574,128,3,0,0.328,0.247,CRASH
2016-06-17,521,240,130,2,0,2.171,0.6846,STRONG_BULL
2016-06-20,578,183,130,8,1,3.158,0.7595,STRONG_BULL
2016-06-21,466,277,149,6,2,1.682,0.6271,BULL
2016-06-22,430,317,145,5,0,1.356,0.5756,BULL
2016-06-23,271,457,163,5,1,0.593,0.3723,BEAR
2016-06-24,46,798,44,4,0,0.058,0.0548,CRASH
2016-06-27,584,203,100,5,0,2.877,0.7421,STRONG_BULL
2016-06-28,497,250,143,9,1,1.988,0.6653,BULL
2016-06-29,600,172,118,4,1,3.488,0.7772,STRONG_BULL
2016-06-30,520,219,151,7,1,2.374,0.7036,STRONG_BULL
2016-07-01,445,308,138,6,0,1.445,0.591,BULL
2016-07-04,510,254,126,9,1,2.008,0.6676,STRONG_BULL
2016-07-05,379,387,125,13,1,0.979,0.4947,NEUTRAL
2016-07-06,142,663,83,6,0,0.214,0.1763,CRASH
2016-07-07,464,250,174,7,2,1.856,0.6499,BULL
2016-07-11,492,281,116,11,6,1.751,0.6365,BULL
2016-07-12,403,358,128,5,3,1.126,0.5296,BULL
2016-07-13,494,257,139,7,2,1.922,0.6578,BULL
2016-07-14,464,291,135,5,0,1.595,0.6146,BULL
2016-07-15,497,273,118,5,1,1.821,0.6455,BULL
2016-07-18,508,244,137,9,0,2.082,0.6755,STRONG_BULL
2016-07-19,428,330,131,8,0,1.297,0.5646,BULL
2016-07-20,304,442,145,6,1,0.688,0.4076,BEAR
2016-07-21,570,188,133,10,2,3.032,0.752,STRONG_BULL
2016-07-22,316,451,118,3,1,0.701,0.4121,BEAR
2016-07-25,219,546,125,1,0,0.401,0.2862,CRASH
2016-07-26,429,317,145,6,0,1.353,0.575,BULL
2016-07-27,343,408,140,4,0,0.841,0.4568,NEUTRAL
2016-07-28,340,401,151,4,0,0.848,0.4589,NEUTRAL
2016-07-29,313,445,136,2,0,0.703,0.4128,BEAR
2016-08-01,520,228,144,5,0,2.281,0.6952,STRONG_BULL
2016-08-02,408,344,135,3,0,1.186,0.5425,BULL
2016-08-03,241,523,124,1,0,0.461,0.3155,CRASH
2016-08-04,396,334,157,7,1,1.186,0.5425,BULL
2016-08-05,469,280,137,7,1,1.675,0.6262,BULL
2016-08-08,414,334,141,12,0,1.24,0.5536,BULL
2016-08-09,377,384,144,4,1,0.982,0.4955,NEUTRAL
2016-08-10,363,407,117,8,2,0.892,0.4715,NEUTRAL
2016-08-11,232,562,98,2,2,0.413,0.2923,CRASH
2016-08-12,417,337,138,7,1,1.237,0.553,BULL
2016-08-15,385,396,111,7,2,0.972,0.4929,NEUTRAL
2016-08-16,354,408,125,5,1,0.868,0.4647,NEUTRAL
2016-08-17,427,364,105,6,1,1.173,0.5398,BULL
2016-08-18,397,356,162,8,0,1.115,0.5272,BULL
2016-08-19,214,585,90,3,0,0.366,0.2679,CRASH
2016-08-22,190,614,92,1,0,0.309,0.2361,CRASH
2016-08-23,476,283,127,5,1,1.682,0.6271,BULL
2016-08-24,397,356,162,8,0,1.115,0.5272,BULL
2016-08-25,536,210,145,11,0,2.552,0.7185,STRONG_BULL
2016-08-26,410,351,132,5,0,1.168,0.5387,BULL
2016-08-29,363,397,130,6,0,0.914,0.4775,NEUTRAL
2016-08-30,425,320,143,7,0,1.328,0.5704,BULL
2016-08-31,305,470,113,7,0,0.649,0.3936,BEAR
2016-09-01,264,503,119,8,2,0.525,0.3443,BEAR
2016-09-02,205,594,91,2,0,0.345,0.2565,CRASH
2016-09-05,547,218,120,5,0,2.509,0.715,STRONG_BULL
2016-09-06,521,259,114,8,3,2.012,0.668,STRONG_BULL
2016-09-07,505,249,138,6,1,2.028,0.6697,STRONG_BULL
2016-09-08,466,281,142,8,0,1.658,0.6238,BULL
2016-09-09,289,454,143,3,0,0.637,0.3891,BEAR
2016-09-12,181,610,104,1,1,0.297,0.229,CRASH
2016-09-13,194,593,103,2,0,0.327,0.2464,CRASH
2016-09-14,344,413,128,3,1,0.833,0.4544,NEUTRAL
2016-09-19,604,174,107,4,1,3.471,0.7763,STRONG_BULL
2016-09-20,405,324,154,7,0,1.25,0.5556,BULL
2016-09-21,634,147,106,5,1,4.313,0.8118,STRONG_BULL
2016-09-22,307,456,123,2,0,0.673,0.4023,BEAR
2016-09-23,417,324,144,3,0,1.287,0.5627,BULL
2016-09-26,210,575,96,3,0,0.365,0.2674,CRASH
2016-09-29,397,340,147,6,0,1.168,0.5387,BULL
2016-09-30,228,554,108,3,1,0.412,0.2918,CRASH
2016-10-03,366,397,123,10,0,0.922,0.4797,NEUTRAL
2016-10-04,468,278,140,5,0,1.683,0.6273,BULL
2016-10-05,330,410,147,7,2,0.805,0.446,NEUTRAL
2016-10-06,382,345,157,4,1,1.107,0.5254,BULL
2016-10-07,263,515,113,4,1,0.511,0.3382,BEAR
2016-10-11,129,697,65,1,12,0.185,0.1561,CRASH
2016-10-12,327,427,135,2,3,0.766,0.4337,BEAR
2016-10-13,278,499,113,1,1,0.557,0.3577,BEAR
2016-10-14,117,704,70,0,2,0.166,0.1424,CRASH
2016-10-17,417,340,133,2,1,1.226,0.5508,BULL
2016-10-18,460,297,132,4,0,1.549,0.6077,BULL
2016-10-19,482,266,141,7,0,1.812,0.6444,BULL
2016-10-20,449,307,137,5,0,1.463,0.594,BULL
2016-10-21,374,379,142,6,0,0.987,0.4967,NEUTRAL
2016-10-24,401,376,113,5,0,1.066,0.516,BULL
2016-10-25,399,369,121,6,1,1.081,0.5195,BULL
2016-10-26,344,412,133,6,0,0.835,0.455,NEUTRAL
2016-10-27,241,543,108,3,0,0.444,0.3075,CRASH
2016-10-28,237,513,139,2,0,0.462,0.316,CRASH
2016-10-31,313,433,145,3,1,0.723,0.4196,BEAR
2016-11-01,304,446,137,4,0,0.682,0.4055,BEAR
2016-11-02,82,745,62,0,1,0.11,0.0991,CRASH
2016-11-03,170,594,127,1,4,0.286,0.2224,CRASH
2016-11-04,343,391,154,1,0,0.877,0.4672,NEUTRAL
2016-11-07,552,207,130,1,1,2.667,0.7273,STRONG_BULL
2016-11-08,365,395,135,4,3,0.924,0.4802,NEUTRAL
2016-11-09,38,824,36,2,14,0.046,0.044,CRASH
2016-11-10,834,35,27,24,0,23.829,0.9597,STRONG_BULL
2016-11-11,204,616,74,4,5,0.331,0.2487,CRASH
2016-11-14,348,442,102,7,2,0.787,0.4404,BEAR
2016-11-15,431,342,128,5,1,1.26,0.5575,BULL
2016-11-16,453,310,133,4,2,1.461,0.5937,BULL
2016-11-17,323,433,141,8,2,0.746,0.4273,BEAR
2016-11-18,539,246,115,5,2,2.191,0.6866,STRONG_BULL
2016-11-21,487,295,113,4,1,1.651,0.6228,BULL
2016-11-22,487,292,115,9,4,1.668,0.6252,BULL
2016-11-23,370,388,141,8,3,0.954,0.4882,NEUTRAL
2016-11-24,339,448,109,8,2,0.757,0.4308,BEAR
2016-11-25,393,367,134,5,1,1.071,0.5171,BULL
2016-11-28,507,281,114,5,1,1.804,0.6434,BULL
2016-11-29,409,350,134,7,0,1.169,0.539,BULL
2016-11-30,444,327,123,9,1,1.358,0.5759,BULL
2016-12-01,436,337,121,5,1,1.294,0.5641,BULL
2016-12-02,285,470,137,2,2,0.606,0.3773,BEAR
2016-12-05,289,514,92,7,1,0.562,0.3598,BEAR
2016-12-06,492,279,126,3,1,1.763,0.6381,BULL
2016-12-07,471,290,137,3,1,1.624,0.6189,BULL
2016-12-08,504,278,120,3,1,1.813,0.6445,BULL
2016-12-09,397,356,162,8,0,1.115,0.5272,BULL
2016-12-12,302,487,109,6,2,0.62,0.3827,BEAR
2016-12-13,419,346,132,1,0,1.211,0.5477,BULL
2016-12-14,332,422,143,5,1,0.787,0.4404,BEAR
2016-12-15,387,372,138,3,1,1.04,0.5098,BULL
2016-12-16,398,379,122,5,1,1.05,0.5122,BULL
2016-12-19,172,623,100,0,3,0.276,0.2163,CRASH
2016-12-20,382,348,166,5,0,1.098,0.5234,BULL
2016-12-21,312,437,148,4,0,0.714,0.4166,BEAR
2016-12-22,151,644,103,4,0,0.234,0.1896,CRASH
2016-12-23,253,507,143,1,1,0.499,0.3329,CRASH
2016-12-26,385,363,149,6,1,1.061,0.5148,BULL
2016-12-27,320,419,165,5,1,0.764,0.4331,BEAR
2016-12-28,535,211,154,5,1,2.536,0.7172,STRONG_BULL
2016-12-29,315,432,154,3,0,0.729,0.4216,BEAR
2016-12-30,610,152,139,2,1,4.013,0.8005,STRONG_BULL
2017-01-03,444,326,134,3,1,1.362,0.5766,BULL
2017-01-04,424,317,160,2,0,1.338,0.5723,BULL
2017-01-05,556,219,129,8,1,2.539,0.7174,STRONG_BULL
2017-01-06,414,344,144,8,0,1.203,0.5461,BULL
2017-01-09,263,533,105,2,3,0.493,0.3302,CRASH
2017-01-10,343,427,132,2,0,0.803,0.4454,NEUTRAL
2017-01-11,396,395,110,4,1,1.003,0.5007,BULL
2017-01-12,443,323,139,8,0,1.372,0.5784,BULL
2017-01-13,307,426,165,6,0,0.721,0.4189,BEAR
2017-01-16,200,582,114,4,1,0.344,0.256,CRASH
2017-01-17,512,237,150,6,0,2.16,0.6835,STRONG_BULL
2017-01-18,507,265,135,9,0,1.913,0.6567,BULL
2017-01-19,316,463,125,4,0,0.683,0.4058,BEAR
2017-01-20,336,416,150,12,0,0.808,0.4469,NEUTRAL
2017-01-23,484,283,141,13,0,1.71,0.631,BULL
2017-01-24,439,341,127,7,0,1.287,0.5627,BULL
2017-02-02,524,294,86,24,1,1.782,0.6405,BULL
2017-02-03,575,227,104,12,1,2.533,0.717,STRONG_BULL
2017-02-06,620,211,80,23,2,2.938,0.7461,STRONG_BULL
2017-02-07,424,368,113,12,0,1.152,0.5353,BULL
2017-02-08,384,416,107,9,0,0.923,0.48,NEUTRAL
2017-02-09,396,411,101,15,0,0.964,0.4908,NEUTRAL
2017-02-10,391,421,94,11,2,0.929,0.4816,NEUTRAL
2017-02-13,476,339,93,17,2,1.404,0.584,BULL
2017-02-14,360,422,123,11,0,0.853,0.4603,NEUTRAL
2017-02-15,627,182,100,15,0,3.445,0.775,STRONG_BULL
2017-02-16,296,498,112,4,0,0.594,0.3726,BEAR
2017-02-17,415,369,123,6,0,1.125,0.5294,BULL
2017-02-20,315,477,112,10,1,0.66,0.3976,BEAR
2017-02-21,384,404,117,8,2,0.95,0.4872,NEUTRAL
2017-02-22,475,304,130,9,0,1.562,0.6097,BULL
2017-02-23,280,504,122,5,0,0.556,0.3573,BEAR
2017-02-24,397,356,162,8,0,1.115,0.5272,BULL
2017-03-01,349,451,104,11,2,0.774,0.4363,BEAR
2017-03-02,348,438,124,4,1,0.795,0.4429,BEAR
2017-03-03,350,425,132,3,0,0.824,0.4518,NEUTRAL
2017-03-06,420,356,131,6,0,1.18,0.5413,BULL
2017-03-07,498,273,134,7,1,1.824,0.6459,BULL
2017-03-08,389,393,125,5,1,0.99,0.4975,NEUTRAL
2017-03-09,216,602,87,5,0,0.359,0.2642,CRASH
2017-03-10,218,593,95,4,1,0.368,0.269,CRASH
2017-03-13,471,323,116,7,2,1.458,0.5932,BULL
2017-03-14,524,273,112,4,0,1.919,0.6574,BULL
2017-03-15,352,420,135,3,1,0.838,0.4559,NEUTRAL
2017-03-16,512,285,113,6,1,1.796,0.6423,BULL
2017-03-17,588,221,104,9,0,2.661,0.7269,STRONG_BULL
2017-03-20,370,437,101,5,1,0.847,0.4586,NEUTRAL
2017-03-21,345,448,116,1,0,0.77,0.435,BEAR
2017-03-22,321,485,104,6,0,0.662,0.3983,BEAR
2017-03-23,440,341,130,10,2,1.29,0.5633,BULL
2017-03-24,310,482,119,5,0,0.643,0.3914,BEAR
2017-03-27,183,648,78,2,6,0.282,0.22,CRASH
2017-03-28,244,578,92,1,3,0.422,0.2968,CRASH
2017-03-29,469,324,115,5,1,1.448,0.5915,BULL
2017-03-30,424,360,124,10,1,1.178,0.5409,BULL
2017-03-31,389,382,141,9,1,1.018,0.5045,BULL
2017-04-05,508,299,98,10,2,1.699,0.6295,BULL
2017-04-06,325,459,123,2,2,0.708,0.4145,BEAR
2017-04-07,314,468,128,9,2,0.671,0.4016,BEAR
2017-04-10,329,486,96,12,2,0.677,0.4037,BEAR
2017-04-11,165,659,84,7,2,0.25,0.2,CRASH
2017-04-12,289,531,90,7,0,0.544,0.3523,BEAR
2017-04-13,386,411,109,11,4,0.939,0.4843,NEUTRAL
2017-04-14,73,792,39,4,5,0.092,0.0842,CRASH
2017-04-17,272,526,105,8,2,0.517,0.3408,BEAR
2017-04-18,645,172,89,10,0,3.75,0.7895,STRONG_BULL
2017-04-19,175,646,83,3,1,0.271,0.2132,CRASH
2017-04-20,309,462,133,6,1,0.669,0.4008,BEAR
2017-04-21,582,185,136,9,0,3.146,0.7588,STRONG_BULL
2017-04-24,287,493,122,6,3,0.582,0.3679,BEAR
2017-04-25,626,192,90,6,0,3.26,0.7653,STRONG_BULL
2017-04-26,537,240,132,9,0,2.237,0.6911,STRONG_BULL
2017-04-27,350,420,135,4,0,0.833,0.4544,NEUTRAL
2017-04-28,377,384,144,4,1,0.982,0.4955,NEUTRAL
2017-05-02,396,378,132,8,1,1.048,0.5117,BULL
2017-05-03,305,466,135,5,3,0.655,0.3958,BEAR
2017-05-04,459,296,152,7,1,1.551,0.608,BULL
2017-05-05,205,606,96,6,2,0.338,0.2526,CRASH
2017-05-08,281,507,116,6,4,0.554,0.3565,BEAR
2017-05-09,146,684,77,3,3,0.213,0.1756,CRASH
2017-05-10,597,212,94,11,1,2.816,0.7379,STRONG_BULL
2017-05-11,313,484,112,4,3,0.647,0.3928,BEAR
2017-05-12,431,364,114,5,1,1.184,0.5421,BULL
2017-05-15,451,357,99,9,1,1.263,0.5581,BULL
2017-05-16,365,432,110,4,3,0.845,0.458,NEUTRAL
2017-05-17,371,414,123,5,2,0.896,0.4726,NEUTRAL
2017-05-18,254,551,102,3,2,0.461,0.3155,CRASH
2017-05-19,400,362,149,6,0,1.105,0.5249,BULL
2017-05-22,409,363,137,13,0,1.127,0.5299,BULL
2017-05-23,435,333,139,9,0,1.306,0.5663,BULL
2017-05-24,483,281,143,12,0,1.719,0.6322,BULL
2017-05-25,522,266,116,11,0,1.962,0.6624,BULL
2017-05-26,380,392,136,3,0,0.969,0.4921,NEUTRAL
2017-05-31,306,503,100,3,2,0.608,0.3781,BEAR
2017-06-01,438,350,120,6,0,1.251,0.5558,BULL
2017-06-02,505,258,149,8,0,1.957,0.6618,BULL
2017-06-05,483,298,128,5,0,1.621,0.6185,BULL
2017-06-06,341,432,139,5,1,0.789,0.441,BEAR
2017-06-07,273,497,140,4,2,0.549,0.3544,BEAR
2017-06-08,406,374,129,3,1,1.086,0.5206,BULL
2017-06-09,261,541,110,3,1,0.482,0.3252,CRASH
2017-06-12,299,510,99,3,1,0.586,0.3695,BEAR
2017-06-13,394,357,159,6,0,1.104,0.5247,BULL
2017-06-14,131,704,77,3,0,0.186,0.1568,CRASH
2017-06-15,416,354,137,8,1,1.175,0.5402,BULL
2017-06-16,556,234,121,3,3,2.376,0.7038,STRONG_BULL
2017-06-19,464,324,121,8,1,1.432,0.5888,BULL
2017-06-20,319,425,168,5,0,0.751,0.4289,BEAR
2017-06-21,639,181,93,4,0,3.53,0.7792,STRONG_BULL
2017-06-22,385,392,132,4,0,0.982,0.4955,NEUTRAL
2017-06-23,274,487,147,2,0,0.563,0.3602,BEAR
2017-06-26,563,233,119,6,0,2.416,0.7073,STRONG_BULL
2017-06-27,376,393,144,6,1,0.957,0.489,NEUTRAL
2017-06-28,265,504,140,4,0,0.526,0.3447,BEAR
2017-06-29,356,384,173,3,2,0.927,0.4811,NEUTRAL
2017-06-30,390,381,135,4,0,1.024,0.5059,BULL
2017-07-03,424,346,140,5,0,1.225,0.5506,BULL
2017-07-04,295,465,149,3,0,0.634,0.388,BEAR
2017-07-05,370,387,153,3,0,0.956,0.4888,NEUTRAL
2017-07-06,331,411,168,4,0,0.805,0.446,NEUTRAL
2017-07-07,201,593,115,4,0,0.339,0.2532,CRASH
2017-07-10,262,518,129,3,0,0.506,0.336,BEAR
2017-07-11,448,325,140,1,1,1.378,0.5795,BULL
2017-07-12,456,301,154,4,1,1.515,0.6024,BULL
2017-07-13,487,244,178,3,2,1.996,0.6662,BULL
2017-07-14,422,333,153,6,0,1.267,0.5589,BULL
2017-07-17,379,383,147,4,0,0.99,0.4975,NEUTRAL
2017-07-18,396,371,144,2,0,1.067,0.5162,BULL
2017-07-19,362,405,144,7,0,0.894,0.472,NEUTRAL
2017-07-20,370,395,145,8,2,0.937,0.4837,NEUTRAL
2017-07-21,319,428,161,0,1,0.745,0.4269,BEAR
2017-07-24,291,474,140,4,1,0.614,0.3804,BEAR
2017-07-25,401,367,140,9,0,1.093,0.5222,BULL
2017-07-26,285,460,169,5,0,0.62,0.3827,BEAR
2017-07-27,486,250,174,5,0,1.944,0.6603,BULL
2017-07-28,202,549,156,0,0,0.368,0.269,CRASH
2017-07-31,346,412,151,7,0,0.84,0.4565,NEUTRAL
2017-08-01,542,244,122,8,2,2.221,0.6895,STRONG_BULL
2017-08-02,373,384,154,4,1,0.971,0.4926,NEUTRAL
2017-08-03,313,444,151,5,2,0.705,0.4135,BEAR
2017-08-04,422,326,159,7,1,1.294,0.5641,BULL
2017-08-07,437,340,134,11,0,1.285,0.5624,BULL
2017-08-08,292,483,135,9,1,0.605,0.3769,BEAR
2017-08-09,212,595,105,1,1,0.356,0.2625,CRASH
2017-08-10,77,769,62,0,6,0.1,0.0909,CRASH
2017-08-11,416,371,122,3,3,1.121,0.5285,BULL
2017-08-14,118,727,65,5,12,0.162,0.1394,CRASH
2017-08-15,600,203,105,8,3,2.956,0.7472,STRONG_BULL
2017-08-16,494,286,130,5,1,1.727,0.6333,BULL
2017-08-17,676,135,98,8,0,5.007,0.8335,STRONG_BULL
2017-08-18,397,356,162,8,0,1.115,0.5272,BULL
2017-08-21,435,350,127,12,0,1.243,0.5542,BULL
2017-08-22,498,301,109,8,1,1.654,0.6232,BULL
2017-08-23,267,541,101,8,0,0.494,0.3307,CRASH
2017-08-24,559,209,139,19,1,2.675,0.7279,STRONG_BULL
2017-08-25,458,311,140,10,1,1.473,0.5956,BULL
2017-08-28,428,323,158,13,0,1.325,0.5699,BULL
2017-08-29,293,470,144,10,2,0.623,0.3839,BEAR
2017-08-30,544,245,113,7,0,2.22,0.6894,STRONG_BULL
2017-08-31,452,309,144,12,0,1.463,0.594,BULL
2017-09-01,419,362,127,12,1,1.157,0.5364,BULL
2017-09-04,234,586,83,9,1,0.399,0.2852,CRASH
2017-09-05,558,237,115,16,0,2.354,0.7018,STRONG_BULL
2017-09-06,225,573,108,11,0,0.393,0.2821,CRASH
2017-09-07,357,413,134,10,1,0.864,0.4635,NEUTRAL
2017-09-08,578,203,131,17,0,2.847,0.7401,STRONG_BULL
2017-09-11,385,435,91,16,3,0.885,0.4695,NEUTRAL
2017-09-12,442,348,120,3,1,1.27,0.5595,BULL
2017-09-13,397,356,162,8,0,1.115,0.5272,BULL
2017-09-14,444,322,139,8,0,1.379,0.5797,BULL
2017-09-15,398,405,103,5,2,0.983,0.4957,NEUTRAL
2017-09-18,389,406,113,8,0,0.958,0.4893,NEUTRAL
2017-09-19,253,535,119,2,1,0.473,0.3211,CRASH
2017-09-20,240,568,98,6,0,0.423,0.2973,CRASH
2017-09-21,522,246,137,9,0,2.122,0.6797,STRONG_BULL
2017-09-22,144,670,92,10,0,0.215,0.177,CRASH
2017-09-25,150,704,53,7,5,0.213,0.1756,CRASH
2017-09-26,225,568,112,2,7,0.396,0.2837,CRASH
2017-09-27,577,191,139,5,1,3.021,0.7513,STRONG_BULL
2017-09-28,321,460,128,8,2,0.698,0.4111,BEAR
2017-09-29,329,464,109,3,2,0.709,0.4149,BEAR
2017-10-02,595,182,129,8,0,3.269,0.7658,STRONG_BULL
2017-10-03,304,488,117,3,0,0.623,0.3839,BEAR
2017-10-05,547,225,133,9,0,2.431,0.7085,STRONG_BULL
2017-10-06,346,414,147,4,0,0.836,0.4553,NEUTRAL
2017-10-11,367,444,100,5,2,0.827,0.4527,NEUTRAL
2017-10-12,422,372,115,4,1,1.134,0.5314,BULL
2017-10-13,385,366,156,11,0,1.052,0.5127,BULL
2017-10-16,418,365,123,13,0,1.145,0.5338,BULL
2017-10-17,221,580,111,4,1,0.381,0.2759,CRASH
2017-10-18,335,467,109,6,0,0.717,0.4176,BEAR
2017-10-19,439,337,128,8,0,1.303,0.5658,BULL
2017-10-20,335,467,109,6,0,0.717,0.4176,BEAR
2017-10-23,404,376,129,4,0,1.074,0.5178,BULL
2017-10-24,444,327,139,6,1,1.358,0.5759,BULL
2017-10-25,365,423,123,6,0,0.863,0.4632,NEUTRAL
2017-10-26,384,367,159,7,0,1.046,0.5112,BULL
2017-10-27,191,605,115,4,5,0.316,0.2401,CRASH
2017-10-30,294,480,141,3,3,0.613,0.38,BEAR
2017-10-31,507,271,135,14,0,1.871,0.6517,BULL
2017-11-01,418,344,146,10,1,1.215,0.5485,BULL
2017-11-02,388,382,142,2,1,1.016,0.504,BULL
2017-11-03,381,386,147,5,2,0.987,0.4967,NEUTRAL
2017-11-06,364,418,128,6,1,0.871,0.4655,NEUTRAL
2017-11-07,375,395,143,9,1,0.949,0.4869,NEUTRAL
2017-11-08,373,405,134,7,3,0.921,0.4794,NEUTRAL
2017-11-09,355,441,114,10,1,0.805,0.446,NEUTRAL
2017-11-10,422,334,149,6,1,1.263,0.5581,BULL
2017-11-13,229,585,96,4,8,0.391,0.2811,CRASH
2017-11-14,294,503,118,3,3,0.584,0.3687,BEAR
2017-11-15,361,459,95,5,2,0.786,0.4401,BEAR
2017-11-16,329,439,141,5,3,0.749,0.4282,BEAR
2017-11-17,440,324,148,8,1,1.358,0.5759,BULL
2017-11-20,355,441,114,10,1,0.805,0.446,NEUTRAL
2017-11-21,570,245,97,9,0,2.327,0.6994,STRONG_BULL
2017-11-22,456,349,112,12,1,1.307,0.5665,BULL
2017-11-23,456,339,117,15,0,1.345,0.5736,BULL
2017-11-24,377,401,133,8,0,0.94,0.4845,NEUTRAL
2017-11-27,278,511,120,5,1,0.544,0.3523,BEAR
2017-11-28,348,436,131,4,0,0.798,0.4438,BEAR
2017-11-29,371,416,124,12,1,0.892,0.4715,NEUTRAL
2017-11-30,292,528,96,5,2,0.553,0.3561,BEAR
2017-12-01,264,575,77,6,3,0.459,0.3146,CRASH
2017-12-04,477,329,109,13,2,1.45,0.5918,BULL
2017-12-05,241,575,98,0,4,0.419,0.2953,CRASH
2017-12-06,145,690,80,1,7,0.21,0.1736,CRASH
2017-12-07,255,525,129,4,2,0.486,0.3271,CRASH
2017-12-08,480,317,116,10,2,1.514,0.6022,BULL
2017-12-11,606,202,108,13,0,3.0,0.75,STRONG_BULL
2017-12-12,290,507,115,4,3,0.572,0.3639,BEAR
2017-12-13,485,306,127,4,0,1.585,0.6132,BULL
2017-12-14,474,309,131,2,1,1.534,0.6054,BULL
2017-12-15,309,506,97,2,0,0.611,0.3793,BEAR
2017-12-18,397,356,162,8,0,1.115,0.5272,BULL
2017-12-19,262,529,123,3,0,0.495,0.3311,CRASH
2017-12-20,541,233,140,10,1,2.322,0.699,STRONG_BULL
2017-12-21,434,336,143,15,1,1.292,0.5637,BULL
2017-12-22,459,327,127,9,2,1.404,0.584,BULL
2017-12-25,358,443,115,8,1,0.808,0.4469,NEUTRAL
2017-12-26,151,655,113,3,2,0.231,0.1877,CRASH
2017-12-27,527,253,136,9,1,2.083,0.6756,STRONG_BULL
2017-12-28,565,202,153,6,1,2.797,0.7366,STRONG_BULL
2017-12-29,584,225,110,4,2,2.596,0.7219,STRONG_BULL
2018-01-02,544,255,120,10,2,2.133,0.6808,STRONG_BULL
2018-01-03,470,331,116,12,1,1.42,0.5868,BULL
2018-01-04,462,326,131,17,0,1.417,0.5863,BULL
2018-01-05,507,265,135,9,0,1.913,0.6567,BULL
2018-01-08,372,461,87,13,0,0.807,0.4466,NEUTRAL
2018-01-09,328,487,105,8,4,0.674,0.4026,BEAR
2018-01-10,306,503,110,10,1,0.608,0.3781,BEAR
2018-01-11,362,443,114,11,0,0.817,0.4496,NEUTRAL
2018-01-12,601,205,112,10,1,2.932,0.7457,STRONG_BULL
2018-01-15,780,664,201,28,4,1.175,0.5402,BULL
2018-01-16,874,548,228,21,6,1.595,0.6146,BULL
2018-01-17,762,700,192,21,2,1.089,0.5213,BULL
2018-01-18,605,834,213,17,1,0.725,0.4203,BEAR
2018-01-19,592,850,210,8,1,0.696,0.4104,BEAR
2018-01-22,456,1022,180,17,2,0.446,0.3084,CRASH
2018-01-23,513,926,219,17,2,0.554,0.3565,BEAR
2018-01-24,705,743,210,10,0,0.949,0.4869,NEUTRAL
2018-01-25,543,904,202,10,0,0.601,0.3754,BEAR
2018-01-26,680,717,249,20,0,0.948,0.4867,NEUTRAL
2018-01-29,682,770,209,19,2,0.886,0.4698,NEUTRAL
2018-01-30,340,1166,147,3,4,0.292,0.226,CRASH
2018-01-31,637,790,215,9,1,0.806,0.4463,NEUTRAL
2018-02-01,645,738,264,11,0,0.874,0.4664,NEUTRAL
2018-02-02,513,896,242,9,4,0.573,0.3643,BEAR
2018-02-05,260,1287,106,8,6,0.202,0.1681,CRASH
2018-02-06,50,1584,27,6,175,0.032,0.031,CRASH
2018-02-07,1309,236,112,20,2,5.547,0.8473,STRONG_BULL
2018-02-08,608,848,183,11,11,0.717,0.4176,BEAR
2018-02-09,324,1195,130,10,8,0.271,0.2132,CRASH
2018-02-12,996,498,164,34,3,2.0,0.6667,BULL
2018-02-21,1472,119,67,53,1,12.37,0.9252,STRONG_BULL
2018-02-22,917,563,170,38,0,1.629,0.6196,BULL
2018-02-23,1117,367,180,40,2,3.044,0.7527,STRONG_BULL
2018-02-26,918,522,218,45,0,1.759,0.6375,BULL
2018-02-27,638,820,205,31,1,0.778,0.4376,BEAR
2018-03-01,769,678,207,33,1,1.134,0.5314,BULL
2018-03-02,443,1023,183,21,0,0.433,0.3022,CRASH
2018-03-05,458,1018,174,35,4,0.45,0.3103,CRASH
2018-03-06,977,474,205,46,0,2.061,0.6733,STRONG_BULL
2018-03-07,583,867,206,37,4,0.672,0.4019,BEAR
2018-03-08,410,246,74,17,5,1.667,0.625,BULL
2018-03-09,754,719,183,22,10,1.049,0.512,BULL
2018-03-12,832,658,169,25,3,1.264,0.5583,BULL
2018-03-13,939,510,211,20,2,1.841,0.648,BULL
2018-03-14,704,743,207,20,5,0.948,0.4867,NEUTRAL
2018-03-15,825,612,221,29,3,1.348,0.5741,BULL
2018-03-16,608,848,198,26,4,0.717,0.4176,BEAR
2018-03-19,739,728,191,34,2,1.015,0.5037,BULL
2018-03-20,534,892,224,31,2,0.599,0.3746,BEAR
2018-03-21,773,652,235,33,2,1.186,0.5425,BULL
2018-03-22,425,1058,181,19,7,0.402,0.2867,CRASH
2018-03-23,251,1328,86,25,2,0.189,0.159,CRASH
2018-03-26,849,636,169,37,3,1.335,0.5717,BULL
2018-03-27,1103,402,161,22,1,2.744,0.7329,STRONG_BULL
2018-03-28,490,985,183,23,3,0.497,0.332,CRASH
2018-03-29,755,680,222,28,3,1.11,0.5261,BULL
2018-03-30,762,684,217,25,4,1.114,0.527,BULL
2018-04-02,748,727,194,43,4,1.029,0.5071,BULL
2018-04-03,528,952,188,36,6,0.555,0.3569,BEAR
2018-04-09,702,816,144,48,20,0.86,0.4624,NEUTRAL
2018-04-10,644,863,164,16,29,0.746,0.4273,BEAR
2018-04-11,405,265,70,23,7,1.528,0.6044,BULL
2018-04-12,710,777,173,30,4,0.914,0.4775,NEUTRAL
2018-04-13,626,835,201,18,11,0.75,0.4286,BEAR
2018-04-16,496,1011,163,30,4,0.491,0.3293,CRASH
2018-04-17,260,1277,133,16,9,0.204,0.1694,CRASH
2018-04-18,801,647,214,29,3,1.238,0.5532,BULL
2018-04-19,978,450,232,24,1,2.173,0.6848,STRONG_BULL
2018-04-20,554,869,237,12,1,0.638,0.3895,BEAR
2018-04-23,497,961,195,30,6,0.517,0.3408,BEAR
2018-04-24,203,1338,118,11,27,0.152,0.1319,CRASH
2018-04-25,728,727,206,20,3,1.001,0.5002,BULL
2018-04-26,287,1234,148,13,24,0.233,0.189,CRASH
2018-04-27,968,484,208,20,2,2.0,0.6667,BULL
2018-04-30,1063,433,174,22,6,2.455,0.7106,STRONG_BULL
2018-05-02,693,745,223,15,8,0.93,0.4819,NEUTRAL
2018-05-03,484,968,211,13,11,0.5,0.3333,CRASH
2018-05-04,613,800,244,14,7,0.766,0.4337,BEAR
2018-05-07,816,610,241,23,4,1.338,0.5723,BULL
2018-05-08,822,620,215,12,3,1.326,0.5701,BULL
2018-05-09,632,800,231,20,2,0.79,0.4413,BEAR
2018-05-10,639,847,172,20,4,0.754,0.4299,BEAR
2018-05-11,641,858,170,18,8,0.747,0.4276,BEAR
2018-05-14,723,741,205,35,12,0.976,0.4939,NEUTRAL
2018-05-15,560,927,177,25,6,0.604,0.3766,BEAR
2018-05-16,684,765,217,23,8,0.894,0.472,NEUTRAL
2018-05-17,691,729,248,17,9,0.948,0.4867,NEUTRAL
2018-05-18,710,714,234,16,5,0.994,0.4985,NEUTRAL
2018-05-21,986,470,214,28,7,2.098,0.6772,STRONG_BULL
2018-05-22,559,889,208,18,7,0.629,0.3861,BEAR
2018-05-23,592,862,214,18,8,0.687,0.4072,BEAR
2018-05-24,865,566,238,26,3,1.528,0.6044,BULL
2018-05-25,636,802,223,24,3,0.793,0.4423,BEAR
2018-05-28,798,679,194,47,2,1.175,0.5402,BULL
2018-05-29,632,795,235,35,1,0.795,0.4429,BEAR
2018-05-30,501,974,188,34,1,0.514,0.3395,BEAR
2018-05-31,957,537,171,43,3,1.782,0.6405,BULL
2018-06-01,964,516,186,38,5,1.868,0.6513,BULL
2018-06-04,1043,422,203,49,3,2.472,0.712,STRONG_BULL
2018-06-05,660,791,218,36,3,0.834,0.4547,NEUTRAL
2018-06-06,1018,447,204,40,1,2.277,0.6948,STRONG_BULL
2018-06-07,754,710,199,40,4,1.062,0.515,BULL
2018-06-08,562,909,193,31,3,0.618,0.382,BEAR
2018-06-11,706,788,173,64,3,0.896,0.4726,NEUTRAL
2018-06-12,691,789,190,45,0,0.876,0.467,NEUTRAL
2018-06-13,591,864,211,27,8,0.684,0.4062,BEAR
2018-06-14,484,980,197,16,4,0.494,0.3307,CRASH
2018-06-15,718,719,218,16,1,0.999,0.4997,NEUTRAL
2018-06-19,349,1157,159,17,4,0.302,0.232,CRASH
2018-06-20,447,1033,187,16,6,0.433,0.3022,CRASH
2018-06-21,906,534,216,24,2,1.697,0.6292,BULL
2018-06-22,439,1015,206,19,4,0.433,0.3022,CRASH
2018-06-25,559,895,213,20,7,0.625,0.3846,BEAR
2018-06-26,465,1041,162,22,2,0.447,0.3089,CRASH
2018-06-27,624,814,222,22,5,0.767,0.4341,BEAR
2018-06-28,536,881,253,20,9,0.608,0.3781,BEAR
2018-06-29,1087,374,198,14,6,2.906,0.744,STRONG_BULL
2018-07-02,510,916,223,16,3,0.557,0.3577,BEAR
2018-07-03,239,1256,161,8,9,0.19,0.1597,CRASH
2018-07-04,589,821,249,21,11,0.717,0.4176,BEAR
2018-07-05,267,1198,189,6,10,0.223,0.1823,CRASH
2018-07-06,580,885,202,13,6,0.655,0.3958,BEAR
2018-07-09,954,512,196,19,6,1.863,0.6507,BULL
2018-07-10,898,535,223,11,3,1.679,0.6267,BULL
2018-07-11,500,924,222,10,10,0.541,0.3511,BEAR
2018-07-12,990,415,247,22,4,2.386,0.7047,STRONG_BULL
2018-07-13,1043,388,232,16,3,2.688,0.7289,STRONG_BULL
2018-07-16,695,723,247,17,3,0.961,0.4901,NEUTRAL
2018-07-17,235,370,123,8,2,0.635,0.3884,BEAR
2018-07-18,761,661,244,11,11,1.151,0.5351,BULL
2018-07-19,575,836,243,5,4,0.688,0.4076,BEAR
2018-07-20,516,891,259,12,9,0.579,0.3667,BEAR
2018-07-23,515,917,217,14,6,0.562,0.3598,BEAR
2018-07-24,1005,397,263,8,2,2.531,0.7168,STRONG_BULL
2018-07-25,751,633,278,10,4,1.186,0.5425,BULL
2018-07-26,891,490,276,9,1,1.818,0.6451,BULL
2018-07-27,857,523,288,12,1,1.639,0.6211,BULL
2018-07-30,488,961,205,6,12,0.508,0.3369,BEAR
2018-07-31,845,538,269,10,3,1.571,0.611,BULL
2018-08-01,908,504,256,12,3,1.802,0.6431,BULL
2018-08-02,277,1218,168,5,5,0.227,0.185,CRASH
2018-08-03,985,440,240,8,3,2.239,0.6913,STRONG_BULL
2018-08-06,823,606,231,9,1,1.358,0.5759,BULL
2018-08-07,694,723,244,19,3,0.96,0.4898,NEUTRAL
2018-08-08,706,720,234,12,5,0.981,0.4952,NEUTRAL
2018-08-09,530,872,255,7,4,0.608,0.3781,BEAR
2018-08-10,482,960,228,9,4,0.502,0.3342,BEAR
2018-08-13,166,1429,71,6,53,0.116,0.1039,CRASH
2018-08-14,1019,454,198,19,5,2.244,0.6917,STRONG_BULL
2018-08-15,345,1129,184,10,11,0.306,0.2343,CRASH
2018-08-16,566,855,236,8,10,0.662,0.3983,BEAR
2018-08-17,746,662,262,9,7,1.127,0.5299,BULL
2018-08-20,597,856,211,12,9,0.697,0.4107,BEAR
2018-08-21,981,454,228,8,6,2.161,0.6836,STRONG_BULL
2018-08-22,687,725,248,14,4,0.948,0.4867,NEUTRAL
2018-08-23,696,681,282,10,3,1.022,0.5054,BULL
2018-08-24,429,990,237,5,3,0.433,0.3022,CRASH
2018-08-27,1059,377,222,22,1,2.809,0.7375,STRONG_BULL
2018-08-28,821,587,252,11,0,1.399,0.5832,BULL
2018-08-29,808,564,293,7,1,1.433,0.589,BULL
2018-08-30,643,727,279,9,1,0.884,0.4692,NEUTRAL
2018-08-31,812,591,243,18,1,1.374,0.5788,BULL
2018-09-03,554,859,238,16,2,0.645,0.3921,BEAR
2018-09-04,948,444,269,14,2,2.135,0.681,STRONG_BULL
2018-09-05,433,1004,223,12,4,0.431,0.3012,CRASH
2018-09-06,447,1004,201,14,1,0.445,0.308,CRASH
2018-09-07,223,1319,127,10,13,0.169,0.1446,CRASH
2018-09-10,228,1331,108,8,51,0.171,0.146,CRASH
2018-09-11,965,524,174,16,9,1.842,0.6481,BULL
2018-09-12,539,918,204,17,6,0.587,0.3699,BEAR
2018-09-13,1068,398,192,24,7,2.683,0.7285,STRONG_BULL
2018-09-14,1153,302,205,22,0,3.818,0.7924,STRONG_BULL
2018-09-17,553,887,206,15,1,0.623,0.3839,BEAR
2018-09-18,457,975,215,8,3,0.469,0.3193,CRASH
2018-09-19,1011,414,239,15,2,2.442,0.7095,STRONG_BULL
2018-09-20,412,1025,212,10,11,0.402,0.2867,CRASH
2018-09-21,961,464,223,13,3,2.071,0.6744,STRONG_BULL
2018-09-25,747,666,240,20,2,1.122,0.5287,BULL
2018-09-26,663,721,266,11,2,0.92,0.4792,NEUTRAL
2018-09-27,600,804,245,9,3,0.746,0.4273,BEAR
2018-09-28,602,810,246,7,1,0.743,0.4263,BEAR
2018-10-01,973,442,241,19,0,2.201,0.6876,STRONG_BULL
2018-10-02,489,920,228,10,2,0.532,0.3473,BEAR
2018-10-03,379,1048,225,10,2,0.362,0.2658,CRASH
2018-10-04,376,1077,202,5,5,0.349,0.2587,CRASH
2018-10-05,139,1437,85,2,39,0.097,0.0884,CRASH
2018-10-08,553,917,185,3,11,0.603,0.3762,BEAR
2018-10-09,517,975,171,4,26,0.53,0.3464,BEAR
2018-10-11,26,1625,15,3,634,0.016,0.0157,CRASH
2018-10-12,1117,452,103,23,9,2.471,0.7119,STRONG_BULL
2018-10-15,700,800,149,17,2,0.875,0.4667,NEUTRAL
2018-10-16,951,527,183,11,2,1.805,0.6435,BULL
2018-10-17,842,607,220,10,2,1.387,0.5811,BULL
2018-10-18,556,872,210,6,5,0.638,0.3895,BEAR
2018-10-19,407,1073,161,5,4,0.379,0.2748,CRASH
2018-10-22,1111,389,144,16,3,2.856,0.7407,STRONG_BULL
2018-10-23,232,1294,122,2,5,0.179,0.1518,CRASH
2018-10-24,553,874,224,7,5,0.633,0.3876,BEAR
2018-10-25,93,1498,65,1,61,0.062,0.0584,CRASH
2018-10-26,523,951,191,7,12,0.55,0.3548,BEAR
2018-10-29,615,845,187,10,17,0.728,0.4213,BEAR
2018-10-30,656,761,230,4,10,0.862,0.4629,NEUTRAL
2018-10-31,1413,142,104,32,3,9.951,0.9087,STRONG_BULL
2018-11-01,1183,327,139,39,1,3.618,0.7835,STRONG_BULL
2018-11-02,1073,400,177,23,1,2.683,0.7285,STRONG_BULL
2018-11-05,665,727,225,12,5,0.915,0.4778,NEUTRAL
2018-11-06,523,901,223,7,12,0.58,0.3671,BEAR
2018-11-07,1246,239,168,20,1,5.213,0.839,STRONG_BULL
2018-11-08,853,599,198,10,3,1.424,0.5875,BULL
2018-11-09,274,340,102,7,5,0.806,0.4463,NEUTRAL
2018-11-12,685,776,193,19,5,0.883,0.4689,NEUTRAL
2018-11-13,563,853,228,11,7,0.66,0.3976,BEAR
2018-11-14,887,572,201,35,2,1.551,0.608,BULL
2018-11-15,782,653,225,21,4,1.198,0.545,BULL
2018-11-16,840,592,227,14,3,1.419,0.5866,BULL
2018-11-19,1027,394,223,18,3,2.607,0.7228,STRONG_BULL
2018-11-20,471,954,226,12,3,0.494,0.3307,CRASH
2018-11-21,733,663,247,22,2,1.106,0.5252,BULL
2018-11-22,514,924,221,11,0,0.556,0.3573,BEAR
2018-11-23,427,1023,200,9,3,0.417,0.2943,CRASH
2018-11-26,1180,292,184,22,1,4.041,0.8016,STRONG_BULL
2018-11-27,983,463,206,19,2,2.123,0.6798,STRONG_BULL
2018-11-28,466,182,84,16,0,2.56,0.7191,STRONG_BULL
2018-11-29,819,624,229,22,0,1.312,0.5675,BULL
2018-11-30,908,567,194,18,1,1.601,0.6155,BULL
2018-12-03,1371,178,125,51,1,7.702,0.8851,STRONG_BULL
2018-12-04,690,762,210,20,1,0.906,0.4753,NEUTRAL
2018-12-05,363,1154,147,10,5,0.315,0.2395,CRASH
2018-12-06,149,1434,84,5,18,0.104,0.0942,CRASH
2018-12-07,1266,244,147,23,0,5.189,0.8384,STRONG_BULL
2018-12-10,329,1195,135,8,6,0.275,0.2157,CRASH
2018-12-11,929,511,223,22,2,1.818,0.6451,BULL
2018-12-12,1187,286,197,25,2,4.15,0.8058,STRONG_BULL
2018-12-13,822,641,199,20,1,1.282,0.5618,BULL
2018-12-14,487,961,212,7,5,0.507,0.3364,BEAR
2018-12-17,582,844,235,6,9,0.69,0.4083,BEAR
2018-12-18,310,1177,181,8,6,0.263,0.2082,CRASH
2018-12-19,599,825,236,9,3,0.726,0.4206,BEAR
2018-12-20,278,1230,154,9,6,0.226,0.1843,CRASH
2018-12-21,832,608,215,14,2,1.368,0.5777,BULL
2018-12-24,844,563,250,17,4,1.499,0.5998,BULL
2018-12-25,243,1257,145,4,4,0.193,0.1618,CRASH
2018-12-26,444,959,252,9,5,0.463,0.3165,CRASH
2018-12-27,1216,250,205,15,2,4.864,0.8295,STRONG_BULL
2018-12-28,783,635,252,4,3,1.233,0.5522,BULL
2019-01-02,555,885,218,8,2,0.627,0.3854,BEAR
2019-01-03,560,863,239,9,3,0.649,0.3936,BEAR
2019-01-04,444,1002,209,11,5,0.443,0.307,CRASH
2019-01-07,1262,223,180,24,0,5.659,0.8498,STRONG_BULL
2019-01-08,745,685,243,21,2,1.088,0.5211,BULL
2019-01-09,1077,413,189,9,2,2.608,0.7228,STRONG_BULL
2019-01-10,661,781,229,9,1,0.846,0.4583,NEUTRAL
2019-01-11,597,839,232,14,1,0.712,0.4159,BEAR
2019-01-14,512,915,240,13,1,0.56,0.359,BEAR
2019-01-15,984,481,212,14,0,2.046,0.6717,STRONG_BULL
2019-01-16,757,703,221,26,0,1.077,0.5185,BULL
2019-01-17,711,745,222,13,4,0.954,0.4882,NEUTRAL
2019-01-18,892,522,234,17,1,1.709,0.6309,BULL
2019-01-21,845,581,253,17,0,1.454,0.5925,BULL
2019-01-22,508,937,228,5,3,0.542,0.3515,BEAR
2019-01-23,744,649,265,13,0,1.146,0.534,BULL
2019-01-24,771,616,275,14,0,1.252,0.556,BULL
2019-01-25,892,519,278,12,0,1.719,0.6322,BULL
2019-01-28,810,590,276,13,2,1.373,0.5786,BULL
2019-01-29,524,923,234,7,1,0.568,0.3622,BEAR
2019-01-30,810,598,275,7,1,1.355,0.5754,BULL
2019-02-11,995,483,204,24,3,2.06,0.6732,STRONG_BULL
2019-02-12,839,677,219,14,2,1.239,0.5534,BULL
2019-02-13,837,625,217,24,1,1.339,0.5725,BULL
2019-02-14,897,573,211,18,2,1.565,0.6101,BULL
2019-02-15,579,897,202,12,4,0.645,0.3921,BEAR
2019-02-18,999,495,195,30,3,2.018,0.6687,STRONG_BULL
2019-02-19,862,585,237,18,1,1.474,0.5958,BULL
2019-02-20,993,486,217,24,1,2.043,0.6714,STRONG_BULL
2019-02-21,735,723,226,12,0,1.017,0.5042,BULL
2019-02-22,617,810,250,12,2,0.762,0.4325,BEAR
2019-02-25,908,560,227,19,1,1.621,0.6185,BULL
2019-02-26,618,842,223,8,3,0.734,0.4233,BEAR
2019-02-27,700,762,234,17,2,0.919,0.4789,NEUTRAL
2019-03-04,885,613,189,17,2,1.444,0.5908,BULL
2019-03-05,588,855,244,8,1,0.688,0.4076,BEAR
2019-03-06,869,583,240,9,2,1.491,0.5986,BULL
2019-03-07,367,1131,184,9,1,0.324,0.2447,CRASH
2019-03-08,687,767,227,11,1,0.896,0.4726,NEUTRAL
2019-03-11,833,644,213,25,1,1.293,0.5639,BULL
2019-03-12,887,585,221,17,5,1.516,0.6025,BULL
2019-03-13,705,743,234,11,1,0.949,0.4869,NEUTRAL
2019-03-14,667,775,246,21,2,0.861,0.4627,NEUTRAL
2019-03-15,851,608,232,14,2,1.4,0.5833,BULL
2019-03-18,841,656,193,20,2,1.282,0.5618,BULL
2019-03-19,718,746,227,10,1,0.962,0.4903,NEUTRAL
2019-03-20,830,627,232,20,1,1.324,0.5697,BULL
2019-03-21,387,260,107,17,2,1.488,0.5981,BULL
2019-03-22,665,812,220,17,5,0.819,0.4502,NEUTRAL
2019-03-25,318,1238,124,6,8,0.257,0.2045,CRASH
2019-03-26,976,498,219,19,4,1.96,0.6622,BULL
2019-03-27,766,683,237,13,4,1.122,0.5287,BULL
2019-03-28,565,913,214,17,4,0.619,0.3823,BEAR
2019-03-29,887,573,231,12,7,1.548,0.6075,BULL
2019-04-01,678,819,202,21,12,0.828,0.453,NEUTRAL
2019-04-02,824,650,224,18,7,1.268,0.5591,BULL
2019-04-03,860,609,233,15,6,1.412,0.5854,BULL
2019-04-08,900,563,235,32,7,1.599,0.6152,BULL
2019-04-09,800,682,214,27,3,1.173,0.5398,BULL
2019-04-10,734,736,228,19,5,0.997,0.4992,NEUTRAL
2019-04-11,491,1033,182,23,2,0.475,0.322,CRASH
2019-04-12,491,970,236,17,7,0.506,0.336,BEAR
2019-04-15,908,547,233,28,6,1.66,0.6241,BULL
2019-04-16,750,700,242,19,3,1.071,0.5171,BULL
2019-04-17,322,323,113,9,0,0.997,0.4992,NEUTRAL
2019-04-18,287,1290,127,13,5,0.222,0.1817,CRASH
2019-04-19,957,514,228,12,6,1.862,0.6506,BULL
2019-04-22,822,632,239,14,2,1.301,0.5654,BULL
2019-04-23,601,871,226,8,9,0.69,0.4083,BEAR
2019-04-24,611,820,255,10,2,0.745,0.4269,BEAR
2019-04-25,696,716,278,7,2,0.972,0.4929,NEUTRAL
2019-04-26,352,1123,213,7,8,0.313,0.2384,CRASH
2019-04-29,405,1110,178,4,14,0.365,0.2674,CRASH
2019-04-30,957,509,226,8,5,1.88,0.6528,BULL
2019-05-02,966,491,226,13,3,1.967,0.663,BULL
2019-05-03,901,539,249,9,2,1.672,0.6257,BULL
2019-05-06,222,1357,101,9,3,0.164,0.1409,CRASH
2019-05-07,1072,388,231,10,1,2.763,0.7343,STRONG_BULL
2019-05-08,495,1003,193,10,1,0.494,0.3307,CRASH
2019-05-09,225,1359,111,5,7,0.166,0.1424,CRASH
2019-05-10,536,957,200,5,6,0.56,0.359,BEAR
2019-05-13,346,1207,142,5,17,0.287,0.223,CRASH
2019-05-14,775,719,194,10,4,1.078,0.5188,BULL
2019-05-15,1092,432,163,17,5,2.528,0.7166,STRONG_BULL
2019-05-16,406,1091,187,7,8,0.372,0.2711,CRASH
2019-05-17,385,1094,206,1,9,0.352,0.2604,CRASH
2019-05-20,593,886,200,11,9,0.669,0.4008,BEAR
2019-05-21,1211,327,150,16,3,3.703,0.7874,STRONG_BULL
2019-05-22,700,744,242,11,3,0.941,0.4848,NEUTRAL
2019-05-23,345,1150,181,4,4,0.3,0.2308,CRASH
2019-05-24,806,651,226,5,2,1.238,0.5532,BULL
2019-05-27,806,663,211,3,3,1.216,0.5487,BULL
2019-05-28,841,631,212,7,3,1.333,0.5714,BULL
2019-05-29,626,840,215,5,2,0.745,0.4269,BEAR
2019-05-30,1058,392,233,6,0,2.699,0.7297,STRONG_BULL
2019-05-31,1064,391,236,11,0,2.721,0.7313,STRONG_BULL
2019-06-03,460,1034,182,9,1,0.445,0.308,CRASH
2019-06-04,547,867,269,6,2,0.631,0.3869,BEAR
2019-06-05,760,654,285,12,3,1.162,0.5375,BULL
2019-06-06,481,959,247,8,3,0.502,0.3342,BEAR
2019-06-10,1038,436,212,13,2,2.381,0.7042,STRONG_BULL
2019-06-11,774,686,236,12,3,1.128,0.5301,BULL
2019-06-12,687,693,303,5,2,0.991,0.4977,NEUTRAL
2019-06-13,644,786,255,4,3,0.819,0.4502,NEUTRAL
2019-06-14,707,699,277,9,3,1.011,0.5027,BULL
2019-06-17,817,622,252,11,2,1.314,0.5678,BULL
2019-06-18,572,833,278,5,3,0.687,0.4072,BEAR
2019-06-19,1245,257,191,8,2,4.844,0.8289,STRONG_BULL
2019-06-20,984,447,259,12,1,2.201,0.6876,STRONG_BULL
2019-06-21,693,756,247,7,2,0.917,0.4784,NEUTRAL
2019-06-24,919,491,288,7,2,1.872,0.6518,BULL
2019-06-25,347,1059,286,3,2,0.328,0.247,CRASH
2019-06-26,687,685,302,7,1,1.003,0.5007,BULL
2019-06-27,951,442,303,3,2,2.152,0.6827,STRONG_BULL
2019-06-28,595,799,284,4,3,0.745,0.4269,BEAR
2019-07-01,1080,348,268,16,4,3.103,0.7563,STRONG_BULL
2019-07-02,881,576,245,9,0,1.53,0.6047,BULL
2019-07-03,560,833,299,5,3,0.672,0.4019,BEAR
2019-07-04,999,409,282,9,0,2.443,0.7096,STRONG_BULL
2019-07-05,909,501,287,10,3,1.814,0.6446,BULL
2019-07-08,540,880,269,8,3,0.614,0.3804,BEAR
2019-07-09,591,829,263,5,0,0.713,0.4162,BEAR
2019-07-10,891,550,256,8,1,1.62,0.6183,BULL
2019-07-11,767,681,258,16,2,1.126,0.5296,BULL
2019-07-12,717,704,281,7,0,1.018,0.5045,BULL
2019-07-15,807,623,268,14,1,1.295,0.5643,BULL
2019-07-16,731,676,291,6,1,1.081,0.5195,BULL
2019-07-17,652,782,253,7,0,0.834,0.4547,NEUTRAL
2019-07-18,496,928,263,12,0,0.534,0.3481,BEAR
2019-07-19,878,507,307,7,0,1.732,0.634,BULL
2019-07-22,779,646,267,21,0,1.206,0.5467,BULL
2019-07-23,603,823,269,13,2,0.733,0.423,BEAR
2019-07-24,694,742,265,16,1,0.935,0.4832,NEUTRAL
2019-07-25,824,565,303,8,0,1.458,0.5932,BULL
2019-07-26,736,693,267,6,1,1.062,0.515,BULL
2019-07-29,701,761,232,16,3,0.921,0.4794,NEUTRAL
2019-07-30,328,1159,203,7,6,0.283,0.2206,CRASH
2019-07-31,636,800,249,8,1,0.795,0.4429,BEAR
2019-08-01,475,970,248,6,1,0.49,0.3289,CRASH
2019-08-02,226,1327,133,5,2,0.17,0.1453,CRASH
2019-08-05,287,1265,145,4,7,0.227,0.185,CRASH
2019-08-06,496,1009,182,7,2,0.492,0.3298,CRASH
2019-08-07,750,703,233,10,2,1.067,0.5162,BULL
2019-08-08,1121,347,214,17,0,3.231,0.7636,STRONG_BULL
2019-08-12,840,666,175,16,4,1.261,0.5577,BULL
2019-08-13,439,1076,172,8,3,0.408,0.2898,CRASH
2019-08-14,801,672,224,13,2,1.192,0.5438,BULL
2019-08-15,370,1157,156,10,0,0.32,0.2424,CRASH
2019-08-16,1048,424,222,8,2,2.472,0.712,STRONG_BULL
2019-08-19,965,508,215,18,3,1.9,0.6552,BULL
2019-08-20,768,664,261,16,1,1.157,0.5364,BULL
2019-08-21,872,575,246,16,2,1.517,0.6027,BULL
2019-08-22,682,768,241,17,1,0.888,0.4703,NEUTRAL
2019-08-23,632,752,303,9,1,0.84,0.4565,NEUTRAL
2019-08-26,240,1282,161,6,2,0.187,0.1575,CRASH
2019-08-27,934,478,274,15,1,1.954,0.6615,BULL
2019-08-28,766,638,289,18,3,1.201,0.5457,BULL
2019-08-29,807,587,284,10,1,1.375,0.5789,BULL
2019-08-30,1001,466,220,11,1,2.148,0.6823,STRONG_BULL
2019-09-02,1064,417,198,22,1,2.552,0.7185,STRONG_BULL
2019-09-03,616,777,289,11,0,0.793,0.4423,BEAR
2019-09-04,986,457,247,18,4,2.158,0.6833,STRONG_BULL
2019-09-05,769,645,273,11,2,1.192,0.5438,BULL
2019-09-06,720,713,262,11,0,1.01,0.5025,BULL
2019-09-09,649,817,231,14,1,0.794,0.4426,BEAR
2019-09-10,578,898,216,9,1,0.644,0.3917,BEAR
2019-09-11,698,760,198,21,4,0.918,0.4786,NEUTRAL
2019-09-12,861,554,269,6,0,1.554,0.6085,BULL
2019-09-16,588,854,250,9,1,0.689,0.4079,BEAR
2019-09-17,632,785,275,10,1,0.805,0.446,NEUTRAL
2019-09-18,899,559,234,15,1,1.608,0.6166,BULL
2019-09-19,587,830,260,13,2,0.707,0.4142,BEAR
2019-09-20,835,610,239,17,0,1.369,0.5779,BULL
2019-09-23,744,695,259,21,1,1.071,0.5171,BULL
2019-09-24,648,790,256,17,4,0.82,0.4505,NEUTRAL
2019-09-25,814,646,220,17,2,1.26,0.5575,BULL
2019-09-26,597,850,248,15,1,0.702,0.4125,BEAR
2019-09-27,285,1249,147,9,3,0.228,0.1857,CRASH
2019-10-01,827,610,249,7,4,1.356,0.5756,BULL
2019-10-02,716,733,233,8,1,0.977,0.4942,NEUTRAL
2019-10-03,541,880,244,4,1,0.615,0.3808,BEAR
2019-10-04,588,819,274,8,1,0.718,0.4179,BEAR
2019-10-07,720,694,286,7,2,1.037,0.5091,BULL
2019-10-08,602,849,242,5,1,0.709,0.4149,BEAR
2019-10-09,453,1036,202,7,2,0.437,0.3041,CRASH
2019-10-14,942,562,190,20,2,1.676,0.6263,BULL
2019-10-15,689,774,239,11,2,0.89,0.4709,NEUTRAL
2019-10-16,845,639,219,10,3,1.322,0.5693,BULL
2019-10-17,867,577,254,16,1,1.503,0.6005,BULL
2019-10-18,711,737,249,8,0,0.965,0.4911,NEUTRAL
2019-10-21,877,602,213,17,0,1.457,0.593,BULL
2019-10-22,759,673,271,11,1,1.128,0.5301,BULL
2019-10-23,568,901,230,5,1,0.63,0.3865,BEAR
2019-10-24,963,461,271,11,0,2.089,0.6763,STRONG_BULL
2019-10-25,548,905,247,11,1,0.606,0.3773,BEAR
2019-10-28,661,774,264,16,1,0.854,0.4606,NEUTRAL
2019-10-29,467,992,239,5,2,0.471,0.3202,CRASH
2019-10-30,861,571,267,12,3,1.508,0.6013,BULL
2019-10-31,513,955,218,9,3,0.537,0.3494,BEAR
2019-11-01,798,639,258,14,1,1.249,0.5554,BULL
2019-11-04,888,597,218,15,3,1.487,0.5979,BULL
2019-11-05,738,688,278,9,2,1.073,0.5176,BULL
2019-11-06,553,895,250,7,2,0.618,0.382,BEAR
2019-11-07,451,996,243,11,1,0.453,0.3118,CRASH
2019-11-08,739,711,247,16,3,1.039,0.5096,BULL
2019-11-11,292,1262,139,9,12,0.231,0.1877,CRASH
2019-11-12,976,486,230,7,3,2.008,0.6676,STRONG_BULL
2019-11-13,674,790,236,10,3,0.853,0.4603,NEUTRAL
2019-11-14,490,1009,192,11,6,0.486,0.3271,CRASH
2019-11-15,886,557,251,20,5,1.591,0.614,BULL
2019-11-18,798,677,218,13,12,1.179,0.5411,BULL
2019-11-19,713,746,236,7,11,0.956,0.4888,NEUTRAL
2019-11-20,641,821,235,8,11,0.781,0.4385,BEAR
2019-11-21,598,870,221,13,3,0.687,0.4072,BEAR
2019-11-22,796,621,269,7,1,1.282,0.5618,BULL
2019-11-25,781,682,243,12,2,1.145,0.5338,BULL
2019-11-26,803,645,257,10,6,1.245,0.5546,BULL
2019-11-27,792,636,279,9,11,1.245,0.5546,BULL
2019-11-28,613,832,254,14,11,0.737,0.4243,BEAR
2019-11-29,368,1132,204,11,2,0.325,0.2453,CRASH
2019-12-02,440,1035,218,16,3,0.425,0.2982,CRASH
2019-12-03,869,553,265,15,1,1.571,0.611,BULL
2019-12-04,601,786,301,8,1,0.765,0.4334,BEAR
2019-12-05,904,524,275,10,1,1.725,0.633,BULL
2019-12-06,733,694,270,14,3,1.056,0.5136,BULL
2019-12-09,730,703,265,20,3,1.038,0.5093,BULL
2019-12-10,720,735,237,14,2,0.98,0.4949,NEUTRAL
2019-12-11,750,725,224,26,3,1.034,0.5084,BULL
2019-12-12,590,831,285,18,5,0.71,0.4152,BEAR
2019-12-13,496,962,244,13,6,0.516,0.3404,BEAR
2019-12-16,1014,445,244,13,2,2.279,0.695,STRONG_BULL
2019-12-17,906,551,254,8,2,1.644,0.6218,BULL
2019-12-18,829,636,247,8,1,1.303,0.5658,BULL
2019-12-19,599,851,248,10,1,0.704,0.4131,BEAR
2019-12-20,688,746,271,13,4,0.922,0.4797,NEUTRAL
2019-12-23,709,783,210,12,3,0.905,0.4751,NEUTRAL
2019-12-24,676,738,284,16,0,0.916,0.4781,NEUTRAL
2019-12-25,884,523,297,20,0,1.69,0.6283,BULL
2019-12-26,643,783,277,15,1,0.821,0.4509,NEUTRAL
2019-12-27,872,576,262,12,2,1.514,0.6022,BULL
2019-12-30,667,771,275,16,3,0.865,0.4638,NEUTRAL
2019-12-31,687,750,267,14,0,0.916,0.4781,NEUTRAL
2020-01-02,1046,417,243,14,0,2.508,0.7149,STRONG_BULL
2020-01-03,428,1088,184,3,4,0.393,0.2821,CRASH
2020-01-06,306,1233,167,4,6,0.248,0.1987,CRASH
2020-01-07,490,1023,194,8,5,0.479,0.3239,CRASH
2020-01-08,336,1201,167,7,2,0.28,0.2188,CRASH
2020-01-09,1111,352,239,15,1,3.156,0.7594,STRONG_BULL
2020-01-10,822,619,256,10,3,1.328,0.5704,BULL
2020-01-13,1072,455,173,22,7,2.356,0.702,STRONG_BULL
2020-01-14,850,578,271,15,5,1.471,0.5953,BULL
2020-01-15,559,885,251,11,3,0.632,0.3873,BEAR
2020-01-16,842,614,240,11,0,1.371,0.5782,BULL
2020-01-17,721,702,282,16,0,1.027,0.5067,BULL
2020-01-20,797,654,263,13,2,1.219,0.5493,BULL
2020-01-30,87,1600,17,33,431,0.054,0.0512,CRASH
2020-01-31,1031,535,142,23,8,1.927,0.6584,BULL
2020-02-03,236,1397,68,26,26,0.169,0.1446,CRASH
2020-02-04,1360,234,114,37,4,5.812,0.8532,STRONG_BULL
2020-02-05,725,766,205,28,6,0.946,0.4861,NEUTRAL
2020-02-06,1282,276,143,22,9,4.645,0.8229,STRONG_BULL
2020-02-07,236,1355,116,12,6,0.174,0.1482,CRASH
2020-02-10,572,891,223,11,4,0.642,0.391,BEAR
2020-02-11,1127,379,195,25,1,2.974,0.7484,STRONG_BULL
2020-02-12,1155,345,197,24,0,3.348,0.77,STRONG_BULL
2020-02-13,654,810,233,16,2,0.807,0.4466,NEUTRAL
2020-02-14,940,510,247,19,3,1.843,0.6483,BULL
2020-02-17,478,1027,188,17,1,0.465,0.3174,CRASH
2020-02-18,641,773,278,9,5,0.829,0.4533,NEUTRAL
2020-02-19,1148,338,207,9,5,3.396,0.7725,STRONG_BULL
2020-02-20,724,707,264,8,2,1.024,0.5059,BULL
2020-02-21,541,901,244,16,2,0.6,0.375,BEAR
2020-02-24,333,1238,117,20,1,0.269,0.212,CRASH
2020-02-25,435,1043,215,11,3,0.417,0.2943,CRASH
2020-02-26,514,938,244,15,2,0.548,0.354,BEAR
2020-02-27,232,1355,115,13,9,0.171,0.146,CRASH
2020-03-02,426,1145,129,21,4,0.372,0.2711,CRASH
2020-03-03,1276,284,147,21,1,4.493,0.818,STRONG_BULL
2020-03-04,564,916,220,25,7,0.616,0.3812,BEAR
2020-03-05,1254,272,174,28,3,4.61,0.8217,STRONG_BULL
2020-03-06,422,1133,141,25,3,0.372,0.2711,CRASH
2020-03-09,118,1535,52,18,31,0.077,0.0715,CRASH
2020-03-10,602,948,158,10,13,0.635,0.3884,BEAR
2020-03-11,473,1069,164,9,13,0.442,0.3065,CRASH
2020-03-12,36,1651,24,1,227,0.022,0.0215,CRASH
2020-03-13,90,1586,41,3,165,0.057,0.0539,CRASH
2020-03-16,252,1381,77,18,124,0.182,0.154,CRASH
2020-03-17,148,1511,54,4,169,0.098,0.0893,CRASH
2020-03-18,392,1187,129,13,68,0.33,0.2481,CRASH
2020-03-19,54,1636,24,8,850,0.033,0.0319,CRASH
2020-03-20,1581,95,42,251,10,16.642,0.9433,STRONG_BULL
2020-03-23,305,1308,81,25,65,0.233,0.189,CRASH
2020-03-24,1489,153,71,99,3,9.732,0.9068,STRONG_BULL
2020-03-25,1547,117,51,140,5,13.222,0.9297,STRONG_BULL
2020-03-26,1054,475,169,58,2,2.219,0.6893,STRONG_BULL
2020-03-27,859,685,166,43,6,1.254,0.5563,BULL
2020-03-30,733,787,168,30,2,0.931,0.4821,NEUTRAL
2020-03-31,980,540,178,29,6,1.815,0.6448,BULL
2020-04-01,976,546,170,26,5,1.788,0.6413,BULL
2020-04-06,1010,506,174,49,11,1.996,0.6662,BULL
2020-04-07,1365,231,115,59,7,5.909,0.8553,STRONG_BULL
2020-04-08,1405,207,94,88,3,6.787,0.8716,STRONG_BULL
2020-04-09,869,688,151,45,3,1.263,0.5581,BULL
2020-04-10,1122,438,145,48,7,2.562,0.7193,STRONG_BULL
2020-04-13,641,921,140,44,2,0.696,0.4104,BEAR
2020-04-14,1458,155,96,57,1,9.406,0.9039,STRONG_BULL
2020-04-15,513,180,58,27,2,2.85,0.7403,STRONG_BULL
2020-04-16,708,822,173,44,1,0.861,0.4627,NEUTRAL
2020-04-17,790,750,171,22,3,1.053,0.5129,BULL
2020-04-20,888,628,179,28,2,1.414,0.5857,BULL
2020-04-21,138,1498,61,7,8,0.092,0.0842,CRASH
2020-04-22,1011,480,199,17,2,2.106,0.678,STRONG_BULL
2020-04-23,1130,377,190,26,2,2.997,0.7498,STRONG_BULL
2020-04-24,794,690,214,25,1,1.151,0.5351,BULL
2020-04-27,1427,172,113,51,2,8.297,0.8924,STRONG_BULL
2020-04-28,1064,490,160,36,2,2.171,0.6846,STRONG_BULL
2020-04-29,1288,304,120,43,4,4.237,0.8091,STRONG_BULL
2020-04-30,1324,266,128,32,4,4.977,0.8327,STRONG_BULL
2020-05-04,414,1178,103,40,0,0.351,0.2598,CRASH
2020-05-05,1011,478,212,50,3,2.115,0.679,STRONG_BULL
2020-05-06,725,802,168,37,2,0.904,0.4748,NEUTRAL
2020-05-07,1225,337,145,52,0,3.635,0.7843,STRONG_BULL
2020-05-08,727,801,175,36,21,0.908,0.4759,NEUTRAL
2020-05-11,1025,533,147,39,12,1.923,0.6579,BULL
2020-05-12,510,1038,153,26,7,0.491,0.3293,CRASH
2020-05-13,882,625,192,39,0,1.411,0.5852,BULL
2020-05-14,238,1365,98,22,9,0.174,0.1482,CRASH
2020-05-15,645,860,188,33,5,0.75,0.4286,BEAR
2020-05-18,777,751,173,49,11,1.035,0.5086,BULL
2020-05-19,1128,427,159,31,8,2.642,0.7254,STRONG_BULL
2020-05-20,775,730,210,31,5,1.062,0.515,BULL
2020-05-21,1192,342,168,35,7,3.485,0.777,STRONG_BULL
2020-05-22,311,1269,126,22,6,0.245,0.1968,CRASH
2020-05-25,1025,512,165,66,4,2.002,0.6669,STRONG_BULL
2020-05-26,1021,495,188,51,2,2.063,0.6735,STRONG_BULL
2020-05-27,813,681,210,49,11,1.194,0.5442,BULL
2020-05-28,491,1020,187,37,5,0.481,0.3248,CRASH
2020-05-29,880,636,189,30,3,1.384,0.5805,BULL
2020-06-01,1233,348,124,38,2,3.543,0.7799,STRONG_BULL
2020-06-02,791,725,193,25,11,1.091,0.5218,BULL
2020-06-03,1310,251,150,41,0,5.219,0.8392,STRONG_BULL
2020-06-04,890,604,220,35,1,1.474,0.5958,BULL
2020-06-05,1138,399,177,41,0,2.852,0.7404,STRONG_BULL
2020-06-08,880,669,168,46,8,1.315,0.568,BULL
2020-06-09,685,831,196,40,5,0.824,0.4518,NEUTRAL
2020-06-10,735,810,171,42,5,0.907,0.4756,NEUTRAL
2020-06-11,223,1405,82,27,9,0.159,0.1372,CRASH
2020-06-12,473,1096,133,32,2,0.432,0.3017,CRASH
2020-06-15,664,845,199,44,5,0.786,0.4401,BEAR
2020-06-16,1453,170,96,47,2,8.547,0.8953,STRONG_BULL
2020-06-17,933,582,199,65,1,1.603,0.6158,BULL
2020-06-18,974,558,185,59,2,1.746,0.6358,BULL
2020-06-19,768,768,182,48,3,1.0,0.5,NEUTRAL
2020-06-22,802,725,186,53,3,1.106,0.5252,BULL
2020-06-23,560,937,210,32,6,0.598,0.3742,BEAR
2020-06-24,712,774,223,23,3,0.92,0.4792,NEUTRAL
2020-06-29,430,1138,138,39,1,0.378,0.2743,CRASH
2020-06-30,1114,405,187,44,2,2.751,0.7334,STRONG_BULL
2020-07-01,1027,468,221,40,1,2.194,0.6869,STRONG_BULL
2020-07-02,1111,407,201,57,1,2.73,0.7319,STRONG_BULL
2020-07-03,809,703,206,56,4,1.151,0.5351,BULL
2020-07-06,1269,307,153,87,1,4.134,0.8052,STRONG_BULL
2020-07-07,532,1015,173,65,8,0.524,0.3438,BEAR
2020-07-08,1075,452,196,98,4,2.378,0.704,STRONG_BULL
2020-07-09,760,761,202,103,7,0.999,0.4997,NEUTRAL
2020-07-10,324,1294,104,49,16,0.25,0.2,CRASH
2020-07-13,1075,444,199,84,14,2.421,0.7077,STRONG_BULL
2020-07-14,393,1189,138,26,25,0.331,0.2487,CRASH
2020-07-15,643,876,203,30,11,0.734,0.4233,BEAR
2020-07-16,866,594,264,36,6,1.458,0.5932,BULL
2020-07-17,281,1286,153,22,47,0.219,0.1797,CRASH
2020-07-20,724,790,197,18,20,0.916,0.4781,NEUTRAL
2020-07-21,1085,422,212,29,12,2.571,0.72,STRONG_BULL
2020-07-22,993,526,199,49,2,1.888,0.6537,BULL
2020-07-23,579,883,247,26,3,0.656,0.3961,BEAR
2020-07-24,195,1414,107,12,10,0.138,0.1213,CRASH
2020-07-27,271,1329,113,17,34,0.204,0.1694,CRASH
2020-07-28,301,1276,138,11,28,0.236,0.1909,CRASH
2020-07-29,1325,261,121,37,2,5.077,0.8354,STRONG_BULL
2020-07-30,1162,354,196,36,2,3.282,0.7665,STRONG_BULL
2020-07-31,898,590,224,23,1,1.522,0.6035,BULL
2020-08-03,672,856,175,43,2,0.785,0.4398,BEAR
2020-08-04,1037,478,194,31,1,2.169,0.6844,STRONG_BULL
2020-08-05,1038,483,197,34,2,2.149,0.6824,STRONG_BULL
2020-08-06,712,797,203,27,3,0.893,0.4717,NEUTRAL
2020-08-07,647,873,192,12,3,0.741,0.4256,BEAR
2020-08-10,827,745,142,43,10,1.11,0.5261,BULL
2020-08-11,501,1049,160,13,17,0.478,0.3234,CRASH
2020-08-12,643,873,190,28,2,0.737,0.4243,BEAR
2020-08-13,716,796,198,30,6,0.899,0.4734,NEUTRAL
2020-08-14,1021,525,162,36,2,1.945,0.6604,BULL
2020-08-17,1080,483,153,53,5,2.236,0.691,STRONG_BULL
2020-08-18,697,817,208,32,11,0.853,0.4603,NEUTRAL
2020-08-19,652,879,187,29,14,0.742,0.4259,BEAR
2020-08-20,108,1563,47,11,60,0.069,0.0645,CRASH
2020-08-21,1459,164,90,49,5,8.896,0.8989,STRONG_BULL
2020-08-24,883,663,164,35,0,1.332,0.5712,BULL
2020-08-25,1089,425,199,33,5,2.562,0.7193,STRONG_BULL
2020-08-26,937,539,226,43,0,1.738,0.6348,BULL
2020-08-27,584,889,241,27,2,0.657,0.3965,BEAR
2020-08-28,818,643,251,30,3,1.272,0.5599,BULL
2020-08-31,832,705,175,50,2,1.18,0.5413,BULL
2020-09-01,744,777,198,26,4,0.958,0.4893,NEUTRAL
2020-09-02,806,706,198,45,2,1.142,0.5331,BULL
2020-09-03,830,676,207,41,2,1.228,0.5512,BULL
2020-09-04,536,1009,163,39,2,0.531,0.3468,BEAR
2020-09-07,746,822,148,57,15,0.908,0.4759,NEUTRAL
2020-09-08,756,743,214,36,7,1.017,0.5042,BULL
2020-09-09,747,747,218,25,1,1.0,0.5,NEUTRAL
2020-09-10,644,874,190,39,3,0.737,0.4243,BEAR
2020-09-11,374,1194,140,30,5,0.313,0.2384,CRASH
2020-09-14,1079,442,186,47,4,2.441,0.7094,STRONG_BULL
2020-09-15,868,621,220,29,6,1.398,0.583,BULL
2020-09-16,751,716,241,29,2,1.049,0.512,BULL
2020-09-17,860,594,255,36,1,1.448,0.5915,BULL
2020-09-18,953,543,204,39,2,1.755,0.637,BULL
2020-09-21,570,968,175,46,3,0.589,0.3707,BEAR
2020-09-22,271,1336,103,29,3,0.203,0.1687,CRASH
2020-09-23,471,1083,157,59,3,0.435,0.3031,CRASH
2020-09-24,152,1503,51,24,12,0.101,0.0917,CRASH
2020-09-25,317,1264,129,8,40,0.251,0.2006,CRASH
2020-09-28,1305,273,126,23,19,4.78,0.827,STRONG_BULL
2020-09-29,727,764,213,9,18,0.952,0.4877,NEUTRAL
2020-09-30,1060,419,218,23,4,2.53,0.7167,STRONG_BULL
2020-10-05,1027,480,200,25,2,2.14,0.6815,STRONG_BULL
2020-10-06,1211,327,174,23,4,3.703,0.7874,STRONG_BULL
2020-10-07,806,661,241,13,5,1.219,0.5493,BULL
2020-10-08,714,751,247,13,4,0.951,0.4874,NEUTRAL
2020-10-12,511,1032,158,23,10,0.495,0.3311,CRASH
2020-10-13,619,906,186,20,9,0.683,0.4058,BEAR
2020-10-14,988,510,208,41,2,1.937,0.6595,BULL
2020-10-15,655,774,240,16,0,0.846,0.4583,NEUTRAL
2020-10-16,461,1051,198,19,3,0.439,0.3051,CRASH
2020-10-19,1087,439,189,20,5,2.476,0.7123,STRONG_BULL
2020-10-20,599,881,229,18,9,0.68,0.4048,BEAR
2020-10-21,811,665,241,17,3,1.22,0.5495,BULL
2020-10-22,562,958,191,14,7,0.587,0.3699,BEAR
2020-10-23,875,592,240,13,5,1.478,0.5964,BULL
2020-10-26,235,419,99,9,3,0.561,0.3594,BEAR
2020-10-27,615,851,242,20,0,0.723,0.4196,BEAR
2020-10-28,394,1127,183,7,4,0.35,0.2593,CRASH
2020-10-29,446,1094,157,8,2,0.408,0.2898,CRASH
2020-10-30,347,1196,162,8,4,0.29,0.2248,CRASH
2020-11-02,610,888,206,14,7,0.687,0.4072,BEAR
2020-11-03,1252,267,192,13,1,4.689,0.8242,STRONG_BULL
2020-11-04,906,552,241,13,3,1.641,0.6214,BULL
2020-11-05,832,604,270,16,1,1.377,0.5793,BULL
2020-11-06,777,706,229,15,3,1.101,0.524,BULL
2020-11-09,1208,349,154,27,2,3.461,0.7758,STRONG_BULL
2020-11-10,704,842,168,27,14,0.836,0.4553,NEUTRAL
2020-11-11,1064,506,154,22,8,2.103,0.6777,STRONG_BULL
2020-11-12,475,1067,170,14,11,0.445,0.308,CRASH
2020-11-13,410,245,101,6,0,1.673,0.6259,BULL
2020-11-16,917,635,167,22,3,1.444,0.5908,BULL
2020-11-17,764,744,208,19,5,1.027,0.5067,BULL
2020-11-18,1005,518,194,29,7,1.94,0.6599,BULL
2020-11-19,789,699,224,33,3,1.129,0.5303,BULL
2020-11-20,844,675,192,25,7,1.25,0.5556,BULL
2020-11-23,1007,501,201,40,2,2.01,0.6678,STRONG_BULL
2020-11-24,551,965,194,25,4,0.571,0.3635,BEAR
2020-11-25,811,696,212,32,3,1.165,0.5381,BULL
2020-11-26,1122,401,193,34,0,2.798,0.7367,STRONG_BULL
2020-11-27,994,504,215,37,1,1.972,0.6635,BULL
2020-11-30,831,742,150,46,5,1.12,0.5283,BULL
2020-12-01,774,759,182,30,2,1.02,0.505,BULL
2020-12-02,710,817,194,36,2,0.869,0.465,NEUTRAL
2020-12-03,609,923,184,13,7,0.66,0.3976,BEAR
2020-12-04,840,698,178,21,6,1.203,0.5461,BULL
2020-12-07,587,987,146,32,5,0.595,0.373,BEAR
2020-12-08,790,756,168,33,3,1.045,0.511,BULL
2020-12-09,796,762,157,28,4,1.045,0.511,BULL
2020-12-10,488,1072,152,17,4,0.455,0.3127,CRASH
2020-12-11,445,1146,128,25,8,0.388,0.2795,CRASH
2020-12-14,1023,517,173,34,2,1.979,0.6643,BULL
2020-12-15,260,1339,117,11,7,0.194,0.1625,CRASH
2020-12-16,1408,171,143,26,1,8.234,0.8917,STRONG_BULL
2020-12-17,667,860,192,27,3,0.776,0.4369,BEAR
2020-12-18,638,896,187,25,0,0.712,0.4159,BEAR
2020-12-21,776,787,152,44,5,0.986,0.4965,NEUTRAL
2020-12-22,306,1293,117,18,13,0.237,0.1916,CRASH
2020-12-23,1040,506,173,35,1,2.055,0.6727,STRONG_BULL
2020-12-24,1030,506,181,29,2,2.036,0.6706,STRONG_BULL
2020-12-25,830,688,202,36,0,1.206,0.5467,BULL
2020-12-28,1017,546,163,56,0,1.863,0.6507,BULL
2020-12-29,705,810,205,32,1,0.87,0.4652,NEUTRAL
2020-12-30,991,556,173,41,0,1.782,0.6405,BULL
2020-12-31,757,749,212,26,0,1.011,0.5027,BULL
2021-01-04,922,631,167,63,2,1.461,0.5937,BULL
2021-01-05,648,888,188,36,5,0.73,0.422,BEAR
2021-01-06,271,1370,86,27,15,0.198,0.1653,CRASH
2021-01-07,1005,536,178,50,6,1.875,0.6522,BULL
2021-01-08,662,904,159,36,10,0.732,0.4226,BEAR
2021-01-11,866,696,162,43,10,1.244,0.5544,BULL
2021-01-12,298,1330,90,29,12,0.224,0.183,CRASH
2021-01-13,1131,404,188,26,1,2.8,0.7368,STRONG_BULL
2021-01-14,738,779,207,26,2,0.947,0.4864,NEUTRAL
2021-01-15,239,1386,94,18,9,0.172,0.1468,CRASH
2021-01-18,619,954,149,32,7,0.649,0.3936,BEAR
2021-01-19,772,754,203,33,9,1.024,0.5059,BULL
2021-01-20,139,1538,53,10,22,0.09,0.0826,CRASH
2021-01-21,768,770,187,22,4,0.997,0.4992,NEUTRAL
2021-01-22,922,591,205,21,0,1.56,0.6094,BULL
2021-01-25,978,578,166,27,2,1.692,0.6285,BULL
2021-01-26,368,1210,141,11,4,0.304,0.2331,CRASH
2021-01-27,987,529,206,32,2,1.866,0.6511,BULL
2021-01-28,346,1249,127,17,1,0.277,0.2169,CRASH
2021-01-29,289,1305,131,13,3,0.221,0.181,CRASH
2021-02-01,638,925,160,13,13,0.69,0.4083,BEAR
2021-02-02,1201,344,181,22,3,3.491,0.7773,STRONG_BULL
2021-02-03,799,708,215,18,2,1.129,0.5303,BULL
2021-02-04,652,834,229,12,3,0.782,0.4388,BEAR
2021-02-05,886,601,237,22,3,1.474,0.5958,BULL
2021-02-17,1387,256,88,74,5,5.418,0.8442,STRONG_BULL
2021-02-18,1312,298,124,67,1,4.403,0.8149,STRONG_BULL
2021-02-19,1038,521,175,61,2,1.992,0.6658,BULL
2021-02-22,1294,296,148,94,2,4.372,0.8138,STRONG_BULL
2021-02-23,977,613,144,54,7,1.594,0.6145,BULL
2021-02-24,506,1073,154,38,6,0.472,0.3207,CRASH
2021-02-25,1086,481,171,30,0,2.258,0.6931,STRONG_BULL
2021-02-26,481,1126,125,23,0,0.427,0.2992,CRASH
2021-03-02,520,1068,148,26,6,0.487,0.3275,CRASH
2021-03-03,1151,426,158,19,0,2.702,0.7299,STRONG_BULL
2021-03-04,554,996,181,21,0,0.556,0.3573,BEAR
2021-03-05,592,960,182,32,4,0.617,0.3816,BEAR
2021-03-08,742,824,171,27,8,0.9,0.4737,NEUTRAL
2021-03-09,875,696,163,23,3,1.257,0.5569,BULL
2021-03-10,896,615,222,28,5,1.457,0.593,BULL
2021-03-11,1122,441,170,37,2,2.544,0.7178,STRONG_BULL
2021-03-12,779,745,211,32,5,1.046,0.5112,BULL
2021-03-15,1074,499,161,64,2,2.152,0.6827,STRONG_BULL
2021-03-16,862,679,198,46,1,1.27,0.5595,BULL
2021-03-17,760,802,175,41,6,0.948,0.4867,NEUTRAL
2021-03-18,1029,519,189,46,2,1.983,0.6648,BULL
2021-03-19,648,948,136,54,3,0.684,0.4062,BEAR
2021-03-22,970,624,140,68,4,1.554,0.6085,BULL
2021-03-23,495,1082,159,25,29,0.457,0.3137,CRASH
2021-03-24,798,736,203,32,6,1.084,0.5202,BULL
2021-03-25,659,889,189,20,7,0.741,0.4256,BEAR
2021-03-26,1110,434,193,30,2,2.558,0.7189,STRONG_BULL
2021-03-29,989,574,179,35,4,1.723,0.6328,BULL
2021-03-30,980,558,200,30,2,1.756,0.6372,BULL
2021-03-31,771,790,179,47,1,0.976,0.4939,NEUTRAL
2021-04-01,816,734,187,49,2,1.112,0.5265,BULL
2021-04-06,1036,563,142,80,10,1.84,0.6479,BULL
2021-04-07,837,616,242,53,5,1.359,0.5761,BULL
2021-04-08,1050,522,169,92,2,2.011,0.6679,STRONG_BULL
2021-04-09,684,926,126,58,10,0.739,0.425,BEAR
2021-04-12,933,706,99,95,22,1.322,0.5693,BULL
2021-04-13,474,1145,122,38,15,0.414,0.2928,CRASH
2021-04-14,413,1220,104,17,13,0.339,0.2532,CRASH
2021-04-15,1291,325,120,44,4,3.972,0.7989,STRONG_BULL
2021-04-16,1134,472,133,52,4,2.403,0.7061,STRONG_BULL
2021-04-19,1029,625,89,95,12,1.646,0.6221,BULL
2021-04-20,934,642,164,49,3,1.455,0.5927,BULL
2021-04-21,728,873,140,53,1,0.834,0.4547,NEUTRAL
2021-04-22,310,1341,92,26,26,0.231,0.1877,CRASH
2021-04-23,1035,551,158,56,8,1.878,0.6525,BULL
2021-04-26,1083,512,148,75,3,2.115,0.679,STRONG_BULL
2021-04-27,795,795,153,50,0,1.0,0.5,NEUTRAL
2021-04-28,808,804,131,57,1,1.005,0.5012,BULL
2021-04-29,547,1055,137,32,1,0.518,0.3412,BEAR
2021-05-03,223,1471,52,31,55,0.152,0.1319,CRASH
2021-05-04,134,1572,37,13,80,0.085,0.0783,CRASH
2021-05-05,910,701,129,27,15,1.298,0.5648,BULL
2021-05-06,730,849,163,25,12,0.86,0.4624,NEUTRAL
2021-05-07,1395,257,95,69,2,5.428,0.8444,STRONG_BULL
2021-05-10,792,844,109,56,1,0.938,0.484,NEUTRAL
2021-05-11,107,1604,32,18,118,0.067,0.0628,CRASH
2021-05-12,456,1063,178,21,107,0.429,0.3002,CRASH
2021-05-13,670,978,95,47,64,0.685,0.4065,BEAR
2021-05-14,762,868,110,26,35,0.878,0.4675,NEUTRAL
2021-05-17,150,1555,32,59,375,0.096,0.0876,CRASH
2021-05-18,1626,89,24,384,3,18.27,0.9481,STRONG_BULL
2021-05-19,919,675,129,58,4,1.361,0.5765,BULL
2021-05-20,425,1159,142,20,10,0.367,0.2685,CRASH
2021-05-21,1484,173,81,51,5,8.578,0.8956,STRONG_BULL
2021-05-24,1096,491,137,45,1,2.232,0.6906,STRONG_BULL
2021-05-25,1127,463,146,45,3,2.434,0.7088,STRONG_BULL
2021-05-26,961,578,198,27,2,1.663,0.6245,BULL
2021-05-27,308,376,88,13,0,0.819,0.4502,NEUTRAL
2021-05-28,1342,279,117,47,0,4.81,0.8279,STRONG_BULL
2021-05-31,911,667,152,29,6,1.366,0.5773,BULL
2021-06-01,1212,372,156,53,2,3.258,0.7651,STRONG_BULL
2021-06-02,612,969,152,33,1,0.632,0.3873,BEAR
2021-06-03,1038,514,190,47,1,2.019,0.6688,STRONG_BULL
2021-06-04,398,1189,139,29,3,0.335,0.2509,CRASH
2021-06-07,529,1048,150,31,6,0.505,0.3355,BEAR
2021-06-08,881,644,204,23,4,1.368,0.5777,BULL
2021-06-09,548,1005,178,26,0,0.545,0.3528,BEAR
2021-06-10,1019,503,205,31,0,2.026,0.6695,STRONG_BULL
2021-06-11,734,779,223,25,1,0.942,0.4851,NEUTRAL
2021-06-15,961,601,171,41,1,1.599,0.6152,BULL
2021-06-16,490,1079,165,25,2,0.454,0.3122,CRASH
2021-06-17,1143,413,181,40,1,2.768,0.7346,STRONG_BULL
2021-06-18,620,932,181,41,0,0.665,0.3994,BEAR
2021-06-21,351,1289,92,49,3,0.272,0.2138,CRASH
2021-06-22,818,725,182,52,0,1.128,0.5301,BULL
2021-06-23,1154,430,150,37,22,2.684,0.7286,STRONG_BULL
2021-06-24,1133,413,185,47,0,2.743,0.7328,STRONG_BULL
2021-06-25,764,751,218,44,0,1.017,0.5042,BULL
2021-06-28,908,672,160,73,1,1.351,0.5746,BULL
2021-06-29,435,1159,146,56,0,0.375,0.2727,CRASH
2021-06-30,1061,497,177,78,1,2.135,0.681,STRONG_BULL
2021-07-01,486,1106,147,40,4,0.439,0.3051,CRASH
2021-07-02,900,634,204,43,1,1.42,0.5868,BULL
2021-07-05,1230,372,138,75,1,3.306,0.7678,STRONG_BULL
2021-07-06,610,966,161,41,1,0.631,0.3869,BEAR
2021-07-07,645,917,179,42,5,0.703,0.4128,BEAR
2021-07-08,948,580,206,36,3,1.634,0.6203,BULL
2021-07-09,543,1026,175,25,10,0.529,0.346,BEAR
2021-07-12,892,687,159,75,4,1.298,0.5648,BULL
2021-07-13,494,1106,141,36,35,0.447,0.3089,CRASH
2021-07-14,623,930,182,29,15,0.67,0.4012,BEAR
2021-07-15,1202,351,174,59,1,3.425,0.774,STRONG_BULL
2021-07-16,863,655,215,31,1,1.318,0.5686,BULL
2021-07-19,827,717,183,58,1,1.153,0.5355,BULL
2021-07-20,292,1331,104,32,2,0.219,0.1797,CRASH
2021-07-21,525,1046,159,42,6,0.502,0.3342,BEAR
2021-07-22,995,536,208,32,2,1.856,0.6499,BULL
2021-07-23,1094,484,159,43,2,2.26,0.6933,STRONG_BULL
2021-07-26,916,629,192,58,2,1.456,0.5928,BULL
2021-07-27,359,1225,149,20,15,0.293,0.2266,CRASH
2021-07-28,274,1323,139,10,24,0.207,0.1715,CRASH
2021-07-29,1269,299,172,46,2,4.244,0.8093,STRONG_BULL
2021-07-30,466,1059,200,13,3,0.44,0.3056,CRASH
2021-08-02,1035,459,232,20,2,2.255,0.6928,STRONG_BULL
2021-08-03,782,687,264,18,1,1.138,0.5323,BULL
2021-08-04,769,721,239,25,1,1.067,0.5162,BULL
2021-08-05,604,903,227,29,0,0.669,0.4008,BEAR
2021-08-06,612,894,223,25,3,0.685,0.4065,BEAR
2021-08-09,392,1164,181,13,15,0.337,0.2521,CRASH
2021-08-10,336,1215,176,12,16,0.277,0.2169,CRASH
2021-08-11,293,1299,141,6,21,0.226,0.1843,CRASH
2021-08-12,1015,473,232,20,3,2.146,0.6821,STRONG_BULL
2021-08-13,255,1336,135,7,10,0.191,0.1604,CRASH
2021-08-16,282,1323,128,9,12,0.213,0.1756,CRASH
2021-08-17,337,1221,173,11,12,0.276,0.2163,CRASH
2021-08-18,1276,314,145,45,4,4.064,0.8025,STRONG_BULL
2021-08-19,138,1486,102,8,18,0.093,0.0851,CRASH
2021-08-20,763,718,254,17,4,1.063,0.5153,BULL
2021-08-23,1477,137,120,43,3,10.781,0.9151,STRONG_BULL
2021-08-24,676,857,198,24,2,0.789,0.441,BEAR
2021-08-25,1253,307,170,48,1,4.081,0.8032,STRONG_BULL
2021-08-26,699,788,238,34,0,0.887,0.4701,NEUTRAL
2021-08-27,953,557,225,17,0,1.711,0.6311,BULL
2021-08-30,1009,498,230,26,1,2.026,0.6695,STRONG_BULL
2021-08-31,878,638,214,19,0,1.376,0.5791,BULL
2021-09-01,1006,555,172,26,1,1.813,0.6445,BULL
2021-09-02,707,709,255,23,2,0.997,0.4992,NEUTRAL
2021-09-03,1003,528,207,26,2,1.9,0.6552,BULL
2021-09-06,315,1277,136,12,11,0.247,0.1981,CRASH
2021-09-07,570,963,191,17,9,0.592,0.3719,BEAR
2021-09-08,267,1343,121,16,3,0.199,0.166,CRASH
2021-09-09,1091,417,212,25,3,2.616,0.7235,STRONG_BULL
2021-09-10,1080,447,201,20,3,2.416,0.7073,STRONG_BULL
2021-09-13,865,686,183,29,5,1.261,0.5577,BULL
2021-09-14,692,810,227,15,0,0.854,0.4606,NEUTRAL
2021-09-15,591,920,216,26,4,0.642,0.391,BEAR
2021-09-16,638,858,233,16,1,0.744,0.4266,BEAR
2021-09-17,913,592,228,14,5,1.542,0.6066,BULL
2021-09-22,215,1420,93,12,4,0.151,0.1312,CRASH
2021-09-23,1199,352,170,23,2,3.406,0.773,STRONG_BULL
2021-09-24,1126,397,210,23,2,2.836,0.7393,STRONG_BULL
2021-09-27,926,631,173,28,2,1.468,0.5948,BULL
2021-09-28,274,401,98,9,1,0.683,0.4058,BEAR
2021-09-29,222,1398,115,16,8,0.159,0.1372,CRASH
2021-09-30,1215,333,174,29,2,3.649,0.7849,STRONG_BULL
2021-10-01,115,1552,66,4,23,0.074,0.0689,CRASH
2021-10-04,303,1302,129,4,35,0.233,0.189,CRASH
2021-10-05,1129,454,144,10,3,2.487,0.7132,STRONG_BULL
2021-10-06,487,1063,178,13,3,0.458,0.3141,CRASH
2021-10-07,1525,119,91,42,0,12.815,0.9276,STRONG_BULL
2021-10-08,731,791,207,23,0,0.924,0.4802,NEUTRAL
2021-10-12,405,1187,136,14,8,0.341,0.2543,CRASH
2021-10-13,413,1159,162,27,7,0.356,0.2625,CRASH
2021-10-14,926,582,215,22,7,1.591,0.614,BULL
2021-10-15,1258,323,150,29,0,3.895,0.7957,STRONG_BULL
2021-10-18,829,692,209,29,3,1.198,0.545,BULL
2021-10-19,1179,385,171,24,2,3.062,0.7538,STRONG_BULL
2021-10-20,771,728,234,21,0,1.059,0.5143,BULL
2021-10-21,806,705,216,27,4,1.143,0.5334,BULL
2021-10-22,724,812,186,27,2,0.892,0.4715,NEUTRAL
2021-10-25,966,571,200,26,3,1.692,0.6285,BULL
2021-10-26,907,633,199,28,6,1.433,0.589,BULL
2021-10-27,945,596,189,36,3,1.586,0.6133,BULL
2021-10-28,842,698,193,28,5,1.206,0.5467,BULL
2021-10-29,721,804,204,29,4,0.897,0.4729,NEUTRAL
2021-11-01,1071,483,178,51,1,2.217,0.6892,STRONG_BULL
2021-11-02,434,1124,173,16,12,0.386,0.2785,CRASH
2021-11-03,1104,440,187,20,2,2.509,0.715,STRONG_BULL
2021-11-04,802,698,236,27,1,1.149,0.5347,BULL
2021-11-05,760,733,232,19,3,1.037,0.5091,BULL
2021-11-08,821,747,172,25,3,1.099,0.5236,BULL
2021-11-09,852,688,197,25,2,1.238,0.5532,BULL
2021-11-10,825,722,196,32,1,1.143,0.5334,BULL
2021-11-11,695,870,172,37,4,0.799,0.4441,BEAR
2021-11-12,759,776,203,27,1,0.978,0.4944,NEUTRAL
2021-11-15,946,636,158,59,2,1.487,0.5979,BULL
2021-11-16,758,775,209,41,5,0.978,0.4944,NEUTRAL
2021-11-17,909,656,175,33,6,1.386,0.5809,BULL
2021-11-18,767,797,178,27,6,0.962,0.4903,NEUTRAL
2021-11-19,552,982,204,31,2,0.562,0.3598,BEAR
2021-11-22,960,589,183,42,3,1.63,0.6198,BULL
2021-11-23,344,1226,160,13,13,0.281,0.2194,CRASH
2021-11-24,1048,494,195,32,1,2.121,0.6796,STRONG_BULL
2021-11-25,655,854,227,23,2,0.767,0.4341,BEAR
2021-11-26,240,1400,93,24,5,0.171,0.146,CRASH
2021-11-29,489,1103,142,26,5,0.443,0.307,CRASH
2021-11-30,1106,464,163,32,5,2.384,0.7045,STRONG_BULL
2021-12-01,1042,525,162,21,2,1.985,0.665,BULL
2021-12-02,418,1164,145,22,7,0.359,0.2642,CRASH
2021-12-03,1113,392,233,18,0,2.839,0.7395,STRONG_BULL
2021-12-06,830,715,195,38,0,1.161,0.5373,BULL
2021-12-07,837,693,208,31,7,1.208,0.5471,BULL
2021-12-08,966,546,232,38,1,1.769,0.6389,BULL
2021-12-09,747,781,210,28,1,0.956,0.4888,NEUTRAL
2021-12-10,642,897,200,30,1,0.716,0.4172,BEAR
2021-12-13,826,745,171,66,3,1.109,0.5258,BULL
2021-12-14,219,1401,119,17,15,0.156,0.1349,CRASH
2021-12-15,1021,493,226,29,0,2.071,0.6744,STRONG_BULL
2021-12-16,981,520,237,39,2,1.887,0.6536,BULL
2021-12-17,547,997,196,18,4,0.549,0.3544,BEAR
2021-12-20,664,866,198,26,3,0.767,0.4341,BEAR
2021-12-21,1017,484,229,25,0,2.101,0.6775,STRONG_BULL
2021-12-22,809,663,266,26,0,1.22,0.5495,BULL
2021-12-23,929,572,232,29,1,1.624,0.6189,BULL
2021-12-24,663,804,266,32,1,0.825,0.4521,NEUTRAL
2021-12-27,996,541,202,29,1,1.841,0.648,BULL
2021-12-28,761,762,219,20,1,0.999,0.4997,NEUTRAL
2021-12-29,1065,459,216,33,0,2.32,0.6988,STRONG_BULL
2021-12-30,743,775,222,31,2,0.959,0.4895,NEUTRAL
2022-01-03,590,979,167,32,5,0.603,0.3762,BEAR
2022-01-04,709,814,220,28,1,0.871,0.4655,NEUTRAL
2022-01-05,517,1041,186,22,4,0.497,0.332,CRASH
2022-01-06,580,968,189,9,3,0.599,0.3746,BEAR
2022-01-07,364,1229,151,19,7,0.296,0.2284,CRASH
2022-01-10,907,655,183,31,4,1.385,0.5807,BULL
2022-01-11,419,1182,143,10,32,0.354,0.2614,CRASH
2022-01-12,695,858,180,12,2,0.81,0.4475,NEUTRAL
2022-01-13,696,831,211,13,3,0.838,0.4559,NEUTRAL
2022-01-14,261,1367,121,3,6,0.191,0.1604,CRASH
2022-01-17,1090,472,185,23,1,2.309,0.6978,STRONG_BULL
2022-01-18,738,759,235,5,0,0.972,0.4929,NEUTRAL
2022-01-19,456,1075,203,7,0,0.424,0.2978,CRASH
2022-01-20,860,632,245,10,1,1.361,0.5765,BULL
2022-01-21,133,1515,94,2,3,0.088,0.0809,CRASH
2022-01-24,489,1063,187,9,2,0.46,0.3151,CRASH
2022-01-25,197,1426,121,2,5,0.138,0.1213,CRASH
2022-01-26,927,594,223,5,5,1.561,0.6095,BULL
2022-02-07,1493,178,77,36,2,8.388,0.8935,STRONG_BULL
2022-02-08,1319,287,132,21,2,4.596,0.8213,STRONG_BULL
2022-02-09,1237,326,176,25,1,3.794,0.7914,STRONG_BULL
2022-02-10,672,843,227,12,0,0.797,0.4435,BEAR
2022-02-11,330,358,84,16,1,0.922,0.4797,NEUTRAL
2022-02-14,239,1399,107,11,6,0.171,0.146,CRASH
2022-02-15,786,737,228,15,2,1.066,0.516,BULL
2022-02-16,1328,242,173,21,0,5.488,0.8459,STRONG_BULL
2022-02-17,737,788,225,22,1,0.935,0.4832,NEUTRAL
2022-02-18,943,569,235,18,0,1.657,0.6236,BULL
2022-02-21,795,744,204,25,0,1.069,0.5167,BULL
2022-02-22,153,1491,100,7,3,0.103,0.0934,CRASH
2022-02-23,1218,323,199,22,1,3.771,0.7904,STRONG_BULL
2022-02-24,119,1581,49,10,7,0.075,0.0698,CRASH
2022-02-25,1112,455,175,15,4,2.444,0.7096,STRONG_BULL
2022-03-01,1393,228,125,30,3,6.11,0.8594,STRONG_BULL
2022-03-02,804,723,206,18,0,1.112,0.5265,BULL
2022-03-03,867,617,259,22,0,1.405,0.5842,BULL
2022-03-04,376,1198,167,10,6,0.314,0.239,CRASH
2022-03-07,106,1601,34,10,17,0.066,0.0619,CRASH
2022-03-08,154,1519,76,5,14,0.101,0.0917,CRASH
2022-03-09,1394,216,129,31,0,6.454,0.8658,STRONG_BULL
2022-03-10,1443,190,101,24,1,7.595,0.8837,STRONG_BULL
2022-03-11,471,1080,189,12,2,0.436,0.3036,CRASH
2022-03-14,845,694,211,20,2,1.218,0.5491,BULL
2022-03-15,200,1433,112,7,11,0.14,0.1228,CRASH
2022-03-16,854,662,233,10,1,1.29,0.5633,BULL
2022-03-17,1542,123,86,28,0,12.537,0.9261,STRONG_BULL
2022-03-18,966,581,197,19,0,1.663,0.6245,BULL
2022-03-21,1027,501,216,26,3,2.05,0.6721,STRONG_BULL
2022-03-22,949,561,237,21,1,1.692,0.6285,BULL
2022-03-23,446,240,100,14,0,1.858,0.6501,BULL
2022-03-24,740,779,231,18,1,0.95,0.4872,NEUTRAL
2022-03-25,514,1046,189,19,4,0.491,0.3293,CRASH
2022-03-28,599,979,170,18,2,0.612,0.3797,BEAR
2022-03-29,782,753,220,13,1,1.039,0.5096,BULL
2022-03-30,1089,462,198,16,2,2.357,0.7021,STRONG_BULL
2022-03-31,483,1069,194,12,1,0.452,0.3113,CRASH
2022-04-01,675,881,194,11,2,0.766,0.4337,BEAR
2022-04-06,710,880,159,17,5,0.807,0.4466,NEUTRAL
2022-04-07,504,981,208,16,4,0.514,0.3395,BEAR
2022-04-08,1188,382,179,27,0,3.11,0.7567,STRONG_BULL
2022-04-11,341,1316,95,28,8,0.259,0.2057,CRASH
2022-04-12,563,981,199,20,4,0.574,0.3647,BEAR
2022-04-13,1343,287,122,35,2,4.679,0.8239,STRONG_BULL
2022-04-14,681,856,212,26,1,0.796,0.4432,BEAR
2022-04-15,383,1199,167,27,4,0.319,0.2418,CRASH
2022-04-18,535,1060,150,38,4,0.505,0.3355,BEAR
2022-04-19,1062,490,192,15,4,2.167,0.6842,STRONG_BULL
2022-04-20,963,564,219,20,2,1.707,0.6306,BULL
2022-04-21,856,671,217,30,3,1.276,0.5606,BULL
2022-04-22,503,1060,176,21,3,0.475,0.322,CRASH
2022-04-25,100,1593,52,7,24,0.063,0.0593,CRASH
2022-04-26,712,835,194,17,11,0.853,0.4603,NEUTRAL
2022-04-27,246,1412,88,15,9,0.174,0.1482,CRASH
2022-04-28,1053,516,175,22,3,2.041,0.6712,STRONG_BULL
2022-04-29,1082,477,183,15,2,2.268,0.694,STRONG_BULL
2022-05-02,225,691,76,3,4,0.326,0.2459,CRASH
2022-05-03,659,895,182,10,2,0.736,0.424,BEAR
2022-05-04,853,673,213,16,7,1.267,0.5589,BULL
2022-05-05,1169,387,182,23,3,3.021,0.7513,STRONG_BULL
2022-05-06,312,1307,123,11,10,0.239,0.1929,CRASH
2022-05-09,180,1497,75,12,20,0.12,0.1071,CRASH
2022-05-10,915,668,169,14,12,1.37,0.5781,BULL
2022-05-11,491,1103,146,20,11,0.445,0.308,CRASH
2022-05-12,163,1513,80,11,21,0.108,0.0975,CRASH
2022-05-13,1365,271,120,27,6,5.037,0.8344,STRONG_BULL
2022-05-16,911,659,164,12,3,1.382,0.5802,BULL
2022-05-17,1238,351,149,18,0,3.527,0.7791,STRONG_BULL
2022-05-18,1221,363,163,27,1,3.364,0.7709,STRONG_BULL
2022-05-19,416,1168,154,15,2,0.356,0.2625,CRASH
2022-05-20,1047,508,187,28,0,2.061,0.6733,STRONG_BULL
2022-05-23,899,645,202,40,0,1.394,0.5823,BULL
2022-05-24,310,1282,151,16,2,0.242,0.1948,CRASH
2022-05-25,1240,313,197,30,1,3.962,0.7985,STRONG_BULL
2022-05-26,556,955,239,15,2,0.582,0.3679,BEAR
2022-05-27,1215,323,206,20,0,3.762,0.79,STRONG_BULL
2022-05-30,1389,246,124,36,0,5.646,0.8495,STRONG_BULL
2022-05-31,848,685,213,14,0,1.238,0.5532,BULL
2022-06-01,949,603,194,28,0,1.574,0.6115,BULL
2022-06-02,655,876,214,24,0,0.748,0.4279,BEAR
2022-06-06,814,729,212,27,4,1.117,0.5276,BULL
2022-06-07,713,838,204,16,2,0.851,0.4598,NEUTRAL
2022-06-08,906,597,253,17,2,1.518,0.6029,BULL
2022-06-09,832,717,208,25,0,1.16,0.537,BULL
2022-06-10,643,920,190,31,1,0.699,0.4114,BEAR
2022-06-13,208,1461,83,16,7,0.142,0.1243,CRASH
2022-06-14,530,1016,204,8,1,0.522,0.343,BEAR
2022-06-15,947,648,161,22,0,1.461,0.5937,BULL
2022-06-16,235,1379,141,13,5,0.17,0.1453,CRASH
2022-06-17,434,1181,138,13,3,0.367,0.2685,CRASH
2022-06-20,137,1556,64,11,36,0.088,0.0809,CRASH
2022-06-21,1568,107,82,33,0,14.654,0.9361,STRONG_BULL
2022-06-22,167,1503,85,7,13,0.111,0.0999,CRASH
2022-06-23,738,783,235,10,5,0.943,0.4853,NEUTRAL
2022-06-24,1267,332,156,19,0,3.816,0.7924,STRONG_BULL
2022-06-27,1032,448,219,27,2,2.304,0.6973,STRONG_BULL
2022-06-28,375,1217,154,9,3,0.308,0.2355,CRASH
2022-06-29,546,1009,194,14,3,0.541,0.3511,BEAR
2022-06-30,138,1514,101,8,12,0.091,0.0834,CRASH
2022-07-01,133,1565,65,2,60,0.085,0.0783,CRASH
2022-07-04,845,708,195,15,13,1.194,0.5442,BULL
2022-07-05,1332,278,146,25,2,4.791,0.8273,STRONG_BULL
2022-07-06,163,1480,110,7,20,0.11,0.0991,CRASH
2022-07-07,1371,233,147,32,2,5.884,0.8547,STRONG_BULL
2022-07-08,1136,455,163,27,0,2.497,0.714,STRONG_BULL
2022-07-11,652,920,176,29,8,0.709,0.4149,BEAR
2022-07-12,174,1476,96,7,17,0.118,0.1055,CRASH
2022-07-13,1416,212,125,28,2,6.679,0.8698,STRONG_BULL
2022-07-14,1114,395,235,20,2,2.82,0.7382,STRONG_BULL
2022-07-15,828,756,173,16,1,1.095,0.5227,BULL
2022-07-18,1310,276,169,29,0,4.746,0.826,STRONG_BULL
2022-07-19,982,533,234,23,1,1.842,0.6481,BULL
2022-07-20,819,718,219,22,4,1.141,0.5329,BULL
2022-07-21,1182,366,204,27,4,3.23,0.7636,STRONG_BULL
2022-07-22,758,793,199,26,1,0.956,0.4888,NEUTRAL
2022-07-25,899,630,218,28,0,1.427,0.588,BULL
2022-07-26,480,1116,150,14,5,0.43,0.3007,CRASH
2022-07-27,1042,482,228,19,1,2.162,0.6837,STRONG_BULL
2022-07-28,579,921,247,15,3,0.629,0.3861,BEAR
2022-07-29,1200,364,193,30,3,3.297,0.7673,STRONG_BULL
2022-08-01,961,610,174,37,2,1.575,0.6117,BULL
2022-08-02,227,1383,134,11,3,0.164,0.1409,CRASH
2022-08-03,384,1212,155,12,5,0.317,0.2407,CRASH
2022-08-04,532,1010,203,17,6,0.527,0.3451,BEAR
2022-08-05,1484,157,113,33,0,9.452,0.9043,STRONG_BULL
2022-08-08,817,742,189,25,8,1.101,0.524,BULL
2022-08-09,1023,527,191,26,4,1.941,0.66,BULL
2022-08-10,837,730,182,26,2,1.147,0.5342,BULL
2022-08-11,1086,485,183,24,6,2.239,0.6913,STRONG_BULL
2022-08-12,1130,454,168,27,0,2.489,0.7134,STRONG_BULL
2022-08-15,1131,449,176,36,4,2.519,0.7158,STRONG_BULL
2022-08-16,751,780,221,26,6,0.963,0.4906,NEUTRAL
2022-08-17,874,673,206,27,5,1.299,0.565,BULL
2022-08-18,975,564,208,35,6,1.729,0.6336,BULL
2022-08-19,954,588,210,42,3,1.622,0.6186,BULL
2022-08-22,552,1015,185,29,5,0.544,0.3523,BEAR
2022-08-23,544,1026,180,29,3,0.53,0.3464,BEAR
2022-08-24,880,653,211,34,4,1.348,0.5741,BULL
2022-08-25,501,200,78,15,0,2.505,0.7147,STRONG_BULL
2022-08-26,401,288,94,9,1,1.392,0.5819,BULL
2022-08-29,210,1437,99,7,4,0.146,0.1274,CRASH
2022-08-30,1270,319,161,21,1,3.981,0.7992,STRONG_BULL
2022-08-31,1101,465,190,30,0,2.368,0.7031,STRONG_BULL
2022-09-01,294,1329,130,13,3,0.221,0.181,CRASH
2022-09-02,647,890,210,13,3,0.727,0.421,BEAR
2022-09-05,396,1208,152,13,7,0.328,0.247,CRASH
2022-09-06,361,1249,152,5,10,0.289,0.2242,CRASH
2022-09-07,413,1198,140,11,2,0.345,0.2565,CRASH
2022-09-08,1419,219,118,20,1,6.479,0.8663,STRONG_BULL
2022-09-12,1165,432,156,25,1,2.697,0.7295,STRONG_BULL
2022-09-13,856,679,227,12,1,1.261,0.5577,BULL
2022-09-14,535,1051,165,11,2,0.509,0.3373,BEAR
2022-09-15,826,720,213,16,1,1.147,0.5342,BULL
2022-09-16,400,1185,170,11,1,0.338,0.2526,CRASH
2022-09-19,277,1324,149,7,8,0.209,0.1729,CRASH
2022-09-20,979,523,246,9,4,1.872,0.6518,BULL
2022-09-21,296,1309,141,8,2,0.226,0.1843,CRASH
2022-09-22,749,828,168,15,1,0.905,0.4751,NEUTRAL
2022-09-23,335,1290,127,7,8,0.26,0.2063,CRASH
2022-09-26,79,1624,47,4,38,0.049,0.0467,CRASH
2022-09-27,1129,465,155,11,3,2.428,0.7083,STRONG_BULL
2022-09-28,67,1656,35,5,50,0.04,0.0385,CRASH
2022-09-29,1370,259,115,15,2,5.29,0.841,STRONG_BULL
2022-09-30,948,630,157,15,3,1.505,0.6008,BULL
2022-10-03,592,970,179,20,2,0.61,0.3789,BEAR
2022-10-04,1468,187,94,28,1,7.85,0.887,STRONG_BULL
2022-10-05,767,805,181,16,2,0.953,0.488,NEUTRAL
2022-10-06,889,639,212,12,2,1.391,0.5818,BULL
2022-10-07,558,971,205,6,0,0.575,0.3651,BEAR
2022-10-11,106,1577,61,5,47,0.067,0.0628,CRASH
2022-10-12,774,806,172,7,12,0.96,0.4898,NEUTRAL
2022-10-13,79,1632,48,2,61,0.048,0.0458,CRASH
2022-10-14,1554,143,62,44,3,10.867,0.9157,STRONG_BULL
2022-10-17,486,1087,159,8,3,0.447,0.3089,CRASH
2022-10-18,1124,451,164,9,0,2.492,0.7136,STRONG_BULL
2022-10-19,548,999,192,13,1,0.549,0.3544,BEAR
2022-10-20,394,1220,121,10,6,0.323,0.2441,CRASH
2022-10-21,409,1162,165,3,5,0.352,0.2604,CRASH
2022-10-24,1088,483,171,12,3,2.253,0.6926,STRONG_BULL
2022-10-25,372,1222,147,5,7,0.304,0.2331,CRASH
2022-10-26,657,869,215,7,1,0.756,0.4305,BEAR
2022-10-27,1446,184,112,25,3,7.859,0.8871,STRONG_BULL
2022-10-28,227,1363,137,9,4,0.167,0.1431,CRASH
2022-10-31,1231,347,164,20,2,3.548,0.7801,STRONG_BULL
2022-11-01,1333,281,123,24,3,4.744,0.8259,STRONG_BULL
2022-11-02,1183,400,157,39,2,2.958,0.7473,STRONG_BULL
2022-11-03,820,675,239,25,1,1.215,0.5485,BULL
2022-11-04,1103,462,188,33,0,2.387,0.7048,STRONG_BULL
2022-11-07,1228,366,157,45,0,3.355,0.7704,STRONG_BULL
2022-11-08,762,759,228,19,2,1.004,0.501,BULL
2022-11-09,1201,397,157,27,1,3.025,0.7516,STRONG_BULL
2022-11-10,473,1098,176,10,1,0.431,0.3012,CRASH
2022-11-11,981,591,187,16,0,1.66,0.6241,BULL
2022-11-14,1202,398,155,23,2,3.02,0.7512,STRONG_BULL
2022-11-15,914,632,208,18,0,1.446,0.5912,BULL
2022-11-16,555,1069,134,15,5,0.519,0.3417,BEAR
2022-11-17,1245,334,173,24,1,3.728,0.7885,STRONG_BULL
2022-11-18,531,1020,210,14,3,0.521,0.3425,BEAR
2022-11-21,776,787,190,18,1,0.986,0.4965,NEUTRAL
2022-11-22,606,927,215,12,2,0.654,0.3954,BEAR
2022-11-23,1058,474,228,24,3,2.232,0.6906,STRONG_BULL
2022-11-24,1107,476,179,18,1,2.326,0.6993,STRONG_BULL
2022-11-25,474,1082,200,20,2,0.438,0.3046,CRASH
2022-11-28,878,643,223,18,0,1.365,0.5772,BULL
2022-11-29,1054,493,209,26,0,2.138,0.6813,STRONG_BULL
2022-11-30,1324,284,158,35,0,4.662,0.8234,STRONG_BULL
2022-12-01,1166,438,162,31,0,2.662,0.7269,STRONG_BULL
2022-12-02,945,626,193,17,0,1.51,0.6016,BULL
2022-12-05,1021,547,195,31,1,1.867,0.6512,BULL
2022-12-06,300,1345,117,17,5,0.223,0.1823,CRASH
2022-12-07,397,1224,137,12,4,0.324,0.2447,CRASH
2022-12-08,889,657,201,17,1,1.353,0.575,BULL
2022-12-09,826,766,163,17,3,1.078,0.5188,BULL
2022-12-12,618,950,180,24,3,0.651,0.3943,BEAR
2022-12-13,650,906,199,31,1,0.717,0.4176,BEAR
2022-12-14,1242,360,162,21,1,3.45,0.7753,STRONG_BULL
2022-12-15,828,719,218,26,0,1.152,0.5353,BULL
2022-12-16,301,1369,93,6,3,0.22,0.1803,CRASH
2022-12-19,549,1022,183,20,2,0.537,0.3494,BEAR
2022-12-20,140,1540,85,4,8,0.091,0.0834,CRASH
2022-12-21,984,555,214,20,2,1.773,0.6394,BULL
2022-12-22,1203,350,194,10,1,3.437,0.7746,STRONG_BULL
2022-12-23,594,926,223,5,0,0.641,0.3906,BEAR
2022-12-26,789,745,207,14,2,1.059,0.5143,BULL
2022-12-27,889,634,234,5,1,1.402,0.5837,BULL
2022-12-28,286,1344,131,5,2,0.213,0.1756,CRASH
2022-12-29,653,887,207,5,2,0.736,0.424,BEAR
2022-12-30,893,599,270,7,0,1.491,0.5986,BULL
2023-01-03,875,664,211,8,3,1.318,0.5686,BULL
2023-01-04,907,605,237,18,0,1.499,0.5998,BULL
2023-01-05,751,760,254,11,1,0.988,0.497,NEUTRAL
2023-01-06,895,599,267,8,2,1.494,0.599,BULL
2023-01-09,1158,422,185,11,3,2.744,0.7329,STRONG_BULL
2023-01-10,673,872,214,6,2,0.772,0.4357,BEAR
2023-01-11,689,846,234,15,2,0.814,0.4487,NEUTRAL
2023-01-12,485,1078,202,4,2,0.45,0.3103,CRASH
2023-01-13,503,1016,237,4,1,0.495,0.3311,CRASH
2023-01-16,841,651,271,8,0,1.292,0.5637,BULL
2023-01-17,967,537,258,9,1,1.801,0.643,BULL
2023-01-30,1360,267,147,25,0,5.094,0.8359,STRONG_BULL
2023-01-31,1201,387,184,14,1,3.103,0.7563,STRONG_BULL
2023-02-01,1212,389,169,20,2,3.116,0.757,STRONG_BULL
2023-02-02,1217,363,190,23,0,3.353,0.7703,STRONG_BULL
2023-02-03,714,866,181,15,0,0.824,0.4518,NEUTRAL
2023-02-06,718,837,212,19,0,0.858,0.4618,NEUTRAL
2023-02-07,968,569,233,17,0,1.701,0.6298,BULL
2023-02-08,879,641,241,18,1,1.371,0.5782,BULL
2023-02-09,665,854,246,20,0,0.779,0.4379,BEAR
2023-02-10,357,1249,150,7,0,0.286,0.2224,CRASH
2023-02-13,681,870,209,15,3,0.783,0.4391,BEAR
2023-02-14,1065,500,198,15,3,2.13,0.6805,STRONG_BULL
2023-02-15,640,912,213,16,0,0.702,0.4125,BEAR
2023-02-16,1275,310,181,10,1,4.113,0.8044,STRONG_BULL
2023-02-17,910,625,232,25,1,1.456,0.5928,BULL
2023-02-20,1235,391,149,32,1,3.159,0.7596,STRONG_BULL
2023-02-21,844,709,223,17,1,1.19,0.5434,BULL
2023-02-22,563,1025,187,26,4,0.549,0.3544,BEAR
2023-02-23,1284,331,159,39,0,3.879,0.795,STRONG_BULL
2023-02-24,583,1005,184,21,3,0.58,0.3671,BEAR
2023-03-01,770,852,150,13,2,0.904,0.4748,NEUTRAL
2023-03-02,943,618,211,26,1,1.526,0.6041,BULL
2023-03-03,1050,516,206,27,2,2.035,0.6705,STRONG_BULL
2023-03-06,1271,361,145,33,0,3.521,0.7788,STRONG_BULL
2023-03-07,1020,593,167,26,0,1.72,0.6324,BULL
2023-03-08,902,705,168,35,1,1.279,0.5612,BULL
2023-03-09,541,1072,165,30,4,0.505,0.3355,BEAR
2023-03-10,209,1484,79,11,11,0.141,0.1236,CRASH
2023-03-13,527,1114,139,15,4,0.473,0.3211,CRASH
2023-03-14,417,1202,158,4,1,0.347,0.2576,CRASH
2023-03-15,855,731,193,11,4,1.17,0.5392,BULL
2023-03-16,208,1483,83,5,7,0.14,0.1228,CRASH
2023-03-17,1425,224,128,20,1,6.362,0.8642,STRONG_BULL
2023-03-20,1069,534,174,24,1,2.002,0.6669,STRONG_BULL
2023-03-21,1151,446,179,25,0,2.581,0.7207,STRONG_BULL
2023-03-22,1178,417,183,38,0,2.825,0.7386,STRONG_BULL
2023-03-23,886,667,228,25,1,1.328,0.5704,BULL
2023-03-24,884,686,213,18,2,1.289,0.5631,BULL
2023-03-27,784,821,179,21,2,0.955,0.4885,NEUTRAL
2023-03-28,327,1288,163,7,5,0.254,0.2026,CRASH
2023-03-29,834,747,200,8,3,1.116,0.5274,BULL
2023-03-30,1000,555,227,11,2,1.802,0.6431,BULL
2023-03-31,984,560,237,9,1,1.757,0.6373,BULL
2023-04-06,863,738,179,13,1,1.169,0.539,BULL
2023-04-07,843,709,223,17,8,1.189,0.5432,BULL
2023-04-10,965,631,187,25,7,1.529,0.6046,BULL
2023-04-11,939,639,205,19,6,1.469,0.595,BULL
2023-04-12,1041,557,182,29,5,1.869,0.6514,BULL
2023-04-13,622,988,165,23,2,0.63,0.3865,BEAR
2023-04-14,1006,536,233,36,0,1.877,0.6524,BULL
2023-04-17,1059,556,170,54,1,1.905,0.6558,BULL
2023-04-18,580,1017,181,28,1,0.57,0.3631,BEAR
2023-04-19,690,922,167,31,1,0.748,0.4279,BEAR
2023-04-20,257,1397,126,15,8,0.184,0.1554,CRASH
2023-04-21,219,1453,106,9,7,0.151,0.1312,CRASH
2023-04-24,1103,480,191,22,1,2.298,0.6968,STRONG_BULL
2023-04-25,184,1504,90,9,7,0.122,0.1087,CRASH
2023-04-26,1069,497,202,11,3,2.151,0.6826,STRONG_BULL
2023-04-27,951,596,218,23,3,1.596,0.6148,BULL
2023-04-28,1324,267,189,36,1,4.959,0.8322,STRONG_BULL
2023-05-02,1082,513,181,29,0,2.109,0.6784,STRONG_BULL
2023-05-03,512,1077,179,13,4,0.475,0.322,CRASH
2023-05-04,956,613,209,21,1,1.56,0.6094,BULL
2023-05-05,738,812,224,12,2,0.909,0.4762,NEUTRAL
2023-05-08,791,786,199,24,3,1.006,0.5015,BULL
2023-05-09,321,1325,124,6,17,0.242,0.1948,CRASH
2023-05-10,885,707,185,28,7,1.252,0.556,BULL
2023-05-11,234,1447,97,9,31,0.162,0.1394,CRASH
2023-05-12,1118,515,146,18,4,2.171,0.6846,STRONG_BULL
2023-05-15,570,1070,141,15,2,0.533,0.3477,BEAR
2023-05-16,1310,333,142,21,0,3.934,0.7973,STRONG_BULL
2023-05-17,1340,286,156,24,4,4.685,0.8241,STRONG_BULL
2023-05-18,948,634,204,19,3,1.495,0.5992,BULL
2023-05-19,675,916,192,10,3,0.737,0.4243,BEAR
2023-05-22,1216,387,173,28,1,3.142,0.7586,STRONG_BULL
2023-05-23,1017,542,221,27,0,1.876,0.6523,BULL
2023-05-24,840,727,213,24,2,1.155,0.536,BULL
2023-05-25,526,1093,161,18,4,0.481,0.3248,CRASH
2023-05-26,434,1195,159,23,4,0.363,0.2663,CRASH
2023-05-29,1208,397,177,35,2,3.043,0.7527,STRONG_BULL
2023-05-30,591,993,199,9,3,0.595,0.373,BEAR
2023-05-31,1056,516,206,26,2,2.047,0.6718,STRONG_BULL
2023-06-01,883,681,218,31,1,1.297,0.5646,BULL
2023-06-02,946,629,209,27,1,1.504,0.6006,BULL
2023-06-05,1153,478,158,20,0,2.412,0.7069,STRONG_BULL
2023-06-06,643,963,176,14,5,0.668,0.4005,BEAR
2023-06-07,1084,499,201,38,2,2.172,0.6847,STRONG_BULL
2023-06-08,494,1116,173,28,6,0.443,0.307,CRASH
2023-06-09,1050,555,182,27,1,1.892,0.6542,BULL
2023-06-12,520,1123,143,25,18,0.463,0.3165,CRASH
2023-06-13,953,620,210,29,1,1.537,0.6058,BULL
2023-06-14,781,803,195,18,0,0.973,0.4932,NEUTRAL
2023-06-15,890,667,227,27,2,1.334,0.5716,BULL
2023-06-16,695,885,207,20,1,0.785,0.4398,BEAR
2023-06-19,766,852,165,32,1,0.899,0.4734,NEUTRAL
2023-06-20,603,967,211,22,0,0.624,0.3842,BEAR
2023-06-21,1011,582,193,24,0,1.737,0.6346,BULL
2023-06-26,505,1101,184,28,2,0.459,0.3146,CRASH
2023-06-27,387,1235,163,20,12,0.313,0.2384,CRASH
2023-06-28,952,594,239,27,2,1.603,0.6158,BULL
2023-06-29,980,546,259,14,1,1.795,0.6422,BULL
2023-06-30,912,652,225,15,0,1.399,0.5832,BULL
2023-07-03,1098,500,194,35,1,2.196,0.6871,STRONG_BULL
2023-07-04,704,848,232,26,4,0.83,0.4536,NEUTRAL
2023-07-05,710,829,247,29,4,0.856,0.4612,NEUTRAL
2023-07-06,460,1119,205,24,4,0.411,0.2913,CRASH
2023-07-07,400,1230,153,22,6,0.325,0.2453,CRASH
2023-07-10,654,962,170,36,9,0.68,0.4048,BEAR
2023-07-11,857,736,200,24,13,1.164,0.5379,BULL
2023-07-12,483,1139,164,18,7,0.424,0.2978,CRASH
2023-07-13,649,914,226,19,4,0.71,0.4152,BEAR
2023-07-14,1085,504,202,48,1,2.153,0.6828,STRONG_BULL
2023-07-17,955,651,189,50,4,1.467,0.5946,BULL
2023-07-18,371,1291,130,25,10,0.287,0.223,CRASH
2023-07-19,547,1055,191,30,12,0.518,0.3412,BEAR
2023-07-20,1137,453,196,39,4,2.51,0.7151,STRONG_BULL
2023-07-21,571,1047,173,25,6,0.545,0.3528,BEAR
2023-07-24,424,1242,124,31,7,0.341,0.2543,CRASH
2023-07-25,1100,481,206,43,3,2.287,0.6958,STRONG_BULL
2023-07-26,605,997,186,17,8,0.607,0.3777,BEAR
2023-07-27,1200,401,191,29,0,2.993,0.7496,STRONG_BULL
2023-07-28,785,811,185,28,0,0.968,0.4919,NEUTRAL
2023-07-31,616,998,180,21,15,0.617,0.3816,BEAR
2023-08-01,735,840,211,11,11,0.875,0.4667,NEUTRAL
2023-08-02,258,1415,117,14,18,0.182,0.154,CRASH
2023-08-04,1106,494,181,18,12,2.239,0.6913,STRONG_BULL
2023-08-07,924,688,185,22,3,1.343,0.5732,BULL
2023-08-08,418,1208,162,7,9,0.346,0.2571,CRASH
2023-08-09,553,1045,193,5,8,0.529,0.346,BEAR
2023-08-10,236,1421,128,6,22,0.166,0.1424,CRASH
2023-08-11,726,861,201,11,3,0.843,0.4574,NEUTRAL
2023-08-14,223,1493,73,6,9,0.149,0.1297,CRASH
2023-08-15,1137,469,179,20,2,2.424,0.7079,STRONG_BULL
2023-08-16,677,937,171,18,5,0.723,0.4196,BEAR
2023-08-17,1205,411,164,21,1,2.932,0.7457,STRONG_BULL
2023-08-18,487,1132,161,11,7,0.43,0.3007,CRASH
2023-08-21,805,762,214,20,2,1.056,0.5136,BULL
2023-08-22,483,1126,174,18,2,0.429,0.3002,CRASH
2023-08-23,980,591,205,18,4,1.658,0.6238,BULL
2023-08-24,708,804,272,17,3,0.881,0.4684,NEUTRAL
2023-08-25,758,787,233,17,4,0.963,0.4906,NEUTRAL
2023-08-28,504,1050,219,14,6,0.48,0.3243,CRASH
2023-08-29,1111,445,219,10,1,2.497,0.714,STRONG_BULL
2023-08-30,1229,356,192,17,0,3.452,0.7754,STRONG_BULL
2023-08-31,1006,577,206,13,0,1.744,0.6356,BULL
2023-09-01,1026,585,175,16,2,1.754,0.6369,BULL
2023-09-04,974,639,165,21,2,1.524,0.6038,BULL
2023-09-05,938,638,214,20,1,1.47,0.5951,BULL
2023-09-06,616,974,199,17,0,0.632,0.3873,BEAR
2023-09-07,549,1036,200,12,1,0.53,0.3464,BEAR
2023-09-08,625,936,222,14,7,0.668,0.4005,BEAR
2023-09-11,451,1191,149,17,9,0.379,0.2748,CRASH
2023-09-12,928,617,235,16,5,1.504,0.6006,BULL
2023-09-13,1019,536,229,11,4,1.901,0.6553,BULL
2023-09-14,1270,323,193,32,2,3.932,0.7972,STRONG_BULL
2023-09-15,699,880,199,10,4,0.794,0.4426,BEAR
2023-09-18,723,825,231,12,5,0.876,0.467,NEUTRAL
2023-09-19,477,1092,216,10,3,0.437,0.3041,CRASH
2023-09-20,591,867,251,10,2,0.682,0.4055,BEAR
2023-09-21,252,1398,137,3,1,0.18,0.1525,CRASH
2023-09-22,942,590,248,10,0,1.597,0.6149,BULL
2023-09-25,1098,457,228,14,3,2.403,0.7061,STRONG_BULL
2023-09-26,302,1322,163,5,2,0.228,0.1857,CRASH
2023-09-27,661,860,256,9,3,0.769,0.4347,BEAR
2023-09-28,949,568,258,12,0,1.671,0.6256,BULL
2023-10-02,1077,485,216,22,0,2.221,0.6895,STRONG_BULL
2023-10-03,479,1114,180,12,2,0.43,0.3007,CRASH
2023-10-04,389,1234,149,11,1,0.315,0.2395,CRASH
2023-10-05,1176,384,219,26,0,3.062,0.7538,STRONG_BULL
2023-10-06,813,720,249,18,2,1.129,0.5303,BULL
2023-10-11,542,1118,129,15,25,0.485,0.3266,CRASH
2023-10-12,1249,387,155,31,0,3.227,0.7634,STRONG_BULL
2023-10-13,541,1040,204,14,1,0.52,0.3421,BEAR
2023-10-16,448,1171,163,13,4,0.383,0.2769,CRASH
2023-10-17,513,1075,204,19,3,0.477,0.323,CRASH
2023-10-18,367,1285,139,11,10,0.286,0.2224,CRASH
2023-10-19,782,802,202,19,3,0.975,0.4937,NEUTRAL
2023-10-20,428,1207,155,15,3,0.355,0.262,CRASH
2023-10-23,701,857,229,19,2,0.818,0.4499,NEUTRAL
2023-10-24,1105,467,218,34,1,2.366,0.7029,STRONG_BULL
2023-10-25,1165,431,199,27,0,2.703,0.7299,STRONG_BULL
2023-10-26,246,1388,152,9,0,0.177,0.1504,CRASH
2023-10-27,855,672,256,25,1,1.272,0.5599,BULL
2023-10-30,844,723,216,17,1,1.167,0.5385,BULL
2023-10-31,262,1380,147,9,10,0.19,0.1597,CRASH
2023-11-01,958,578,240,13,1,1.657,0.6236,BULL
2023-11-02,1334,274,181,15,0,4.869,0.8296,STRONG_BULL
2023-11-03,1000,555,233,15,3,1.802,0.6431,BULL
2023-11-06,1339,300,156,24,0,4.463,0.817,STRONG_BULL
2023-11-07,734,834,220,19,0,0.88,0.4681,NEUTRAL
2023-11-08,846,718,230,14,1,1.178,0.5409,BULL
2023-11-09,539,1057,199,11,4,0.51,0.3377,BEAR
2023-11-10,516,1082,195,12,6,0.477,0.323,CRASH
2023-11-13,769,836,194,16,4,0.92,0.4792,NEUTRAL
2023-11-14,959,614,222,12,5,1.562,0.6097,BULL
2023-11-15,1220,409,172,17,2,2.983,0.7489,STRONG_BULL
2023-11-16,1004,585,210,21,4,1.716,0.6318,BULL
2023-11-17,1055,528,219,43,4,1.998,0.6664,BULL
2023-11-20,1038,572,193,34,3,1.815,0.6448,BULL
2023-11-21,1011,572,221,22,3,1.767,0.6386,BULL
2023-11-22,961,644,199,31,1,1.492,0.5987,BULL
2023-11-23,783,754,260,21,1,1.038,0.5093,BULL
2023-11-24,695,863,236,11,0,0.805,0.446,NEUTRAL
2023-11-27,496,1138,160,25,3,0.436,0.3036,CRASH
2023-11-28,1365,299,138,30,1,4.565,0.8203,STRONG_BULL
2023-11-29,865,718,217,26,3,1.205,0.5465,BULL
2023-11-30,928,664,213,30,0,1.398,0.583,BULL
2023-12-01,976,630,200,37,0,1.549,0.6077,BULL
2023-12-04,906,711,189,32,4,1.274,0.5602,BULL
2023-12-05,521,1097,182,23,5,0.475,0.322,CRASH
2023-12-06,861,747,199,29,1,1.153,0.5355,BULL
2023-12-07,501,1093,209,12,4,0.458,0.3141,CRASH
2023-12-08,878,721,204,21,0,1.218,0.5491,BULL
2023-12-11,701,908,193,34,3,0.772,0.4357,BEAR
2023-12-12,662,955,196,25,1,0.693,0.4093,BEAR
2023-12-13,761,840,206,24,2,0.906,0.4753,NEUTRAL
2023-12-14,990,646,175,11,2,1.533,0.6052,BULL
2023-12-15,796,830,185,20,3,0.959,0.4895,NEUTRAL
2023-12-18,595,1028,186,14,3,0.579,0.3667,BEAR
2023-12-19,396,1252,159,11,2,0.316,0.2401,CRASH
2023-12-20,1118,465,223,22,0,2.404,0.7062,STRONG_BULL
2023-12-21,501,1111,197,8,0,0.451,0.3108,CRASH
2023-12-22,655,932,220,10,2,0.703,0.4128,BEAR
2023-12-25,615,988,208,9,4,0.622,0.3835,BEAR
2023-12-26,1299,323,185,13,3,4.022,0.8009,STRONG_BULL
2023-12-27,881,691,235,7,0,1.275,0.5604,BULL
2023-12-28,743,822,240,14,2,0.904,0.4748,NEUTRAL
2023-12-29,793,780,240,12,3,1.017,0.5042,BULL
2024-01-02,788,800,219,17,0,0.985,0.4962,NEUTRAL
2024-01-03,383,1247,171,17,1,0.307,0.2349,CRASH
2024-01-04,515,1054,230,16,4,0.489,0.3284,CRASH
2024-01-05,884,651,273,13,2,1.358,0.5759,BULL
2024-01-08,636,954,217,14,3,0.667,0.4001,BEAR
2024-01-09,347,1314,147,15,4,0.264,0.2089,CRASH
2024-01-10,498,1140,166,20,3,0.437,0.3041,CRASH
2024-01-11,1077,545,187,29,2,1.976,0.664,BULL
2024-01-12,532,1063,211,13,1,0.5,0.3333,CRASH
2024-01-15,1075,517,222,33,2,2.079,0.6752,STRONG_BULL
2024-01-16,354,1332,118,18,2,0.266,0.2101,CRASH
2024-01-17,268,1451,96,6,1,0.185,0.1561,CRASH
2024-01-18,725,841,238,11,1,0.862,0.4629,NEUTRAL
2024-01-19,1092,489,230,25,1,2.233,0.6907,STRONG_BULL
2024-01-22,1161,461,183,23,2,2.518,0.7157,STRONG_BULL
2024-01-23,1006,570,228,16,1,1.765,0.6383,BULL
2024-01-24,997,592,218,24,2,1.684,0.6274,BULL
2024-01-25,532,1068,209,16,1,0.498,0.3324,CRASH
2024-01-26,688,905,213,14,3,0.76,0.4318,BEAR
2024-01-29,1098,495,218,26,1,2.218,0.6892,STRONG_BULL
2024-01-30,511,1121,177,21,1,0.456,0.3132,CRASH
2024-01-31,626,962,219,35,1,0.651,0.3943,BEAR
2024-02-01,981,627,206,22,0,1.565,0.6101,BULL
2024-02-02,659,932,226,29,1,0.707,0.4142,BEAR
2024-02-05,556,1112,148,17,10,0.5,0.3333,CRASH
2024-02-15,1078,595,144,54,5,1.812,0.6444,BULL
2024-02-16,1291,380,147,56,1,3.397,0.7726,STRONG_BULL
2024-02-19,1243,469,110,50,3,2.65,0.726,STRONG_BULL
2024-02-20,638,1000,175,44,0,0.638,0.3895,BEAR
2024-02-21,926,683,207,48,1,1.356,0.5756,BULL
2024-02-22,788,836,192,31,3,0.943,0.4853,NEUTRAL
2024-02-23,509,1154,156,32,0,0.441,0.306,CRASH
2024-02-26,1022,623,173,42,0,1.64,0.6212,BULL
2024-02-27,467,1208,139,14,3,0.387,0.279,CRASH
2024-02-29,1115,536,166,42,0,2.08,0.6753,STRONG_BULL
2024-03-01,713,936,171,31,2,0.762,0.4325,BEAR
2024-03-04,803,831,183,44,2,0.966,0.4914,NEUTRAL
2024-03-05,805,827,187,46,2,0.973,0.4932,NEUTRAL
2024-03-06,876,755,186,40,1,1.16,0.537,BULL
2024-03-07,436,1274,112,25,17,0.342,0.2548,CRASH
2024-03-08,289,1454,79,17,41,0.199,0.166,CRASH
2024-03-11,1049,624,150,37,2,1.681,0.627,BULL
2024-03-12,1269,420,133,48,5,3.021,0.7513,STRONG_BULL
2024-03-13,404,1308,108,15,21,0.309,0.2361,CRASH
2024-03-14,698,945,178,13,11,0.739,0.425,BEAR
2024-03-15,518,1153,149,5,8,0.449,0.3099,CRASH
2024-03-18,1057,605,161,32,4,1.747,0.636,BULL
2024-03-19,821,831,175,21,5,0.988,0.497,NEUTRAL
2024-03-20,634,1028,162,20,1,0.617,0.3816,BEAR
2024-03-21,1141,516,169,26,1,2.211,0.6886,STRONG_BULL
2024-03-22,820,805,200,22,1,1.019,0.5047,BULL
2024-03-25,1023,630,176,30,0,1.624,0.6189,BULL
2024-03-26,390,1298,136,14,6,0.3,0.2308,CRASH
2024-03-27,1166,473,184,25,2,2.465,0.7114,STRONG_BULL
2024-03-28,749,849,230,18,1,0.882,0.4687,NEUTRAL
2024-03-29,675,931,219,13,1,0.725,0.4203,BEAR
2024-04-01,1214,472,145,28,1,2.572,0.72,STRONG_BULL
2024-04-02,716,902,208,22,3,0.794,0.4426,BEAR
2024-04-03,601,1045,177,23,4,0.575,0.3651,BEAR
2024-04-08,400,323,92,26,3,1.238,0.5532,BULL
2024-04-09,977,702,150,41,8,1.392,0.5819,BULL
2024-04-10,955,695,174,34,3,1.374,0.5788,BULL
2024-04-11,510,1182,134,31,2,0.431,0.3012,CRASH
2024-04-12,842,807,180,37,2,1.043,0.5105,BULL
2024-04-15,404,1310,109,26,5,0.308,0.2355,CRASH
2024-04-16,113,1662,49,10,21,0.068,0.0637,CRASH
2024-04-17,1506,220,103,51,2,6.845,0.8725,STRONG_BULL
2024-04-18,951,702,175,50,2,1.355,0.5754,BULL
2024-04-19,191,1576,60,22,12,0.121,0.1079,CRASH
2024-04-22,664,1032,134,22,33,0.643,0.3914,BEAR
2024-04-23,1293,396,136,21,4,3.265,0.7655,STRONG_BULL
2024-04-24,1314,361,149,45,1,3.64,0.7845,STRONG_BULL
2024-04-25,594,1028,199,31,4,0.578,0.3663,BEAR
2024-04-26,969,624,235,36,0,1.553,0.6083,BULL
2024-04-29,1358,354,116,37,1,3.836,0.7932,STRONG_BULL
2024-04-30,758,894,172,26,2,0.848,0.4589,NEUTRAL
2024-05-02,995,641,191,44,4,1.552,0.6082,BULL
2024-05-03,664,961,200,26,2,0.691,0.4086,BEAR
2024-05-06,981,674,173,34,4,1.455,0.5927,BULL
2024-05-07,697,984,142,32,3,0.708,0.4145,BEAR
2024-05-08,814,832,182,18,7,0.978,0.4944,NEUTRAL
2024-05-09,486,1187,154,15,7,0.409,0.2903,CRASH
2024-05-10,944,720,170,21,8,1.311,0.5673,BULL
2024-05-13,748,937,144,28,5,0.798,0.4438,BEAR
2024-05-14,858,787,185,24,5,1.09,0.5215,BULL
2024-05-15,855,790,190,22,3,1.082,0.5197,BULL
2024-05-16,1131,534,169,42,1,2.118,0.6793,STRONG_BULL
2024-05-17,932,727,176,31,1,1.282,0.5618,BULL
2024-05-20,850,819,160,23,3,1.038,0.5093,BULL
2024-05-21,753,903,174,39,2,0.834,0.4547,NEUTRAL
2024-05-22,1027,627,184,39,0,1.638,0.6209,BULL
2024-05-23,300,1450,88,23,3,0.207,0.1715,CRASH
2024-05-24,944,700,187,32,0,1.349,0.5743,BULL
2024-05-27,1137,535,164,43,1,2.125,0.68,STRONG_BULL
2024-05-28,1243,448,146,48,0,2.775,0.7351,STRONG_BULL
2024-05-29,774,907,155,49,2,0.853,0.4603,NEUTRAL
2024-05-30,436,1268,129,23,3,0.344,0.256,CRASH
2024-05-31,1032,656,149,36,5,1.573,0.6113,BULL
2024-06-03,992,671,174,56,0,1.478,0.5964,BULL
2024-06-04,627,1053,151,32,9,0.595,0.373,BEAR
2024-06-05,632,1012,190,28,6,0.625,0.3846,BEAR
2024-06-06,557,1114,163,20,8,0.5,0.3333,CRASH
2024-06-07,1257,426,146,34,0,2.951,0.7469,STRONG_BULL
2024-06-11,483,1236,119,24,12,0.391,0.2811,CRASH
2024-06-12,755,939,143,31,2,0.804,0.4457,NEUTRAL
2024-06-13,916,719,205,33,0,1.274,0.5602,BULL
2024-06-14,1027,640,171,31,2,1.605,0.6161,BULL
2024-06-17,947,712,179,44,2,1.33,0.5708,BULL
2024-06-18,801,816,223,30,2,0.982,0.4955,NEUTRAL
2024-06-19,576,1096,168,22,5,0.526,0.3447,BEAR
2024-06-20,1243,393,203,41,1,3.163,0.7598,STRONG_BULL
2024-06-21,805,820,213,32,0,0.982,0.4955,NEUTRAL
2024-06-24,507,1175,158,26,1,0.431,0.3012,CRASH
2024-06-25,856,770,209,24,0,1.112,0.5265,BULL
2024-06-26,844,820,179,52,1,1.029,0.5071,BULL
2024-06-27,487,1144,208,39,5,0.426,0.2987,CRASH
2024-06-28,1169,484,191,40,1,2.415,0.7072,STRONG_BULL
2024-07-01,824,846,172,45,1,0.974,0.4934,NEUTRAL
2024-07-02,634,1014,196,42,3,0.625,0.3846,BEAR
2024-07-03,1110,546,188,49,2,2.033,0.6703,STRONG_BULL
2024-07-04,1010,597,241,54,1,1.692,0.6285,BULL
2024-07-05,1176,503,165,73,4,2.338,0.7004,STRONG_BULL
2024-07-08,604,1105,136,60,10,0.547,0.3536,BEAR
2024-07-09,398,1292,157,31,20,0.308,0.2355,CRASH
2024-07-10,1037,606,199,51,7,1.711,0.6311,BULL
2024-07-11,797,837,207,39,5,0.952,0.4877,NEUTRAL
2024-07-12,765,872,208,25,3,0.877,0.4672,NEUTRAL
2024-07-15,682,1000,157,34,2,0.682,0.4055,BEAR
2024-07-16,872,757,214,41,1,1.152,0.5353,BULL
2024-07-17,950,673,221,37,2,1.412,0.5854,BULL
2024-07-18,512,1144,189,19,3,0.448,0.3094,CRASH
2024-07-19,208,1555,79,26,10,0.134,0.1182,CRASH
2024-07-22,243,1515,82,23,30,0.16,0.1379,CRASH
2024-07-23,1334,366,145,28,10,3.645,0.7847,STRONG_BULL
2024-07-26,405,1318,116,13,11,0.307,0.2349,CRASH
2024-07-29,429,1295,121,18,25,0.331,0.2487,CRASH
2024-07-30,1241,447,154,26,2,2.776,0.7352,STRONG_BULL
2024-07-31,827,832,180,19,1,0.994,0.4985,NEUTRAL
2024-08-01,1537,184,124,41,0,8.353,0.8931,STRONG_BULL
2024-08-02,110,1689,43,10,16,0.065,0.061,CRASH
2024-08-05,21,1812,16,2,900,0.012,0.0119,CRASH
2024-08-06,665,1092,88,15,47,0.609,0.3785,BEAR
2024-08-07,1762,45,40,229,1,39.156,0.9751,STRONG_BULL
2024-08-08,485,1222,130,26,8,0.397,0.2842,CRASH
2024-08-09,1443,300,96,57,5,4.81,0.8279,STRONG_BULL
2024-08-12,1264,450,132,34,7,2.809,0.7375,STRONG_BULL
2024-08-13,881,775,186,37,3,1.137,0.5321,BULL
2024-08-14,1037,656,154,27,3,1.581,0.6126,BULL
2024-08-15,864,773,203,32,0,1.118,0.5279,BULL
2024-08-16,1299,374,173,35,2,3.473,0.7764,STRONG_BULL
2024-08-19,934,715,192,39,1,1.306,0.5663,BULL
2024-08-20,887,750,213,34,2,1.183,0.5419,BULL
2024-08-21,745,911,186,17,3,0.818,0.4499,NEUTRAL
2024-08-22,754,873,207,37,3,0.864,0.4635,NEUTRAL
2024-08-23,827,768,236,24,0,1.077,0.5185,BULL
2024-08-26,928,746,170,28,3,1.244,0.5544,BULL
2024-08-27,916,693,228,38,0,1.322,0.5693,BULL
2024-08-28,770,845,226,30,0,0.911,0.4767,NEUTRAL
2024-08-29,771,856,209,26,1,0.901,0.474,NEUTRAL
2024-08-30,1065,615,162,25,0,1.732,0.634,BULL
2024-09-02,543,1141,151,21,1,0.476,0.3225,CRASH
2024-09-03,425,1246,162,26,2,0.341,0.2543,CRASH
2024-09-04,63,730,20,6,8,0.086,0.0792,CRASH
2024-09-05,830,845,166,27,3,0.982,0.4955,NEUTRAL
2024-09-06,966,658,210,22,2,1.468,0.5948,BULL
2024-09-09,610,1058,166,21,2,0.577,0.3659,BEAR
2024-09-10,391,1345,107,16,15,0.291,0.2254,CRASH
2024-09-11,792,870,176,28,2,0.91,0.4764,NEUTRAL
2024-09-12,1415,292,138,28,0,4.846,0.8289,STRONG_BULL
2024-09-13,1187,467,189,35,1,2.542,0.7177,STRONG_BULL
2024-09-16,1223,470,151,40,2,2.602,0.7224,STRONG_BULL
2024-09-18,590,1099,158,39,1,0.537,0.3494,BEAR
2024-09-19,1372,312,157,40,1,4.397,0.8147,STRONG_BULL
2024-09-20,792,885,171,34,31,0.895,0.4723,NEUTRAL
2024-09-23,881,780,184,48,15,1.129,0.5303,BULL
2024-09-24,657,990,190,24,3,0.664,0.399,BEAR
2024-09-25,1248,428,170,38,0,2.916,0.7446,STRONG_BULL
2024-09-26,569,1081,195,16,4,0.526,0.3447,BEAR
2024-09-27,1100,569,178,30,3,1.933,0.6591,BULL
2024-09-30,525,1160,166,17,2,0.453,0.3118,CRASH
2024-10-01,749,910,185,26,1,0.823,0.4515,NEUTRAL
2024-10-04,422,1310,112,26,9,0.322,0.2436,CRASH
2024-10-07,1228,480,141,42,3,2.558,0.7189,STRONG_BULL
2024-10-08,409,1298,141,20,5,0.315,0.2395,CRASH
2024-10-09,401,1317,128,20,3,0.304,0.2331,CRASH
2024-10-11,602,1074,168,22,10,0.561,0.3594,BEAR
2024-10-14,958,702,179,30,4,1.365,0.5772,BULL
2024-10-15,766,872,210,20,5,0.878,0.4675,NEUTRAL
2024-10-16,818,841,182,22,0,0.973,0.4932,NEUTRAL
2024-10-17,1105,545,190,25,1,2.028,0.6697,STRONG_BULL
2024-10-18,492,1194,162,10,2,0.412,0.2918,CRASH
2024-10-21,1130,546,173,40,0,2.07,0.6743,STRONG_BULL
2024-10-22,766,910,171,23,0,0.842,0.4571,NEUTRAL
2024-10-23,801,853,193,31,0,0.939,0.4843,NEUTRAL
2024-10-24,405,1295,153,25,6,0.313,0.2384,CRASH
2024-10-25,866,771,212,30,3,1.123,0.529,BULL
2024-10-28,490,1193,167,23,13,0.411,0.2913,CRASH
2024-10-29,326,1399,119,21,5,0.233,0.189,CRASH
2024-10-30,620,1053,172,18,9,0.589,0.3707,BEAR
2024-11-01,1160,516,166,32,5,2.248,0.6921,STRONG_BULL
2024-11-04,520,1198,128,19,6,0.434,0.3026,CRASH
2024-11-05,887,738,214,22,5,1.202,0.5459,BULL
2024-11-06,841,814,190,20,3,1.033,0.5081,BULL
2024-11-07,1293,397,159,24,1,3.257,0.7651,STRONG_BULL
2024-11-08,477,1237,138,20,9,0.386,0.2785,CRASH
2024-11-11,776,934,147,20,13,0.831,0.4539,NEUTRAL
2024-11-12,292,1460,104,8,15,0.2,0.1667,CRASH
2024-11-13,688,988,182,24,5,0.696,0.4104,BEAR
2024-11-14,298,1478,76,20,11,0.202,0.1681,CRASH
2024-11-15,1095,607,147,19,3,1.804,0.6434,BULL
2024-11-18,424,1289,142,16,10,0.329,0.2476,CRASH
2024-11-19,1395,337,124,33,5,4.139,0.8054,STRONG_BULL
2024-11-20,522,1164,167,12,8,0.448,0.3094,CRASH
2024-11-21,993,630,230,28,4,1.576,0.6118,BULL
2024-11-22,1164,500,187,28,2,2.328,0.6995,STRONG_BULL
2024-11-25,1313,396,147,28,3,3.316,0.7683,STRONG_BULL
2024-11-26,569,1074,208,11,4,0.53,0.3464,BEAR
2024-11-27,208,1543,101,17,5,0.135,0.1189,CRASH
2024-11-28,397,1288,160,5,11,0.308,0.2355,CRASH
2024-11-29,1173,468,208,23,1,2.506,0.7148,STRONG_BULL
2024-12-02,834,826,193,22,3,1.01,0.5025,BULL
2024-12-03,1140,513,205,17,1,2.222,0.6896,STRONG_BULL
2024-12-04,1079,580,194,37,2,1.86,0.6503,BULL
2024-12-05,649,1028,184,34,2,0.631,0.3869,BEAR
2024-12-06,800,838,219,24,5,0.955,0.4885,NEUTRAL
2024-12-09,504,1187,161,15,11,0.425,0.2982,CRASH
2024-12-10,552,1135,169,8,12,0.486,0.3271,CRASH
2024-12-11,609,1058,187,19,4,0.576,0.3655,BEAR
2024-12-12,632,995,228,15,2,0.635,0.3884,BEAR
2024-12-13,307,1443,111,5,4,0.213,0.1756,CRASH
2024-12-16,312,1433,114,11,14,0.218,0.179,CRASH
2024-12-17,1063,599,186,27,3,1.775,0.6396,BULL
2024-12-18,958,669,229,23,1,1.432,0.5888,BULL
2024-12-19,439,1277,138,16,3,0.344,0.256,CRASH
2024-12-20,524,1171,165,15,5,0.447,0.3089,CRASH
2024-12-23,1366,352,144,28,2,3.881,0.7951,STRONG_BULL
2024-12-24,816,841,209,27,0,0.97,0.4924,NEUTRAL
2024-12-25,1093,549,215,29,0,1.991,0.6657,BULL
2024-12-26,919,707,233,34,1,1.3,0.5652,BULL
2024-12-27,556,1105,198,11,4,0.503,0.3347,BEAR
2024-12-30,528,1161,170,14,3,0.455,0.3127,CRASH
2024-12-31,741,952,163,11,2,0.778,0.4376,BEAR
2025-01-02,569,1107,192,18,1,0.514,0.3395,BEAR
2025-01-03,512,1178,173,12,4,0.435,0.3031,CRASH
2025-01-06,1275,418,170,25,0,3.05,0.7531,STRONG_BULL
2025-01-07,566,1145,152,11,2,0.494,0.3307,CRASH
2025-01-08,808,848,205,14,0,0.953,0.488,NEUTRAL
2025-01-09,262,1503,102,15,5,0.174,0.1482,CRASH
2025-01-10,630,1041,189,15,5,0.605,0.3769,BEAR
2025-01-13,256,1536,77,9,27,0.167,0.1431,CRASH
2025-01-14,1399,322,142,17,2,4.345,0.8129,STRONG_BULL
2025-01-15,694,984,184,10,1,0.705,0.4135,BEAR
2025-01-16,1308,366,193,23,0,3.574,0.7814,STRONG_BULL
2025-01-17,759,909,196,20,2,0.835,0.455,NEUTRAL
2025-01-20,1160,520,182,18,1,2.231,0.6905,STRONG_BULL
2025-01-21,810,798,251,7,1,1.015,0.5037,BULL
2025-01-22,1204,451,212,17,0,2.67,0.7275,STRONG_BULL
2025-02-03,560,1187,116,10,39,0.472,0.3207,CRASH
2025-02-04,762,920,201,20,5,0.828,0.453,NEUTRAL
2025-02-05,1473,246,151,36,0,5.988,0.8569,STRONG_BULL
2025-02-06,1310,398,156,24,0,3.291,0.767,STRONG_BULL
2025-02-07,507,248,78,25,0,2.044,0.6715,STRONG_BULL
2025-02-10,748,968,157,30,4,0.773,0.436,BEAR
2025-02-11,784,891,190,39,2,0.88,0.4681,NEUTRAL
2025-02-12,756,896,215,23,2,0.844,0.4577,NEUTRAL
2025-02-13,921,591,232,14,0,1.558,0.6091,BULL
2025-02-14,877,812,184,15,1,1.08,0.5192,BULL
2025-02-17,1107,580,188,21,1,1.909,0.6562,BULL
2025-02-18,890,750,229,25,2,1.187,0.5428,BULL
2025-02-19,1120,541,214,28,0,2.07,0.6743,STRONG_BULL
2025-02-20,794,861,217,29,1,0.922,0.4797,NEUTRAL
2025-02-21,1119,564,193,20,0,1.984,0.6649,BULL
2025-02-24,833,854,186,16,1,0.975,0.4937,NEUTRAL
2025-02-25,481,1219,168,7,3,0.395,0.2832,CRASH
2025-02-26,771,889,209,15,1,0.867,0.4644,NEUTRAL
2025-02-27,504,1215,155,4,3,0.415,0.2933,CRASH
2025-03-03,444,1308,117,9,8,0.339,0.2532,CRASH
2025-03-04,1000,689,181,13,2,1.451,0.592,BULL
2025-03-05,1143,530,199,11,0,2.157,0.6832,STRONG_BULL
2025-03-06,550,1131,193,16,1,0.486,0.3271,CRASH
2025-03-07,415,1282,175,14,4,0.324,0.2447,CRASH
2025-03-10,675,1011,191,17,6,0.668,0.4005,BEAR
2025-03-11,401,1367,110,12,7,0.293,0.2266,CRASH
2025-03-12,994,692,198,20,2,1.436,0.5895,BULL
2025-03-13,367,1399,111,6,5,0.262,0.2076,CRASH
2025-03-14,1122,579,175,11,4,1.938,0.6596,BULL
2025-03-17,941,742,199,18,4,1.268,0.5591,BULL
2025-03-18,1122,545,215,20,4,2.059,0.6731,STRONG_BULL
2025-03-19,474,1221,185,18,4,0.388,0.2795,CRASH
2025-03-20,1374,344,173,21,2,3.994,0.7998,STRONG_BULL
2025-03-21,638,1079,172,17,4,0.591,0.3715,BEAR
2025-03-24,524,1195,161,24,5,0.438,0.3046,CRASH
2025-03-25,597,1082,204,24,3,0.552,0.3557,BEAR
2025-03-26,1037,600,239,20,2,1.728,0.6334,BULL
2025-03-27,357,1337,181,12,1,0.267,0.2107,CRASH
2025-03-28,140,1697,48,7,4,0.082,0.0758,CRASH
2025-03-31,65,1799,23,1,105,0.036,0.0347,CRASH
2025-04-01,1602,184,95,32,1,8.707,0.897,STRONG_BULL
2025-04-02,1145,548,185,15,4,2.089,0.6763,STRONG_BULL
2025-04-07,4,1885,5,0,1740,0.002,0.002,CRASH
2025-04-08,264,1592,35,12,826,0.166,0.1424,CRASH
2025-04-09,58,1812,20,6,941,0.032,0.031,CRASH
2025-04-10,1863,18,15,1443,3,103.5,0.9904,STRONG_BULL
2025-04-11,955,829,94,49,9,1.152,0.5353,BULL
2025-04-14,1304,475,106,46,2,2.745,0.733,STRONG_BULL
2025-04-15,1766,79,43,132,2,22.354,0.9572,STRONG_BULL
2025-04-16,339,1439,105,28,4,0.236,0.1909,CRASH
2025-04-17,698,960,204,18,7,0.727,0.421,BEAR
2025-04-18,908,760,196,33,2,1.195,0.5444,BULL
2025-04-21,197,1605,69,10,19,0.123,0.1095,CRASH
2025-04-22,438,1268,154,18,5,0.345,0.2565,CRASH
2025-04-23,1696,117,69,62,1,14.496,0.9355,STRONG_BULL
2025-04-24,838,820,204,30,2,1.022,0.5054,BULL
2025-04-25,1478,270,139,47,4,5.474,0.8455,STRONG_BULL
2025-04-28,1360,383,132,52,0,3.551,0.7803,STRONG_BULL
2025-04-29,1529,244,111,56,1,6.266,0.8624,STRONG_BULL
2025-04-30,501,1243,133,22,2,0.403,0.2872,CRASH
2025-05-02,1467,292,127,51,0,5.024,0.834,STRONG_BULL
2025-05-05,388,1411,78,21,20,0.275,0.2157,CRASH
2025-05-06,1260,483,129,43,1,2.609,0.7229,STRONG_BULL
2025-05-07,672,1030,176,10,2,0.652,0.3947,BEAR
2025-05-08,1365,375,141,39,1,3.64,0.7845,STRONG_BULL
2025-05-09,1054,645,179,25,2,1.634,0.6203,BULL
2025-05-12,1260,480,149,44,2,2.625,0.7241,STRONG_BULL
2025-05-13,932,770,180,23,1,1.21,0.5475,BULL
2025-05-14,1298,440,150,33,0,2.95,0.7468,STRONG_BULL
2025-05-15,619,1090,170,18,2,0.568,0.3622,BEAR
2025-05-16,920,773,189,21,3,1.19,0.5434,BULL
2025-05-19,419,1338,120,22,4,0.313,0.2384,CRASH
2025-05-20,904,770,207,21,2,1.174,0.54,BULL
2025-05-21,1309,394,182,35,1,3.322,0.7686,STRONG_BULL
2025-05-22,489,1231,154,25,0,0.397,0.2842,CRASH
2025-05-23,772,865,239,29,1,0.892,0.4715,NEUTRAL
2025-05-26,702,995,179,31,2,0.706,0.4138,BEAR
2025-05-27,388,1356,140,17,7,0.286,0.2224,CRASH
2025-05-28,577,1113,187,21,3,0.518,0.3412,BEAR
2025-05-29,861,819,197,12,2,1.051,0.5124,BULL
2025-06-02,256,1520,93,7,5,0.168,0.1438,CRASH
2025-06-03,811,846,221,19,0,0.959,0.4895,NEUTRAL
2025-06-04,1398,329,152,34,0,4.249,0.8095,STRONG_BULL
2025-06-05,754,899,223,22,0,0.839,0.4562,NEUTRAL
2025-06-06,816,858,207,23,1,0.951,0.4874,NEUTRAL
2025-06-09,640,1044,188,21,4,0.613,0.38,BEAR
2025-06-10,1163,529,197,24,2,2.198,0.6873,STRONG_BULL
2025-06-11,904,766,223,26,1,1.18,0.5413,BULL
2025-06-12,811,824,249,21,0,0.984,0.496,NEUTRAL
2025-06-13,264,1501,116,8,1,0.176,0.1497,CRASH
2025-06-16,874,796,214,20,0,1.098,0.5234,BULL
2025-06-17,845,785,253,23,0,1.076,0.5183,BULL
2025-06-18,950,704,234,25,0,1.349,0.5743,BULL
2025-06-19,232,1534,122,10,3,0.151,0.1312,CRASH
2025-06-20,423,1317,147,16,1,0.321,0.243,CRASH
2025-06-23,485,1244,149,17,0,0.39,0.2806,CRASH
2025-06-24,1575,228,91,33,0,6.908,0.8735,STRONG_BULL
2025-06-25,891,762,231,22,0,1.169,0.539,BULL
2025-06-26,1075,589,222,26,1,1.825,0.646,BULL
2025-06-27,928,739,215,15,0,1.256,0.5567,BULL
2025-06-30,376,1350,152,12,2,0.279,0.2181,CRASH
2025-07-01,1068,585,231,18,1,1.826,0.6461,BULL
2025-07-02,914,709,250,17,1,1.289,0.5631,BULL
2025-07-03,1171,465,252,18,0,2.518,0.7157,STRONG_BULL
2025-07-04,265,1479,139,10,1,0.179,0.1518,CRASH
2025-07-07,452,1263,147,21,1,0.358,0.2636,CRASH
2025-07-08,457,1228,183,9,1,0.372,0.2711,CRASH
2025-07-09,1023,602,243,21,1,1.699,0.6295,BULL
2025-07-10,742,897,235,23,2,0.827,0.4527,NEUTRAL
2025-07-11,1215,479,186,28,0,2.537,0.7173,STRONG_BULL
2025-07-14,485,1198,179,14,1,0.405,0.2883,CRASH
2025-07-15,990,631,261,21,0,1.569,0.6107,BULL
2025-07-16,812,664,273,20,0,1.223,0.5502,BULL
2025-07-17,1271,404,214,17,1,3.146,0.7588,STRONG_BULL
2025-07-18,755,900,232,16,2,0.839,0.4562,NEUTRAL
2025-07-21,751,860,268,22,0,0.873,0.4661,NEUTRAL
2025-07-22,191,1593,99,4,2,0.12,0.1071,CRASH
2025-07-23,1510,251,126,20,2,6.016,0.8575,STRONG_BULL
2025-07-24,851,742,291,15,1,1.147,0.5342,BULL
2025-07-25,669,950,264,14,0,0.704,0.4131,BEAR
2025-07-28,872,758,247,19,0,1.15,0.5349,BULL
2025-07-29,369,1320,188,10,1,0.28,0.2188,CRASH
2025-07-30,1043,584,241,34,1,1.786,0.6411,BULL
2025-07-31,482,1177,215,19,1,0.41,0.2908,CRASH
2025-08-01,1140,548,197,39,0,2.08,0.6753,STRONG_BULL
2025-08-04,1055,636,186,42,2,1.659,0.6239,BULL
2025-08-05,1186,513,193,33,1,2.312,0.6981,STRONG_BULL
2025-08-06,874,818,198,58,1,1.068,0.5164,BULL
2025-08-07,738,926,230,27,3,0.797,0.4435,BEAR
2025-08-08,767,924,200,23,0,0.83,0.4536,NEUTRAL
2025-08-11,706,1042,140,42,5,0.678,0.4041,BEAR
2025-08-12,999,697,193,42,4,1.433,0.589,BULL
2025-08-13,826,853,212,42,4,0.968,0.4919,NEUTRAL
2025-08-14,1047,654,197,40,4,1.601,0.6155,BULL
2025-08-15,871,845,184,50,3,1.031,0.5076,BULL
2025-08-18,967,746,183,73,0,1.296,0.5645,BULL
2025-08-19,581,1158,161,37,5,0.502,0.3342,BEAR
2025-08-20,286,1469,136,23,14,0.195,0.1632,CRASH
2025-08-21,1374,346,184,42,1,3.971,0.7988,STRONG_BULL
2025-08-22,562,1148,180,20,2,0.49,0.3289,CRASH
2025-08-25,1157,544,203,49,0,2.127,0.6802,STRONG_BULL
2025-08-26,815,861,223,40,1,0.947,0.4864,NEUTRAL
2025-08-27,1121,567,212,48,0,1.977,0.6641,BULL
2025-08-28,826,834,239,46,0,0.99,0.4975,NEUTRAL
2025-08-29,719,969,207,51,1,0.742,0.4259,BEAR
2025-09-01,408,1360,130,22,11,0.3,0.2308,CRASH
2025-09-02,631,1049,208,22,5,0.602,0.3758,BEAR
2025-09-03,1109,558,232,51,1,1.987,0.6652,BULL
2025-09-04,1038,676,181,56,4,1.536,0.6057,BULL
2025-09-05,945,745,203,39,0,1.268,0.5591,BULL
2025-09-08,908,786,201,36,3,1.155,0.536,BULL
2025-09-09,684,1006,206,20,2,0.68,0.4048,BEAR
2025-09-10,553,1181,157,34,11,0.468,0.3188,CRASH
2025-09-11,314,1483,105,21,8,0.212,0.1749,CRASH
2025-09-12,1068,641,197,24,3,1.666,0.6249,BULL
2025-09-15,538,1165,191,25,9,0.462,0.316,CRASH
2025-09-16,975,719,203,36,3,1.356,0.5756,BULL
2025-09-17,741,957,202,22,1,0.774,0.4363,BEAR
2025-09-18,1174,527,198,37,2,2.228,0.6902,STRONG_BULL
2025-09-19,782,929,191,26,5,0.842,0.4571,NEUTRAL
2025-09-22,855,846,197,32,3,1.011,0.5027,BULL
2025-09-23,554,1153,198,21,5,0.48,0.3243,CRASH
2025-09-24,758,896,235,23,0,0.846,0.4583,NEUTRAL
2025-09-25,793,852,239,15,1,0.931,0.4821,NEUTRAL
2025-09-26,228,1542,122,12,5,0.148,0.1289,CRASH
2025-09-30,1311,421,156,33,1,3.114,0.7569,STRONG_BULL
2025-10-01,642,1041,211,21,0,0.617,0.3816,BEAR
2025-10-02,618,1058,215,24,2,0.584,0.3687,BEAR
2025-10-03,692,974,231,22,2,0.71,0.4152,BEAR
2025-10-07,955,737,213,33,2,1.296,0.5645,BULL
2025-10-08,771,917,207,20,2,0.841,0.4568,NEUTRAL
2025-10-09,750,961,193,32,3,0.78,0.4382,BEAR
2025-10-13,430,1361,102,29,5,0.316,0.2401,CRASH
2025-10-14,414,1358,129,17,8,0.305,0.2337,CRASH
2025-10-15,996,720,182,31,1,1.383,0.5804,BULL
2025-10-16,1227,485,196,20,2,2.53,0.7167,STRONG_BULL
2025-10-17,629,1080,184,22,1,0.582,0.3679,BEAR
2025-10-20,830,872,201,46,0,0.952,0.4877,NEUTRAL
2025-10-21,1019,668,222,38,1,1.525,0.604,BULL
2025-10-22,1074,622,201,27,4,1.727,0.6333,BULL
2025-10-23,578,1131,192,17,2,0.511,0.3382,BEAR
2025-10-27,857,883,161,34,1,0.971,0.4926,NEUTRAL
2025-10-28,441,1308,160,16,4,0.337,0.2521,CRASH
2025-10-29,745,948,214,26,7,0.786,0.4401,BEAR
2025-10-30,537,1190,176,18,6,0.451,0.3108,CRASH
2025-10-31,797,920,191,16,1,0.866,0.4641,NEUTRAL
2025-11-03,775,948,180,30,2,0.818,0.4499,NEUTRAL
2025-11-04,384,1365,143,12,8,0.281,0.2194,CRASH
2025-11-05,633,1084,177,19,3,0.584,0.3687,BEAR
2025-11-06,1250,495,157,30,0,2.525,0.7163,STRONG_BULL
2025-11-07,508,1237,150,25,6,0.411,0.2913,CRASH
2025-11-10,651,1080,156,28,6,0.603,0.3762,BEAR
2025-11-11,804,926,175,31,12,0.868,0.4647,NEUTRAL
2025-11-12,1257,494,149,31,8,2.545,0.7179,STRONG_BULL
2025-11-13,833,881,189,33,5,0.946,0.4861,NEUTRAL
2025-11-14,471,1279,151,21,5,0.368,0.269,CRASH
2025-11-17,491,1280,140,19,5,0.384,0.2775,CRASH
2025-11-18,209,1595,99,6,10,0.131,0.1158,CRASH
2025-11-19,500,1223,180,6,6,0.409,0.2903,CRASH
2025-11-20,1454,305,141,19,5,4.767,0.8266,STRONG_BULL
2025-11-21,260,1515,120,7,15,0.172,0.1468,CRASH
2025-11-24,1254,487,159,27,1,2.575,0.7203,STRONG_BULL
2025-11-25,1219,499,188,35,2,2.443,0.7096,STRONG_BULL
2025-11-26,1451,332,133,39,2,4.37,0.8138,STRONG_BULL
2025-11-27,980,720,201,24,0,1.361,0.5765,BULL
2025-11-28,1093,599,216,22,0,1.825,0.646,BULL
2025-12-01,576,1156,171,20,1,0.498,0.3324,CRASH
2025-12-02,897,776,237,26,3,1.156,0.5362,BULL
2025-12-03,1108,584,216,28,0,1.897,0.6548,BULL
2025-12-04,921,736,249,27,1,1.251,0.5558,BULL
2025-12-05,622,1089,193,21,2,0.571,0.3635,BEAR
2025-12-08,817,872,216,32,3,0.937,0.4837,NEUTRAL
2025-12-09,785,916,201,32,3,0.857,0.4615,NEUTRAL
2025-12-10,658,1059,193,29,2,0.621,0.3831,BEAR
2025-12-11,730,968,215,34,3,0.754,0.4299,BEAR
2025-12-12,959,701,250,23,1,1.368,0.5777,BULL
2025-12-15,892,806,210,39,2,1.107,0.5254,BULL
2025-12-16,409,1357,152,28,4,0.301,0.2314,CRASH
2025-12-17,849,849,216,32,4,1.0,0.5,NEUTRAL
2025-12-18,620,1069,218,12,2,0.58,0.3671,BEAR
2025-12-19,1234,470,210,17,1,2.626,0.7242,STRONG_BULL
2025-12-22,1235,492,190,42,2,2.51,0.7151,STRONG_BULL
2025-12-23,676,989,252,27,1,0.684,0.4062,BEAR
2025-12-24,649,1033,235,17,1,0.628,0.3857,BEAR
2025-12-26,821,862,234,32,2,0.952,0.4877,NEUTRAL
2025-12-29,919,799,209,39,4,1.15,0.5349,BULL
2025-12-30,620,1091,210,27,1,0.568,0.3622,BEAR
2025-12-31,746,985,200,28,1,0.757,0.4308,BEAR
2026-01-02,956,791,185,49,1,1.209,0.5473,BULL
2026-01-05,418,1400,116,37,8,0.299,0.2302,CRASH
2026-01-06,992,737,203,36,0,1.346,0.5737,BULL
2026-01-07,1060,677,195,51,1,1.566,0.6103,BULL
2026-01-08,666,1090,171,36,2,0.611,0.3793,BEAR
2026-01-09,941,788,189,39,4,1.194,0.5442,BULL
2026-01-12,1150,623,165,69,2,1.846,0.6486,BULL
2026-01-13,695,1096,143,44,3,0.634,0.388,BEAR
2026-01-14,1429,345,164,76,0,4.142,0.8055,STRONG_BULL
2026-01-15,908,849,181,44,1,1.069,0.5167,BULL
2026-01-16,766,1010,162,59,5,0.758,0.4312,BEAR
2026-01-19,997,787,162,76,1,1.267,0.5589,BULL
2026-01-20,687,1046,201,53,2,0.657,0.3965,BEAR
2026-01-21,439,1337,152,39,5,0.328,0.247,CRASH
2026-01-22,1017,716,208,48,1,1.42,0.5868,BULL
2026-01-23,852,906,170,45,6,0.94,0.4845,NEUTRAL
2026-01-26,1024,733,184,64,1,1.397,0.5828,BULL
2026-01-27,717,1057,168,49,2,0.678,0.4041,BEAR
2026-01-28,829,937,172,50,0,0.885,0.4695,NEUTRAL
2026-01-29,468,1309,157,23,10,0.358,0.2636,CRASH
2026-01-30,326,1502,111,20,5,0.217,0.1783,CRASH
2026-02-02,312,1527,97,19,20,0.204,0.1694,CRASH
2026-02-03,1123,600,213,42,2,1.872,0.6518,BULL
2026-02-04,1391,396,148,50,2,3.513,0.7784,STRONG_BULL
2026-02-05,589,1181,167,30,3,0.499,0.3329,CRASH
2026-02-06,328,1490,116,11,21,0.22,0.1803,CRASH
2026-02-09,1005,754,174,39,5,1.333,0.5714,BULL
2026-02-10,930,819,194,25,3,1.136,0.5318,BULL
2026-02-11,969,804,174,29,7,1.205,0.5465,BULL
2026-02-23,1429,404,116,89,2,3.537,0.7796,STRONG_BULL
2026-02-24,1000,758,189,73,3,1.319,0.5688,BULL
2026-02-25,873,886,190,64,3,0.985,0.4962,NEUTRAL
2026-02-26,1090,683,179,74,5,1.596,0.6148,BULL
2026-03-02,629,1162,150,76,7,0.541,0.3511,BEAR
2026-03-03,344,1479,127,31,18,0.233,0.189,CRASH
2026-03-04,125,1769,50,11,76,0.071,0.0663,CRASH
2026-03-05,1583,263,97,54,8,6.019,0.8575,STRONG_BULL
2026-03-06,1033,736,170,53,6,1.404,0.584,BULL
2026-03-09,140,1760,39,20,120,0.08,0.0741,CRASH
2026-03-10,1394,450,100,45,13,3.098,0.756,STRONG_BULL
2026-03-11,1593,272,81,111,8,5.857,0.8542,STRONG_BULL
2026-03-12,688,1117,136,66,7,0.616,0.3812,BEAR
2026-03-13,751,1028,166,60,4,0.731,0.4223,BEAR
2026-03-16,966,807,171,77,5,1.197,0.5448,BULL
2026-03-17,1227,558,159,76,3,2.199,0.6874,STRONG_BULL
2026-03-18,1019,755,173,89,0,1.35,0.5745,BULL
2026-03-19,470,1346,126,64,4,0.349,0.2587,CRASH
2026-03-20,781,993,165,58,11,0.787,0.4404,BEAR
2026-03-23,300,1553,88,25,46,0.193,0.1618,CRASH
2026-03-24,746,1008,183,21,20,0.74,0.4253,BEAR
2026-03-25,1492,317,139,75,2,4.707,0.8248,STRONG_BULL
2026-03-26,628,1113,197,40,10,0.564,0.3606,BEAR
2026-03-27,771,924,232,46,3,0.834,0.4547,NEUTRAL
2026-03-30,432,1392,112,49,6,0.31,0.2366,CRASH
2026-03-31,249,1593,93,12,46,0.156,0.1349,CRASH
2026-04-01,1631,220,100,71,4,7.414,0.8812,STRONG_BULL
2026-04-02,427,1362,147,30,15,0.314,0.239,CRASH
2026-04-07,891,827,194,57,9,1.077,0.5185,BULL
2026-04-08,1495,317,116,114,13,4.716,0.8251,STRONG_BULL
2026-04-09,758,1024,150,67,11,0.74,0.4253,BEAR
2026-04-10,960,802,170,79,3,1.197,0.5448,BULL
2026-04-13,1000,792,136,119,5,1.263,0.5581,BULL
2026-04-14,1067,706,169,60,10,1.511,0.6018,BULL
2026-04-15,988,763,182,70,0,1.295,0.5643,BULL
2026-04-16,1170,612,160,72,1,1.912,0.6566,BULL
2026-04-17,917,857,162,96,1,1.07,0.5169,BULL
2026-04-20,862,946,135,129,3,0.911,0.4767,NEUTRAL
2026-04-21,981,787,176,99,1,1.247,0.555,BULL
2026-04-22,945,858,136,105,1,1.101,0.524,BULL
2026-04-23,268,1604,75,33,53,0.167,0.1431,CRASH
2026-04-24,590,1218,124,46,17,0.484,0.3261,CRASH
2026-04-27,481,1338,114,41,29,0.359,0.2642,CRASH
2026-04-28,1083,660,174,76,7,1.641,0.6214,BULL
2026-04-29,901,845,191,57,3,1.066,0.516,BULL
2026-04-30,629,1153,151,50,4,0.546,0.3532,BEAR
