date,value,signal
2001-05-07,115.32,YELLOW
2001-05-08,116.08,YELLOW
2001-05-09,116.05,YELLOW
2001-05-10,116.37,YELLOW
2001-05-11,116.84,YELLOW
2001-05-14,117.14,YELLOW
2001-05-15,116.79,YELLOW
2001-05-16,116.14,YELLOW
2001-05-17,116.12,YELLOW
2001-05-18,116.41,YELLOW
2001-05-21,116.52,YELLOW
2001-05-22,117.69,YELLOW
2001-05-23,118.29,YELLOW
2001-05-24,118.36,YELLOW
2001-05-25,118.18,YELLOW
2001-05-29,118.22,YELLOW
2001-05-30,118.22,YELLOW
2001-05-31,119.07,YELLOW
2001-06-01,118.89,YELLOW
2001-06-04,119.19,YELLOW
2001-06-05,118.7,RED
2001-06-06,119.36,RED
2001-06-07,119.09,RED
2001-06-08,119.21,RED
2001-06-11,120.05,RED
2001-06-12,119.61,RED
2001-06-13,119.03,RED
2001-06-14,117.99,YELLOW
2001-06-15,118.29,YELLOW
2001-06-18,118.36,YELLOW
2001-06-19,119.04,RED
2001-06-20,119.13,RED
2001-06-21,118.89,YELLOW
2001-06-22,118.91,YELLOW
2001-06-25,118.32,YELLOW
2001-06-26,118.07,YELLOW
2001-06-27,118.38,YELLOW
2001-06-28,120.01,RED
2001-06-29,119.43,RED
2001-07-02,119.67,RED
2001-07-03,119.6,RED
2001-07-04,119.91,RED
2001-07-05,120.9,RED
2001-07-06,119.9,RED
2001-07-09,119.89,RED
2001-07-10,119.13,YELLOW
2001-07-11,118.64,YELLOW
2001-07-12,119.09,YELLOW
2001-07-13,119.33,RED
2001-07-16,119.3,RED
2001-07-17,118.9,YELLOW
2001-07-18,117.38,GREEN
2001-07-19,117.33,GREEN
2001-07-20,117.21,GREEN
2001-07-23,117.85,GREEN
2001-07-24,117.12,GREEN
2001-07-25,116.64,GREEN
2001-07-26,116.74,GREEN
2001-07-27,116.94,GREEN
2001-07-30,117.2,GREEN
2001-07-31,117.18,GREEN
2001-08-01,116.56,GREEN
2001-08-02,116.28,GREEN
2001-08-03,116.14,GREEN
2001-08-06,116.42,GREEN
2001-08-07,116.83,GREEN
2001-08-08,116.54,GREEN
2001-08-09,115.25,GREEN
2001-08-10,115.29,GREEN
2001-08-13,115.01,GREEN
2001-08-14,114.39,GREEN
2001-08-15,113.19,GREEN
2001-08-16,113.08,GREEN
2001-08-17,112.99,GREEN
2001-08-20,113.4,GREEN
2001-08-21,113.29,GREEN
2001-08-22,113.27,GREEN
2001-08-23,113.09,GREEN
2001-08-24,113.33,GREEN
2001-08-27,113.39,GREEN
2001-08-28,113.43,GREEN
2001-08-29,113.54,GREEN
2001-08-30,112.84,GREEN
2001-08-31,113.42,GREEN
2001-09-03,113.67,GREEN
2001-09-04,115.68,GREEN
2001-09-05,115.6,GREEN
2001-09-06,114.97,GREEN
2001-09-07,114.05,GREEN
2001-09-10,114.57,GREEN
2001-09-17,112.01,GREEN
2001-09-18,111.92,GREEN
2001-09-19,111.61,GREEN
2001-09-20,111.87,GREEN
2001-09-21,113.04,GREEN
2001-09-24,112.84,GREEN
2001-09-25,112.28,GREEN
2001-09-26,112.29,GREEN
2001-09-27,112.98,GREEN
2001-09-28,113.48,GREEN
2001-10-01,113.0,GREEN
2001-10-02,113.01,GREEN
2001-10-03,113.4,GREEN
2001-10-04,113.16,GREEN
2001-10-05,112.91,GREEN
2001-10-08,112.59,GREEN
2001-10-09,113.35,GREEN
2001-10-10,113.7,GREEN
2001-10-11,114.44,YELLOW
2001-10-12,113.89,GREEN
2001-10-15,113.82,GREEN
2001-10-16,113.92,YELLOW
2001-10-17,114.38,YELLOW
2001-10-18,114.35,YELLOW
2001-10-19,114.86,YELLOW
2001-10-22,115.75,YELLOW
2001-10-23,115.85,YELLOW
2001-10-24,115.6,YELLOW
2001-10-25,115.55,YELLOW
2001-10-26,115.65,YELLOW
2001-10-29,114.44,YELLOW
2001-10-30,114.35,GREEN
2001-10-31,114.86,YELLOW
2001-11-01,114.46,YELLOW
2001-11-02,114.54,YELLOW
2001-11-05,114.54,YELLOW
2001-11-06,114.81,YELLOW
2001-11-07,114.98,YELLOW
2001-11-08,115.13,YELLOW
2001-11-09,115.09,YELLOW
2001-11-12,115.34,YELLOW
2001-11-13,116.4,YELLOW
2001-11-14,116.2,YELLOW
2001-11-15,116.51,YELLOW
2001-11-16,116.41,YELLOW
2001-11-19,116.93,YELLOW
2001-11-20,116.62,YELLOW
2001-11-21,117.15,YELLOW
2001-11-22,117.3,YELLOW
2001-11-23,117.33,YELLOW
2001-11-26,117.11,YELLOW
2001-11-27,116.89,YELLOW
2001-11-28,116.17,YELLOW
2001-11-29,116.13,YELLOW
2001-11-30,116.13,YELLOW
2001-12-03,115.96,YELLOW
2001-12-04,116.08,YELLOW
2001-12-05,116.41,YELLOW
2001-12-06,115.63,YELLOW
2001-12-07,116.15,YELLOW
2001-12-10,116.26,YELLOW
2001-12-11,116.05,YELLOW
2001-12-12,115.33,YELLOW
2001-12-13,115.8,YELLOW
2001-12-14,114.93,YELLOW
2001-12-17,114.93,YELLOW
2001-12-18,115.15,YELLOW
2001-12-19,115.48,YELLOW
2001-12-20,115.59,YELLOW
2001-12-21,116.98,YELLOW
2001-12-24,117.94,RED
2001-12-26,117.85,RED
2001-12-27,117.57,RED
2001-12-28,117.26,RED
2001-12-31,116.75,YELLOW
2002-01-02,115.79,YELLOW
2002-01-03,116.11,YELLOW
2002-01-04,116.33,YELLOW
2002-01-07,116.33,YELLOW
2002-01-08,116.83,YELLOW
2002-01-09,117.01,YELLOW
2002-01-10,116.88,YELLOW
2002-01-11,116.64,YELLOW
2002-01-14,116.64,YELLOW
2002-01-15,117.29,RED
2002-01-16,117.59,RED
2002-01-17,117.85,RED
2002-01-18,117.51,RED
2002-01-21,117.66,RED
2002-01-22,117.75,RED
2002-01-23,118.47,RED
2002-01-24,118.64,RED
2002-01-25,119.85,RED
2002-01-28,120.04,RED
2002-01-29,119.62,RED
2002-01-30,119.73,RED
2002-01-31,120.24,RED
2002-02-01,119.79,RED
2002-02-04,118.9,RED
2002-02-05,119.4,RED
2002-02-06,119.3,RED
2002-02-07,119.07,RED
2002-02-08,118.98,RED
2002-02-11,118.44,RED
2002-02-12,118.25,RED
2002-02-13,118.8,RED
2002-02-14,118.43,RED
2002-02-15,118.6,RED
2002-02-18,118.76,RED
2002-02-19,118.36,RED
2002-02-20,118.93,RED
2002-02-21,119.16,RED
2002-02-22,118.48,RED
2002-02-25,119.13,RED
2002-02-26,119.82,RED
2002-02-27,119.57,RED
2002-02-28,119.16,RED
2002-03-01,119.4,RED
2002-03-04,118.81,RED
2002-03-05,118.57,RED
2002-03-06,117.96,YELLOW
2002-03-07,116.8,YELLOW
2002-03-08,117.99,YELLOW
2002-03-11,117.73,YELLOW
2002-03-12,117.8,YELLOW
2002-03-13,117.96,YELLOW
2002-03-14,117.29,YELLOW
2002-03-15,117.22,YELLOW
2002-03-18,117.5,YELLOW
2002-03-19,117.5,YELLOW
2002-03-20,117.22,YELLOW
2002-03-21,117.52,YELLOW
2002-03-22,118.05,YELLOW
2002-03-25,118.1,YELLOW
2002-03-26,118.14,YELLOW
2002-03-27,118.54,RED
2002-03-28,118.62,RED
2002-04-01,117.77,YELLOW
2002-04-02,117.92,YELLOW
2002-04-03,117.68,YELLOW
2002-04-04,117.94,YELLOW
2002-04-05,117.69,YELLOW
2002-04-08,118.2,RED
2002-04-09,117.59,YELLOW
2002-04-10,117.51,YELLOW
2002-04-11,117.37,YELLOW
2002-04-12,117.74,YELLOW
2002-04-15,117.64,YELLOW
2002-04-16,117.37,YELLOW
2002-04-17,116.6,YELLOW
2002-04-18,116.39,YELLOW
2002-04-19,116.29,YELLOW
2002-04-22,116.43,YELLOW
2002-04-23,116.57,YELLOW
2002-04-24,116.15,YELLOW
2002-04-25,115.45,GREEN
2002-04-26,115.04,GREEN
2002-04-29,114.89,GREEN
2002-04-30,115.19,GREEN
2002-05-01,114.54,GREEN
2002-05-02,114.87,GREEN
2002-05-03,113.59,GREEN
2002-05-06,113.66,GREEN
2002-05-07,113.92,GREEN
2002-05-08,114.91,GREEN
2002-05-09,114.52,GREEN
2002-05-10,113.95,GREEN
2002-05-13,114.15,GREEN
2002-05-14,115.09,GREEN
2002-05-15,114.12,GREEN
2002-05-16,114.13,GREEN
2002-05-17,113.0,GREEN
2002-05-20,112.82,GREEN
2002-05-21,112.8,GREEN
2002-05-22,112.33,GREEN
2002-05-23,112.79,GREEN
2002-05-24,112.8,GREEN
2002-05-27,113.0,GREEN
2002-05-28,112.1,GREEN
2002-05-29,111.49,GREEN
2002-05-30,111.17,GREEN
2002-05-31,111.81,GREEN
2002-06-03,111.3,GREEN
2002-06-04,111.09,GREEN
2002-06-05,111.34,GREEN
2002-06-06,110.83,GREEN
2002-06-07,110.99,GREEN
2002-06-10,111.1,GREEN
2002-06-11,110.78,GREEN
2002-06-12,111.0,GREEN
2002-06-13,111.15,GREEN
2002-06-14,110.76,GREEN
2002-06-17,110.85,GREEN
2002-06-18,110.2,GREEN
2002-06-19,109.67,GREEN
2002-06-20,108.94,GREEN
2002-06-21,108.19,GREEN
2002-06-24,108.21,GREEN
2002-06-25,107.57,GREEN
2002-06-26,106.56,GREEN
2002-06-27,106.37,GREEN
2002-06-28,106.11,GREEN
2002-07-01,106.51,GREEN
2002-07-02,106.8,GREEN
2002-07-03,107.05,GREEN
2002-07-04,107.34,GREEN
2002-07-05,107.67,GREEN
2002-07-08,106.3,GREEN
2002-07-09,105.65,GREEN
2002-07-10,106.01,GREEN
2002-07-11,105.72,GREEN
2002-07-12,105.89,GREEN
2002-07-15,104.67,GREEN
2002-07-16,104.49,GREEN
2002-07-17,104.42,GREEN
2002-07-18,104.47,GREEN
2002-07-19,104.06,GREEN
2002-07-22,104.75,GREEN
2002-07-23,106.66,GREEN
2002-07-24,105.52,GREEN
2002-07-25,105.12,GREEN
2002-07-26,106.61,GREEN
2002-07-29,107.1,GREEN
2002-07-30,106.8,GREEN
2002-07-31,107.41,GREEN
2002-08-01,107.02,GREEN
2002-08-02,106.67,GREEN
2002-08-05,107.27,GREEN
2002-08-06,108.69,GREEN
2002-08-07,107.85,GREEN
2002-08-08,108.66,GREEN
2002-08-09,108.21,GREEN
2002-08-12,107.41,GREEN
2002-08-13,107.11,GREEN
2002-08-14,106.79,GREEN
2002-08-15,106.72,GREEN
2002-08-16,106.72,GREEN
2002-08-19,107.52,GREEN
2002-08-20,107.31,GREEN
2002-08-21,107.14,GREEN
2002-08-22,108.13,GREEN
2002-08-23,107.97,GREEN
2002-08-26,107.86,GREEN
2002-08-27,106.77,GREEN
2002-08-28,107.08,GREEN
2002-08-29,106.7,GREEN
2002-08-30,106.98,GREEN
2002-09-03,105.57,GREEN
2002-09-04,106.1,GREEN
2002-09-05,105.98,GREEN
2002-09-06,106.84,GREEN
2002-09-09,107.1,GREEN
2002-09-10,107.52,GREEN
2002-09-11,107.62,GREEN
2002-09-12,107.16,GREEN
2002-09-13,108.06,GREEN
2002-09-16,108.24,GREEN
2002-09-17,108.33,GREEN
2002-09-18,107.76,GREEN
2002-09-19,107.0,GREEN
2002-09-20,107.53,GREEN
2002-09-23,107.86,GREEN
2002-09-24,107.52,GREEN
2002-09-25,107.79,GREEN
2002-09-26,107.68,GREEN
2002-09-27,107.53,GREEN
2002-09-30,106.87,GREEN
2002-10-01,107.07,GREEN
2002-10-02,107.16,GREEN
2002-10-03,106.97,GREEN
2002-10-04,107.6,GREEN
2002-10-07,107.55,GREEN
2002-10-08,108.07,GREEN
2002-10-09,106.94,GREEN
2002-10-10,107.2,GREEN
2002-10-11,107.25,GREEN
2002-10-14,107.15,GREEN
2002-10-15,107.78,GREEN
2002-10-16,107.63,GREEN
2002-10-17,108.37,YELLOW
2002-10-18,108.52,YELLOW
2002-10-21,108.23,YELLOW
2002-10-22,107.94,GREEN
2002-10-23,108.0,GREEN
2002-10-24,107.91,GREEN
2002-10-25,107.92,GREEN
2002-10-28,107.16,GREEN
2002-10-29,107.07,GREEN
2002-10-30,107.07,GREEN
2002-10-31,106.64,GREEN
2002-11-01,106.08,GREEN
2002-11-04,106.12,GREEN
2002-11-05,105.87,GREEN
2002-11-06,105.6,GREEN
2002-11-07,104.97,GREEN
2002-11-08,104.5,GREEN
2002-11-11,104.57,GREEN
2002-11-12,104.66,GREEN
2002-11-13,105.1,GREEN
2002-11-14,105.21,GREEN
2002-11-15,105.04,GREEN
2002-11-18,105.2,GREEN
2002-11-19,105.67,GREEN
2002-11-20,105.87,GREEN
2002-11-21,105.81,GREEN
2002-11-22,106.12,GREEN
2002-11-25,106.54,GREEN
2002-11-26,106.53,GREEN
2002-11-27,106.77,GREEN
2002-11-28,106.54,GREEN
2002-11-29,106.41,GREEN
2002-12-02,106.35,GREEN
2002-12-03,106.37,GREEN
2002-12-04,106.14,GREEN
2002-12-05,106.1,GREEN
2002-12-06,105.36,GREEN
2002-12-09,105.24,GREEN
2002-12-10,105.37,GREEN
2002-12-11,105.35,GREEN
2002-12-12,104.51,GREEN
2002-12-13,103.98,GREEN
2002-12-16,104.06,GREEN
2002-12-17,103.51,GREEN
2002-12-18,103.63,GREEN
2002-12-19,103.48,GREEN
2002-12-20,103.46,GREEN
2002-12-23,103.64,GREEN
2002-12-24,103.25,GREEN
2002-12-26,102.82,GREEN
2002-12-27,102.41,GREEN
2002-12-30,102.01,GREEN
2002-12-31,101.85,GREEN
2003-01-02,102.98,GREEN
2003-01-03,102.47,GREEN
2003-01-06,101.97,GREEN
2003-01-07,102.57,GREEN
2003-01-08,101.87,GREEN
2003-01-09,101.94,GREEN
2003-01-10,101.23,GREEN
2003-01-13,101.47,GREEN
2003-01-14,101.21,GREEN
2003-01-15,101.34,GREEN
2003-01-16,100.79,GREEN
2003-01-17,100.55,GREEN
2003-01-21,100.23,GREEN
2003-01-22,100.23,GREEN
2003-01-23,99.86,GREEN
2003-01-24,99.22,GREEN
2003-01-27,99.26,GREEN
2003-01-28,99.48,GREEN
2003-01-29,99.28,GREEN
2003-01-30,99.52,GREEN
2003-01-31,99.91,GREEN
2003-02-03,99.9,GREEN
2003-02-04,99.14,GREEN
2003-02-05,99.65,GREEN
2003-02-06,99.46,GREEN
2003-02-07,99.57,GREEN
2003-02-10,100.27,GREEN
2003-02-11,100.39,GREEN
2003-02-12,100.51,GREEN
2003-02-13,99.59,GREEN
2003-02-14,100.04,GREEN
2003-02-18,100.53,GREEN
2003-02-19,100.0,GREEN
2003-02-20,99.55,GREEN
2003-02-21,100.09,GREEN
2003-02-24,99.66,GREEN
2003-02-25,99.83,GREEN
2003-02-26,99.62,GREEN
2003-02-27,99.81,GREEN
2003-02-28,99.71,GREEN
2003-03-03,99.1,GREEN
2003-03-04,99.13,GREEN
2003-03-05,98.28,GREEN
2003-03-06,98.31,GREEN
2003-03-07,98.04,GREEN
2003-03-10,97.85,GREEN
2003-03-11,97.99,GREEN
2003-03-12,98.16,GREEN
2003-03-13,99.55,GREEN
2003-03-14,99.99,GREEN
2003-03-17,100.74,GREEN
2003-03-18,100.86,GREEN
2003-03-19,101.58,GREEN
2003-03-20,101.15,GREEN
2003-03-21,101.92,GREEN
2003-03-24,100.98,GREEN
2003-03-25,100.87,GREEN
2003-03-26,100.61,GREEN
2003-03-27,100.64,GREEN
2003-03-28,99.96,GREEN
2003-03-31,99.06,GREEN
2003-04-01,99.15,GREEN
2003-04-02,100.08,GREEN
2003-04-03,100.34,GREEN
2003-04-04,100.45,GREEN
2003-04-07,101.04,GREEN
2003-04-08,100.53,GREEN
2003-04-09,100.16,GREEN
2003-04-10,99.82,GREEN
2003-04-11,100.18,GREEN
2003-04-14,99.96,GREEN
2003-04-15,99.76,GREEN
2003-04-16,99.06,GREEN
2003-04-17,99.3,GREEN
2003-04-21,99.59,GREEN
2003-04-22,98.73,GREEN
2003-04-23,98.78,GREEN
2003-04-24,98.33,GREEN
2003-04-25,98.36,GREEN
2003-04-28,98.67,GREEN
2003-04-29,98.02,GREEN
2003-04-30,97.19,GREEN
2003-05-01,96.7,GREEN
2003-05-02,96.76,GREEN
2003-05-05,96.37,GREEN
2003-05-06,95.34,GREEN
2003-05-07,95.58,GREEN
2003-05-08,94.93,GREEN
2003-05-09,94.98,GREEN
2003-05-12,94.55,GREEN
2003-05-13,94.72,GREEN
2003-05-14,94.58,GREEN
2003-05-15,95.22,GREEN
2003-05-16,94.08,GREEN
2003-05-19,93.78,GREEN
2003-05-20,93.26,GREEN
2003-05-21,93.54,GREEN
2003-05-22,93.56,GREEN
2003-05-23,93.05,GREEN
2003-05-27,92.72,GREEN
2003-05-28,93.45,GREEN
2003-05-29,92.71,GREEN
2003-05-30,93.27,GREEN
2003-06-02,93.34,GREEN
2003-06-03,93.53,GREEN
2003-06-04,93.73,GREEN
2003-06-05,92.52,GREEN
2003-06-06,93.48,GREEN
2003-06-09,93.3,GREEN
2003-06-10,93.56,GREEN
2003-06-11,92.97,GREEN
2003-06-12,92.9,GREEN
2003-06-13,92.22,GREEN
2003-06-16,92.4,GREEN
2003-06-17,92.61,GREEN
2003-06-18,93.17,GREEN
2003-06-19,93.16,GREEN
2003-06-20,94.04,GREEN
2003-06-23,94.08,GREEN
2003-06-24,94.39,GREEN
2003-06-25,94.12,GREEN
2003-06-26,94.97,GREEN
2003-06-27,95.15,GREEN
2003-06-30,94.73,GREEN
2003-07-01,94.3,GREEN
2003-07-02,94.12,GREEN
2003-07-03,94.41,GREEN
2003-07-04,94.55,GREEN
2003-07-07,95.51,GREEN
2003-07-08,95.82,GREEN
2003-07-09,95.59,GREEN
2003-07-10,95.39,GREEN
2003-07-11,95.8,GREEN
2003-07-14,96.07,GREEN
2003-07-15,96.07,GREEN
2003-07-16,96.72,GREEN
2003-07-17,96.86,GREEN
2003-07-18,96.86,GREEN
2003-07-21,96.11,GREEN
2003-07-22,96.38,GREEN
2003-07-23,95.44,GREEN
2003-07-24,95.34,GREEN
2003-07-25,94.96,GREEN
2003-07-28,95.06,GREEN
2003-07-29,95.33,GREEN
2003-07-30,96.07,GREEN
2003-07-31,96.89,GREEN
2003-08-01,96.66,GREEN
2003-08-04,96.18,GREEN
2003-08-05,96.16,GREEN
2003-08-06,96.23,GREEN
2003-08-07,95.83,GREEN
2003-08-08,96.36,GREEN
2003-08-11,95.87,GREEN
2003-08-12,96.15,GREEN
2003-08-13,96.18,GREEN
2003-08-14,96.68,GREEN
2003-08-15,96.65,GREEN
2003-08-18,97.35,YELLOW
2003-08-19,97.31,YELLOW
2003-08-20,97.37,YELLOW
2003-08-21,98.61,YELLOW
2003-08-22,98.83,YELLOW
2003-08-25,98.83,YELLOW
2003-08-26,98.76,YELLOW
2003-08-27,98.86,YELLOW
2003-08-28,98.83,YELLOW
2003-08-29,98.1,YELLOW
2003-09-01,98.0,YELLOW
2003-09-02,98.95,YELLOW
2003-09-03,98.71,YELLOW
2003-09-04,98.2,YELLOW
2003-09-05,97.09,YELLOW
2003-09-08,97.16,YELLOW
2003-09-09,96.44,GREEN
2003-09-10,96.5,GREEN
2003-09-11,96.56,GREEN
2003-09-12,96.01,GREEN
2003-09-15,95.98,GREEN
2003-09-16,96.67,GREEN
2003-09-17,95.74,GREEN
2003-09-18,95.95,GREEN
2003-09-19,94.96,GREEN
2003-09-22,93.85,GREEN
2003-09-23,93.99,GREEN
2003-09-24,93.7,GREEN
2003-09-25,93.76,GREEN
2003-09-26,93.87,GREEN
2003-09-29,93.08,GREEN
2003-09-30,92.85,GREEN
2003-10-01,92.39,GREEN
2003-10-02,92.42,GREEN
2003-10-03,93.23,GREEN
2003-10-06,92.41,GREEN
2003-10-07,91.89,GREEN
2003-10-08,91.73,GREEN
2003-10-09,91.99,GREEN
2003-10-10,91.52,GREEN
2003-10-13,91.89,GREEN
2003-10-14,91.83,GREEN
2003-10-15,92.42,GREEN
2003-10-16,92.61,GREEN
2003-10-17,92.29,GREEN
2003-10-20,92.43,GREEN
2003-10-21,92.37,GREEN
2003-10-22,91.27,GREEN
2003-10-23,91.51,GREEN
2003-10-24,91.28,GREEN
2003-10-27,91.61,GREEN
2003-10-28,91.86,GREEN
2003-10-29,91.86,GREEN
2003-10-30,92.21,GREEN
2003-10-31,92.73,GREEN
2003-11-03,93.66,GREEN
2003-11-04,93.23,GREEN
2003-11-05,93.63,GREEN
2003-11-06,93.89,GREEN
2003-11-07,93.02,GREEN
2003-11-10,93.05,GREEN
2003-11-11,93.1,GREEN
2003-11-12,92.31,GREEN
2003-11-13,91.61,GREEN
2003-11-14,91.44,GREEN
2003-11-17,91.53,GREEN
2003-11-18,90.33,GREEN
2003-11-19,90.9,GREEN
2003-11-20,90.66,GREEN
2003-11-21,90.6,GREEN
2003-11-24,91.59,GREEN
2003-11-25,91.46,GREEN
2003-11-26,90.6,GREEN
2003-11-28,90.21,GREEN
2003-12-01,90.35,GREEN
2003-12-02,89.64,GREEN
2003-12-03,89.5,GREEN
2003-12-04,89.6,GREEN
2003-12-05,89.14,GREEN
2003-12-08,88.75,GREEN
2003-12-09,88.61,GREEN
2003-12-10,88.85,GREEN
2003-12-11,88.88,GREEN
2003-12-12,88.49,GREEN
2003-12-15,88.46,GREEN
2003-12-16,88.31,GREEN
2003-12-17,87.94,GREEN
2003-12-18,87.85,GREEN
2003-12-19,88.11,GREEN
2003-12-22,87.99,GREEN
2003-12-23,87.99,GREEN
2003-12-24,87.54,GREEN
2003-12-26,87.63,GREEN
2003-12-29,87.35,GREEN
2003-12-30,87.0,GREEN
2003-12-31,86.92,GREEN
2004-01-02,86.92,GREEN
2004-01-05,86.07,GREEN
2004-01-06,85.63,GREEN
2004-01-07,86.2,GREEN
2004-01-08,85.57,GREEN
2004-01-09,85.11,GREEN
2004-01-12,85.55,GREEN
2004-01-13,85.51,GREEN
2004-01-14,86.03,GREEN
2004-01-15,86.56,GREEN
2004-01-16,87.73,GREEN
2004-01-19,87.66,GREEN
2004-01-20,86.71,GREEN
2004-01-21,86.36,GREEN
2004-01-22,85.82,GREEN
2004-01-23,86.56,GREEN
2004-01-26,87.25,GREEN
2004-01-27,86.28,GREEN
2004-01-28,86.97,GREEN
2004-01-29,87.58,GREEN
2004-01-30,87.2,GREEN
2004-02-02,87.53,GREEN
2004-02-03,86.79,GREEN
2004-02-04,86.84,GREEN
2004-02-05,86.9,GREEN
2004-02-06,86.02,GREEN
2004-02-09,86.0,GREEN
2004-02-10,85.84,GREEN
2004-02-11,85.2,GREEN
2004-02-12,85.29,GREEN
2004-02-13,85.56,GREEN
2004-02-16,85.47,GREEN
2004-02-17,85.02,GREEN
2004-02-18,85.88,GREEN
2004-02-19,85.95,GREEN
2004-02-20,87.24,GREEN
2004-02-23,87.04,GREEN
2004-02-24,86.14,GREEN
2004-02-25,87.25,GREEN
2004-02-26,87.68,GREEN
2004-02-27,87.31,GREEN
2004-03-01,87.52,GREEN
2004-03-02,88.83,GREEN
2004-03-03,89.03,GREEN
2004-03-04,89.14,GREEN
2004-03-05,88.18,GREEN
2004-03-08,88.0,GREEN
2004-03-09,88.29,GREEN
2004-03-10,88.95,GREEN
2004-03-11,88.51,GREEN
2004-03-12,89.12,GREEN
2004-03-15,88.81,GREEN
2004-03-16,88.59,GREEN
2004-03-17,88.65,GREEN
2004-03-18,87.7,GREEN
2004-03-19,88.16,GREEN
2004-03-22,87.81,GREEN
2004-03-23,87.85,GREEN
2004-03-24,88.93,GREEN
2004-03-25,88.9,GREEN
2004-03-26,88.89,GREEN
2004-03-29,88.63,GREEN
2004-03-30,88.43,GREEN
2004-03-31,87.61,GREEN
2004-04-01,87.21,GREEN
2004-04-02,88.51,GREEN
2004-04-05,89.22,YELLOW
2004-04-06,88.75,GREEN
2004-04-07,88.27,GREEN
2004-04-08,89.02,YELLOW
2004-04-12,88.95,YELLOW
2004-04-13,89.83,YELLOW
2004-04-14,90.24,YELLOW
2004-04-15,90.06,YELLOW
2004-04-16,89.94,YELLOW
2004-04-19,89.8,YELLOW
2004-04-20,90.49,YELLOW
2004-04-21,91.12,YELLOW
2004-04-22,90.82,YELLOW
2004-04-23,91.08,YELLOW
2004-04-26,90.62,YELLOW
2004-04-27,90.41,YELLOW
2004-04-28,91.17,YELLOW
2004-04-29,90.57,YELLOW
2004-04-30,90.48,YELLOW
2004-05-03,90.76,YELLOW
2004-05-04,89.81,YELLOW
2004-05-05,89.31,YELLOW
2004-05-06,89.88,YELLOW
2004-05-07,91.13,YELLOW
2004-05-10,91.56,YELLOW
2004-05-11,91.66,YELLOW
2004-05-12,91.29,YELLOW
2004-05-13,91.96,YELLOW
2004-05-14,91.66,YELLOW
2004-05-17,91.0,YELLOW
2004-05-18,91.25,YELLOW
2004-05-19,90.53,YELLOW
2004-05-20,91.03,YELLOW
2004-05-21,90.49,YELLOW
2004-05-24,90.48,YELLOW
2004-05-25,89.84,YELLOW
2004-05-26,89.72,YELLOW
2004-05-27,88.67,GREEN
2004-05-28,88.95,YELLOW
2004-06-01,88.88,YELLOW
2004-06-02,88.84,YELLOW
2004-06-03,88.95,YELLOW
2004-06-04,88.54,GREEN
2004-06-07,88.25,GREEN
2004-06-08,88.51,GREEN
2004-06-09,89.73,YELLOW
2004-06-10,89.25,YELLOW
2004-06-11,90.01,YELLOW
2004-06-14,89.94,YELLOW
2004-06-15,89.09,YELLOW
2004-06-16,90.04,YELLOW
2004-06-17,89.6,YELLOW
2004-06-18,89.08,YELLOW
2004-06-21,89.29,YELLOW
2004-06-22,89.43,YELLOW
2004-06-23,89.42,YELLOW
2004-06-24,88.75,YELLOW
2004-06-25,88.88,YELLOW
2004-06-28,88.72,YELLOW
2004-06-29,89.41,YELLOW
2004-06-30,88.8,YELLOW
2004-07-01,88.79,YELLOW
2004-07-02,87.97,GREEN
2004-07-05,88.23,GREEN
2004-07-06,88.12,GREEN
2004-07-07,87.65,GREEN
2004-07-08,87.54,GREEN
2004-07-09,87.42,GREEN
2004-07-12,87.39,GREEN
2004-07-13,87.82,GREEN
2004-07-14,87.58,GREEN
2004-07-15,87.99,GREEN
2004-07-16,87.14,GREEN
2004-07-19,87.18,GREEN
2004-07-20,87.83,GREEN
2004-07-21,88.56,YELLOW
2004-07-22,88.45,YELLOW
2004-07-23,89.26,YELLOW
2004-07-26,89.03,YELLOW
2004-07-27,89.79,YELLOW
2004-07-28,89.75,YELLOW
2004-07-29,89.95,YELLOW
2004-07-30,89.96,YELLOW
2004-08-02,89.75,YELLOW
2004-08-03,89.57,YELLOW
2004-08-04,89.68,YELLOW
2004-08-05,89.64,YELLOW
2004-08-06,88.36,YELLOW
2004-08-09,88.39,YELLOW
2004-08-10,88.79,YELLOW
2004-08-11,88.85,YELLOW
2004-08-12,88.69,YELLOW
2004-08-13,87.9,GREEN
2004-08-16,87.96,GREEN
2004-08-17,88.06,GREEN
2004-08-18,88.08,GREEN
2004-08-19,87.79,GREEN
2004-08-20,88.12,GREEN
2004-08-23,89.06,YELLOW
2004-08-24,89.46,YELLOW
2004-08-25,89.42,YELLOW
2004-08-26,89.3,YELLOW
2004-08-27,89.77,YELLOW
2004-08-30,89.69,YELLOW
2004-08-31,88.94,YELLOW
2004-09-01,88.87,YELLOW
2004-09-02,88.98,YELLOW
2004-09-03,89.63,YELLOW
2004-09-06,89.53,YELLOW
2004-09-07,89.23,YELLOW
2004-09-08,88.77,YELLOW
2004-09-09,88.83,YELLOW
2004-09-10,88.39,YELLOW
2004-09-13,88.55,YELLOW
2004-09-14,88.46,YELLOW
2004-09-15,89.15,YELLOW
2004-09-16,88.79,YELLOW
2004-09-17,88.91,YELLOW
2004-09-20,88.99,YELLOW
2004-09-21,88.13,YELLOW
2004-09-22,88.51,YELLOW
2004-09-23,88.44,YELLOW
2004-09-24,88.4,YELLOW
2004-09-27,88.29,YELLOW
2004-09-28,88.11,GREEN
2004-09-29,88.1,GREEN
2004-09-30,87.36,GREEN
2004-10-01,87.63,GREEN
2004-10-04,88.38,YELLOW
2004-10-05,88.17,YELLOW
2004-10-06,88.48,YELLOW
2004-10-07,88.34,YELLOW
2004-10-08,87.45,GREEN
2004-10-11,87.54,GREEN
2004-10-12,88.02,GREEN
2004-10-13,87.88,GREEN
2004-10-14,87.55,GREEN
2004-10-15,87.09,GREEN
2004-10-18,87.02,GREEN
2004-10-19,86.84,GREEN
2004-10-20,86.35,GREEN
2004-10-21,86.02,GREEN
2004-10-22,85.87,GREEN
2004-10-25,84.97,GREEN
2004-10-26,85.21,GREEN
2004-10-27,85.44,GREEN
2004-10-28,85.28,GREEN
2004-10-29,84.91,GREEN
2004-11-01,85.2,GREEN
2004-11-02,85.47,GREEN
2004-11-03,84.7,GREEN
2004-11-04,84.54,GREEN
2004-11-05,84.01,GREEN
2004-11-08,84.09,GREEN
2004-11-09,84.29,GREEN
2004-11-10,84.43,GREEN
2004-11-11,84.37,GREEN
2004-11-12,83.69,GREEN
2004-11-15,84.0,GREEN
2004-11-16,83.8,GREEN
2004-11-17,83.29,GREEN
2004-11-18,83.69,GREEN
2004-11-19,83.31,GREEN
2004-11-22,83.19,GREEN
2004-11-23,82.97,GREEN
2004-11-24,82.41,GREEN
2004-11-25,82.18,GREEN
2004-11-26,81.78,GREEN
2004-11-29,81.93,GREEN
2004-11-30,81.82,GREEN
2004-12-01,81.56,GREEN
2004-12-02,81.95,GREEN
2004-12-03,80.98,GREEN
2004-12-06,81.28,GREEN
2004-12-07,81.24,GREEN
2004-12-08,81.9,GREEN
2004-12-09,82.03,GREEN
2004-12-10,82.55,GREEN
2004-12-13,82.1,GREEN
2004-12-14,82.32,GREEN
2004-12-15,81.63,GREEN
2004-12-16,82.5,GREEN
2004-12-17,82.16,GREEN
2004-12-20,81.67,GREEN
2004-12-21,81.94,GREEN
2004-12-22,81.93,GREEN
2004-12-23,81.34,GREEN
2004-12-24,81.22,GREEN
2004-12-27,80.72,GREEN
2004-12-28,80.72,GREEN
2004-12-29,80.97,GREEN
2004-12-30,80.53,GREEN
2004-12-31,80.85,GREEN
2005-01-03,81.3,GREEN
2005-01-04,82.57,GREEN
2005-01-05,82.54,GREEN
2005-01-06,83.15,GREEN
2005-01-07,83.61,GREEN
2005-01-10,83.29,GREEN
2005-01-11,83.02,GREEN
2005-01-12,82.14,GREEN
2005-01-13,82.51,GREEN
2005-01-14,83.06,GREEN
2005-01-17,83.06,GREEN
2005-01-18,83.36,GREEN
2005-01-19,83.6,GREEN
2005-01-20,83.84,GREEN
2005-01-21,83.26,GREEN
2005-01-24,83.24,GREEN
2005-01-25,83.99,GREEN
2005-01-26,83.3,GREEN
2005-01-27,83.43,GREEN
2005-01-28,83.48,GREEN
2005-01-31,83.6,GREEN
2005-02-01,83.45,GREEN
2005-02-02,83.52,GREEN
2005-02-03,83.97,GREEN
2005-02-04,84.39,GREEN
2005-02-07,85.04,GREEN
2005-02-08,85.1,GREEN
2005-02-09,85.02,GREEN
2005-02-10,84.54,GREEN
2005-02-11,84.57,GREEN
2005-02-14,83.96,GREEN
2005-02-15,83.59,GREEN
2005-02-16,83.67,GREEN
2005-02-17,83.47,GREEN
2005-02-18,83.49,GREEN
2005-02-21,83.55,GREEN
2005-02-22,82.41,GREEN
2005-02-23,82.68,GREEN
2005-02-24,82.88,GREEN
2005-02-25,82.66,GREEN
2005-02-28,82.51,GREEN
2005-03-01,82.77,GREEN
2005-03-02,83.08,GREEN
2005-03-03,83.28,GREEN
2005-03-04,82.54,GREEN
2005-03-07,82.79,GREEN
2005-03-08,81.98,GREEN
2005-03-09,81.63,GREEN
2005-03-10,81.57,GREEN
2005-03-11,81.42,GREEN
2005-03-14,81.97,GREEN
2005-03-15,82.12,GREEN
2005-03-16,81.62,GREEN
2005-03-17,81.84,GREEN
2005-03-18,82.13,GREEN
2005-03-21,82.88,GREEN
2005-03-22,83.36,GREEN
2005-03-23,84.0,YELLOW
2005-03-24,84.13,YELLOW
2005-03-28,84.62,YELLOW
2005-03-29,84.32,YELLOW
2005-03-30,84.29,YELLOW
2005-03-31,84.06,YELLOW
2005-04-01,84.43,YELLOW
2005-04-04,84.78,YELLOW
2005-04-05,84.66,YELLOW
2005-04-06,84.68,YELLOW
2005-04-07,84.87,YELLOW
2005-04-08,84.47,YELLOW
2005-04-11,84.16,YELLOW
2005-04-12,84.42,YELLOW
2005-04-13,84.42,YELLOW
2005-04-14,85.0,YELLOW
2005-04-15,84.56,YELLOW
2005-04-18,84.0,YELLOW
2005-04-19,83.76,YELLOW
2005-04-20,83.52,GREEN
2005-04-21,83.7,YELLOW
2005-04-22,83.5,GREEN
2005-04-25,83.82,YELLOW
2005-04-26,83.96,YELLOW
2005-04-27,84.12,YELLOW
2005-04-28,84.35,YELLOW
2005-04-29,84.43,YELLOW
2005-05-02,84.49,YELLOW
2005-05-03,84.51,YELLOW
2005-05-04,84.0,YELLOW
2005-05-05,83.94,YELLOW
2005-05-06,84.61,YELLOW
2005-05-09,84.64,YELLOW
2005-05-10,84.45,YELLOW
2005-05-11,84.94,YELLOW
2005-05-12,85.49,YELLOW
2005-05-13,86.1,YELLOW
2005-05-16,86.12,YELLOW
2005-05-17,86.21,YELLOW
2005-05-18,85.82,YELLOW
2005-05-19,86.09,YELLOW
2005-05-20,86.63,YELLOW
2005-05-23,86.4,YELLOW
2005-05-24,86.37,YELLOW
2005-05-25,86.35,YELLOW
2005-05-26,86.85,YELLOW
2005-05-27,86.42,YELLOW
2005-05-31,87.76,YELLOW
2005-06-01,88.11,RED
2005-06-02,87.75,YELLOW
2005-06-03,88.04,RED
2005-06-06,87.6,YELLOW
2005-06-07,87.49,YELLOW
2005-06-08,87.88,RED
2005-06-09,88.07,RED
2005-06-10,88.69,RED
2005-06-13,88.95,RED
2005-06-14,89.26,RED
2005-06-15,88.65,RED
2005-06-16,88.72,RED
2005-06-17,87.73,YELLOW
2005-06-20,88.49,RED
2005-06-21,88.18,RED
2005-06-22,88.56,RED
2005-06-23,89.12,RED
2005-06-24,88.78,RED
2005-06-27,88.45,RED
2005-06-28,88.99,RED
2005-06-29,89.11,RED
2005-06-30,89.11,RED
2005-07-01,90.13,RED
2005-07-04,90.43,RED
2005-07-05,90.44,RED
2005-07-06,90.38,RED
2005-07-07,90.28,RED
2005-07-08,90.25,RED
2005-07-11,89.46,RED
2005-07-12,88.41,RED
2005-07-13,89.31,RED
2005-07-14,89.4,RED
2005-07-15,89.72,RED
2005-07-18,89.64,RED
2005-07-19,89.85,RED
2005-07-20,89.34,RED
2005-07-21,88.93,RED
2005-07-22,89.64,RED
2005-07-25,89.6,RED
2005-07-26,90.0,RED
2005-07-27,89.73,RED
2005-07-28,89.34,RED
2005-07-29,89.35,RED
2005-08-01,88.8,RED
2005-08-02,88.76,RED
2005-08-03,87.99,YELLOW
2005-08-04,87.8,YELLOW
2005-08-05,88.06,RED
2005-08-08,87.92,YELLOW
2005-08-09,87.89,YELLOW
2005-08-10,87.61,YELLOW
2005-08-11,87.1,YELLOW
2005-08-12,86.98,YELLOW
2005-08-15,87.32,YELLOW
2005-08-16,87.43,YELLOW
2005-08-17,88.0,RED
2005-08-18,88.59,RED
2005-08-19,88.58,RED
2005-08-22,88.14,RED
2005-08-23,88.08,RED
2005-08-24,87.91,RED
2005-08-25,87.64,YELLOW
2005-08-26,87.86,RED
2005-08-29,88.25,RED
2005-08-30,88.35,RED
2005-08-31,87.58,YELLOW
2005-09-01,86.55,YELLOW
2005-09-02,86.3,YELLOW
2005-09-06,86.57,YELLOW
2005-09-07,86.97,YELLOW
2005-09-08,87.04,YELLOW
2005-09-09,86.89,YELLOW
2005-09-12,87.71,RED
2005-09-13,87.75,RED
2005-09-14,87.67,RED
2005-09-15,88.13,RED
2005-09-16,88.05,RED
2005-09-19,88.44,RED
2005-09-20,88.6,RED
2005-09-21,88.14,RED
2005-09-22,88.56,RED
2005-09-23,89.21,RED
2005-09-26,89.11,RED
2005-09-27,89.6,RED
2005-09-28,89.47,RED
2005-09-29,89.4,RED
2005-09-30,89.52,RED
2005-10-03,90.13,RED
2005-10-04,90.1,RED
2005-10-05,89.98,RED
2005-10-06,88.66,RED
2005-10-07,89.17,RED
2005-10-10,89.46,RED
2005-10-11,89.97,RED
2005-10-12,89.63,RED
2005-10-13,89.81,RED
2005-10-14,89.35,RED
2005-10-17,89.8,RED
2005-10-18,90.29,RED
2005-10-19,89.99,RED
2005-10-20,89.91,RED
2005-10-21,90.31,RED
2005-10-24,90.11,RED
2005-10-25,89.24,RED
2005-10-26,89.49,RED
2005-10-27,89.1,RED
2005-10-28,89.59,RED
2005-10-31,90.07,RED
2005-11-01,90.08,RED
2005-11-02,89.72,RED
2005-11-03,90.44,RED
2005-11-04,91.26,RED
2005-11-07,91.29,RED
2005-11-08,91.37,RED
2005-11-09,91.5,RED
2005-11-10,92.08,RED
2005-11-11,91.98,RED
2005-11-14,92.13,RED
2005-11-15,92.09,RED
2005-11-16,92.33,RED
2005-11-17,91.88,RED
2005-11-18,91.93,RED
2005-11-21,92.03,RED
2005-11-22,91.5,RED
2005-11-23,91.51,RED
2005-11-25,92.04,RED
2005-11-28,90.98,RED
2005-11-29,91.62,RED
2005-11-30,91.57,RED
2005-12-01,91.82,RED
2005-12-02,91.95,RED
2005-12-05,91.48,RED
2005-12-06,91.44,RED
2005-12-07,91.89,RED
2005-12-08,91.26,RED
2005-12-09,91.25,RED
2005-12-12,90.35,RED
2005-12-13,90.38,RED
2005-12-14,89.83,RED
2005-12-15,90.02,RED
2005-12-16,89.7,RED
2005-12-19,89.87,RED
2005-12-20,90.78,RED
2005-12-21,90.94,RED
2005-12-22,90.72,RED
2005-12-23,90.84,RED
2005-12-27,91.19,RED
2005-12-28,91.26,RED
2005-12-29,91.1,RED
2005-12-30,91.17,RED
2006-01-03,89.84,RED
2006-01-04,89.14,YELLOW
2006-01-05,89.33,YELLOW
2006-01-06,88.85,YELLOW
2006-01-09,89.25,YELLOW
2006-01-10,89.33,YELLOW
2006-01-11,88.99,YELLOW
2006-01-12,89.44,YELLOW
2006-01-13,88.89,YELLOW
2006-01-17,89.3,YELLOW
2006-01-18,89.26,YELLOW
2006-01-19,89.39,YELLOW
2006-01-20,88.95,YELLOW
2006-01-23,87.95,YELLOW
2006-01-24,88.06,YELLOW
2006-01-25,88.33,YELLOW
2006-01-26,88.62,YELLOW
2006-01-27,89.32,YELLOW
2006-01-30,89.42,YELLOW
2006-01-31,88.96,YELLOW
2006-02-01,89.51,RED
2006-02-02,89.37,YELLOW
2006-02-03,89.89,RED
2006-02-06,90.29,RED
2006-02-07,90.24,RED
2006-02-08,90.43,RED
2006-02-09,90.29,RED
2006-02-10,90.55,RED
2006-02-13,90.54,RED
2006-02-14,90.54,RED
2006-02-15,90.72,RED
2006-02-16,90.73,RED
2006-02-17,90.64,RED
2006-02-21,90.55,RED
2006-02-22,90.67,RED
2006-02-23,90.39,RED
2006-02-24,90.61,RED
2006-02-27,90.63,RED
2006-02-28,90.11,RED
2006-03-01,90.22,RED
2006-03-02,89.56,YELLOW
2006-03-03,89.66,YELLOW
2006-03-06,89.89,RED
2006-03-07,90.77,RED
2006-03-08,90.62,RED
2006-03-09,90.75,RED
2006-03-10,90.85,RED
2006-03-13,90.54,RED
2006-03-14,90.0,RED
2006-03-15,89.7,YELLOW
2006-03-16,89.07,YELLOW
2006-03-17,88.92,YELLOW
2006-03-20,89.13,YELLOW
2006-03-21,89.62,YELLOW
2006-03-22,89.72,YELLOW
2006-03-23,90.46,RED
2006-03-24,90.07,RED
2006-03-27,90.07,RED
2006-03-28,90.25,RED
2006-03-29,90.25,RED
2006-03-30,89.39,YELLOW
2006-03-31,89.73,YELLOW
2006-04-03,89.63,YELLOW
2006-04-04,88.83,YELLOW
2006-04-05,88.63,YELLOW
2006-04-06,88.96,YELLOW
2006-04-07,89.63,YELLOW
2006-04-10,89.72,YELLOW
2006-04-11,89.44,YELLOW
2006-04-12,89.62,YELLOW
2006-04-13,89.62,YELLOW
2006-04-17,88.64,YELLOW
2006-04-18,88.24,GREEN
2006-04-19,87.79,GREEN
2006-04-20,88.25,GREEN
2006-04-21,88.05,GREEN
2006-04-24,87.45,GREEN
2006-04-25,87.32,GREEN
2006-04-26,87.22,GREEN
2006-04-27,86.63,GREEN
2006-04-28,86.11,GREEN
2006-05-01,85.97,GREEN
2006-05-02,85.79,GREEN
2006-05-03,85.84,GREEN
2006-05-04,85.84,GREEN
2006-05-05,85.12,GREEN
2006-05-08,85.23,GREEN
2006-05-09,84.83,GREEN
2006-05-10,84.5,GREEN
2006-05-11,84.27,GREEN
2006-05-12,83.96,GREEN
2006-05-15,84.54,GREEN
2006-05-16,84.17,GREEN
2006-05-17,84.85,GREEN
2006-05-18,84.51,GREEN
2006-05-19,84.88,GREEN
2006-05-22,84.35,GREEN
2006-05-23,84.35,GREEN
2006-05-24,84.95,GREEN
2006-05-25,84.65,GREEN
2006-05-26,85.26,GREEN
2006-05-30,84.28,GREEN
2006-05-31,84.72,GREEN
2006-06-01,84.79,GREEN
2006-06-02,84.05,GREEN
2006-06-05,84.14,GREEN
2006-06-06,84.73,GREEN
2006-06-07,84.99,GREEN
2006-06-08,85.91,GREEN
2006-06-09,85.72,GREEN
2006-06-12,85.85,GREEN
2006-06-13,86.43,GREEN
2006-06-14,86.14,GREEN
2006-06-15,86.02,GREEN
2006-06-16,85.92,GREEN
2006-06-19,86.31,GREEN
2006-06-20,86.18,GREEN
2006-06-21,85.78,GREEN
2006-06-22,86.39,GREEN
2006-06-23,86.82,GREEN
2006-06-26,86.49,GREEN
2006-06-27,86.47,GREEN
2006-06-28,86.63,GREEN
2006-06-29,85.87,GREEN
2006-06-30,85.22,GREEN
2006-07-03,85.18,GREEN
2006-07-05,85.6,GREEN
2006-07-06,85.35,GREEN
2006-07-07,84.98,GREEN
2006-07-10,85.5,GREEN
2006-07-11,85.36,GREEN
2006-07-12,85.91,GREEN
2006-07-13,85.79,GREEN
2006-07-14,86.09,GREEN
2006-07-17,86.96,GREEN
2006-07-18,87.01,GREEN
2006-07-19,86.46,GREEN
2006-07-20,86.22,GREEN
2006-07-21,85.93,GREEN
2006-07-24,86.34,GREEN
2006-07-25,86.64,GREEN
2006-07-26,85.93,GREEN
2006-07-27,85.87,GREEN
2006-07-28,85.44,GREEN
2006-07-31,85.3,GREEN
2006-08-01,85.05,GREEN
2006-08-02,85.05,GREEN
2006-08-03,85.02,GREEN
2006-08-04,84.57,GREEN
2006-08-07,84.75,GREEN
2006-08-08,84.66,GREEN
2006-08-09,84.71,GREEN
2006-08-10,85.08,GREEN
2006-08-11,85.52,GREEN
2006-08-14,85.64,GREEN
2006-08-15,85.22,GREEN
2006-08-16,84.88,GREEN
2006-08-17,85.04,GREEN
2006-08-18,85.09,GREEN
2006-08-21,84.63,GREEN
2006-08-22,85.18,GREEN
2006-08-23,85.13,GREEN
2006-08-24,85.28,GREEN
2006-08-25,85.38,GREEN
2006-08-28,85.23,GREEN
2006-08-29,84.91,GREEN
2006-08-30,84.97,GREEN
2006-08-31,85.05,GREEN
2006-09-01,84.94,GREEN
2006-09-05,85.0,GREEN
2006-09-06,85.1,GREEN
2006-09-07,85.53,GREEN
2006-09-08,85.95,GREEN
2006-09-11,85.92,GREEN
2006-09-12,85.92,GREEN
2006-09-13,85.87,GREEN
2006-09-14,85.66,GREEN
2006-09-15,85.99,YELLOW
2006-09-18,85.81,GREEN
2006-09-19,85.94,YELLOW
2006-09-20,85.81,GREEN
2006-09-21,85.18,GREEN
2006-09-22,85.2,GREEN
2006-09-25,85.29,GREEN
2006-09-26,85.63,GREEN
2006-09-27,85.66,GREEN
2006-09-28,85.72,GREEN
2006-09-29,85.97,YELLOW
2006-10-02,85.59,GREEN
2006-10-03,85.71,GREEN
2006-10-04,85.84,GREEN
2006-10-05,85.92,YELLOW
2006-10-06,86.44,YELLOW
2006-10-09,86.52,YELLOW
2006-10-10,87.02,YELLOW
2006-10-11,87.12,YELLOW
2006-10-12,86.92,YELLOW
2006-10-13,87.12,YELLOW
2006-10-16,87.0,YELLOW
2006-10-17,86.87,YELLOW
2006-10-18,86.88,YELLOW
2006-10-19,86.24,YELLOW
2006-10-20,86.27,YELLOW
2006-10-23,86.71,YELLOW
2006-10-24,86.63,YELLOW
2006-10-25,86.38,YELLOW
2006-10-26,85.89,YELLOW
2006-10-27,85.56,GREEN
2006-10-30,85.59,GREEN
2006-10-31,85.32,GREEN
2006-11-01,85.32,GREEN
2006-11-02,85.34,GREEN
2006-11-03,85.71,GREEN
2006-11-06,85.75,GREEN
2006-11-07,85.43,GREEN
2006-11-08,85.41,GREEN
2006-11-09,85.18,GREEN
2006-11-10,85.05,GREEN
2006-11-13,85.36,GREEN
2006-11-14,85.24,GREEN
2006-11-15,85.34,GREEN
2006-11-16,85.5,GREEN
2006-11-17,85.37,GREEN
2006-11-20,85.42,GREEN
2006-11-21,85.24,GREEN
2006-11-22,84.65,GREEN
2006-11-23,84.48,GREEN
2006-11-24,83.71,GREEN
2006-11-27,83.51,GREEN
2006-11-28,83.21,GREEN
2006-11-29,83.44,GREEN
2006-11-30,82.92,GREEN
2006-12-01,82.48,GREEN
2006-12-04,82.49,GREEN
2006-12-05,82.45,GREEN
2006-12-06,82.77,GREEN
2006-12-07,82.8,GREEN
2006-12-08,83.33,GREEN
2006-12-11,83.12,GREEN
2006-12-12,82.97,GREEN
2006-12-13,82.97,GREEN
2006-12-14,83.65,GREEN
2006-12-15,84.06,GREEN
2006-12-18,83.98,GREEN
2006-12-19,83.46,GREEN
2006-12-20,83.52,GREEN
2006-12-21,83.57,GREEN
2006-12-22,83.94,GREEN
2006-12-26,84.07,GREEN
2006-12-27,83.94,GREEN
2006-12-28,83.82,GREEN
2006-12-29,83.72,GREEN
2007-01-02,83.2,GREEN
2007-01-03,83.92,GREEN
2007-01-04,84.32,GREEN
2007-01-05,84.63,GREEN
2007-01-08,84.6,GREEN
2007-01-09,84.74,GREEN
2007-01-10,85.08,GREEN
2007-01-11,85.31,YELLOW
2007-01-12,85.03,GREEN
2007-01-16,85.05,GREEN
2007-01-17,84.98,GREEN
2007-01-18,84.91,GREEN
2007-01-19,84.86,GREEN
2007-01-22,85.02,GREEN
2007-01-23,84.67,GREEN
2007-01-24,84.94,GREEN
2007-01-25,85.11,YELLOW
2007-01-26,85.28,YELLOW
2007-01-29,85.1,YELLOW
2007-01-30,85.03,GREEN
2007-01-31,84.61,GREEN
2007-02-01,84.63,GREEN
2007-02-02,84.96,GREEN
2007-02-05,85.08,YELLOW
2007-02-06,84.78,GREEN
2007-02-07,84.75,GREEN
2007-02-08,84.7,GREEN
2007-02-09,84.87,GREEN
2007-02-12,85.15,YELLOW
2007-02-13,84.73,GREEN
2007-02-14,84.2,GREEN
2007-02-15,84.01,GREEN
2007-02-16,84.09,GREEN
2007-02-20,84.19,GREEN
2007-02-21,84.21,GREEN
2007-02-22,84.32,GREEN
2007-02-23,84.07,GREEN
2007-02-26,83.93,GREEN
2007-02-27,83.48,GREEN
2007-02-28,83.57,GREEN
2007-03-01,83.68,GREEN
2007-03-02,83.74,GREEN
2007-03-05,84.15,GREEN
2007-03-06,84.07,GREEN
2007-03-07,83.78,GREEN
2007-03-08,84.1,GREEN
2007-03-09,84.24,GREEN
2007-03-12,83.86,GREEN
2007-03-13,83.73,GREEN
2007-03-14,83.61,GREEN
2007-03-15,83.68,GREEN
2007-03-16,83.23,GREEN
2007-03-19,83.39,GREEN
2007-03-20,83.11,GREEN
2007-03-21,82.77,GREEN
2007-03-22,83.09,GREEN
2007-03-23,83.28,GREEN
2007-03-26,83.08,GREEN
2007-03-27,83.01,GREEN
2007-03-28,83.03,GREEN
2007-03-29,83.09,GREEN
2007-03-30,82.93,GREEN
2007-04-02,82.87,GREEN
2007-04-03,83.15,GREEN
2007-04-04,82.96,GREEN
2007-04-05,82.68,GREEN
2007-04-09,83.1,GREEN
2007-04-10,82.7,GREEN
2007-04-11,82.67,GREEN
2007-04-12,82.37,GREEN
2007-04-13,82.13,GREEN
2007-04-16,82.07,GREEN
2007-04-17,81.83,GREEN
2007-04-18,81.74,GREEN
2007-04-19,81.64,GREEN
2007-04-20,81.64,GREEN
2007-04-23,81.74,GREEN
2007-04-24,81.55,GREEN
2007-04-25,81.43,GREEN
2007-04-26,81.75,GREEN
2007-04-27,81.53,GREEN
2007-04-30,81.45,GREEN
2007-05-01,81.6,GREEN
2007-05-02,81.74,GREEN
2007-05-03,81.95,GREEN
2007-05-04,81.74,GREEN
2007-05-07,81.68,GREEN
2007-05-08,81.94,GREEN
2007-05-09,82.02,GREEN
2007-05-10,82.29,GREEN
2007-05-11,82.12,GREEN
2007-05-14,82.07,GREEN
2007-05-15,81.75,GREEN
2007-05-16,82.16,GREEN
2007-05-17,82.32,GREEN
2007-05-18,82.2,GREEN
2007-05-21,82.36,GREEN
2007-05-22,82.39,GREEN
2007-05-23,82.31,GREEN
2007-05-24,82.41,GREEN
2007-05-25,82.33,GREEN
2007-05-29,82.31,GREEN
2007-05-30,82.43,GREEN
2007-05-31,82.3,GREEN
2007-06-01,82.32,GREEN
2007-06-04,82.06,GREEN
2007-06-05,81.89,GREEN
2007-06-06,81.9,GREEN
2007-06-07,82.29,GREEN
2007-06-08,82.69,GREEN
2007-06-11,82.71,GREEN
2007-06-12,82.89,GREEN
2007-06-13,83.04,GREEN
2007-06-14,83.13,GREEN
2007-06-15,82.85,GREEN
2007-06-18,82.71,GREEN
2007-06-19,82.54,GREEN
2007-06-20,82.52,GREEN
2007-06-21,82.73,GREEN
2007-06-22,82.34,GREEN
2007-06-25,82.32,GREEN
2007-06-26,82.29,GREEN
2007-06-27,82.32,GREEN
2007-06-28,82.33,GREEN
2007-06-29,81.92,GREEN
2007-07-02,81.39,GREEN
2007-07-03,81.43,GREEN
2007-07-05,81.54,GREEN
2007-07-06,81.46,GREEN
2007-07-09,81.43,GREEN
2007-07-10,80.86,GREEN
2007-07-11,80.73,GREEN
2007-07-12,80.64,GREEN
2007-07-13,80.58,GREEN
2007-07-16,80.52,GREEN
2007-07-17,80.54,GREEN
2007-07-18,80.42,GREEN
2007-07-19,80.42,GREEN
2007-07-20,80.29,GREEN
2007-07-23,80.35,GREEN
2007-07-24,80.08,GREEN
2007-07-25,80.65,GREEN
2007-07-26,80.45,GREEN
2007-07-27,80.95,GREEN
2007-07-30,80.85,GREEN
2007-07-31,80.77,GREEN
2007-08-01,80.87,GREEN
2007-08-02,80.71,GREEN
2007-08-03,80.18,GREEN
2007-08-06,80.25,GREEN
2007-08-07,80.48,GREEN
2007-08-08,80.34,GREEN
2007-08-09,80.74,GREEN
2007-08-10,80.68,GREEN
2007-08-13,81.05,GREEN
2007-08-14,81.49,GREEN
2007-08-15,81.82,GREEN
2007-08-16,81.73,GREEN
2007-08-17,81.43,GREEN
2007-08-20,81.4,GREEN
2007-08-21,81.49,GREEN
2007-08-22,81.25,GREEN
2007-08-23,81.14,GREEN
2007-08-24,80.67,GREEN
2007-08-27,80.74,GREEN
2007-08-28,80.76,GREEN
2007-08-29,80.7,GREEN
2007-08-30,80.79,GREEN
2007-08-31,80.79,GREEN
2007-09-04,80.88,GREEN
2007-09-05,80.62,GREEN
2007-09-06,80.47,GREEN
2007-09-07,79.96,GREEN
2007-09-10,79.82,GREEN
2007-09-11,79.7,GREEN
2007-09-12,79.36,GREEN
2007-09-13,79.51,GREEN
2007-09-14,79.62,GREEN
2007-09-17,79.72,GREEN
2007-09-18,79.21,GREEN
2007-09-19,79.3,GREEN
2007-09-20,78.58,GREEN
2007-09-21,78.6,GREEN
2007-09-24,78.53,GREEN
2007-09-25,78.31,GREEN
2007-09-26,78.49,GREEN
2007-09-27,78.34,GREEN
2007-09-28,77.72,GREEN
2007-10-01,77.9,GREEN
2007-10-02,78.3,GREEN
2007-10-03,78.57,GREEN
2007-10-04,78.48,GREEN
2007-10-05,78.31,GREEN
2007-10-08,78.67,GREEN
2007-10-09,78.53,GREEN
2007-10-10,78.38,GREEN
2007-10-11,78.08,GREEN
2007-10-12,78.22,GREEN
2007-10-15,78.09,GREEN
2007-10-16,78.25,GREEN
2007-10-17,78.12,GREEN
2007-10-18,77.59,GREEN
2007-10-19,77.41,GREEN
2007-10-22,78.06,GREEN
2007-10-23,77.59,GREEN
2007-10-24,77.55,GREEN
2007-10-25,77.28,GREEN
2007-10-26,77.03,GREEN
2007-10-29,76.84,GREEN
2007-10-30,76.77,GREEN
2007-10-31,76.48,GREEN
2007-11-01,76.59,GREEN
2007-11-02,76.34,GREEN
2007-11-05,76.43,GREEN
2007-11-06,76.04,GREEN
2007-11-07,75.41,GREEN
2007-11-08,75.46,GREEN
2007-11-09,75.4,GREEN
2007-11-12,75.9,GREEN
2007-11-13,75.88,GREEN
2007-11-14,75.81,GREEN
2007-11-15,76.07,GREEN
2007-11-16,75.83,GREEN
2007-11-19,75.78,GREEN
2007-11-20,75.21,GREEN
2007-11-21,75.07,GREEN
2007-11-23,75.05,GREEN
2007-11-26,74.86,GREEN
2007-11-27,75.1,GREEN
2007-11-28,75.08,GREEN
2007-11-29,75.59,GREEN
2007-11-30,76.15,GREEN
2007-12-03,75.93,GREEN
2007-12-04,75.69,GREEN
2007-12-05,76.41,GREEN
2007-12-06,76.38,GREEN
2007-12-07,76.29,GREEN
2007-12-10,76.06,GREEN
2007-12-11,76.22,GREEN
2007-12-12,76.14,GREEN
2007-12-13,76.56,GREEN
2007-12-14,77.44,GREEN
2007-12-17,77.4,GREEN
2007-12-18,77.41,GREEN
2007-12-19,77.59,GREEN
2007-12-20,77.79,GREEN
2007-12-21,77.72,GREEN
2007-12-24,77.57,GREEN
2007-12-26,77.15,GREEN
2007-12-27,76.61,GREEN
2007-12-28,76.22,GREEN
2007-12-31,76.7,GREEN
2008-01-02,75.97,GREEN
2008-01-03,75.89,GREEN
2008-01-04,75.79,GREEN
2008-01-07,76.17,GREEN
2008-01-08,76.11,GREEN
2008-01-09,76.42,GREEN
2008-01-10,75.93,GREEN
2008-01-11,75.98,GREEN
2008-01-14,75.61,GREEN
2008-01-15,75.57,GREEN
2008-01-16,76.26,GREEN
2008-01-17,76.17,GREEN
2008-01-18,76.38,GREEN
2008-01-22,76.35,GREEN
2008-01-23,76.4,GREEN
2008-01-24,75.69,GREEN
2008-01-25,75.97,GREEN
2008-01-28,75.58,GREEN
2008-01-29,75.54,GREEN
2008-01-30,75.03,GREEN
2008-01-31,75.18,GREEN
2008-02-01,75.45,GREEN
2008-02-04,75.37,GREEN
2008-02-05,76.12,GREEN
2008-02-06,76.14,GREEN
2008-02-07,76.94,GREEN
2008-02-08,76.67,GREEN
2008-02-11,76.58,GREEN
2008-02-12,76.32,GREEN
2008-02-13,76.4,GREEN
2008-02-14,76.15,GREEN
2008-02-15,76.1,GREEN
2008-02-19,76.0,GREEN
2008-02-20,76.12,GREEN
2008-02-21,75.6,GREEN
2008-02-22,75.52,GREEN
2008-02-25,75.53,GREEN
2008-02-26,74.76,GREEN
2008-02-27,74.21,GREEN
2008-02-28,73.72,GREEN
2008-02-29,73.71,GREEN
2008-03-03,73.7,GREEN
2008-03-04,73.66,GREEN
2008-03-05,73.48,GREEN
2008-03-06,73.0,GREEN
2008-03-07,73.03,GREEN
2008-03-10,72.99,GREEN
2008-03-11,73.28,GREEN
2008-03-12,72.4,GREEN
2008-03-13,72.07,GREEN
2008-03-14,71.66,GREEN
2008-03-17,71.46,GREEN
2008-03-18,71.57,GREEN
2008-03-19,72.14,GREEN
2008-03-20,72.75,GREEN
2008-03-24,72.95,GREEN
2008-03-25,72.28,GREEN
2008-03-26,71.51,GREEN
2008-03-27,71.66,GREEN
2008-03-28,71.68,GREEN
2008-03-31,71.8,GREEN
2008-04-01,72.56,GREEN
2008-04-02,72.26,GREEN
2008-04-03,72.22,GREEN
2008-04-04,72.02,GREEN
2008-04-07,72.2,GREEN
2008-04-08,72.23,GREEN
2008-04-09,71.83,GREEN
2008-04-10,72.12,GREEN
2008-04-11,71.81,GREEN
2008-04-14,71.88,GREEN
2008-04-15,72.02,GREEN
2008-04-16,71.41,GREEN
2008-04-17,71.68,GREEN
2008-04-18,72.01,GREEN
2008-04-21,71.65,GREEN
2008-04-22,71.33,GREEN
2008-04-23,71.82,GREEN
2008-04-24,72.54,GREEN
2008-04-25,72.79,GREEN
2008-04-28,72.79,GREEN
2008-04-29,72.89,GREEN
2008-04-30,72.51,GREEN
2008-05-01,73.28,GREEN
2008-05-02,73.5,GREEN
2008-05-05,73.19,GREEN
2008-05-06,73.0,GREEN
2008-05-07,73.51,GREEN
2008-05-08,73.48,GREEN
2008-05-09,73.05,GREEN
2008-05-12,72.95,GREEN
2008-05-13,73.27,GREEN
2008-05-14,73.4,GREEN
2008-05-15,73.35,GREEN
2008-05-16,72.84,GREEN
2008-05-19,73.04,GREEN
2008-05-20,72.4,GREEN
2008-05-21,71.94,GREEN
2008-05-22,72.28,GREEN
2008-05-23,71.89,GREEN
2008-05-27,72.34,GREEN
2008-05-28,72.55,GREEN
2008-05-29,73.02,GREEN
2008-05-30,72.88,GREEN
2008-06-02,72.93,GREEN
2008-06-03,73.24,GREEN
2008-06-04,73.42,GREEN
2008-06-05,73.04,GREEN
2008-06-06,72.39,GREEN
2008-06-09,72.85,GREEN
2008-06-10,73.7,GREEN
2008-06-11,73.21,GREEN
2008-06-12,73.86,GREEN
2008-06-13,74.15,GREEN
2008-06-16,73.61,GREEN
2008-06-17,73.51,GREEN
2008-06-18,73.44,GREEN
2008-06-19,73.48,GREEN
2008-06-20,73.03,GREEN
2008-06-23,73.43,GREEN
2008-06-24,73.24,GREEN
2008-06-25,72.93,GREEN
2008-06-26,72.49,GREEN
2008-06-27,72.36,GREEN
2008-06-30,72.46,GREEN
2008-07-01,72.37,GREEN
2008-07-02,72.03,GREEN
2008-07-03,72.74,GREEN
2008-07-07,72.67,GREEN
2008-07-08,73.01,GREEN
2008-07-09,72.58,GREEN
2008-07-10,72.49,GREEN
2008-07-11,72.1,GREEN
2008-07-14,71.92,GREEN
2008-07-15,71.87,GREEN
2008-07-16,72.06,GREEN
2008-07-17,72.24,GREEN
2008-07-18,72.19,GREEN
2008-07-21,71.99,GREEN
2008-07-22,72.45,GREEN
2008-07-23,72.81,GREEN
2008-07-24,72.93,GREEN
2008-07-25,72.86,GREEN
2008-07-28,72.65,GREEN
2008-07-29,73.31,YELLOW
2008-07-30,73.32,YELLOW
2008-07-31,73.23,YELLOW
2008-08-01,73.42,YELLOW
2008-08-04,73.46,YELLOW
2008-08-05,73.88,YELLOW
2008-08-06,74.24,YELLOW
2008-08-07,74.55,YELLOW
2008-08-08,75.85,YELLOW
2008-08-11,76.13,YELLOW
2008-08-12,76.15,YELLOW
2008-08-13,76.21,YELLOW
2008-08-14,76.67,RED
2008-08-15,77.18,RED
2008-08-18,77.12,RED
2008-08-19,76.84,RED
2008-08-20,76.96,RED
2008-08-21,76.2,YELLOW
2008-08-22,76.81,RED
2008-08-25,76.79,RED
2008-08-26,77.25,RED
2008-08-27,77.05,RED
2008-08-28,77.15,RED
2008-08-29,77.38,RED
2008-09-02,78.06,RED
2008-09-03,78.09,RED
2008-09-04,78.61,RED
2008-09-05,78.93,RED
2008-09-08,79.59,RED
2008-09-09,79.25,RED
2008-09-10,79.85,RED
2008-09-11,80.15,RED
2008-09-12,78.97,RED
2008-09-15,78.91,RED
2008-09-16,79.07,RED
2008-09-17,78.1,RED
2008-09-18,78.02,RED
2008-09-19,77.68,RED
2008-09-22,76.15,YELLOW
2008-09-23,76.47,RED
2008-09-24,76.79,RED
2008-09-25,76.99,RED
2008-09-26,76.95,RED
2008-09-29,77.47,RED
2008-09-30,79.45,RED
2008-10-01,79.46,RED
2008-10-02,80.44,RED
2008-10-03,80.31,RED
2008-10-06,81.68,RED
2008-10-07,80.97,RED
2008-10-08,80.91,RED
2008-10-09,81.16,RED
2008-10-10,83.0,RED
2008-10-13,81.88,RED
2008-10-14,81.36,RED
2008-10-15,82.05,RED
2008-10-16,82.46,RED
2008-10-17,82.41,RED
2008-10-20,83.1,RED
2008-10-21,83.99,RED
2008-10-22,85.37,RED
2008-10-23,85.36,RED
2008-10-24,86.44,RED
2008-10-27,86.93,RED
2008-10-28,87.03,RED
2008-10-29,85.07,RED
2008-10-30,84.56,RED
2008-10-31,85.63,RED
2008-11-03,86.35,RED
2008-11-04,84.78,RED
2008-11-05,84.61,RED
2008-11-06,85.89,RED
2008-11-07,85.91,RED
2008-11-10,85.91,RED
2008-11-11,87.07,RED
2008-11-12,87.47,RED
2008-11-13,86.94,RED
2008-11-14,86.36,RED
2008-11-17,86.81,RED
2008-11-18,87.37,RED
2008-11-19,87.31,RED
2008-11-20,87.97,RED
2008-11-21,88.19,RED
2008-11-24,86.08,RED
2008-11-25,85.0,RED
2008-11-26,85.67,RED
2008-11-28,86.52,RED
2008-12-01,86.72,RED
2008-12-02,86.7,RED
2008-12-03,87.03,RED
2008-12-04,86.44,RED
2008-12-05,87.12,RED
2008-12-08,85.56,RED
2008-12-09,85.84,RED
2008-12-10,85.48,RED
2008-12-11,83.83,RED
2008-12-12,83.64,RED
2008-12-15,82.27,RED
2008-12-16,80.68,RED
2008-12-17,78.91,RED
2008-12-18,79.47,RED
2008-12-19,81.3,RED
2008-12-22,81.09,RED
2008-12-23,81.24,RED
2008-12-24,81.21,RED
2008-12-26,80.89,RED
2008-12-29,80.68,RED
2008-12-30,80.9,RED
2008-12-31,81.31,RED
2009-01-02,81.84,RED
2009-01-05,82.64,RED
2009-01-06,82.85,RED
2009-01-07,82.28,RED
2009-01-08,81.54,RED
2009-01-09,82.66,RED
2009-01-12,83.02,RED
2009-01-13,84.27,RED
2009-01-14,84.42,RED
2009-01-15,84.44,RED
2009-01-16,84.21,RED
2009-01-20,86.22,RED
2009-01-21,85.82,RED
2009-01-22,85.52,RED
2009-01-23,85.61,RED
2009-01-26,84.73,RED
2009-01-27,84.43,RED
2009-01-28,84.67,RED
2009-01-29,85.28,RED
2009-01-30,86.0,RED
2009-02-02,86.07,RED
2009-02-03,85.05,RED
2009-02-04,85.7,RED
2009-02-05,86.06,RED
2009-02-06,85.35,RED
2009-02-09,84.79,RED
2009-02-10,85.81,RED
2009-02-11,85.78,RED
2009-02-12,86.55,RED
2009-02-13,86.04,RED
2009-02-17,87.58,RED
2009-02-18,88.01,RED
2009-02-19,87.44,RED
2009-02-20,86.49,RED
2009-02-23,87.24,RED
2009-02-24,86.89,RED
2009-02-25,87.91,RED
2009-02-26,87.73,RED
2009-02-27,88.01,RED
2009-03-02,88.94,RED
2009-03-03,88.91,RED
2009-03-04,88.58,RED
2009-03-05,89.11,RED
2009-03-06,88.51,RED
2009-03-09,89.01,RED
2009-03-10,88.93,RED
2009-03-11,87.87,RED
2009-03-12,87.66,RED
2009-03-13,87.43,RED
2009-03-16,86.95,RED
2009-03-17,86.93,RED
2009-03-18,84.6,RED
2009-03-19,83.13,YELLOW
2009-03-20,83.84,YELLOW
2009-03-23,83.43,YELLOW
2009-03-24,83.86,YELLOW
2009-03-25,83.81,YELLOW
2009-03-26,84.17,YELLOW
2009-03-27,85.11,RED
2009-03-30,85.87,RED
2009-03-31,85.43,RED
2009-04-01,85.5,RED
2009-04-02,84.45,YELLOW
2009-04-03,84.17,YELLOW
2009-04-06,84.57,YELLOW
2009-04-07,85.29,RED
2009-04-08,85.36,RED
2009-04-09,85.79,RED
2009-04-13,84.64,YELLOW
2009-04-14,84.64,YELLOW
2009-04-15,85.08,RED
2009-04-16,85.23,RED
2009-04-17,85.98,RED
2009-04-20,86.64,RED
2009-04-21,86.58,RED
2009-04-22,86.19,RED
2009-04-23,85.52,RED
2009-04-24,84.71,YELLOW
2009-04-27,85.7,RED
2009-04-28,85.16,YELLOW
2009-04-29,84.47,YELLOW
2009-04-30,84.61,YELLOW
2009-05-01,84.55,YELLOW
2009-05-04,83.97,YELLOW
2009-05-05,84.16,YELLOW
2009-05-06,83.8,YELLOW
2009-05-07,83.94,YELLOW
2009-05-08,82.53,YELLOW
2009-05-11,82.68,YELLOW
2009-05-12,82.31,YELLOW
2009-05-13,82.5,YELLOW
2009-05-14,82.28,YELLOW
2009-05-15,83.02,YELLOW
2009-05-18,82.67,YELLOW
2009-05-19,81.98,YELLOW
2009-05-20,80.99,YELLOW
2009-05-21,80.56,YELLOW
2009-05-22,79.96,YELLOW
2009-05-26,80.13,YELLOW
2009-05-27,80.33,YELLOW
2009-05-28,80.43,YELLOW
2009-05-29,80.43,YELLOW
2009-06-01,79.17,YELLOW
2009-06-02,78.4,GREEN
2009-06-03,79.5,YELLOW
2009-06-04,79.41,YELLOW
2009-06-05,80.67,YELLOW
2009-06-08,80.91,YELLOW
2009-06-09,79.79,YELLOW
2009-06-10,80.33,YELLOW
2009-06-11,79.41,GREEN
2009-06-12,80.14,YELLOW
2009-06-15,81.14,YELLOW
2009-06-16,80.71,YELLOW
2009-06-17,80.17,YELLOW
2009-06-18,80.61,YELLOW
2009-06-19,80.26,YELLOW
2009-06-22,80.78,YELLOW
2009-06-23,79.84,GREEN
2009-06-24,80.56,YELLOW
2009-06-25,80.4,YELLOW
2009-06-26,79.88,GREEN
2009-06-29,79.84,GREEN
2009-06-30,80.13,GREEN
2009-07-01,79.63,GREEN
2009-07-02,80.15,YELLOW
2009-07-06,80.45,YELLOW
2009-07-07,80.62,YELLOW
2009-07-08,80.77,YELLOW
2009-07-09,79.86,GREEN
2009-07-10,80.23,YELLOW
2009-07-13,80.13,GREEN
2009-07-14,80.18,GREEN
2009-07-15,79.32,GREEN
2009-07-16,79.22,GREEN
2009-07-17,79.35,GREEN
2009-07-20,78.91,GREEN
2009-07-21,78.93,GREEN
2009-07-22,78.71,GREEN
2009-07-23,78.8,GREEN
2009-07-24,78.75,GREEN
2009-07-27,78.63,GREEN
2009-07-28,78.85,GREEN
2009-07-29,79.63,GREEN
2009-07-30,79.29,GREEN
2009-07-31,78.35,GREEN
2009-08-03,77.64,GREEN
2009-08-04,77.77,GREEN
2009-08-05,77.52,GREEN
2009-08-06,78.07,GREEN
2009-08-07,78.97,GREEN
2009-08-10,79.26,GREEN
2009-08-11,79.18,GREEN
2009-08-12,78.79,GREEN
2009-08-13,78.49,GREEN
2009-08-14,78.89,GREEN
2009-08-17,79.29,GREEN
2009-08-18,78.94,GREEN
2009-08-19,78.47,GREEN
2009-08-20,78.38,GREEN
2009-08-21,78.04,GREEN
2009-08-24,78.27,GREEN
2009-08-25,78.24,GREEN
2009-08-26,78.66,GREEN
2009-08-27,78.01,GREEN
2009-08-28,78.37,GREEN
2009-08-31,78.17,GREEN
2009-09-01,78.76,GREEN
2009-09-02,78.38,GREEN
2009-09-03,78.46,GREEN
2009-09-04,78.14,GREEN
2009-09-08,77.32,GREEN
2009-09-09,77.09,GREEN
2009-09-10,76.82,GREEN
2009-09-11,76.61,GREEN
2009-09-14,76.7,GREEN
2009-09-15,76.54,GREEN
2009-09-16,76.24,GREEN
2009-09-17,76.19,GREEN
2009-09-18,76.43,GREEN
2009-09-21,76.78,GREEN
2009-09-22,76.12,GREEN
2009-09-23,76.05,GREEN
2009-09-24,76.9,GREEN
2009-09-25,76.81,GREEN
2009-09-28,77.05,GREEN
2009-09-29,77.12,GREEN
2009-09-30,76.65,GREEN
2009-10-01,77.19,GREEN
2009-10-02,77.0,GREEN
2009-10-05,76.64,GREEN
2009-10-06,76.34,GREEN
2009-10-07,76.49,GREEN
2009-10-08,75.97,GREEN
2009-10-09,76.43,GREEN
2009-10-12,76.13,GREEN
2009-10-13,75.98,GREEN
2009-10-14,75.55,GREEN
2009-10-15,75.48,GREEN
2009-10-16,75.6,GREEN
2009-10-19,75.51,GREEN
2009-10-20,75.57,GREEN
2009-10-21,74.97,GREEN
2009-10-22,75.09,GREEN
2009-10-23,75.47,GREEN
2009-10-26,76.06,GREEN
2009-10-27,76.14,GREEN
2009-10-28,76.43,GREEN
2009-10-29,75.92,GREEN
2009-10-30,76.3,GREEN
2009-11-02,76.29,GREEN
2009-11-03,76.39,GREEN
2009-11-04,75.64,GREEN
2009-11-05,75.74,GREEN
2009-11-06,75.82,GREEN
2009-11-09,75.03,GREEN
2009-11-10,75.02,GREEN
2009-11-11,75.16,GREEN
2009-11-12,75.6,GREEN
2009-11-13,75.33,GREEN
2009-11-16,74.91,GREEN
2009-11-17,75.37,GREEN
2009-11-18,75.18,GREEN
2009-11-19,75.29,GREEN
2009-11-20,75.66,GREEN
2009-11-23,75.09,GREEN
2009-11-24,75.07,GREEN
2009-11-25,74.27,GREEN
2009-11-27,75.0,GREEN
2009-11-30,74.88,GREEN
2009-12-01,74.36,GREEN
2009-12-02,74.67,GREEN
2009-12-03,74.63,GREEN
2009-12-04,75.91,GREEN
2009-12-07,75.77,GREEN
2009-12-08,76.31,GREEN
2009-12-09,76.04,GREEN
2009-12-10,76.04,GREEN
2009-12-11,76.57,GREEN
2009-12-14,76.35,GREEN
2009-12-15,76.96,GREEN
2009-12-16,77.0,GREEN
2009-12-17,77.69,GREEN
2009-12-18,77.82,GREEN
2009-12-21,78.04,YELLOW
2009-12-22,78.25,YELLOW
2009-12-23,77.9,YELLOW
2009-12-24,77.84,YELLOW
2009-12-28,77.63,GREEN
2009-12-29,77.83,YELLOW
2009-12-30,77.91,YELLOW
2009-12-31,77.86,YELLOW
2010-01-04,77.53,GREEN
2010-01-05,77.62,GREEN
2010-01-06,77.49,GREEN
2010-01-07,77.91,YELLOW
2010-01-08,77.47,GREEN
2010-01-11,77.0,GREEN
2010-01-12,76.95,GREEN
2010-01-13,76.85,GREEN
2010-01-14,76.73,GREEN
2010-01-15,77.32,GREEN
2010-01-19,77.5,YELLOW
2010-01-20,78.34,YELLOW
2010-01-21,78.32,YELLOW
2010-01-22,78.28,YELLOW
2010-01-25,78.19,YELLOW
2010-01-26,78.43,YELLOW
2010-01-27,78.68,YELLOW
2010-01-28,78.9,YELLOW
2010-01-29,79.46,YELLOW
2010-02-01,79.24,YELLOW
2010-02-02,79.01,YELLOW
2010-02-03,79.37,YELLOW
2010-02-04,79.92,YELLOW
2010-02-05,80.44,YELLOW
2010-02-08,80.3,YELLOW
2010-02-09,79.86,YELLOW
2010-02-10,80.03,YELLOW
2010-02-11,79.99,YELLOW
2010-02-12,80.32,YELLOW
2010-02-16,79.7,YELLOW
2010-02-17,80.38,YELLOW
2010-02-18,80.4,YELLOW
2010-02-19,80.64,RED
2010-02-22,80.51,RED
2010-02-23,80.85,RED
2010-02-24,80.85,RED
2010-02-25,80.79,RED
2010-02-26,80.36,YELLOW
2010-03-01,80.66,RED
2010-03-02,80.52,RED
2010-03-03,79.98,YELLOW
2010-03-04,80.56,RED
2010-03-05,80.43,RED
2010-03-08,80.43,RED
2010-03-09,80.59,RED
2010-03-10,80.45,RED
2010-03-11,80.32,YELLOW
2010-03-12,79.83,YELLOW
2010-03-15,80.25,YELLOW
2010-03-16,79.75,YELLOW
2010-03-17,79.64,YELLOW
2010-03-18,80.22,YELLOW
2010-03-19,80.72,RED
2010-03-22,80.65,RED
2010-03-23,80.9,RED
2010-03-24,81.84,RED
2010-03-25,82.12,RED
2010-03-26,81.68,RED
2010-03-29,81.36,RED
2010-03-30,81.47,RED
2010-03-31,81.07,RED
2010-04-01,80.78,RED
2010-04-05,81.09,RED
2010-04-06,81.39,RED
2010-04-07,81.44,RED
2010-04-08,81.53,RED
2010-04-09,81.09,RED
2010-04-12,80.56,RED
2010-04-13,80.51,RED
2010-04-14,80.19,YELLOW
2010-04-15,80.48,RED
2010-04-16,80.82,RED
2010-04-19,81.0,RED
2010-04-20,81.05,RED
2010-04-21,81.16,RED
2010-04-22,81.57,RED
2010-04-23,81.35,RED
2010-04-26,81.48,RED
2010-04-27,82.15,RED
2010-04-28,82.38,RED
2010-04-29,82.0,RED
2010-04-30,81.87,RED
2010-05-03,82.27,RED
2010-05-04,83.3,RED
2010-05-05,84.08,RED
2010-05-06,84.89,RED
2010-05-07,84.45,RED
2010-05-10,84.16,RED
2010-05-11,84.47,RED
2010-05-12,84.83,RED
2010-05-13,85.21,RED
2010-05-14,86.1,RED
2010-05-17,86.21,RED
2010-05-18,87.16,RED
2010-05-19,86.39,RED
2010-05-20,85.57,RED
2010-05-21,85.37,RED
2010-05-24,86.21,RED
2010-05-25,86.78,RED
2010-05-26,87.12,RED
2010-05-27,86.18,RED
2010-05-28,86.48,RED
2010-06-01,86.64,RED
2010-06-02,86.79,RED
2010-06-03,87.14,RED
2010-06-04,88.23,RED
2010-06-07,88.4,RED
2010-06-08,88.39,RED
2010-06-09,87.9,RED
2010-06-10,87.17,RED
2010-06-11,87.51,RED
2010-06-14,86.51,RED
2010-06-15,85.98,RED
2010-06-16,86.08,RED
2010-06-17,85.69,RED
2010-06-18,85.7,RED
2010-06-21,85.93,RED
2010-06-22,86.11,RED
2010-06-23,85.74,RED
2010-06-24,85.73,RED
2010-06-25,85.31,RED
2010-06-28,85.65,RED
2010-06-29,86.03,RED
2010-06-30,86.02,RED
2010-07-01,84.72,RED
2010-07-02,84.43,RED
2010-07-06,84.08,RED
2010-07-07,83.82,RED
2010-07-08,83.82,RED
2010-07-09,83.95,RED
2010-07-12,84.2,RED
2010-07-13,83.64,RED
2010-07-14,83.43,RED
2010-07-15,82.56,RED
2010-07-16,82.49,RED
2010-07-19,82.51,RED
2010-07-20,82.75,RED
2010-07-21,83.39,RED
2010-07-22,82.6,RED
2010-07-23,82.46,RED
2010-07-26,82.09,RED
2010-07-27,82.18,RED
2010-07-28,82.18,RED
2010-07-29,81.64,RED
2010-07-30,81.54,RED
2010-08-02,80.94,YELLOW
2010-08-03,80.6,YELLOW
2010-08-04,80.89,YELLOW
2010-08-05,80.82,YELLOW
2010-08-06,80.41,YELLOW
2010-08-09,80.71,YELLOW
2010-08-10,80.8,YELLOW
2010-08-11,82.29,RED
2010-08-12,82.64,RED
2010-08-13,82.95,RED
2010-08-16,82.53,RED
2010-08-17,82.23,RED
2010-08-18,82.22,RED
2010-08-19,82.45,RED
2010-08-20,83.06,RED
2010-08-23,83.12,RED
2010-08-24,83.15,RED
2010-08-25,83.26,RED
2010-08-26,82.93,RED
2010-08-27,82.92,RED
2010-08-30,83.16,RED
2010-08-31,83.2,RED
2010-09-01,82.52,RED
2010-09-02,82.46,RED
2010-09-03,83.1,RED
2010-09-07,82.82,RED
2010-09-08,82.59,RED
2010-09-09,82.67,RED
2010-09-10,82.7,RED
2010-09-13,81.91,YELLOW
2010-09-14,81.08,YELLOW
2010-09-15,81.49,YELLOW
2010-09-16,81.24,YELLOW
2010-09-17,81.4,YELLOW
2010-09-20,81.34,YELLOW
2010-09-21,80.44,YELLOW
2010-09-22,79.83,YELLOW
2010-09-23,80.01,YELLOW
2010-09-24,79.39,YELLOW
2010-09-27,79.34,YELLOW
2010-09-28,79.01,YELLOW
2010-09-29,78.69,YELLOW
2010-09-30,78.72,YELLOW
2010-10-01,78.09,GREEN
2010-10-04,78.45,YELLOW
2010-10-05,77.75,GREEN
2010-10-06,77.39,GREEN
2010-10-07,77.39,GREEN
2010-10-08,77.32,GREEN
2010-10-11,77.44,GREEN
2010-10-12,77.36,GREEN
2010-10-13,77.07,GREEN
2010-10-14,76.65,GREEN
2010-10-15,77.04,GREEN
2010-10-18,76.93,GREEN
2010-10-19,78.18,GREEN
2010-10-20,77.17,GREEN
2010-10-21,77.42,GREEN
2010-10-22,77.47,GREEN
2010-10-25,77.1,GREEN
2010-10-26,77.71,GREEN
2010-10-27,78.15,GREEN
2010-10-28,77.31,GREEN
2010-10-29,77.27,GREEN
2010-11-01,77.3,GREEN
2010-11-02,76.72,GREEN
2010-11-03,76.48,GREEN
2010-11-04,75.88,GREEN
2010-11-05,76.55,GREEN
2010-11-08,77.03,GREEN
2010-11-09,77.44,GREEN
2010-11-10,77.63,GREEN
2010-11-11,78.22,GREEN
2010-11-12,78.08,GREEN
2010-11-15,78.52,YELLOW
2010-11-16,79.21,YELLOW
2010-11-17,79.08,YELLOW
2010-11-18,78.62,YELLOW
2010-11-19,78.5,GREEN
2010-11-22,78.68,YELLOW
2010-11-23,79.68,YELLOW
2010-11-24,79.87,YELLOW
2010-11-26,80.36,YELLOW
2010-11-29,80.84,YELLOW
2010-11-30,81.2,YELLOW
2010-12-01,80.71,YELLOW
2010-12-02,80.3,YELLOW
2010-12-03,79.38,YELLOW
2010-12-06,79.57,YELLOW
2010-12-07,79.86,YELLOW
2010-12-08,80.0,YELLOW
2010-12-09,80.07,YELLOW
2010-12-10,80.07,YELLOW
2010-12-13,79.28,GREEN
2010-12-14,79.37,GREEN
2010-12-15,80.26,YELLOW
2010-12-16,80.18,YELLOW
2010-12-17,80.37,YELLOW
2010-12-20,80.63,YELLOW
2010-12-21,80.72,YELLOW
2010-12-22,80.73,YELLOW
2010-12-23,80.5,YELLOW
2010-12-27,80.37,YELLOW
2010-12-28,80.36,YELLOW
2010-12-29,79.8,GREEN
2010-12-30,79.52,GREEN
2010-12-31,79.03,GREEN
2011-01-03,79.13,GREEN
2011-01-04,79.44,GREEN
2011-01-05,80.26,YELLOW
2011-01-06,80.79,YELLOW
2011-01-07,81.01,YELLOW
2011-01-10,80.88,YELLOW
2011-01-11,80.85,YELLOW
2011-01-12,80.03,YELLOW
2011-01-13,79.19,GREEN
2011-01-14,79.16,GREEN
2011-01-18,78.96,GREEN
2011-01-19,78.64,GREEN
2011-01-20,78.82,GREEN
2011-01-21,78.21,GREEN
2011-01-24,78.05,GREEN
2011-01-25,78.0,GREEN
2011-01-26,77.9,GREEN
2011-01-27,77.73,GREEN
2011-01-28,78.13,GREEN
2011-01-31,77.74,GREEN
2011-02-01,77.07,GREEN
2011-02-02,77.16,GREEN
2011-02-03,77.75,GREEN
2011-02-04,78.04,GREEN
2011-02-07,78.03,GREEN
2011-02-08,78.0,GREEN
2011-02-09,77.64,GREEN
2011-02-10,78.25,GREEN
2011-02-11,78.46,GREEN
2011-02-14,78.61,GREEN
2011-02-15,78.57,GREEN
2011-02-16,78.22,GREEN
2011-02-17,78.0,GREEN
2011-02-18,77.66,GREEN
2011-02-22,77.77,GREEN
2011-02-23,77.41,GREEN
2011-02-24,77.06,GREEN
2011-02-25,77.28,GREEN
2011-02-28,76.89,GREEN
2011-03-01,77.05,GREEN
2011-03-02,76.67,GREEN
2011-03-03,76.48,GREEN
2011-03-04,76.4,GREEN
2011-03-07,76.5,GREEN
2011-03-08,76.8,GREEN
2011-03-09,76.72,GREEN
2011-03-10,77.28,GREEN
2011-03-11,76.78,GREEN
2011-03-14,76.35,GREEN
2011-03-15,76.33,GREEN
2011-03-16,76.68,GREEN
2011-03-17,76.04,GREEN
2011-03-18,75.72,GREEN
2011-03-21,75.4,GREEN
2011-03-22,75.43,GREEN
2011-03-23,75.79,GREEN
2011-03-24,75.66,GREEN
2011-03-25,76.22,GREEN
2011-03-28,76.13,GREEN
2011-03-29,76.25,GREEN
2011-03-30,76.12,GREEN
2011-03-31,75.86,GREEN
2011-04-01,75.83,GREEN
2011-04-04,75.91,GREEN
2011-04-05,75.88,GREEN
2011-04-06,75.51,GREEN
2011-04-07,75.59,GREEN
2011-04-08,75.07,GREEN
2011-04-11,75.06,GREEN
2011-04-12,74.85,GREEN
2011-04-13,74.98,GREEN
2011-04-14,74.68,GREEN
2011-04-15,74.83,GREEN
2011-04-18,75.5,GREEN
2011-04-19,75.03,GREEN
2011-04-20,74.37,GREEN
2011-04-21,74.0,GREEN
2011-04-25,73.99,GREEN
2011-04-26,73.84,GREEN
2011-04-27,73.52,GREEN
2011-04-28,73.12,GREEN
2011-04-29,72.93,GREEN
2011-05-02,72.95,GREEN
2011-05-03,73.14,GREEN
2011-05-04,73.03,GREEN
2011-05-05,74.19,GREEN
2011-05-06,74.84,GREEN
2011-05-09,74.74,GREEN
2011-05-10,74.61,GREEN
2011-05-11,75.33,GREEN
2011-05-12,75.24,GREEN
2011-05-13,75.76,GREEN
2011-05-16,75.47,GREEN
2011-05-17,75.4,GREEN
2011-05-18,75.47,GREEN
2011-05-19,75.12,GREEN
2011-05-20,75.43,GREEN
2011-05-23,76.1,GREEN
2011-05-24,75.88,GREEN
2011-05-25,75.93,GREEN
2011-05-26,75.55,GREEN
2011-05-27,74.95,GREEN
2011-05-31,74.64,GREEN
2011-06-01,74.68,GREEN
2011-06-02,74.33,GREEN
2011-06-03,73.78,GREEN
2011-06-06,73.95,GREEN
2011-06-07,73.52,GREEN
2011-06-08,73.93,GREEN
2011-06-09,74.19,GREEN
2011-06-10,74.79,GREEN
2011-06-13,74.51,GREEN
2011-06-14,74.33,GREEN
2011-06-15,75.6,GREEN
2011-06-16,75.75,GREEN
2011-06-17,74.99,GREEN
2011-06-20,75.03,GREEN
2011-06-21,74.54,GREEN
2011-06-22,74.78,GREEN
2011-06-23,75.45,GREEN
2011-06-24,75.67,GREEN
2011-06-27,75.39,GREEN
2011-06-28,75.06,GREEN
2011-06-29,74.69,GREEN
2011-06-30,74.3,GREEN
2011-07-01,74.35,GREEN
2011-07-05,74.69,GREEN
2011-07-06,75.12,GREEN
2011-07-07,74.96,GREEN
2011-07-08,75.18,GREEN
2011-07-11,75.99,GREEN
2011-07-12,75.81,GREEN
2011-07-13,75.21,GREEN
2011-07-14,75.25,GREEN
2011-07-15,75.13,GREEN
2011-07-18,75.48,GREEN
2011-07-19,75.22,GREEN
2011-07-20,74.79,GREEN
2011-07-21,74.02,GREEN
2011-07-22,74.2,GREEN
2011-07-25,74.06,GREEN
2011-07-26,73.47,GREEN
2011-07-27,74.09,GREEN
2011-07-28,74.22,GREEN
2011-07-29,73.9,GREEN
2011-08-01,74.26,GREEN
2011-08-02,74.51,GREEN
2011-08-03,74.04,GREEN
2011-08-04,75.12,GREEN
2011-08-05,74.6,GREEN
2011-08-08,74.79,GREEN
2011-08-09,74.61,GREEN
2011-08-10,74.64,GREEN
2011-08-11,74.68,GREEN
2011-08-12,74.61,GREEN
2011-08-15,73.84,GREEN
2011-08-16,74.01,GREEN
2011-08-17,73.67,GREEN
2011-08-18,74.24,GREEN
2011-08-19,73.99,GREEN
2011-08-22,74.07,GREEN
2011-08-23,73.87,GREEN
2011-08-24,74.01,GREEN
2011-08-25,74.28,GREEN
2011-08-26,73.81,GREEN
2011-08-29,73.72,GREEN
2011-08-30,73.94,GREEN
2011-08-31,74.13,GREEN
2011-09-01,74.48,GREEN
2011-09-02,74.75,GREEN
2011-09-06,75.92,YELLOW
2011-09-07,75.46,YELLOW
2011-09-08,76.24,YELLOW
2011-09-09,77.19,YELLOW
2011-09-12,77.57,YELLOW
2011-09-13,76.91,YELLOW
2011-09-14,76.83,YELLOW
2011-09-15,76.24,YELLOW
2011-09-16,76.58,YELLOW
2011-09-19,77.39,YELLOW
2011-09-20,77.03,YELLOW
2011-09-21,77.34,YELLOW
2011-09-22,78.38,RED
2011-09-23,78.3,RED
2011-09-26,78.36,RED
2011-09-27,77.51,YELLOW
2011-09-28,77.85,RED
2011-09-29,77.92,RED
2011-09-30,78.55,RED
2011-10-03,79.45,RED
2011-10-04,79.6,RED
2011-10-05,78.91,RED
2011-10-06,78.53,RED
2011-10-07,78.72,RED
2011-10-10,77.6,YELLOW
2011-10-11,77.58,YELLOW
2011-10-12,76.99,YELLOW
2011-10-13,76.99,YELLOW
2011-10-14,76.62,YELLOW
2011-10-17,77.14,YELLOW
2011-10-18,77.13,YELLOW
2011-10-19,77.11,YELLOW
2011-10-20,76.97,YELLOW
2011-10-21,76.3,YELLOW
2011-10-24,76.02,YELLOW
2011-10-25,76.25,YELLOW
2011-10-26,76.2,YELLOW
2011-10-27,74.87,GREEN
2011-10-28,75.09,YELLOW
2011-10-31,76.17,YELLOW
2011-11-01,77.26,YELLOW
2011-11-02,77.01,YELLOW
2011-11-03,76.67,YELLOW
2011-11-04,76.91,YELLOW
2011-11-07,76.96,YELLOW
2011-11-08,76.67,YELLOW
2011-11-09,77.93,RED
2011-11-10,77.64,YELLOW
2011-11-11,76.94,YELLOW
2011-11-14,77.56,YELLOW
2011-11-15,77.88,RED
2011-11-16,78.16,RED
2011-11-17,78.29,RED
2011-11-18,78.02,RED
2011-11-21,78.3,RED
2011-11-22,78.23,RED
2011-11-23,79.0,RED
2011-11-25,79.61,RED
2011-11-28,79.29,RED
2011-11-29,79.0,RED
2011-11-30,78.39,RED
2011-12-01,78.32,RED
2011-12-02,78.63,RED
2011-12-05,78.61,RED
2011-12-06,78.51,RED
2011-12-07,78.48,RED
2011-12-08,78.81,RED
2011-12-09,78.63,RED
2011-12-12,79.57,RED
2011-12-13,80.25,RED
2011-12-14,80.53,RED
2011-12-15,80.24,RED
2011-12-16,80.25,RED
2011-12-19,80.25,RED
2011-12-20,79.88,RED
2011-12-21,80.02,RED
2011-12-22,79.92,RED
2011-12-23,80.01,RED
2011-12-27,79.79,RED
2011-12-28,80.49,RED
2011-12-29,80.48,RED
2011-12-30,80.17,RED
2012-01-03,79.61,RED
2012-01-04,80.09,RED
2012-01-05,80.94,RED
2012-01-06,81.24,RED
2012-01-09,81.05,RED
2012-01-10,80.8,RED
2012-01-11,81.35,RED
2012-01-12,80.77,RED
2012-01-13,81.43,RED
2012-01-17,81.18,RED
2012-01-18,80.6,RED
2012-01-19,80.21,RED
2012-01-20,80.22,RED
2012-01-23,79.69,RED
2012-01-24,79.86,RED
2012-01-25,79.57,RED
2012-01-26,79.41,RED
2012-01-27,78.9,RED
2012-01-30,79.16,RED
2012-01-31,79.28,RED
2012-02-01,78.92,RED
2012-02-02,78.97,RED
2012-02-03,78.94,RED
2012-02-06,79.09,RED
2012-02-07,78.57,RED
2012-02-08,78.64,RED
2012-02-09,78.56,RED
2012-02-10,79.11,RED
2012-02-13,78.94,RED
2012-02-14,79.58,RED
2012-02-15,79.67,RED
2012-02-16,79.34,RED
2012-02-17,79.33,RED
2012-02-21,79.04,RED
2012-02-22,79.21,RED
2012-02-23,78.81,RED
2012-02-24,78.35,RED
2012-02-27,78.56,RED
2012-02-28,78.27,YELLOW
2012-02-29,78.73,RED
2012-03-01,78.78,RED
2012-03-02,79.4,RED
2012-03-05,79.32,RED
2012-03-06,79.86,RED
2012-03-07,79.71,RED
2012-03-08,79.16,RED
2012-03-09,80.04,RED
2012-03-12,79.87,RED
2012-03-13,80.19,RED
2012-03-14,80.56,RED
2012-03-15,80.15,RED
2012-03-16,79.78,RED
2012-03-19,79.45,RED
2012-03-20,79.59,RED
2012-03-21,79.63,RED
2012-03-22,79.74,RED
2012-03-23,79.34,RED
2012-03-26,78.93,RED
2012-03-27,79.04,RED
2012-03-28,79.16,RED
2012-03-29,79.18,RED
2012-03-30,78.93,RED
2012-04-02,78.82,RED
2012-04-03,79.48,RED
2012-04-04,79.76,RED
2012-04-05,80.07,RED
2012-04-09,79.73,RED
2012-04-10,79.89,RED
2012-04-11,79.78,RED
2012-04-12,79.28,RED
2012-04-13,79.88,RED
2012-04-16,79.55,RED
2012-04-17,79.47,RED
2012-04-18,79.53,RED
2012-04-19,79.56,RED
2012-04-20,79.18,RED
2012-04-23,79.42,RED
2012-04-24,79.22,RED
2012-04-25,79.01,YELLOW
2012-04-26,78.91,YELLOW
2012-04-27,78.7,YELLOW
2012-04-30,78.79,YELLOW
2012-05-01,78.86,YELLOW
2012-05-02,79.13,YELLOW
2012-05-03,79.22,RED
2012-05-04,79.47,RED
2012-05-07,79.6,RED
2012-05-08,79.73,RED
2012-05-09,80.08,RED
2012-05-10,80.11,RED
2012-05-11,80.28,RED
2012-05-14,80.6,RED
2012-05-15,81.22,RED
2012-05-16,81.37,RED
2012-05-17,81.38,RED
2012-05-18,81.29,RED
2012-05-21,81.08,RED
2012-05-22,81.67,RED
2012-05-23,82.09,RED
2012-05-24,82.29,RED
2012-05-25,82.4,RED
2012-05-29,82.44,RED
2012-05-30,83.01,RED
2012-05-31,83.04,RED
2012-06-01,82.89,RED
2012-06-04,82.55,RED
2012-06-05,82.8,RED
2012-06-06,82.32,RED
2012-06-07,82.05,RED
2012-06-08,82.51,RED
2012-06-11,82.51,RED
2012-06-12,82.41,RED
2012-06-13,82.05,RED
2012-06-14,81.9,RED
2012-06-15,81.59,RED
2012-06-18,81.94,RED
2012-06-19,81.37,RED
2012-06-20,81.49,RED
2012-06-21,82.32,RED
2012-06-22,82.22,RED
2012-06-25,82.46,RED
2012-06-26,82.37,RED
2012-06-27,82.56,RED
2012-06-28,82.67,RED
2012-06-29,81.65,RED
2012-07-02,81.87,RED
2012-07-03,81.78,RED
2012-07-05,82.81,RED
2012-07-06,83.29,RED
2012-07-09,83.16,RED
2012-07-10,83.36,RED
2012-07-11,83.57,RED
2012-07-12,83.65,RED
2012-07-13,83.3,RED
2012-07-16,83.09,RED
2012-07-17,83.03,RED
2012-07-18,82.95,RED
2012-07-19,82.9,RED
2012-07-20,83.47,RED
2012-07-23,83.71,RED
2012-07-24,84.01,RED
2012-07-25,83.52,RED
2012-07-26,82.81,RED
2012-07-27,82.71,RED
2012-07-30,82.79,RED
2012-07-31,82.64,RED
2012-08-01,83.06,RED
2012-08-02,83.33,RED
2012-08-03,82.38,RED
2012-08-06,82.27,RED
2012-08-07,82.21,RED
2012-08-08,82.39,RED
2012-08-09,82.64,RED
2012-08-10,82.55,RED
2012-08-13,82.44,RED
2012-08-14,82.48,RED
2012-08-15,82.65,RED
2012-08-16,82.36,RED
2012-08-17,82.6,RED
2012-08-20,82.46,RED
2012-08-21,81.91,RED
2012-08-22,81.49,RED
2012-08-23,81.36,RED
2012-08-24,81.59,RED
2012-08-27,81.66,RED
2012-08-28,81.37,RED
2012-08-29,81.55,RED
2012-08-30,81.68,RED
2012-08-31,81.25,YELLOW
2012-09-04,81.32,YELLOW
2012-09-05,81.24,YELLOW
2012-09-06,81.08,YELLOW
2012-09-07,80.25,YELLOW
2012-09-10,80.36,YELLOW
2012-09-11,79.86,YELLOW
2012-09-12,79.74,YELLOW
2012-09-13,79.26,YELLOW
2012-09-14,78.85,GREEN
2012-09-17,79.01,YELLOW
2012-09-18,79.25,YELLOW
2012-09-19,79.06,YELLOW
2012-09-20,79.41,YELLOW
2012-09-21,79.33,YELLOW
2012-09-24,79.52,YELLOW
2012-09-25,79.55,YELLOW
2012-09-26,79.89,YELLOW
2012-09-27,79.55,YELLOW
2012-09-28,79.94,YELLOW
2012-10-01,79.82,YELLOW
2012-10-02,79.74,YELLOW
2012-10-03,79.97,YELLOW
2012-10-04,79.35,YELLOW
2012-10-05,79.34,YELLOW
2012-10-08,79.54,YELLOW
2012-10-09,79.95,YELLOW
2012-10-10,79.92,YELLOW
2012-10-11,79.78,YELLOW
2012-10-12,79.69,YELLOW
2012-10-15,79.74,YELLOW
2012-10-16,79.37,YELLOW
2012-10-17,79.02,GREEN
2012-10-18,79.37,YELLOW
2012-10-19,79.64,YELLOW
2012-10-22,79.65,YELLOW
2012-10-23,79.98,YELLOW
2012-10-24,79.97,YELLOW
2012-10-25,80.04,YELLOW
2012-10-26,80.07,YELLOW
2012-10-31,79.92,YELLOW
2012-11-01,80.05,YELLOW
2012-11-02,80.59,YELLOW
2012-11-05,80.75,YELLOW
2012-11-06,80.61,YELLOW
2012-11-07,80.76,YELLOW
2012-11-08,80.79,YELLOW
2012-11-09,81.03,YELLOW
2012-11-12,81.04,YELLOW
2012-11-13,81.08,YELLOW
2012-11-14,81.06,YELLOW
2012-11-15,81.08,YELLOW
2012-11-16,81.26,YELLOW
2012-11-19,80.87,YELLOW
2012-11-20,80.96,YELLOW
2012-11-21,80.93,YELLOW
2012-11-23,80.19,YELLOW
2012-11-26,80.25,YELLOW
2012-11-27,80.4,YELLOW
2012-11-28,80.34,YELLOW
2012-11-29,80.2,YELLOW
2012-11-30,80.15,YELLOW
2012-12-03,79.88,YELLOW
2012-12-04,79.64,YELLOW
2012-12-05,79.77,YELLOW
2012-12-06,80.26,YELLOW
2012-12-07,80.42,YELLOW
2012-12-10,80.33,YELLOW
2012-12-11,80.06,YELLOW
2012-12-12,79.89,YELLOW
2012-12-13,79.93,YELLOW
2012-12-14,79.6,GREEN
2012-12-17,79.57,GREEN
2012-12-18,79.36,GREEN
2012-12-19,79.25,GREEN
2012-12-20,79.26,GREEN
2012-12-21,79.62,YELLOW
2012-12-24,79.64,YELLOW
2012-12-26,79.62,YELLOW
2012-12-27,79.62,YELLOW
2012-12-28,79.68,YELLOW
2012-12-31,79.77,YELLOW
2013-01-02,79.85,YELLOW
2013-01-03,80.43,YELLOW
2013-01-04,80.5,YELLOW
2013-01-07,80.26,YELLOW
2013-01-08,80.35,YELLOW
2013-01-09,80.56,YELLOW
2013-01-10,79.74,YELLOW
2013-01-11,79.56,GREEN
2013-01-14,79.49,GREEN
2013-01-15,79.78,YELLOW
2013-01-16,79.8,YELLOW
2013-01-17,79.65,YELLOW
2013-01-18,80.05,YELLOW
2013-01-22,79.87,YELLOW
2013-01-23,79.92,YELLOW
2013-01-24,79.95,YELLOW
2013-01-25,79.75,YELLOW
2013-01-28,79.78,YELLOW
2013-01-29,79.56,GREEN
2013-01-30,79.28,GREEN
2013-01-31,79.21,GREEN
2013-02-01,79.13,GREEN
2013-02-04,79.55,GREEN
2013-02-05,79.49,GREEN
2013-02-06,79.72,YELLOW
2013-02-07,80.19,YELLOW
2013-02-08,80.25,YELLOW
2013-02-11,80.31,YELLOW
2013-02-12,80.11,YELLOW
2013-02-13,80.09,YELLOW
2013-02-14,80.46,YELLOW
2013-02-15,80.58,YELLOW
2013-02-19,80.47,YELLOW
2013-02-20,81.09,YELLOW
2013-02-21,81.46,RED
2013-02-22,81.48,RED
2013-02-25,81.67,RED
2013-02-26,81.87,RED
2013-02-27,81.6,RED
2013-02-28,81.98,RED
2013-03-01,82.31,RED
2013-03-04,82.22,RED
2013-03-05,82.09,RED
2013-03-06,82.46,RED
2013-03-07,82.08,RED
2013-03-08,82.7,RED
2013-03-11,82.57,RED
2013-03-12,82.58,RED
2013-03-13,82.89,RED
2013-03-14,82.61,RED
2013-03-15,82.26,RED
2013-03-18,82.69,RED
2013-03-19,82.99,RED
2013-03-20,82.78,RED
2013-03-21,82.8,RED
2013-03-22,82.53,RED
2013-03-25,82.87,RED
2013-03-26,82.88,RED
2013-03-27,83.21,RED
2013-03-28,82.99,RED
2013-04-01,82.73,RED
2013-04-02,82.94,RED
2013-04-03,82.72,RED
2013-04-04,82.68,RED
2013-04-05,82.5,RED
2013-04-08,82.75,RED
2013-04-09,82.31,RED
2013-04-10,82.53,RED
2013-04-11,82.25,RED
2013-04-12,82.31,RED
2013-04-15,82.42,RED
2013-04-16,81.75,YELLOW
2013-04-17,82.66,RED
2013-04-18,82.55,RED
2013-04-19,82.71,RED
2013-04-22,82.68,RED
2013-04-23,83.03,RED
2013-04-24,82.93,RED
2013-04-25,82.74,RED
2013-04-26,82.48,RED
2013-04-29,82.15,YELLOW
2013-04-30,81.73,YELLOW
2013-05-01,81.64,YELLOW
2013-05-02,82.21,YELLOW
2013-05-03,82.1,YELLOW
2013-05-06,82.32,YELLOW
2013-05-07,82.3,YELLOW
2013-05-08,81.9,YELLOW
2013-05-09,82.79,RED
2013-05-10,83.14,RED
2013-05-13,83.26,RED
2013-05-14,83.57,RED
2013-05-15,83.83,RED
2013-05-16,83.77,RED
2013-05-17,84.28,RED
2013-05-20,83.81,RED
2013-05-21,83.86,RED
2013-05-22,84.25,RED
2013-05-23,83.8,RED
2013-05-24,83.7,RED
2013-05-28,84.14,RED
2013-05-29,83.64,RED
2013-05-30,83.01,RED
2013-05-31,83.38,RED
2013-06-03,82.68,RED
2013-06-04,82.77,RED
2013-06-05,82.57,RED
2013-06-06,81.52,YELLOW
2013-06-07,81.69,YELLOW
2013-06-10,81.65,YELLOW
2013-06-11,81.06,YELLOW
2013-06-12,80.96,YELLOW
2013-06-13,80.62,YELLOW
2013-06-14,80.67,YELLOW
2013-06-17,80.57,YELLOW
2013-06-18,80.62,YELLOW
2013-06-19,81.43,YELLOW
2013-06-20,81.84,YELLOW
2013-06-21,82.32,YELLOW
2013-06-24,82.43,YELLOW
2013-06-25,82.58,RED
2013-06-26,82.95,RED
2013-06-27,82.91,RED
2013-06-28,83.17,RED
2013-07-01,82.98,RED
2013-07-02,83.54,RED
2013-07-03,83.23,RED
2013-07-05,84.42,RED
2013-07-08,84.2,RED
2013-07-09,84.58,RED
2013-07-10,84.04,RED
2013-07-11,82.75,RED
2013-07-12,82.99,RED
2013-07-15,83.04,RED
2013-07-16,82.43,YELLOW
2013-07-17,82.71,RED
2013-07-18,82.82,RED
2013-07-19,82.58,RED
2013-07-22,82.22,YELLOW
2013-07-23,82.01,YELLOW
2013-07-24,82.3,YELLOW
2013-07-25,81.97,YELLOW
2013-07-26,81.62,YELLOW
2013-07-29,81.66,YELLOW
2013-07-30,81.83,YELLOW
2013-07-31,81.45,YELLOW
2013-08-01,82.34,YELLOW
2013-08-02,81.91,YELLOW
2013-08-05,81.88,YELLOW
2013-08-06,81.6,YELLOW
2013-08-07,81.29,YELLOW
2013-08-08,81.01,YELLOW
2013-08-09,81.13,YELLOW
2013-08-12,81.33,YELLOW
2013-08-13,81.73,YELLOW
2013-08-14,81.7,YELLOW
2013-08-15,81.13,YELLOW
2013-08-16,81.26,YELLOW
2013-08-19,81.23,YELLOW
2013-08-20,80.91,YELLOW
2013-08-21,81.32,YELLOW
2013-08-22,81.49,YELLOW
2013-08-23,81.34,YELLOW
2013-08-26,81.37,YELLOW
2013-08-27,81.17,YELLOW
2013-08-28,81.42,YELLOW
2013-08-29,81.95,YELLOW
2013-08-30,82.09,YELLOW
2013-09-03,82.36,RED
2013-09-04,82.17,YELLOW
2013-09-05,82.63,RED
2013-09-06,82.15,YELLOW
2013-09-09,81.79,YELLOW
2013-09-10,81.82,YELLOW
2013-09-11,81.52,YELLOW
2013-09-12,81.49,YELLOW
2013-09-13,81.45,YELLOW
2013-09-16,81.25,YELLOW
2013-09-17,81.17,YELLOW
2013-09-18,80.24,GREEN
2013-09-19,80.36,YELLOW
2013-09-20,80.44,YELLOW
2013-09-23,80.45,YELLOW
2013-09-24,80.56,YELLOW
2013-09-25,80.33,GREEN
2013-09-26,80.52,YELLOW
2013-09-27,80.27,GREEN
2013-09-30,80.22,GREEN
2013-10-01,80.1,GREEN
2013-10-02,79.88,GREEN
2013-10-03,79.77,GREEN
2013-10-04,80.12,GREEN
2013-10-07,79.94,GREEN
2013-10-08,80.06,GREEN
2013-10-09,80.37,YELLOW
2013-10-10,80.42,YELLOW
2013-10-11,80.36,GREEN
2013-10-14,80.26,GREEN
2013-10-15,80.48,YELLOW
2013-10-16,80.5,YELLOW
2013-10-17,79.65,GREEN
2013-10-18,79.64,GREEN
2013-10-21,79.68,GREEN
2013-10-22,79.24,GREEN
2013-10-23,79.26,GREEN
2013-10-24,79.19,GREEN
2013-10-25,79.18,GREEN
2013-10-28,79.25,GREEN
2013-10-29,79.63,GREEN
2013-10-30,79.75,GREEN
2013-10-31,80.2,GREEN
2013-11-01,80.73,YELLOW
2013-11-04,80.55,YELLOW
2013-11-05,80.71,YELLOW
2013-11-06,80.48,YELLOW
2013-11-07,80.82,YELLOW
2013-11-08,81.21,YELLOW
2013-11-11,81.09,YELLOW
2013-11-12,81.19,YELLOW
2013-11-13,80.93,YELLOW
2013-11-14,80.98,YELLOW
2013-11-15,80.84,YELLOW
2013-11-18,80.83,YELLOW
2013-11-19,80.7,YELLOW
2013-11-20,81.11,YELLOW
2013-11-21,81.05,YELLOW
2013-11-22,80.71,YELLOW
2013-11-25,80.92,YELLOW
2013-11-26,80.61,YELLOW
2013-11-27,80.74,YELLOW
2013-11-29,80.68,YELLOW
2013-12-02,80.91,YELLOW
2013-12-03,80.62,YELLOW
2013-12-04,80.63,YELLOW
2013-12-05,80.27,GREEN
2013-12-06,80.27,GREEN
2013-12-09,80.13,GREEN
2013-12-10,79.97,GREEN
2013-12-11,79.89,GREEN
2013-12-12,80.2,GREEN
2013-12-13,80.21,GREEN
2013-12-16,80.07,GREEN
2013-12-17,80.06,GREEN
2013-12-18,80.11,GREEN
2013-12-19,80.63,YELLOW
2013-12-20,80.58,YELLOW
2013-12-23,80.45,GREEN
2013-12-24,80.53,YELLOW
2013-12-26,80.48,GREEN
2013-12-27,80.39,GREEN
2013-12-30,80.0,GREEN
2013-12-31,80.04,GREEN
2014-01-02,80.63,YELLOW
2014-01-03,80.79,YELLOW
2014-01-06,80.65,YELLOW
2014-01-07,80.83,YELLOW
2014-01-08,81.04,YELLOW
2014-01-09,81.01,YELLOW
2014-01-10,80.66,YELLOW
2014-01-13,80.51,GREEN
2014-01-14,80.61,YELLOW
2014-01-15,81.0,YELLOW
2014-01-16,80.9,YELLOW
2014-01-17,81.26,YELLOW
2014-01-21,81.1,YELLOW
2014-01-22,81.17,YELLOW
2014-01-23,80.44,GREEN
2014-01-24,80.46,GREEN
2014-01-27,80.5,GREEN
2014-01-28,80.57,GREEN
2014-01-29,80.51,GREEN
2014-01-30,81.09,YELLOW
2014-01-31,81.27,YELLOW
2014-02-03,81.01,YELLOW
2014-02-04,81.12,YELLOW
2014-02-05,81.03,YELLOW
2014-02-06,80.89,YELLOW
2014-02-07,80.69,YELLOW
2014-02-10,80.67,GREEN
2014-02-11,80.63,GREEN
2014-02-12,80.68,GREEN
2014-02-13,80.29,GREEN
2014-02-14,80.13,GREEN
2014-02-18,80.01,GREEN
2014-02-19,80.17,GREEN
2014-02-20,80.29,GREEN
2014-02-21,80.24,GREEN
2014-02-24,80.21,GREEN
2014-02-25,80.15,GREEN
2014-02-26,80.41,GREEN
2014-02-27,80.29,GREEN
2014-02-28,79.78,GREEN
2014-03-03,80.07,GREEN
2014-03-04,80.16,GREEN
2014-03-05,80.11,GREEN
2014-03-06,79.68,GREEN
2014-03-07,79.72,GREEN
2014-03-10,79.75,GREEN
2014-03-11,79.77,GREEN
2014-03-12,79.61,GREEN
2014-03-13,79.62,GREEN
2014-03-14,79.44,GREEN
2014-03-17,79.39,GREEN
2014-03-18,79.41,GREEN
2014-03-19,79.99,GREEN
2014-03-20,80.21,GREEN
2014-03-21,80.11,GREEN
2014-03-24,79.93,GREEN
2014-03-25,79.94,GREEN
2014-03-26,79.98,GREEN
2014-03-27,80.11,GREEN
2014-03-28,80.18,GREEN
2014-03-31,80.1,GREEN
2014-04-01,80.08,GREEN
2014-04-02,80.22,GREEN
2014-04-03,80.47,YELLOW
2014-04-04,80.42,GREEN
2014-04-07,80.22,GREEN
2014-04-08,79.75,GREEN
2014-04-09,79.48,GREEN
2014-04-10,79.38,GREEN
2014-04-11,79.45,GREEN
2014-04-14,79.73,GREEN
2014-04-15,79.8,GREEN
2014-04-16,79.82,GREEN
2014-04-17,79.83,GREEN
2014-04-21,79.95,GREEN
2014-04-22,79.91,GREEN
2014-04-23,79.86,GREEN
2014-04-24,79.8,GREEN
2014-04-25,79.77,GREEN
2014-04-28,79.68,GREEN
2014-04-29,79.81,GREEN
2014-04-30,79.49,GREEN
2014-05-01,79.53,GREEN
2014-05-02,79.52,GREEN
2014-05-05,79.49,GREEN
2014-05-06,79.14,GREEN
2014-05-07,79.22,GREEN
2014-05-08,79.43,GREEN
2014-05-09,79.9,GREEN
2014-05-12,79.9,GREEN
2014-05-13,80.14,GREEN
2014-05-14,80.07,GREEN
2014-05-15,80.0,GREEN
2014-05-16,80.04,GREEN
2014-05-19,79.99,GREEN
2014-05-20,80.04,GREEN
2014-05-21,80.1,GREEN
2014-05-22,80.25,YELLOW
2014-05-23,80.39,YELLOW
2014-05-27,80.35,YELLOW
2014-05-28,80.57,YELLOW
2014-05-29,80.49,YELLOW
2014-05-30,80.37,YELLOW
2014-06-02,80.64,YELLOW
2014-06-03,80.55,YELLOW
2014-06-04,80.67,YELLOW
2014-06-05,80.37,YELLOW
2014-06-06,80.41,YELLOW
2014-06-09,80.65,YELLOW
2014-06-10,80.82,YELLOW
2014-06-11,80.79,YELLOW
2014-06-12,80.58,YELLOW
2014-06-13,80.58,YELLOW
2014-06-16,80.47,YELLOW
2014-06-17,80.63,YELLOW
2014-06-18,80.58,YELLOW
2014-06-19,80.32,YELLOW
2014-06-20,80.37,YELLOW
2014-06-23,80.26,YELLOW
2014-06-24,80.33,YELLOW
2014-06-25,80.22,YELLOW
2014-06-26,80.23,YELLOW
2014-06-27,80.04,GREEN
2014-06-30,79.78,GREEN
2014-07-01,79.82,GREEN
2014-07-02,79.96,GREEN
2014-07-03,80.21,YELLOW
2014-07-07,80.22,YELLOW
2014-07-08,80.18,YELLOW
2014-07-09,79.99,GREEN
2014-07-10,80.13,YELLOW
2014-07-11,80.19,YELLOW
2014-07-14,80.19,YELLOW
2014-07-15,80.39,YELLOW
2014-07-16,80.56,YELLOW
2014-07-17,80.52,YELLOW
2014-07-18,80.52,YELLOW
2014-07-21,80.56,YELLOW
2014-07-22,80.78,RED
2014-07-23,80.81,RED
2014-07-24,80.87,RED
2014-07-25,81.03,RED
2014-07-28,81.03,RED
2014-07-29,81.21,RED
2014-07-30,81.42,RED
2014-07-31,81.46,RED
2014-08-01,81.3,RED
2014-08-04,81.33,RED
2014-08-05,81.52,RED
2014-08-06,81.44,RED
2014-08-07,81.52,RED
2014-08-08,81.39,RED
2014-08-11,81.47,RED
2014-08-12,81.5,RED
2014-08-13,81.6,RED
2014-08-14,81.59,RED
2014-08-15,81.42,RED
2014-08-18,81.58,RED
2014-08-19,81.88,RED
2014-08-20,82.25,RED
2014-08-21,82.15,RED
2014-08-22,82.34,RED
2014-08-25,82.55,RED
2014-08-26,82.65,RED
2014-08-27,82.43,RED
2014-08-28,82.48,RED
2014-08-29,82.75,RED
2014-09-02,82.99,RED
2014-09-03,82.87,RED
2014-09-04,83.82,RED
2014-09-05,83.76,RED
2014-09-08,84.23,RED
2014-09-09,84.28,RED
2014-09-10,84.25,RED
2014-09-11,84.3,RED
2014-09-12,84.24,RED
2014-09-15,84.26,RED
2014-09-16,84.07,RED
2014-09-17,84.7,RED
2014-09-18,84.32,RED
2014-09-19,84.8,RED
2014-09-22,84.67,RED
2014-09-23,84.66,RED
2014-09-24,85.05,RED
2014-09-25,85.2,RED
2014-09-26,85.64,RED
2014-09-29,85.59,RED
2014-09-30,85.94,RED
2014-10-01,85.97,RED
2014-10-02,85.6,RED
2014-10-03,86.69,RED
2014-10-06,85.71,RED
2014-10-07,85.67,RED
2014-10-08,85.3,RED
2014-10-09,85.52,RED
2014-10-10,85.91,RED
2014-10-13,85.43,RED
2014-10-14,85.82,RED
2014-10-15,85.15,RED
2014-10-16,85.0,RED
2014-10-17,85.19,RED
2014-10-20,84.95,RED
2014-10-21,85.31,RED
2014-10-22,85.74,RED
2014-10-23,85.84,RED
2014-10-24,85.73,RED
2014-10-27,85.5,RED
2014-10-28,85.41,RED
2014-10-29,85.95,RED
2014-10-30,86.15,RED
2014-10-31,86.88,RED
2014-11-03,87.31,RED
2014-11-04,86.98,RED
2014-11-05,87.44,RED
2014-11-06,88.01,RED
2014-11-07,87.64,RED
2014-11-10,87.81,RED
2014-11-11,87.53,RED
2014-11-12,87.82,RED
2014-11-13,87.67,RED
2014-11-14,87.53,RED
2014-11-17,87.93,RED
2014-11-18,87.58,RED
2014-11-19,87.65,RED
2014-11-20,87.59,RED
2014-11-21,88.31,RED
2014-11-24,88.15,RED
2014-11-25,87.92,RED
2014-11-26,87.61,RED
2014-11-28,88.36,RED
2014-12-01,87.95,RED
2014-12-02,88.65,RED
2014-12-03,88.96,RED
2014-12-04,88.7,RED
2014-12-05,89.33,RED
2014-12-08,89.04,RED
2014-12-09,88.69,RED
2014-12-10,88.27,RED
2014-12-11,88.66,RED
2014-12-12,88.36,RED
2014-12-15,88.46,RED
2014-12-16,88.13,RED
2014-12-17,89.13,RED
2014-12-18,89.24,RED
2014-12-19,89.6,RED
2014-12-22,89.77,RED
2014-12-23,90.06,RED
2014-12-24,89.97,RED
2014-12-26,90.03,RED
2014-12-29,90.19,RED
2014-12-30,89.99,RED
2014-12-31,90.27,RED
2015-01-02,91.08,RED
2015-01-05,91.38,RED
2015-01-06,91.5,RED
2015-01-07,91.89,RED
2015-01-08,92.37,RED
2015-01-09,91.94,RED
2015-01-12,91.98,RED
2015-01-13,92.31,RED
2015-01-14,92.16,RED
2015-01-15,92.35,RED
2015-01-16,92.52,RED
2015-01-20,93.05,RED
2015-01-21,92.9,RED
2015-01-22,94.24,RED
2015-01-23,95.0,RED
2015-01-26,94.8,RED
2015-01-27,94.02,RED
2015-01-28,94.47,RED
2015-01-29,94.78,RED
2015-01-30,94.8,RED
2015-02-02,94.5,RED
2015-02-03,93.6,RED
2015-02-04,93.99,RED
2015-02-05,94.7,RED
2015-02-06,94.7,RED
2015-02-09,94.45,RED
2015-02-10,94.76,RED
2015-02-11,94.99,RED
2015-02-12,94.09,RED
2015-02-13,94.2,RED
2015-02-17,94.06,RED
2015-02-18,94.2,RED
2015-02-19,94.4,RED
2015-02-20,94.25,RED
2015-02-23,94.57,RED
2015-02-24,94.49,RED
2015-02-25,94.21,RED
2015-02-26,95.29,RED
2015-02-27,95.25,RED
2015-03-02,95.46,RED
2015-03-03,95.38,RED
2015-03-04,95.97,RED
2015-03-05,96.38,RED
2015-03-06,97.62,RED
2015-03-09,97.59,RED
2015-03-10,98.62,RED
2015-03-11,99.8,RED
2015-03-12,99.15,RED
2015-03-13,100.33,RED
2015-03-16,99.6,RED
2015-03-17,99.59,RED
2015-03-18,98.55,RED
2015-03-19,99.1,RED
2015-03-20,97.91,RED
2015-03-23,97.03,RED
2015-03-24,97.19,RED
2015-03-25,96.98,RED
2015-03-26,97.44,RED
2015-03-27,97.29,RED
2015-03-30,97.98,RED
2015-03-31,98.36,RED
2015-04-01,98.19,RED
2015-04-02,97.44,RED
2015-04-06,97.11,RED
2015-04-07,97.83,RED
2015-04-08,98.07,RED
2015-04-09,99.16,RED
2015-04-10,99.39,RED
2015-04-13,99.49,RED
2015-04-14,98.76,RED
2015-04-15,98.33,RED
2015-04-16,97.42,RED
2015-04-17,97.52,RED
2015-04-20,97.94,RED
2015-04-21,97.98,RED
2015-04-22,98.02,RED
2015-04-23,97.28,RED
2015-04-24,96.92,RED
2015-04-27,96.77,RED
2015-04-28,96.09,RED
2015-04-29,95.12,RED
2015-04-30,94.6,RED
2015-05-01,95.3,RED
2015-05-04,95.48,RED
2015-05-05,95.13,RED
2015-05-06,94.13,RED
2015-05-07,94.62,RED
2015-05-08,94.79,RED
2015-05-11,95.01,RED
2015-05-12,94.53,RED
2015-05-13,93.62,YELLOW
2015-05-14,93.36,YELLOW
2015-05-15,93.14,YELLOW
2015-05-18,94.19,RED
2015-05-19,95.27,RED
2015-05-20,95.45,RED
2015-05-21,95.26,RED
2015-05-22,96.01,RED
2015-05-26,97.3,RED
2015-05-27,97.37,RED
2015-05-28,96.97,RED
2015-05-29,96.91,RED
2015-06-01,97.39,RED
2015-06-02,95.84,RED
2015-06-03,95.47,RED
2015-06-04,95.46,RED
2015-06-05,96.31,RED
2015-06-08,95.3,RED
2015-06-09,95.17,RED
2015-06-10,94.65,RED
2015-06-11,94.98,RED
2015-06-12,94.97,RED
2015-06-15,94.81,RED
2015-06-16,95.0,RED
2015-06-17,94.3,YELLOW
2015-06-18,94.04,YELLOW
2015-06-19,94.09,YELLOW
2015-06-22,94.33,YELLOW
2015-06-23,95.43,RED
2015-06-24,95.26,RED
2015-06-25,95.19,RED
2015-06-26,95.47,RED
2015-06-29,94.79,YELLOW
2015-06-30,95.49,RED
2015-07-01,96.31,RED
2015-07-02,96.11,RED
2015-07-06,96.3,RED
2015-07-07,96.87,RED
2015-07-08,96.29,RED
2015-07-09,96.61,RED
2015-07-10,96.03,RED
2015-07-13,96.86,RED
2015-07-14,96.64,RED
2015-07-15,97.13,RED
2015-07-16,97.66,RED
2015-07-17,97.86,RED
2015-07-20,98.03,RED
2015-07-21,97.33,RED
2015-07-22,97.6,RED
2015-07-23,97.12,RED
2015-07-24,97.24,RED
2015-07-27,96.5,RED
2015-07-28,96.77,RED
2015-07-29,96.98,RED
2015-07-30,97.56,RED
2015-07-31,97.37,RED
2015-08-03,97.49,RED
2015-08-04,97.93,RED
2015-08-05,97.96,RED
2015-08-06,97.83,RED
2015-08-07,97.56,RED
2015-08-10,97.16,RED
2015-08-11,97.29,RED
2015-08-12,96.26,RED
2015-08-13,96.45,RED
2015-08-14,96.57,RED
2015-08-17,96.82,RED
2015-08-18,96.97,RED
2015-08-19,96.46,RED
2015-08-20,95.75,YELLOW
2015-08-21,94.83,YELLOW
2015-08-24,93.31,YELLOW
2015-08-25,94.53,YELLOW
2015-08-26,95.1,YELLOW
2015-08-27,95.61,YELLOW
2015-08-28,96.11,YELLOW
2015-08-31,95.95,YELLOW
2015-09-01,95.45,YELLOW
2015-09-02,95.83,YELLOW
2015-09-03,96.41,RED
2015-09-04,96.23,YELLOW
2015-09-08,95.88,YELLOW
2015-09-09,96.01,YELLOW
2015-09-10,95.46,YELLOW
2015-09-11,95.19,YELLOW
2015-09-14,95.25,YELLOW
2015-09-15,95.61,YELLOW
2015-09-16,95.42,YELLOW
2015-09-17,94.55,YELLOW
2015-09-18,94.86,YELLOW
2015-09-21,95.89,YELLOW
2015-09-22,96.28,YELLOW
2015-09-23,96.07,YELLOW
2015-09-24,95.99,YELLOW
2015-09-25,96.27,YELLOW
2015-09-28,96.03,YELLOW
2015-09-29,95.89,YELLOW
2015-09-30,96.35,RED
2015-10-01,96.19,YELLOW
2015-10-02,95.83,YELLOW
2015-10-05,96.11,YELLOW
2015-10-06,95.46,YELLOW
2015-10-07,95.5,YELLOW
2015-10-08,95.32,YELLOW
2015-10-09,94.81,YELLOW
2015-10-12,94.84,YELLOW
2015-10-13,94.76,YELLOW
2015-10-14,93.93,GREEN
2015-10-15,94.37,YELLOW
2015-10-16,94.54,YELLOW
2015-10-19,94.96,YELLOW
2015-10-20,94.85,YELLOW
2015-10-21,95.05,YELLOW
2015-10-22,96.34,RED
2015-10-23,97.07,RED
2015-10-26,96.86,RED
2015-10-27,96.91,RED
2015-10-28,97.78,RED
2015-10-29,97.28,RED
2015-10-30,96.95,RED
2015-11-02,96.93,RED
2015-11-03,97.16,RED
2015-11-04,97.95,RED
2015-11-05,97.94,RED
2015-11-06,99.16,RED
2015-11-09,98.98,RED
2015-11-10,99.29,RED
2015-11-11,99.01,RED
2015-11-12,98.65,RED
2015-11-13,98.99,RED
2015-11-16,99.44,RED
2015-11-17,99.63,RED
2015-11-18,99.65,RED
2015-11-19,98.99,RED
2015-11-20,99.57,RED
2015-11-23,99.8,RED
2015-11-24,99.53,RED
2015-11-25,99.8,RED
2015-11-27,100.02,RED
2015-11-30,100.17,RED
2015-12-01,99.8,RED
2015-12-02,99.99,RED
2015-12-03,97.62,RED
2015-12-04,98.35,RED
2015-12-07,98.66,RED
2015-12-08,98.47,RED
2015-12-09,97.35,RED
2015-12-10,97.94,RED
2015-12-11,97.57,RED
2015-12-14,97.6,RED
2015-12-15,98.22,RED
2015-12-16,97.87,RED
2015-12-17,99.27,RED
2015-12-18,98.7,RED
2015-12-21,98.46,RED
2015-12-22,98.24,RED
2015-12-23,98.34,RED
2015-12-24,97.98,RED
2015-12-28,97.92,RED
2015-12-29,98.1,RED
2015-12-30,98.27,RED
2015-12-31,98.63,RED
2016-01-04,98.87,RED
2016-01-05,99.4,RED
2016-01-06,99.18,RED
2016-01-07,98.22,RED
2016-01-08,98.54,RED
2016-01-11,98.73,RED
2016-01-12,98.97,RED
2016-01-13,98.93,RED
2016-01-14,99.09,RED
2016-01-15,98.96,RED
2016-01-18,99.12,RED
2016-01-19,98.99,RED
2016-01-20,99.09,RED
2016-01-21,99.06,RED
2016-01-22,99.57,RED
2016-01-25,99.36,RED
2016-01-26,99.36,RED
2016-01-27,98.9,RED
2016-01-28,98.51,RED
2016-01-29,99.61,RED
2016-02-01,99.0,RED
2016-02-02,98.87,RED
2016-02-03,97.29,YELLOW
2016-02-04,96.47,YELLOW
2016-02-05,97.03,YELLOW
2016-02-08,96.57,YELLOW
2016-02-09,96.07,YELLOW
2016-02-10,95.89,YELLOW
2016-02-11,95.56,GREEN
2016-02-12,95.98,YELLOW
2016-02-16,96.87,YELLOW
2016-02-17,96.79,YELLOW
2016-02-18,96.95,YELLOW
2016-02-19,96.6,YELLOW
2016-02-22,97.38,YELLOW
2016-02-23,97.48,YELLOW
2016-02-24,97.46,YELLOW
2016-02-25,97.29,YELLOW
2016-02-26,98.15,RED
2016-02-29,98.21,RED
2016-03-01,98.35,RED
2016-03-02,98.21,RED
2016-03-03,97.57,YELLOW
2016-03-04,97.34,YELLOW
2016-03-07,97.07,YELLOW
2016-03-08,97.21,YELLOW
2016-03-09,97.17,YELLOW
2016-03-10,96.07,YELLOW
2016-03-11,96.17,YELLOW
2016-03-14,96.62,YELLOW
2016-03-15,96.63,YELLOW
2016-03-16,95.89,GREEN
2016-03-17,94.76,GREEN
2016-03-18,94.99,GREEN
2016-03-21,95.29,GREEN
2016-03-22,95.65,GREEN
2016-03-23,96.05,YELLOW
2016-03-24,96.14,YELLOW
2016-03-28,95.94,GREEN
2016-03-29,95.16,GREEN
2016-03-30,94.84,GREEN
2016-03-31,94.59,GREEN
2016-04-01,94.62,GREEN
2016-04-04,94.51,GREEN
2016-04-05,94.63,GREEN
2016-04-06,94.43,GREEN
2016-04-07,94.48,GREEN
2016-04-08,94.24,GREEN
2016-04-11,93.95,GREEN
2016-04-12,93.96,GREEN
2016-04-13,94.74,GREEN
2016-04-14,94.9,GREEN
2016-04-15,94.7,GREEN
2016-04-18,94.49,GREEN
2016-04-19,93.98,GREEN
2016-04-20,94.49,GREEN
2016-04-21,94.6,GREEN
2016-04-22,95.12,GREEN
2016-04-25,94.84,GREEN
2016-04-26,94.57,GREEN
2016-04-27,94.39,GREEN
2016-04-28,93.76,GREEN
2016-04-29,93.08,GREEN
2016-05-02,92.63,GREEN
2016-05-03,92.94,GREEN
2016-05-04,93.18,GREEN
2016-05-05,93.78,GREEN
2016-05-06,93.89,GREEN
2016-05-09,94.15,GREEN
2016-05-10,94.29,GREEN
2016-05-11,93.82,GREEN
2016-05-12,94.14,GREEN
2016-05-13,94.61,GREEN
2016-05-16,94.57,GREEN
2016-05-17,94.55,GREEN
2016-05-18,95.08,GREEN
2016-05-19,95.29,GREEN
2016-05-20,95.31,GREEN
2016-05-23,95.23,GREEN
2016-05-24,95.57,YELLOW
2016-05-25,95.35,GREEN
2016-05-26,95.17,GREEN
2016-05-27,95.52,YELLOW
2016-05-31,95.89,YELLOW
2016-06-01,95.46,YELLOW
2016-06-02,95.56,YELLOW
2016-06-03,94.03,GREEN
2016-06-06,93.9,GREEN
2016-06-07,93.83,GREEN
2016-06-08,93.59,GREEN
2016-06-09,94.1,GREEN
2016-06-10,94.6,GREEN
2016-06-13,94.37,GREEN
2016-06-14,94.93,GREEN
2016-06-15,94.61,GREEN
2016-06-16,94.57,GREEN
2016-06-17,94.21,GREEN
2016-06-20,93.61,GREEN
2016-06-21,94.02,GREEN
2016-06-22,93.72,GREEN
2016-06-23,93.53,GREEN
2016-06-24,95.45,YELLOW
2016-06-27,96.54,YELLOW
2016-06-28,96.25,YELLOW
2016-06-29,95.77,YELLOW
2016-06-30,96.14,YELLOW
2016-07-01,95.65,YELLOW
2016-07-05,96.17,YELLOW
2016-07-06,96.06,YELLOW
2016-07-07,96.33,YELLOW
2016-07-08,96.3,YELLOW
2016-07-11,96.57,YELLOW
2016-07-12,96.44,YELLOW
2016-07-13,96.22,YELLOW
2016-07-14,96.08,YELLOW
2016-07-15,96.58,YELLOW
2016-07-18,96.56,YELLOW
2016-07-19,97.05,YELLOW
2016-07-20,97.2,YELLOW
2016-07-21,97.0,YELLOW
2016-07-22,97.47,RED
2016-07-25,97.29,YELLOW
2016-07-26,97.16,YELLOW
2016-07-27,97.05,YELLOW
2016-07-28,96.74,YELLOW
2016-07-29,95.53,YELLOW
2016-08-01,95.71,YELLOW
2016-08-02,95.06,GREEN
2016-08-03,95.56,YELLOW
2016-08-04,95.76,YELLOW
2016-08-05,96.19,YELLOW
2016-08-08,96.4,YELLOW
2016-08-09,96.18,YELLOW
2016-08-10,95.65,YELLOW
2016-08-11,95.86,YELLOW
2016-08-12,95.72,YELLOW
2016-08-15,95.63,YELLOW
2016-08-16,94.79,GREEN
2016-08-17,94.72,GREEN
2016-08-18,94.16,GREEN
2016-08-19,94.51,GREEN
2016-08-22,94.52,GREEN
2016-08-23,94.54,GREEN
2016-08-24,94.79,GREEN
2016-08-25,94.77,GREEN
2016-08-26,95.57,YELLOW
2016-08-29,95.58,YELLOW
2016-08-30,96.05,YELLOW
2016-08-31,96.02,YELLOW
2016-09-01,95.65,YELLOW
2016-09-02,95.88,YELLOW
2016-09-06,94.82,GREEN
2016-09-07,94.96,GREEN
2016-09-08,95.03,GREEN
2016-09-09,95.34,YELLOW
2016-09-12,95.1,GREEN
2016-09-13,95.63,YELLOW
2016-09-14,95.33,YELLOW
2016-09-15,95.29,YELLOW
2016-09-16,96.11,YELLOW
2016-09-19,95.84,YELLOW
2016-09-20,96.02,YELLOW
2016-09-21,95.66,YELLOW
2016-09-22,95.45,YELLOW
2016-09-23,95.48,YELLOW
2016-09-26,95.31,YELLOW
2016-09-27,95.44,YELLOW
2016-09-28,95.43,YELLOW
2016-09-29,95.54,YELLOW
2016-09-30,95.46,YELLOW
2016-10-03,95.75,YELLOW
2016-10-04,96.12,YELLOW
2016-10-05,96.13,YELLOW
2016-10-06,96.66,YELLOW
2016-10-07,96.52,YELLOW
2016-10-11,97.7,RED
2016-10-12,97.97,RED
2016-10-13,97.52,RED
2016-10-14,98.02,RED
2016-10-17,97.89,RED
2016-10-18,97.9,RED
2016-10-19,97.87,RED
2016-10-20,98.32,RED
2016-10-21,98.7,RED
2016-10-24,98.67,RED
2016-10-25,98.72,RED
2016-10-26,98.63,RED
2016-10-27,98.89,RED
2016-10-28,98.35,RED
2016-10-31,98.45,RED
2016-11-01,97.7,YELLOW
2016-11-02,97.4,YELLOW
2016-11-03,97.16,YELLOW
2016-11-04,97.07,YELLOW
2016-11-07,97.78,RED
2016-11-08,97.86,RED
2016-11-09,98.5,RED
2016-11-10,98.79,RED
2016-11-14,100.11,RED
2016-11-15,100.19,RED
2016-11-16,100.41,RED
2016-11-17,100.89,RED
2016-11-18,101.21,RED
2016-11-21,101.05,RED
2016-11-22,101.04,RED
2016-11-23,101.7,RED
2016-11-25,101.49,RED
2016-11-28,101.33,RED
2016-11-29,100.93,RED
2016-11-30,101.5,RED
2016-12-01,101.04,RED
2016-12-02,100.77,RED
2016-12-05,100.14,RED
2016-12-06,100.49,RED
2016-12-07,100.23,RED
2016-12-08,101.07,RED
2016-12-09,101.57,RED
2016-12-12,100.96,RED
2016-12-13,101.03,RED
2016-12-14,102.0,RED
2016-12-15,103.13,RED
2016-12-16,102.95,RED
2016-12-19,103.14,RED
2016-12-20,103.29,RED
2016-12-21,103.02,RED
2016-12-22,103.09,RED
2016-12-23,103.01,RED
2016-12-27,103.02,RED
2016-12-28,103.26,RED
2016-12-29,102.68,RED
2016-12-30,102.39,RED
2017-01-03,103.21,RED
2017-01-04,102.7,RED
2017-01-05,101.52,RED
2017-01-06,102.22,RED
2017-01-09,101.93,RED
2017-01-10,102.01,RED
2017-01-11,101.78,RED
2017-01-12,101.35,RED
2017-01-13,101.18,RED
2017-01-17,100.33,RED
2017-01-18,100.93,RED
2017-01-19,101.15,RED
2017-01-20,100.74,RED
2017-01-23,100.16,RED
2017-01-24,100.35,RED
2017-01-25,100.03,RED
2017-01-26,100.38,RED
2017-01-27,100.53,RED
2017-01-30,100.43,RED
2017-01-31,99.51,RED
2017-02-01,99.64,RED
2017-02-02,99.85,RED
2017-02-03,99.87,RED
2017-02-06,99.91,RED
2017-02-07,100.26,RED
2017-02-08,100.28,RED
2017-02-09,100.65,RED
2017-02-10,100.8,RED
2017-02-13,100.96,RED
2017-02-14,101.25,RED
2017-02-15,101.18,RED
2017-02-16,100.44,RED
2017-02-17,100.95,RED
2017-02-21,101.37,RED
2017-02-22,101.33,RED
2017-02-23,101.05,RED
2017-02-24,101.09,RED
2017-02-27,101.13,RED
2017-02-28,101.12,RED
2017-03-01,101.78,RED
2017-03-02,102.2,RED
2017-03-03,101.54,RED
2017-03-06,101.64,RED
2017-03-07,101.81,RED
2017-03-08,102.07,RED
2017-03-09,101.85,RED
2017-03-10,101.25,RED
2017-03-13,101.38,RED
2017-03-14,101.7,RED
2017-03-15,100.74,RED
2017-03-16,100.27,RED
2017-03-17,100.3,RED
2017-03-20,100.41,RED
2017-03-21,99.81,YELLOW
2017-03-22,99.68,YELLOW
2017-03-23,99.76,YELLOW
2017-03-24,99.63,YELLOW
2017-03-27,99.17,YELLOW
2017-03-28,99.71,YELLOW
2017-03-29,100.0,YELLOW
2017-03-30,100.41,RED
2017-03-31,100.35,RED
2017-04-03,100.54,RED
2017-04-04,100.54,RED
2017-04-05,100.56,RED
2017-04-06,100.67,RED
2017-04-07,101.18,RED
2017-04-10,101.02,RED
2017-04-11,100.71,RED
2017-04-12,100.78,RED
2017-04-13,100.56,RED
2017-04-17,100.3,YELLOW
2017-04-18,99.5,YELLOW
2017-04-19,99.74,YELLOW
2017-04-20,99.78,YELLOW
2017-04-21,99.98,YELLOW
2017-04-24,99.09,YELLOW
2017-04-25,98.82,YELLOW
2017-04-26,98.96,YELLOW
2017-04-27,99.08,YELLOW
2017-04-28,99.05,YELLOW
2017-05-01,99.14,YELLOW
2017-05-02,98.98,YELLOW
2017-05-03,99.21,YELLOW
2017-05-04,98.76,YELLOW
2017-05-05,98.65,YELLOW
2017-05-08,99.15,YELLOW
2017-05-09,99.59,YELLOW
2017-05-10,99.67,YELLOW
2017-05-11,99.62,YELLOW
2017-05-12,99.25,YELLOW
2017-05-15,98.91,YELLOW
2017-05-16,98.11,YELLOW
2017-05-17,97.42,YELLOW
2017-05-18,97.88,YELLOW
2017-05-19,97.15,YELLOW
2017-05-22,96.98,YELLOW
2017-05-23,97.35,YELLOW
2017-05-24,97.24,YELLOW
2017-05-25,97.25,YELLOW
2017-05-26,97.4,YELLOW
2017-05-30,97.28,YELLOW
2017-05-31,96.92,YELLOW
2017-06-01,97.2,YELLOW
2017-06-02,96.72,YELLOW
2017-06-05,96.8,YELLOW
2017-06-06,96.64,YELLOW
2017-06-07,96.75,YELLOW
2017-06-08,96.92,YELLOW
2017-06-09,97.27,YELLOW
2017-06-12,97.14,YELLOW
2017-06-13,96.98,YELLOW
2017-06-14,96.94,YELLOW
2017-06-15,97.43,YELLOW
2017-06-16,97.16,YELLOW
2017-06-19,97.53,YELLOW
2017-06-20,97.75,YELLOW
2017-06-21,97.56,YELLOW
2017-06-22,97.54,YELLOW
2017-06-23,97.3,YELLOW
2017-06-26,97.43,YELLOW
2017-06-27,96.47,GREEN
2017-06-28,96.05,GREEN
2017-06-29,95.63,GREEN
2017-06-30,95.66,GREEN
2017-07-03,96.2,GREEN
2017-07-05,96.29,GREEN
2017-07-06,95.82,GREEN
2017-07-07,96.01,GREEN
2017-07-10,96.05,GREEN
2017-07-11,95.74,GREEN
2017-07-12,95.79,GREEN
2017-07-13,95.73,GREEN
2017-07-14,95.11,GREEN
2017-07-17,95.13,GREEN
2017-07-18,94.66,GREEN
2017-07-19,94.8,GREEN
2017-07-20,94.27,GREEN
2017-07-21,93.94,GREEN
2017-07-24,93.98,GREEN
2017-07-25,94.05,GREEN
2017-07-26,93.67,GREEN
2017-07-27,93.86,GREEN
2017-07-28,93.26,GREEN
2017-07-31,92.86,GREEN
2017-08-01,93.03,GREEN
2017-08-02,92.83,GREEN
2017-08-03,92.81,GREEN
2017-08-04,93.54,GREEN
2017-08-07,93.43,GREEN
2017-08-08,93.64,GREEN
2017-08-09,93.52,GREEN
2017-08-10,93.4,GREEN
2017-08-11,93.07,GREEN
2017-08-14,93.46,GREEN
2017-08-15,93.85,GREEN
2017-08-16,93.49,GREEN
2017-08-17,93.62,GREEN
2017-08-18,93.43,GREEN
2017-08-21,93.1,GREEN
2017-08-22,93.55,GREEN
2017-08-23,93.15,GREEN
2017-08-24,93.28,GREEN
2017-08-25,92.74,GREEN
2017-08-28,92.21,GREEN
2017-08-29,92.35,GREEN
2017-08-30,92.88,GREEN
2017-08-31,92.67,GREEN
2017-09-01,92.81,GREEN
2017-09-05,92.31,GREEN
2017-09-06,92.29,GREEN
2017-09-07,91.53,GREEN
2017-09-08,91.33,GREEN
2017-09-11,91.86,GREEN
2017-09-12,91.91,GREEN
2017-09-13,92.52,GREEN
2017-09-14,92.12,GREEN
2017-09-15,91.87,GREEN
2017-09-18,92.05,GREEN
2017-09-19,91.79,GREEN
2017-09-20,92.51,GREEN
2017-09-21,92.26,GREEN
2017-09-22,92.17,GREEN
2017-09-25,92.65,GREEN
2017-09-26,92.97,GREEN
2017-09-27,93.36,GREEN
2017-09-28,93.09,GREEN
2017-09-29,93.08,GREEN
2017-10-02,93.56,GREEN
2017-10-03,93.57,GREEN
2017-10-04,93.46,GREEN
2017-10-05,93.96,GREEN
2017-10-06,93.8,GREEN
2017-10-09,93.74,GREEN
2017-10-10,93.29,GREEN
2017-10-11,92.96,GREEN
2017-10-12,93.12,GREEN
2017-10-13,93.09,GREEN
2017-10-16,93.28,GREEN
2017-10-17,93.49,GREEN
2017-10-18,93.36,GREEN
2017-10-19,93.27,GREEN
2017-10-20,93.7,GREEN
2017-10-23,93.94,GREEN
2017-10-24,93.96,GREEN
2017-10-25,93.71,GREEN
2017-10-26,94.61,GREEN
2017-10-27,94.92,GREEN
2017-10-30,94.49,GREEN
2017-10-31,94.55,GREEN
2017-11-01,94.82,GREEN
2017-11-02,94.69,GREEN
2017-11-03,94.94,YELLOW
2017-11-06,94.72,GREEN
2017-11-07,94.91,YELLOW
2017-11-08,94.87,YELLOW
2017-11-09,94.44,GREEN
2017-11-10,94.39,GREEN
2017-11-13,94.49,GREEN
2017-11-14,93.83,GREEN
2017-11-15,93.81,GREEN
2017-11-16,93.93,GREEN
2017-11-17,93.66,GREEN
2017-11-20,94.08,GREEN
2017-11-21,93.95,GREEN
2017-11-22,93.22,GREEN
2017-11-24,92.76,GREEN
2017-11-27,92.9,GREEN
2017-11-28,93.26,GREEN
2017-11-29,93.26,GREEN
2017-11-30,93.01,GREEN
2017-12-01,92.9,GREEN
2017-12-04,93.19,GREEN
2017-12-05,93.38,GREEN
2017-12-06,93.61,GREEN
2017-12-07,93.8,GREEN
2017-12-08,93.9,YELLOW
2017-12-11,93.87,YELLOW
2017-12-12,94.1,YELLOW
2017-12-13,93.43,GREEN
2017-12-14,93.49,GREEN
2017-12-15,93.93,YELLOW
2017-12-18,93.7,GREEN
2017-12-19,93.47,GREEN
2017-12-20,93.35,GREEN
2017-12-21,93.28,GREEN
2017-12-22,93.35,GREEN
2017-12-26,93.26,GREEN
2017-12-27,93.03,GREEN
2017-12-28,92.6,GREEN
2017-12-29,92.12,GREEN
2018-01-02,91.85,GREEN
2018-01-03,92.16,GREEN
2018-01-04,91.85,GREEN
2018-01-05,91.95,GREEN
2018-01-08,92.33,GREEN
2018-01-09,92.53,GREEN
2018-01-10,92.33,GREEN
2018-01-11,91.85,GREEN
2018-01-12,90.97,GREEN
2018-01-16,90.39,GREEN
2018-01-17,90.54,GREEN
2018-01-18,90.5,GREEN
2018-01-19,90.57,GREEN
2018-01-22,90.4,GREEN
2018-01-23,90.12,GREEN
2018-01-24,89.21,GREEN
2018-01-25,89.39,GREEN
2018-01-26,89.07,GREEN
2018-01-29,89.31,GREEN
2018-01-30,89.19,GREEN
2018-01-31,89.13,GREEN
2018-02-01,88.67,GREEN
2018-02-02,89.2,GREEN
2018-02-05,89.55,GREEN
2018-02-06,89.59,GREEN
2018-02-07,90.26,GREEN
2018-02-08,90.23,GREEN
2018-02-09,90.44,GREEN
2018-02-12,90.21,GREEN
2018-02-13,89.7,GREEN
2018-02-14,89.12,GREEN
2018-02-15,88.59,GREEN
2018-02-16,89.1,GREEN
2018-02-20,89.72,GREEN
2018-02-21,90.08,GREEN
2018-02-22,89.75,GREEN
2018-02-23,89.88,GREEN
2018-02-26,89.82,GREEN
2018-02-27,90.36,GREEN
2018-02-28,90.61,GREEN
2018-03-01,90.32,GREEN
2018-03-02,89.94,GREEN
2018-03-05,90.08,GREEN
2018-03-06,89.62,GREEN
2018-03-07,89.64,GREEN
2018-03-08,90.12,GREEN
2018-03-09,90.09,GREEN
2018-03-12,89.9,GREEN
2018-03-13,89.66,GREEN
2018-03-14,89.7,GREEN
2018-03-15,90.14,GREEN
2018-03-16,90.23,GREEN
2018-03-19,89.9,GREEN
2018-03-20,90.37,GREEN
2018-03-21,89.78,GREEN
2018-03-22,89.86,GREEN
2018-03-23,89.44,GREEN
2018-03-26,89.03,GREEN
2018-03-27,89.37,GREEN
2018-03-28,90.06,GREEN
2018-03-29,90.15,GREEN
2018-04-02,90.05,GREEN
2018-04-03,90.2,GREEN
2018-04-04,90.14,GREEN
2018-04-05,90.46,GREEN
2018-04-06,90.11,GREEN
2018-04-09,89.84,GREEN
2018-04-10,89.59,GREEN
2018-04-11,89.57,GREEN
2018-04-12,89.75,GREEN
2018-04-13,89.8,GREEN
2018-04-16,89.43,GREEN
2018-04-17,89.52,GREEN
2018-04-18,89.62,GREEN
2018-04-19,89.94,GREEN
2018-04-20,90.32,GREEN
2018-04-23,90.94,GREEN
2018-04-24,90.77,GREEN
2018-04-25,91.17,GREEN
2018-04-26,91.56,GREEN
2018-04-27,91.54,GREEN
2018-04-30,91.84,YELLOW
2018-05-01,92.45,YELLOW
2018-05-02,92.51,YELLOW
2018-05-03,92.41,YELLOW
2018-05-04,92.57,YELLOW
2018-05-07,92.75,YELLOW
2018-05-08,93.12,YELLOW
2018-05-09,93.04,YELLOW
2018-05-10,92.65,YELLOW
2018-05-11,92.54,YELLOW
2018-05-14,92.59,YELLOW
2018-05-15,93.22,YELLOW
2018-05-16,93.39,YELLOW
2018-05-17,93.47,YELLOW
2018-05-18,93.64,YELLOW
2018-05-21,93.68,YELLOW
2018-05-22,93.61,YELLOW
2018-05-23,94.01,RED
2018-05-24,93.78,RED
2018-05-25,94.19,RED
2018-05-29,94.83,RED
2018-05-30,94.15,RED
2018-05-31,93.99,RED
2018-06-01,94.19,RED
2018-06-04,94.02,RED
2018-06-05,93.89,RED
2018-06-06,93.66,YELLOW
2018-06-07,93.4,YELLOW
2018-06-08,93.55,YELLOW
2018-06-11,93.58,YELLOW
2018-06-12,93.8,RED
2018-06-13,93.71,RED
2018-06-14,94.77,RED
2018-06-15,94.79,RED
2018-06-18,94.75,RED
2018-06-19,95.09,RED
2018-06-20,95.06,RED
2018-06-21,94.87,RED
2018-06-22,94.52,RED
2018-06-25,94.28,RED
2018-06-26,94.68,RED
2018-06-27,95.29,RED
2018-06-28,95.39,RED
2018-06-29,94.63,RED
2018-07-02,94.87,RED
2018-07-03,94.59,RED
2018-07-05,94.47,RED
2018-07-06,94.04,RED
2018-07-09,94.08,RED
2018-07-10,94.11,RED
2018-07-11,94.72,RED
2018-07-12,94.81,RED
2018-07-13,94.75,RED
2018-07-16,94.51,RED
2018-07-17,94.97,RED
2018-07-18,95.08,RED
2018-07-19,95.17,RED
2018-07-20,94.46,RED
2018-07-23,94.67,RED
2018-07-24,94.61,RED
2018-07-25,94.36,RED
2018-07-26,94.75,RED
2018-07-27,94.68,RED
2018-07-30,94.36,RED
2018-07-31,94.49,RED
2018-08-01,94.62,RED
2018-08-02,95.17,RED
2018-08-03,95.14,RED
2018-08-06,95.36,RED
2018-08-07,95.22,RED
2018-08-08,95.1,RED
2018-08-09,95.5,RED
2018-08-10,96.36,RED
2018-08-13,96.39,RED
2018-08-14,96.73,RED
2018-08-15,96.7,RED
2018-08-16,96.65,RED
2018-08-17,96.1,RED
2018-08-20,95.9,RED
2018-08-21,95.26,RED
2018-08-22,95.15,RED
2018-08-23,95.62,RED
2018-08-24,95.15,RED
2018-08-27,94.78,RED
2018-08-28,94.72,RED
2018-08-29,94.6,RED
2018-08-30,94.72,RED
2018-08-31,95.14,RED
2018-09-04,95.42,RED
2018-09-05,95.13,RED
2018-09-06,95.02,RED
2018-09-07,95.37,RED
2018-09-10,95.15,RED
2018-09-11,95.06,RED
2018-09-12,94.8,RED
2018-09-13,94.54,RED
2018-09-14,94.98,RED
2018-09-17,94.51,RED
2018-09-18,94.62,RED
2018-09-19,94.55,RED
2018-09-20,93.91,YELLOW
2018-09-21,94.22,YELLOW
2018-09-24,94.26,YELLOW
2018-09-25,94.13,YELLOW
2018-09-26,94.19,YELLOW
2018-09-27,95.0,RED
2018-09-28,95.19,RED
2018-10-01,95.3,RED
2018-10-02,95.51,RED
2018-10-03,95.76,RED
2018-10-04,95.75,RED
2018-10-05,95.62,RED
2018-10-08,95.77,RED
2018-10-09,95.68,RED
2018-10-10,95.51,RED
2018-10-11,95.02,RED
2018-10-12,95.22,RED
2018-10-15,95.07,RED
2018-10-16,95.05,RED
2018-10-17,95.58,RED
2018-10-18,95.9,RED
2018-10-19,95.71,RED
2018-10-22,96.01,RED
2018-10-23,95.96,RED
2018-10-24,96.43,RED
2018-10-25,96.68,RED
2018-10-26,96.36,RED
2018-10-29,96.58,RED
2018-10-30,97.01,RED
2018-10-31,97.13,RED
2018-11-01,96.28,RED
2018-11-02,96.54,RED
2018-11-05,96.35,RED
2018-11-06,96.32,RED
2018-11-07,96.0,RED
2018-11-08,96.64,RED
2018-11-09,96.91,RED
2018-11-12,97.54,RED
2018-11-13,97.3,RED
2018-11-14,96.8,RED
2018-11-15,96.93,RED
2018-11-16,96.47,RED
2018-11-19,96.19,RED
2018-11-20,96.81,RED
2018-11-21,96.71,RED
2018-11-23,96.92,RED
2018-11-26,97.07,RED
2018-11-27,97.37,RED
2018-11-28,96.79,RED
2018-11-29,96.78,RED
2018-11-30,97.27,RED
2018-12-03,97.04,RED
2018-12-04,96.97,RED
2018-12-06,96.81,RED
2018-12-07,96.51,RED
2018-12-10,97.22,RED
2018-12-11,97.39,RED
2018-12-12,97.04,RED
2018-12-13,97.06,RED
2018-12-14,97.44,RED
2018-12-17,97.1,RED
2018-12-18,97.14,RED
2018-12-19,97.04,RED
2018-12-20,96.28,RED
2018-12-21,96.96,RED
2018-12-24,96.55,RED
2018-12-26,97.05,RED
2018-12-27,96.48,RED
2018-12-28,96.39,RED
2018-12-31,96.17,RED
2019-01-02,96.82,RED
2019-01-03,96.31,RED
2019-01-04,96.19,RED
2019-01-07,95.71,RED
2019-01-08,95.9,RED
2019-01-09,95.22,YELLOW
2019-01-10,95.54,RED
2019-01-11,95.67,RED
2019-01-14,95.59,RED
2019-01-15,95.97,RED
2019-01-16,96.06,RED
2019-01-17,96.07,RED
2019-01-18,96.34,RED
2019-01-22,96.3,RED
2019-01-23,96.12,RED
2019-01-24,96.6,RED
2019-01-25,95.79,RED
2019-01-28,95.75,RED
2019-01-29,95.82,RED
2019-01-30,95.34,YELLOW
2019-01-31,95.58,YELLOW
2019-02-01,95.58,YELLOW
2019-02-04,95.85,RED
2019-02-05,96.1,RED
2019-02-06,96.42,RED
2019-02-07,96.51,RED
2019-02-08,96.64,RED
2019-02-11,97.06,RED
2019-02-12,96.71,RED
2019-02-13,97.13,RED
2019-02-14,96.98,RED
2019-02-15,96.92,RED
2019-02-19,96.52,RED
2019-02-20,96.45,RED
2019-02-21,96.61,RED
2019-02-22,96.51,RED
2019-02-25,96.41,RED
2019-02-26,96.0,YELLOW
2019-02-27,96.15,RED
2019-02-28,96.16,RED
2019-03-01,96.53,RED
2019-03-04,96.68,RED
2019-03-05,96.85,RED
2019-03-06,96.87,RED
2019-03-07,97.67,RED
2019-03-08,97.37,RED
2019-03-11,97.22,RED
2019-03-12,96.94,RED
2019-03-13,96.55,RED
2019-03-14,96.79,RED
2019-03-15,96.6,RED
2019-03-18,96.52,RED
2019-03-19,96.38,RED
2019-03-20,95.76,YELLOW
2019-03-21,96.5,RED
2019-03-22,96.65,RED
2019-03-25,96.57,RED
2019-03-26,96.74,RED
2019-03-27,96.77,RED
2019-03-28,97.2,RED
2019-03-29,97.28,RED
2019-04-01,97.25,RED
2019-04-02,97.36,RED
2019-04-03,97.09,RED
2019-04-04,97.31,RED
2019-04-05,97.4,RED
2019-04-08,97.05,RED
2019-04-09,97.01,RED
2019-04-10,96.95,RED
2019-04-11,97.18,RED
2019-04-12,96.97,RED
2019-04-15,96.94,RED
2019-04-16,97.04,RED
2019-04-17,97.01,RED
2019-04-18,97.47,RED
2019-04-22,97.28,RED
2019-04-23,97.57,RED
2019-04-24,98.1,RED
2019-04-25,98.2,RED
2019-04-26,98.01,RED
2019-04-29,97.86,RED
2019-04-30,97.48,RED
2019-05-01,97.69,RED
2019-05-02,97.83,RED
2019-05-03,97.52,RED
2019-05-06,97.52,RED
2019-05-07,97.63,RED
2019-05-08,97.62,RED
2019-05-09,97.37,RED
2019-05-10,97.33,RED
2019-05-13,97.32,RED
2019-05-14,97.53,RED
2019-05-15,97.57,RED
2019-05-16,97.84,RED
2019-05-17,98.0,RED
2019-05-20,97.93,RED
2019-05-21,98.06,RED
2019-05-22,98.11,RED
2019-05-23,97.85,RED
2019-05-24,97.61,RED
2019-05-28,97.96,RED
2019-05-29,98.14,RED
2019-05-30,98.14,RED
2019-05-31,97.75,RED
2019-06-03,97.14,RED
2019-06-04,97.07,RED
2019-06-05,97.37,RED
2019-06-06,97.03,RED
2019-06-07,96.61,YELLOW
2019-06-10,96.76,YELLOW
2019-06-11,96.69,YELLOW
2019-06-12,97.0,RED
2019-06-13,97.01,RED
2019-06-14,97.57,RED
2019-06-17,97.56,RED
2019-06-18,97.64,RED
2019-06-19,97.12,RED
2019-06-20,96.63,YELLOW
2019-06-21,96.22,YELLOW
2019-06-24,95.98,YELLOW
2019-06-25,96.16,YELLOW
2019-06-26,96.21,YELLOW
2019-06-27,96.19,YELLOW
2019-06-28,96.13,YELLOW
2019-07-01,96.84,YELLOW
2019-07-02,96.73,YELLOW
2019-07-03,96.77,YELLOW
2019-07-05,97.25,RED
2019-07-08,97.38,RED
2019-07-09,97.49,RED
2019-07-10,97.1,RED
2019-07-11,97.05,RED
2019-07-12,96.81,YELLOW
2019-07-15,96.93,YELLOW
2019-07-16,97.4,RED
2019-07-17,97.22,RED
2019-07-18,96.79,YELLOW
2019-07-19,97.15,RED
2019-07-22,97.26,RED
2019-07-23,97.71,RED
2019-07-24,97.73,RED
2019-07-25,97.82,RED
2019-07-26,98.01,RED
2019-07-29,98.04,RED
2019-07-30,98.05,RED
2019-07-31,98.52,RED
2019-08-01,98.39,RED
2019-08-02,98.1,RED
2019-08-05,97.5,RED
2019-08-06,97.63,RED
2019-08-07,97.54,RED
2019-08-08,97.62,RED
2019-08-09,97.49,RED
2019-08-12,97.38,RED
2019-08-13,97.81,RED
2019-08-14,97.99,RED
2019-08-15,98.14,RED
2019-08-16,98.14,RED
2019-08-19,98.35,RED
2019-08-20,98.19,RED
2019-08-21,98.3,RED
2019-08-22,98.17,RED
2019-08-23,97.64,RED
2019-08-26,98.08,RED
2019-08-27,98.0,RED
2019-08-28,98.21,RED
2019-08-29,98.51,RED
2019-08-30,98.92,RED
2019-09-03,98.95,RED
2019-09-04,98.45,RED
2019-09-05,98.41,RED
2019-09-06,98.39,RED
2019-09-09,98.28,RED
2019-09-10,98.33,RED
2019-09-11,98.65,RED
2019-09-12,98.31,RED
2019-09-13,98.26,RED
2019-09-16,98.65,RED
2019-09-17,98.26,RED
2019-09-18,98.6,RED
2019-09-19,98.27,RED
2019-09-20,98.51,RED
2019-09-23,98.6,RED
2019-09-24,98.34,RED
2019-09-25,99.04,RED
2019-09-26,99.21,RED
2019-09-27,99.11,RED
2019-09-30,99.38,RED
2019-10-01,99.13,RED
2019-10-02,99.04,RED
2019-10-03,98.86,RED
2019-10-04,98.81,RED
2019-10-07,98.99,RED
2019-10-08,99.14,RED
2019-10-09,99.12,RED
2019-10-10,98.71,RED
2019-10-11,98.3,RED
2019-10-14,98.45,RED
2019-10-15,98.29,RED
2019-10-16,98.01,RED
2019-10-17,97.61,YELLOW
2019-10-18,97.28,YELLOW
2019-10-21,97.33,YELLOW
2019-10-22,97.53,YELLOW
2019-10-23,97.47,YELLOW
2019-10-24,97.63,YELLOW
2019-10-25,97.83,RED
2019-10-28,97.76,RED
2019-10-29,97.69,RED
2019-10-30,97.65,RED
2019-10-31,97.35,YELLOW
2019-11-01,97.24,YELLOW
2019-11-04,97.51,YELLOW
2019-11-05,97.98,RED
2019-11-06,97.95,RED
2019-11-07,98.14,RED
2019-11-08,98.35,RED
2019-11-11,98.2,RED
2019-11-12,98.31,RED
2019-11-13,98.37,RED
2019-11-14,98.16,RED
2019-11-15,98.0,RED
2019-11-18,97.79,YELLOW
2019-11-19,97.86,RED
2019-11-20,97.93,RED
2019-11-21,97.99,RED
2019-11-22,98.27,RED
2019-11-25,98.32,RED
2019-11-26,98.25,RED
2019-11-27,98.41,RED
2019-11-29,98.27,RED
2019-12-02,97.86,YELLOW
2019-12-03,97.74,YELLOW
2019-12-04,97.65,YELLOW
2019-12-05,97.41,YELLOW
2019-12-06,97.7,YELLOW
2019-12-09,97.64,YELLOW
2019-12-10,97.41,YELLOW
2019-12-11,97.16,YELLOW
2019-12-12,97.4,YELLOW
2019-12-13,97.17,YELLOW
2019-12-16,97.07,YELLOW
2019-12-17,97.21,YELLOW
2019-12-18,97.41,YELLOW
2019-12-19,97.42,YELLOW
2019-12-20,97.71,YELLOW
2019-12-23,97.66,YELLOW
2019-12-24,97.65,YELLOW
2019-12-26,97.59,YELLOW
2019-12-27,96.92,GREEN
2019-12-30,96.74,GREEN
2019-12-31,96.39,GREEN
2020-01-02,96.85,GREEN
2020-01-03,96.84,GREEN
2020-01-06,96.67,GREEN
2020-01-07,96.98,GREEN
2020-01-08,97.3,YELLOW
2020-01-09,97.45,YELLOW
2020-01-10,97.36,YELLOW
2020-01-13,97.35,YELLOW
2020-01-14,97.37,YELLOW
2020-01-15,97.23,YELLOW
2020-01-16,97.32,YELLOW
2020-01-17,97.61,YELLOW
2020-01-21,97.53,YELLOW
2020-01-22,97.53,YELLOW
2020-01-23,97.69,YELLOW
2020-01-24,97.85,YELLOW
2020-01-27,97.96,RED
2020-01-28,98.02,RED
2020-01-29,97.99,RED
2020-01-30,97.87,YELLOW
2020-01-31,97.39,YELLOW
2020-02-03,97.8,YELLOW
2020-02-04,97.96,YELLOW
2020-02-05,98.27,RED
2020-02-06,98.5,RED
2020-02-07,98.68,RED
2020-02-10,98.83,RED
2020-02-11,98.72,RED
2020-02-12,99.05,RED
2020-02-13,99.07,RED
2020-02-14,99.12,RED
2020-02-18,99.46,RED
2020-02-19,99.6,RED
2020-02-20,99.87,RED
2020-02-21,99.26,RED
2020-02-24,99.29,RED
2020-02-25,98.97,RED
2020-02-26,99.0,RED
2020-02-27,98.44,RED
2020-02-28,98.13,RED
2020-03-02,97.36,YELLOW
2020-03-03,97.15,GREEN
2020-03-04,97.34,GREEN
2020-03-05,96.82,GREEN
2020-03-06,95.95,GREEN
2020-03-09,94.9,GREEN
2020-03-10,96.41,GREEN
2020-03-11,96.51,GREEN
2020-03-12,97.47,YELLOW
2020-03-13,98.75,RED
2020-03-16,98.09,YELLOW
2020-03-17,99.58,RED
2020-03-18,101.16,RED
2020-03-19,102.76,RED
2020-03-20,102.82,RED
2020-03-23,102.49,RED
2020-03-24,101.74,RED
2020-03-25,101.05,RED
2020-03-26,99.42,RED
2020-03-27,98.37,RED
2020-03-30,99.18,RED
2020-03-31,99.05,RED
2020-04-01,99.67,RED
2020-04-02,100.18,RED
2020-04-03,100.58,RED
2020-04-06,100.69,RED
2020-04-07,99.98,RED
2020-04-08,100.12,RED
2020-04-09,99.52,RED
2020-04-13,99.35,RED
2020-04-14,98.89,RED
2020-04-15,99.46,RED
2020-04-16,100.03,RED
2020-04-17,99.78,RED
2020-04-20,99.96,RED
2020-04-21,100.26,RED
2020-04-22,100.39,RED
2020-04-23,100.43,RED
2020-04-24,100.38,RED
2020-04-27,100.04,RED
2020-04-28,99.87,RED
2020-04-29,99.57,RED
2020-04-30,99.02,RED
2020-05-01,98.8,RED
2020-05-04,99.48,RED
2020-05-05,99.71,RED
2020-05-06,100.09,RED
2020-05-07,99.89,RED
2020-05-08,99.73,RED
2020-05-11,100.24,RED
2020-05-12,99.93,RED
2020-05-13,100.24,RED
2020-05-14,100.47,RED
2020-05-15,100.4,RED
2020-05-18,99.67,RED
2020-05-19,99.37,RED
2020-05-20,99.12,RED
2020-05-21,99.37,RED
2020-05-22,99.86,RED
2020-05-26,98.91,RED
2020-05-27,99.06,RED
2020-05-28,98.38,YELLOW
2020-05-29,98.34,YELLOW
2020-06-01,97.83,YELLOW
2020-06-02,97.67,YELLOW
2020-06-03,97.28,GREEN
2020-06-04,96.68,GREEN
2020-06-05,96.94,GREEN
2020-06-08,96.62,GREEN
2020-06-09,96.32,GREEN
2020-06-10,95.96,GREEN
2020-06-11,96.73,GREEN
2020-06-12,97.32,GREEN
2020-06-15,96.68,GREEN
2020-06-16,96.96,GREEN
2020-06-17,97.16,GREEN
2020-06-18,97.42,GREEN
2020-06-19,97.62,YELLOW
2020-06-22,97.04,GREEN
2020-06-23,96.69,GREEN
2020-06-24,97.15,GREEN
2020-06-25,97.43,GREEN
2020-06-26,97.5,GREEN
2020-06-29,97.54,YELLOW
2020-06-30,97.39,GREEN
2020-07-01,97.2,GREEN
2020-07-02,97.32,GREEN
2020-07-06,96.79,GREEN
2020-07-07,96.88,GREEN
2020-07-08,96.43,GREEN
2020-07-09,96.7,GREEN
2020-07-10,96.65,GREEN
2020-07-13,96.46,GREEN
2020-07-14,96.26,GREEN
2020-07-15,96.08,GREEN
2020-07-16,96.35,GREEN
2020-07-17,95.94,GREEN
2020-07-20,95.83,GREEN
2020-07-21,95.12,GREEN
2020-07-22,94.97,GREEN
2020-07-23,94.69,GREEN
2020-07-24,94.44,GREEN
2020-07-27,93.67,GREEN
2020-07-28,93.76,GREEN
2020-07-29,93.26,GREEN
2020-07-30,93.02,GREEN
2020-07-31,93.49,GREEN
2020-08-03,93.5,GREEN
2020-08-04,93.38,GREEN
2020-08-05,92.83,GREEN
2020-08-06,92.79,GREEN
2020-08-07,93.44,GREEN
2020-08-10,93.58,GREEN
2020-08-11,93.63,GREEN
2020-08-12,93.44,GREEN
2020-08-13,93.34,GREEN
2020-08-14,93.1,GREEN
2020-08-17,92.85,GREEN
2020-08-18,92.27,GREEN
2020-08-19,92.89,GREEN
2020-08-20,92.79,GREEN
2020-08-21,93.25,GREEN
2020-08-24,93.3,GREEN
2020-08-25,93.02,GREEN
2020-08-26,93.01,GREEN
2020-08-27,93.01,GREEN
2020-08-28,92.37,GREEN
2020-08-31,92.14,GREEN
2020-09-01,92.34,GREEN
2020-09-02,92.85,GREEN
2020-09-03,92.74,GREEN
2020-09-04,92.72,GREEN
2020-09-08,93.48,GREEN
2020-09-09,93.26,GREEN
2020-09-10,93.34,GREEN
2020-09-11,93.33,GREEN
2020-09-14,93.07,GREEN
2020-09-15,93.05,GREEN
2020-09-16,93.21,GREEN
2020-09-17,92.97,GREEN
2020-09-18,92.93,GREEN
2020-09-21,93.54,GREEN
2020-09-22,93.99,GREEN
2020-09-23,94.39,GREEN
2020-09-24,94.35,GREEN
2020-09-25,94.58,GREEN
2020-09-28,94.26,GREEN
2020-09-29,93.89,GREEN
2020-09-30,93.89,GREEN
2020-10-01,93.71,GREEN
2020-10-02,93.84,GREEN
2020-10-05,93.51,GREEN
2020-10-06,93.83,GREEN
2020-10-07,93.63,GREEN
2020-10-08,93.61,GREEN
2020-10-09,93.06,GREEN
2020-10-12,93.07,GREEN
2020-10-13,93.53,GREEN
2020-10-14,93.38,GREEN
2020-10-15,93.86,GREEN
2020-10-16,93.68,GREEN
2020-10-19,93.43,GREEN
2020-10-20,93.07,GREEN
2020-10-21,92.61,GREEN
2020-10-22,92.95,GREEN
2020-10-23,92.77,GREEN
2020-10-26,93.05,GREEN
2020-10-27,92.94,GREEN
2020-10-28,93.41,GREEN
2020-10-29,93.96,GREEN
2020-10-30,94.04,GREEN
2020-11-02,94.05,GREEN
2020-11-03,93.55,GREEN
2020-11-04,93.41,GREEN
2020-11-05,92.53,GREEN
2020-11-06,92.23,GREEN
2020-11-09,92.73,GREEN
2020-11-10,92.75,GREEN
2020-11-11,93.04,GREEN
2020-11-12,92.96,GREEN
2020-11-13,92.76,GREEN
2020-11-16,92.57,GREEN
2020-11-17,92.42,GREEN
2020-11-18,92.32,GREEN
2020-11-19,92.29,GREEN
2020-11-20,92.39,GREEN
2020-11-23,92.51,GREEN
2020-11-24,92.23,GREEN
2020-11-25,91.99,GREEN
2020-11-27,91.79,GREEN
2020-11-30,91.87,GREEN
2020-12-01,91.31,GREEN
2020-12-02,91.12,GREEN
2020-12-03,90.71,GREEN
2020-12-04,90.7,GREEN
2020-12-07,90.79,GREEN
2020-12-08,90.97,GREEN
2020-12-09,91.09,GREEN
2020-12-10,90.79,GREEN
2020-12-11,90.98,GREEN
2020-12-14,90.71,GREEN
2020-12-15,90.47,GREEN
2020-12-16,90.45,GREEN
2020-12-17,89.82,GREEN
2020-12-18,90.02,GREEN
2020-12-21,90.04,GREEN
2020-12-22,90.65,GREEN
2020-12-23,90.41,GREEN
2020-12-24,90.33,GREEN
2020-12-28,90.34,GREEN
2020-12-29,90.01,GREEN
2020-12-30,89.63,GREEN
2020-12-31,89.94,GREEN
2021-01-04,89.88,GREEN
2021-01-05,89.44,GREEN
2021-01-06,89.53,GREEN
2021-01-07,89.83,GREEN
2021-01-08,90.1,GREEN
2021-01-11,90.54,GREEN
2021-01-12,90.05,GREEN
2021-01-13,90.32,GREEN
2021-01-14,90.24,GREEN
2021-01-15,90.78,GREEN
2021-01-19,90.5,GREEN
2021-01-20,90.47,GREEN
2021-01-21,90.13,GREEN
2021-01-22,90.24,GREEN
2021-01-25,90.39,GREEN
2021-01-26,90.17,GREEN
2021-01-27,90.65,GREEN
2021-01-28,90.46,GREEN
2021-01-29,90.58,GREEN
2021-02-01,91.02,GREEN
2021-02-02,91.2,GREEN
2021-02-03,91.12,GREEN
2021-02-04,91.53,GREEN
2021-02-05,91.04,GREEN
2021-02-08,90.93,GREEN
2021-02-09,90.44,GREEN
2021-02-10,90.37,GREEN
2021-02-11,90.42,GREEN
2021-02-12,90.48,GREEN
2021-02-16,90.51,GREEN
2021-02-17,90.95,GREEN
2021-02-18,90.59,GREEN
2021-02-19,90.36,GREEN
2021-02-22,90.01,GREEN
2021-02-23,90.17,GREEN
2021-02-24,90.18,GREEN
2021-02-25,90.13,GREEN
2021-02-26,90.93,GREEN
2021-03-01,91.04,GREEN
2021-03-02,90.79,GREEN
2021-03-03,90.95,GREEN
2021-03-04,91.63,GREEN
2021-03-05,91.98,GREEN
2021-03-08,92.31,GREEN
2021-03-09,91.96,GREEN
2021-03-10,91.79,GREEN
2021-03-11,91.42,GREEN
2021-03-12,91.68,GREEN
2021-03-15,91.83,GREEN
2021-03-16,91.87,GREEN
2021-03-17,91.4,GREEN
2021-03-18,91.85,GREEN
2021-03-19,91.92,GREEN
2021-03-22,91.8,GREEN
2021-03-23,92.34,YELLOW
2021-03-24,92.53,YELLOW
2021-03-25,92.88,YELLOW
2021-03-26,92.77,YELLOW
2021-03-29,92.94,YELLOW
2021-03-30,93.3,YELLOW
2021-03-31,93.23,YELLOW
2021-04-01,92.93,YELLOW
2021-04-05,92.6,YELLOW
2021-04-06,92.34,YELLOW
2021-04-07,92.46,YELLOW
2021-04-08,92.06,YELLOW
2021-04-09,92.16,YELLOW
2021-04-12,92.14,YELLOW
2021-04-13,91.85,GREEN
2021-04-14,91.69,GREEN
2021-04-15,91.67,GREEN
2021-04-16,91.56,GREEN
2021-04-19,91.07,GREEN
2021-04-20,91.24,GREEN
2021-04-21,91.16,GREEN
2021-04-22,91.33,GREEN
2021-04-23,90.86,GREEN
2021-04-26,90.81,GREEN
2021-04-27,90.91,GREEN
2021-04-28,90.61,GREEN
2021-04-29,90.61,GREEN
2021-04-30,91.28,GREEN
2021-05-03,90.95,GREEN
2021-05-04,91.29,GREEN
2021-05-05,91.31,GREEN
2021-05-06,90.95,GREEN
2021-05-07,90.23,GREEN
2021-05-10,90.21,GREEN
2021-05-11,90.14,GREEN
2021-05-12,90.71,GREEN
2021-05-13,90.75,GREEN
2021-05-14,90.32,GREEN
2021-05-17,90.22,GREEN
2021-05-18,89.75,GREEN
2021-05-19,90.19,GREEN
2021-05-20,89.81,GREEN
2021-05-21,90.02,GREEN
2021-05-24,89.83,GREEN
2021-05-25,89.64,GREEN
2021-05-26,90.04,GREEN
2021-05-27,89.97,GREEN
2021-05-28,90.03,GREEN
2021-06-01,89.83,GREEN
2021-06-02,89.9,GREEN
2021-06-03,90.5,GREEN
2021-06-04,90.14,GREEN
2021-06-07,89.95,GREEN
2021-06-08,90.08,GREEN
2021-06-09,90.12,GREEN
2021-06-10,90.08,GREEN
2021-06-11,90.56,GREEN
2021-06-14,90.52,GREEN
2021-06-15,90.54,GREEN
2021-06-16,91.13,YELLOW
2021-06-17,91.89,YELLOW
2021-06-18,92.23,YELLOW
2021-06-21,91.86,YELLOW
2021-06-22,91.73,YELLOW
2021-06-23,91.8,YELLOW
2021-06-24,91.82,YELLOW
2021-06-25,91.81,YELLOW
2021-06-28,91.88,YELLOW
2021-06-29,92.05,YELLOW
2021-06-30,92.44,YELLOW
2021-07-01,92.6,YELLOW
2021-07-02,92.23,YELLOW
2021-07-06,92.55,YELLOW
2021-07-07,92.64,YELLOW
2021-07-08,92.36,YELLOW
2021-07-09,92.13,YELLOW
2021-07-12,92.23,YELLOW
2021-07-13,92.75,YELLOW
2021-07-14,92.41,YELLOW
2021-07-15,92.62,YELLOW
2021-07-16,92.69,YELLOW
2021-07-19,92.89,RED
2021-07-20,92.97,RED
2021-07-21,92.75,YELLOW
2021-07-22,92.82,RED
2021-07-23,92.91,RED
2021-07-26,92.65,YELLOW
2021-07-27,92.43,YELLOW
2021-07-28,92.32,YELLOW
2021-07-29,91.86,YELLOW
2021-07-30,92.17,YELLOW
2021-08-02,92.05,YELLOW
2021-08-03,92.08,YELLOW
2021-08-04,92.27,YELLOW
2021-08-05,92.24,YELLOW
2021-08-06,92.8,RED
2021-08-09,92.95,RED
2021-08-10,93.06,RED
2021-08-11,92.91,RED
2021-08-12,93.04,RED
2021-08-13,92.52,YELLOW
2021-08-16,92.63,YELLOW
2021-08-17,93.13,RED
2021-08-18,93.14,RED
2021-08-19,93.57,RED
2021-08-20,93.5,RED
2021-08-23,92.96,RED
2021-08-24,92.89,RED
2021-08-25,92.83,RED
2021-08-26,93.06,RED
2021-08-27,92.69,YELLOW
2021-08-30,92.65,YELLOW
2021-08-31,92.63,YELLOW
2021-09-01,92.45,YELLOW
2021-09-02,92.23,YELLOW
2021-09-03,92.04,YELLOW
2021-09-07,92.52,YELLOW
2021-09-08,92.65,RED
2021-09-09,92.48,YELLOW
2021-09-10,92.58,YELLOW
2021-09-13,92.62,YELLOW
2021-09-14,92.65,RED
2021-09-15,92.49,YELLOW
2021-09-16,92.86,RED
2021-09-17,93.2,RED
2021-09-20,93.24,RED
2021-09-21,93.2,RED
2021-09-22,93.46,RED
2021-09-23,93.1,RED
2021-09-24,93.33,RED
2021-09-27,93.38,RED
2021-09-28,93.77,RED
2021-09-29,94.34,RED
2021-09-30,94.25,RED
2021-10-01,94.04,RED
2021-10-04,93.81,RED
2021-10-05,93.98,RED
2021-10-06,94.27,RED
2021-10-07,94.22,RED
2021-10-08,94.07,RED
2021-10-11,94.32,RED
2021-10-12,94.52,RED
2021-10-13,94.08,RED
2021-10-14,93.96,RED
2021-10-15,93.94,RED
2021-10-18,93.95,RED
2021-10-19,93.79,RED
2021-10-20,93.56,RED
2021-10-21,93.77,RED
2021-10-22,93.61,RED
2021-10-25,93.81,RED
2021-10-26,93.95,RED
2021-10-27,93.86,RED
2021-10-28,93.35,RED
2021-10-29,94.12,RED
2021-11-01,93.88,RED
2021-11-02,94.09,RED
2021-11-03,93.86,RED
2021-11-04,94.35,RED
2021-11-05,94.32,RED
2021-11-08,94.05,RED
2021-11-09,93.96,RED
2021-11-10,94.85,RED
2021-11-11,95.18,RED
2021-11-12,95.13,RED
2021-11-15,95.41,RED
2021-11-16,95.92,RED
2021-11-17,95.83,RED
2021-11-18,95.54,RED
2021-11-19,96.07,RED
2021-11-22,96.5,RED
2021-11-23,96.49,RED
2021-11-24,96.84,RED
2021-11-26,96.09,RED
2021-11-29,96.34,RED
2021-11-30,95.99,RED
2021-12-01,96.05,RED
2021-12-02,96.13,RED
2021-12-03,96.12,RED
2021-12-06,96.29,RED
2021-12-07,96.37,RED
2021-12-08,95.89,RED
2021-12-09,96.27,RED
2021-12-10,96.05,RED
2021-12-13,96.32,RED
2021-12-14,96.57,RED
2021-12-15,96.51,RED
2021-12-16,96.04,RED
2021-12-17,96.57,RED
2021-12-20,96.55,RED
2021-12-21,96.49,RED
2021-12-22,96.08,RED
2021-12-23,96.02,RED
2021-12-27,96.09,RED
2021-12-28,96.2,RED
2021-12-29,95.93,RED
2021-12-30,95.97,RED
2021-12-31,95.67,RED
2022-01-03,96.24,RED
2022-01-04,96.29,RED
2022-01-05,96.19,RED
2022-01-06,96.25,RED
2022-01-07,95.74,RED
2022-01-10,95.99,RED
2022-01-11,95.62,RED
2022-01-12,95.0,RED
2022-01-13,94.79,RED
2022-01-14,95.17,RED
2022-01-18,95.73,RED
2022-01-19,95.51,RED
2022-01-20,95.74,RED
2022-01-21,95.64,RED
2022-01-24,95.92,RED
2022-01-25,95.95,RED
2022-01-26,96.49,RED
2022-01-27,97.26,RED
2022-01-28,97.27,RED
2022-01-31,96.54,RED
2022-02-01,96.39,RED
2022-02-02,95.94,RED
2022-02-03,95.38,RED
2022-02-04,95.48,RED
2022-02-07,95.4,RED
2022-02-08,95.64,RED
2022-02-09,95.49,RED
2022-02-10,95.55,RED
2022-02-11,96.08,RED
2022-02-14,96.37,RED
2022-02-15,95.99,RED
2022-02-16,95.7,RED
2022-02-17,95.8,RED
2022-02-18,96.04,RED
2022-02-22,96.03,RED
2022-02-23,96.19,RED
2022-02-24,97.14,RED
2022-02-25,96.62,RED
2022-02-28,96.71,RED
2022-03-01,97.41,RED
2022-03-02,97.39,RED
2022-03-03,97.79,RED
2022-03-04,98.65,RED
2022-03-07,99.29,RED
2022-03-08,99.06,RED
2022-03-09,97.97,RED
2022-03-10,98.51,RED
2022-03-11,99.12,RED
2022-03-14,99.06,RED
2022-03-15,99.07,RED
2022-03-16,98.38,RED
2022-03-17,98.01,RED
2022-03-18,98.23,RED
2022-03-21,98.5,RED
2022-03-22,98.49,RED
2022-03-23,98.62,RED
2022-03-24,98.79,RED
2022-03-25,98.81,RED
2022-03-28,99.09,RED
2022-03-29,98.4,RED
2022-03-30,97.79,RED
2022-03-31,98.31,RED
2022-04-01,98.63,RED
2022-04-04,98.99,RED
2022-04-05,99.47,RED
2022-04-06,99.6,RED
2022-04-07,99.75,RED
2022-04-08,99.8,RED
2022-04-11,99.93,RED
2022-04-12,100.29,RED
2022-04-13,99.88,RED
2022-04-14,100.32,RED
2022-04-18,100.78,RED
2022-04-19,100.96,RED
2022-04-20,100.39,RED
2022-04-21,100.58,RED
2022-04-22,101.22,RED
2022-04-25,101.75,RED
2022-04-26,102.3,RED
2022-04-27,102.95,RED
2022-04-28,103.62,RED
2022-04-29,102.96,RED
2022-05-02,103.74,RED
2022-05-03,103.47,RED
2022-05-04,102.59,RED
2022-05-05,103.75,RED
2022-05-06,103.66,RED
2022-05-09,103.65,RED
2022-05-10,103.92,RED
2022-05-11,103.85,RED
2022-05-12,104.85,RED
2022-05-13,104.56,RED
2022-05-16,104.19,RED
2022-05-17,103.36,RED
2022-05-18,103.81,RED
2022-05-19,102.72,RED
2022-05-20,103.15,RED
2022-05-23,102.08,RED
2022-05-24,101.86,RED
2022-05-25,102.06,RED
2022-05-26,101.83,RED
2022-05-27,101.67,RED
2022-05-31,101.75,RED
2022-06-01,102.55,RED
2022-06-02,101.77,RED
2022-06-03,102.14,RED
2022-06-06,102.44,RED
2022-06-07,102.32,RED
2022-06-08,102.54,RED
2022-06-09,103.22,RED
2022-06-10,104.15,RED
2022-06-13,105.08,RED
2022-06-14,105.52,RED
2022-06-15,105.16,RED
2022-06-16,103.63,RED
2022-06-17,104.7,RED
2022-06-21,104.44,RED
2022-06-22,104.2,RED
2022-06-23,104.43,RED
2022-06-24,104.19,RED
2022-06-27,103.94,RED
2022-06-28,104.51,RED
2022-06-29,105.11,RED
2022-06-30,104.69,RED
2022-07-01,105.14,RED
2022-07-05,106.5,RED
2022-07-06,107.1,RED
2022-07-07,107.13,RED
2022-07-08,107.01,RED
2022-07-11,108.02,RED
2022-07-12,108.07,RED
2022-07-13,107.96,RED
2022-07-14,108.54,RED
2022-07-15,108.06,RED
2022-07-18,107.37,RED
2022-07-19,106.68,RED
2022-07-20,107.08,RED
2022-07-21,106.91,RED
2022-07-22,106.73,RED
2022-07-25,106.48,RED
2022-07-26,107.19,RED
2022-07-27,106.45,RED
2022-07-28,106.35,RED
2022-07-29,105.9,RED
2022-08-01,105.45,RED
2022-08-02,106.24,RED
2022-08-03,106.51,RED
2022-08-04,105.69,RED
2022-08-05,106.62,RED
2022-08-08,106.44,RED
2022-08-09,106.37,RED
2022-08-10,105.2,RED
2022-08-11,105.09,RED
2022-08-12,105.63,RED
2022-08-15,106.55,RED
2022-08-16,106.5,RED
2022-08-17,106.57,RED
2022-08-18,107.48,RED
2022-08-19,108.17,RED
2022-08-22,109.05,RED
2022-08-23,108.62,RED
2022-08-24,108.68,RED
2022-08-25,108.47,RED
2022-08-26,108.8,RED
2022-08-29,108.84,RED
2022-08-30,108.77,RED
2022-08-31,108.7,RED
2022-09-01,109.69,RED
2022-09-02,109.53,RED
2022-09-06,110.21,RED
2022-09-07,109.84,RED
2022-09-08,109.71,RED
2022-09-09,109.0,RED
2022-09-12,108.33,RED
2022-09-13,109.82,RED
2022-09-14,109.66,RED
2022-09-15,109.74,RED
2022-09-16,109.76,RED
2022-09-19,109.74,RED
2022-09-20,110.22,RED
2022-09-21,110.64,RED
2022-09-22,111.35,RED
2022-09-23,113.19,RED
2022-09-26,114.1,RED
2022-09-27,114.11,RED
2022-09-28,112.6,RED
2022-09-29,112.25,RED
2022-09-30,112.12,RED
2022-10-03,111.75,RED
2022-10-04,110.07,RED
2022-10-05,111.07,RED
2022-10-06,112.26,RED
2022-10-07,112.8,RED
2022-10-10,113.14,RED
2022-10-11,113.22,RED
2022-10-12,113.32,RED
2022-10-13,112.36,RED
2022-10-14,113.31,RED
2022-10-17,112.04,RED
2022-10-18,112.13,RED
2022-10-19,112.98,RED
2022-10-20,112.88,RED
2022-10-21,112.01,RED
2022-10-24,111.99,RED
2022-10-25,110.95,RED
2022-10-26,109.7,RED
2022-10-27,110.59,RED
2022-10-28,110.67,RED
2022-10-31,111.53,RED
2022-11-01,111.48,RED
2022-11-02,111.35,RED
2022-11-03,112.93,RED
2022-11-04,110.88,RED
2022-11-07,110.12,RED
2022-11-08,109.62,RED
2022-11-09,110.55,RED
2022-11-10,108.21,RED
2022-11-11,106.29,YELLOW
2022-11-14,106.66,RED
2022-11-15,106.4,YELLOW
2022-11-16,106.28,YELLOW
2022-11-17,106.69,RED
2022-11-18,106.93,RED
2022-11-21,107.84,RED
2022-11-22,107.22,RED
2022-11-23,106.08,YELLOW
2022-11-25,105.96,YELLOW
2022-11-28,106.68,YELLOW
2022-11-29,106.82,YELLOW
2022-11-30,105.95,YELLOW
2022-12-01,104.73,YELLOW
2022-12-02,104.55,YELLOW
2022-12-05,105.29,YELLOW
2022-12-06,105.58,YELLOW
2022-12-07,105.1,YELLOW
2022-12-08,104.77,YELLOW
2022-12-09,104.81,YELLOW
2022-12-12,105.13,YELLOW
2022-12-13,103.98,YELLOW
2022-12-14,103.77,YELLOW
2022-12-15,104.56,YELLOW
2022-12-16,104.7,YELLOW
2022-12-19,104.72,YELLOW
2022-12-20,103.97,YELLOW
2022-12-21,104.16,YELLOW
2022-12-22,104.43,YELLOW
2022-12-23,104.31,YELLOW
2022-12-27,104.18,YELLOW
2022-12-28,104.46,YELLOW
2022-12-29,103.84,YELLOW
2022-12-30,103.52,YELLOW
2023-01-03,104.52,YELLOW
2023-01-04,104.25,YELLOW
2023-01-05,105.04,YELLOW
2023-01-06,103.88,YELLOW
2023-01-09,103.0,YELLOW
2023-01-10,103.24,YELLOW
2023-01-11,103.19,YELLOW
2023-01-12,102.25,YELLOW
2023-01-13,102.2,YELLOW
2023-01-17,102.39,YELLOW
2023-01-18,102.36,YELLOW
2023-01-19,102.06,GREEN
2023-01-20,102.01,GREEN
2023-01-23,102.14,GREEN
2023-01-24,101.92,GREEN
2023-01-25,101.64,GREEN
2023-01-26,101.84,GREEN
2023-01-27,101.93,GREEN
2023-01-30,102.28,YELLOW
2023-01-31,102.1,GREEN
2023-02-01,101.22,GREEN
2023-02-02,101.75,GREEN
2023-02-03,102.92,YELLOW
2023-02-06,103.62,YELLOW
2023-02-07,103.43,YELLOW
2023-02-08,103.41,YELLOW
2023-02-09,103.22,YELLOW
2023-02-10,103.63,YELLOW
2023-02-13,103.35,YELLOW
2023-02-14,103.23,YELLOW
2023-02-15,103.92,YELLOW
2023-02-16,103.86,YELLOW
2023-02-17,103.86,YELLOW
2023-02-21,104.18,YELLOW
2023-02-22,104.59,YELLOW
2023-02-23,104.6,YELLOW
2023-02-24,105.21,YELLOW
2023-02-27,104.67,YELLOW
2023-02-28,104.87,YELLOW
2023-03-01,104.48,YELLOW
2023-03-02,105.03,YELLOW
2023-03-03,104.52,YELLOW
2023-03-06,104.35,YELLOW
2023-03-07,105.62,YELLOW
2023-03-08,105.66,YELLOW
2023-03-09,105.31,YELLOW
2023-03-10,104.58,YELLOW
2023-03-13,103.6,YELLOW
2023-03-14,103.6,GREEN
2023-03-15,104.65,YELLOW
2023-03-16,104.42,YELLOW
2023-03-17,103.71,YELLOW
2023-03-20,103.28,GREEN
2023-03-21,103.26,GREEN
2023-03-22,102.35,GREEN
2023-03-23,102.53,GREEN
2023-03-24,103.12,GREEN
2023-03-27,102.86,GREEN
2023-03-28,102.43,GREEN
2023-03-29,102.64,GREEN
2023-03-30,102.14,GREEN
2023-03-31,102.51,GREEN
2023-04-03,102.09,GREEN
2023-04-04,101.59,GREEN
2023-04-05,101.85,GREEN
2023-04-06,101.82,GREEN
2023-04-10,102.58,GREEN
2023-04-11,102.2,GREEN
2023-04-12,101.5,GREEN
2023-04-13,101.01,GREEN
2023-04-14,101.55,GREEN
2023-04-17,102.1,GREEN
2023-04-18,101.75,GREEN
2023-04-19,101.97,GREEN
2023-04-20,101.84,GREEN
2023-04-21,101.82,GREEN
2023-04-24,101.35,GREEN
2023-04-25,101.86,GREEN
2023-04-26,101.47,GREEN
2023-04-27,101.5,GREEN
2023-04-28,101.67,GREEN
2023-05-01,102.15,GREEN
2023-05-02,101.96,GREEN
2023-05-03,101.34,GREEN
2023-05-04,101.4,GREEN
2023-05-05,101.21,GREEN
2023-05-08,101.37,GREEN
2023-05-09,101.64,GREEN
2023-05-10,101.48,GREEN
2023-05-11,102.06,GREEN
2023-05-12,102.68,GREEN
2023-05-15,102.43,GREEN
2023-05-16,102.56,GREEN
2023-05-17,102.88,GREEN
2023-05-18,103.58,YELLOW
2023-05-19,103.2,GREEN
2023-05-22,103.2,GREEN
2023-05-23,103.49,YELLOW
2023-05-24,103.89,YELLOW
2023-05-25,104.21,YELLOW
2023-05-26,104.21,YELLOW
2023-05-30,104.17,YELLOW
2023-05-31,104.32,YELLOW
2023-06-01,103.56,YELLOW
2023-06-02,104.02,YELLOW
2023-06-05,104.0,YELLOW
2023-06-06,104.13,YELLOW
2023-06-07,104.1,YELLOW
2023-06-08,103.34,GREEN
2023-06-09,103.56,GREEN
2023-06-12,103.63,YELLOW
2023-06-13,103.34,GREEN
2023-06-14,103.01,GREEN
2023-06-15,102.12,GREEN
2023-06-16,102.3,GREEN
2023-06-20,102.54,GREEN
2023-06-21,102.07,GREEN
2023-06-22,102.39,GREEN
2023-06-23,102.9,GREEN
2023-06-26,102.69,GREEN
2023-06-27,102.49,GREEN
2023-06-28,102.91,GREEN
2023-06-29,103.34,GREEN
2023-06-30,102.91,GREEN
2023-07-03,102.99,GREEN
2023-07-05,103.37,YELLOW
2023-07-06,103.17,GREEN
2023-07-07,102.27,GREEN
2023-07-10,101.97,GREEN
2023-07-11,101.73,GREEN
2023-07-12,100.52,GREEN
2023-07-13,99.77,GREEN
2023-07-14,99.91,GREEN
2023-07-17,99.84,GREEN
2023-07-18,99.94,GREEN
2023-07-19,100.28,GREEN
2023-07-20,100.88,GREEN
2023-07-21,101.07,GREEN
2023-07-24,101.35,GREEN
2023-07-25,101.35,GREEN
2023-07-26,100.89,GREEN
2023-07-27,101.77,GREEN
2023-07-28,101.62,GREEN
2023-07-31,101.86,GREEN
2023-08-01,102.3,GREEN
2023-08-02,102.59,GREEN
2023-08-03,102.54,GREEN
2023-08-04,102.02,GREEN
2023-08-07,102.05,GREEN
2023-08-08,102.53,GREEN
2023-08-09,102.49,GREEN
2023-08-10,102.52,GREEN
2023-08-11,102.84,YELLOW
2023-08-14,103.19,YELLOW
2023-08-15,103.21,YELLOW
2023-08-16,103.42,YELLOW
2023-08-17,103.44,YELLOW
2023-08-18,103.38,YELLOW
2023-08-21,103.33,YELLOW
2023-08-22,103.56,YELLOW
2023-08-23,103.36,YELLOW
2023-08-24,103.98,YELLOW
2023-08-25,104.08,YELLOW
2023-08-28,104.06,YELLOW
2023-08-29,103.55,YELLOW
2023-08-30,103.16,YELLOW
2023-08-31,103.62,YELLOW
2023-09-01,104.24,YELLOW
2023-09-05,104.81,RED
2023-09-06,104.86,RED
2023-09-07,105.06,RED
2023-09-08,105.09,RED
2023-09-11,104.57,YELLOW
2023-09-12,104.71,YELLOW
2023-09-13,104.77,RED
2023-09-14,105.41,RED
2023-09-15,105.32,RED
2023-09-18,105.2,RED
2023-09-19,105.2,RED
2023-09-20,105.16,RED
2023-09-21,105.36,RED
2023-09-22,105.58,RED
2023-09-25,106.0,RED
2023-09-26,106.23,RED
2023-09-27,106.67,RED
2023-09-28,106.22,RED
2023-09-29,106.17,RED
2023-10-02,106.9,RED
2023-10-03,107.0,RED
2023-10-04,106.8,RED
2023-10-05,106.33,RED
2023-10-06,106.04,RED
2023-10-09,106.08,RED
2023-10-10,105.83,RED
2023-10-11,105.82,RED
2023-10-12,106.57,RED
2023-10-13,106.65,RED
2023-10-16,106.24,RED
2023-10-17,106.25,RED
2023-10-18,106.57,RED
2023-10-19,106.25,RED
2023-10-20,106.16,RED
2023-10-23,105.54,RED
2023-10-24,106.27,RED
2023-10-25,106.53,RED
2023-10-26,106.6,RED
2023-10-27,106.56,RED
2023-10-30,106.12,RED
2023-10-31,106.66,RED
2023-11-01,106.88,RED
2023-11-02,106.12,RED
2023-11-03,105.02,RED
2023-11-06,105.22,RED
2023-11-07,105.54,RED
2023-11-08,105.59,RED
2023-11-09,105.91,RED
2023-11-10,105.86,RED
2023-11-13,105.66,RED
2023-11-14,104.11,YELLOW
2023-11-15,104.39,YELLOW
2023-11-16,104.37,YELLOW
2023-11-17,103.82,YELLOW
2023-11-20,103.47,YELLOW
2023-11-21,103.59,YELLOW
2023-11-22,103.92,YELLOW
2023-11-24,103.4,YELLOW
2023-11-27,103.2,YELLOW
2023-11-28,102.75,YELLOW
2023-11-29,102.77,YELLOW
2023-11-30,103.5,YELLOW
2023-12-01,103.27,YELLOW
2023-12-04,103.64,YELLOW
2023-12-05,104.05,YELLOW
2023-12-06,104.15,YELLOW
2023-12-07,103.54,YELLOW
2023-12-08,104.01,YELLOW
2023-12-11,104.1,YELLOW
2023-12-12,103.87,YELLOW
2023-12-13,102.87,YELLOW
2023-12-14,101.96,GREEN
2023-12-15,102.55,YELLOW
2023-12-18,102.51,GREEN
2023-12-19,102.17,GREEN
2023-12-20,102.41,GREEN
2023-12-21,101.84,GREEN
2023-12-22,101.7,GREEN
2023-12-26,101.47,GREEN
2023-12-27,100.99,GREEN
2023-12-28,101.23,GREEN
2023-12-29,101.33,GREEN
2024-01-02,102.2,GREEN
2024-01-03,102.46,YELLOW
2024-01-04,102.42,YELLOW
2024-01-05,102.41,YELLOW
2024-01-08,102.21,GREEN
2024-01-09,102.57,YELLOW
2024-01-10,102.36,GREEN
2024-01-11,102.29,GREEN
2024-01-12,102.4,YELLOW
2024-01-16,103.36,YELLOW
2024-01-17,103.45,YELLOW
2024-01-18,103.54,YELLOW
2024-01-19,103.29,YELLOW
2024-01-22,103.33,YELLOW
2024-01-23,103.62,YELLOW
2024-01-24,103.24,YELLOW
2024-01-25,103.57,YELLOW
2024-01-26,103.47,YELLOW
2024-01-29,103.61,YELLOW
2024-01-30,103.4,YELLOW
2024-01-31,103.27,YELLOW
2024-02-01,103.05,YELLOW
2024-02-02,103.92,YELLOW
2024-02-05,104.45,RED
2024-02-06,104.18,RED
2024-02-07,104.04,YELLOW
2024-02-08,104.15,YELLOW
2024-02-09,104.08,YELLOW
2024-02-12,104.17,YELLOW
2024-02-13,104.96,RED
2024-02-14,104.72,RED
2024-02-15,104.3,RED
2024-02-16,104.28,RED
2024-02-20,104.08,YELLOW
2024-02-21,104.01,YELLOW
2024-02-22,103.96,YELLOW
2024-02-23,103.94,YELLOW
2024-02-26,103.83,YELLOW
2024-02-27,103.83,YELLOW
2024-02-28,103.98,YELLOW
2024-02-29,104.16,RED
2024-03-01,103.86,YELLOW
2024-03-04,103.83,YELLOW
2024-03-05,103.8,YELLOW
2024-03-06,103.37,YELLOW
2024-03-07,102.82,YELLOW
2024-03-08,102.74,YELLOW
2024-03-11,102.87,YELLOW
2024-03-12,102.96,YELLOW
2024-03-13,102.79,YELLOW
2024-03-14,103.36,YELLOW
2024-03-15,103.43,YELLOW
2024-03-18,103.58,YELLOW
2024-03-19,103.81,YELLOW
2024-03-20,103.41,YELLOW
2024-03-21,104.0,YELLOW
2024-03-22,104.43,RED
2024-03-25,104.23,RED
2024-03-26,104.29,RED
2024-03-27,104.35,RED
2024-03-28,104.55,RED
2024-03-29,121.0191,RED
2024-04-01,105.02,RED
2024-04-02,104.82,RED
2024-04-03,104.25,RED
2024-04-04,104.12,YELLOW
2024-04-05,104.3,RED
2024-04-08,104.14,YELLOW
2024-04-09,104.15,YELLOW
2024-04-10,105.25,YELLOW
2024-04-11,105.28,YELLOW
2024-04-12,106.04,YELLOW
2024-04-15,106.21,YELLOW
2024-04-16,106.26,YELLOW
2024-04-17,105.95,YELLOW
2024-04-18,106.15,YELLOW
2024-04-19,106.15,YELLOW
2024-04-22,106.08,YELLOW
2024-04-23,105.69,YELLOW
2024-04-24,105.86,YELLOW
2024-04-25,105.6,YELLOW
2024-04-26,105.94,YELLOW
2024-04-29,105.58,YELLOW
2024-04-30,106.22,YELLOW
2024-05-01,105.76,YELLOW
2024-05-02,105.3,YELLOW
2024-05-03,105.03,YELLOW
2024-05-06,105.05,YELLOW
2024-05-07,105.41,YELLOW
2024-05-08,105.55,GREEN
2024-05-09,105.23,GREEN
2024-05-10,105.31,GREEN
2024-05-13,105.22,GREEN
2024-05-14,105.01,GREEN
2024-05-15,104.35,GREEN
2024-05-16,104.46,GREEN
2024-05-17,104.45,GREEN
2024-05-20,104.57,GREEN
2024-05-21,104.66,GREEN
2024-05-22,104.94,GREEN
2024-05-23,105.11,GREEN
2024-05-24,104.72,GREEN
2024-05-28,104.61,GREEN
2024-05-29,105.1,YELLOW
2024-05-30,104.72,GREEN
2024-05-31,104.67,GREEN
2024-06-03,104.14,GREEN
2024-06-04,104.11,GREEN
2024-06-05,104.27,GREEN
2024-06-06,104.1,GREEN
2024-06-07,104.89,YELLOW
2024-06-10,105.15,YELLOW
2024-06-11,105.23,YELLOW
2024-06-12,104.65,GREEN
2024-06-13,105.2,YELLOW
2024-06-14,105.55,YELLOW
2024-06-17,105.32,YELLOW
2024-06-18,105.26,YELLOW
2024-06-20,105.59,RED
2024-06-21,105.8,RED
2024-06-24,105.47,YELLOW
2024-06-25,105.61,RED
2024-06-26,106.05,RED
2024-06-27,105.91,RED
2024-06-28,105.87,RED
2024-07-01,105.9,RED
2024-07-02,105.72,RED
2024-07-03,105.4,YELLOW
2024-07-05,104.88,GREEN
2024-07-08,105.01,GREEN
2024-07-09,105.12,YELLOW
2024-07-10,105.05,YELLOW
2024-07-11,104.44,GREEN
2024-07-12,104.09,GREEN
2024-07-15,104.19,GREEN
2024-07-16,104.27,GREEN
2024-07-17,103.75,GREEN
2024-07-18,104.17,GREEN
2024-07-19,104.4,GREEN
2024-07-22,104.31,GREEN
2024-07-23,104.45,GREEN
2024-07-24,104.39,GREEN
2024-07-25,104.36,GREEN
2024-07-26,104.32,GREEN
2024-07-29,104.56,GREEN
2024-07-30,104.55,GREEN
2024-07-31,104.1,GREEN
2024-08-01,104.42,GREEN
2024-08-02,103.21,GREEN
2024-08-05,102.69,GREEN
2024-08-06,102.97,GREEN
2024-08-07,103.2,GREEN
2024-08-08,103.21,GREEN
2024-08-09,103.14,GREEN
2024-08-12,103.14,GREEN
2024-08-13,102.56,GREEN
2024-08-14,102.57,GREEN
2024-08-15,102.98,GREEN
2024-08-16,102.46,GREEN
2024-08-19,101.89,GREEN
2024-08-20,101.44,GREEN
2024-08-21,101.04,GREEN
2024-08-22,101.51,GREEN
2024-08-23,100.72,GREEN
2024-08-26,100.85,GREEN
2024-08-27,100.55,GREEN
2024-08-28,101.09,GREEN
2024-08-29,101.34,GREEN
2024-08-30,101.7,GREEN
2024-09-03,101.83,GREEN
2024-09-04,101.36,GREEN
2024-09-05,101.11,GREEN
2024-09-06,101.18,GREEN
2024-09-09,101.55,GREEN
2024-09-10,101.63,GREEN
2024-09-11,101.68,GREEN
2024-09-12,101.37,GREEN
2024-09-13,101.11,GREEN
2024-09-16,100.76,GREEN
2024-09-17,100.89,GREEN
2024-09-18,100.6,GREEN
2024-09-19,100.61,GREEN
2024-09-20,100.72,GREEN
2024-09-23,100.92,GREEN
2024-09-24,100.37,GREEN
2024-09-25,100.92,GREEN
2024-09-26,100.56,GREEN
2024-09-27,100.42,GREEN
2024-09-30,100.78,GREEN
2024-10-01,101.19,GREEN
2024-10-02,101.68,GREEN
2024-10-03,101.99,GREEN
2024-10-04,102.52,GREEN
2024-10-07,102.54,GREEN
2024-10-08,102.55,GREEN
2024-10-09,102.93,YELLOW
2024-10-10,102.99,YELLOW
2024-10-11,102.89,YELLOW
2024-10-14,103.3,YELLOW
2024-10-15,103.26,YELLOW
2024-10-16,103.59,YELLOW
2024-10-17,103.83,YELLOW
2024-10-18,103.49,YELLOW
2024-10-21,104.01,YELLOW
2024-10-22,104.08,YELLOW
2024-10-23,104.43,YELLOW
2024-10-24,104.06,YELLOW
2024-10-25,104.26,YELLOW
2024-10-28,104.32,YELLOW
2024-10-29,104.28,YELLOW
2024-10-30,103.99,YELLOW
2024-10-31,103.98,YELLOW
2024-11-01,104.28,YELLOW
2024-11-04,103.89,YELLOW
2024-11-05,103.42,YELLOW
2024-11-06,105.09,RED
2024-11-07,104.51,YELLOW
2024-11-08,105.0,YELLOW
2024-11-11,105.54,RED
2024-11-12,106.02,RED
2024-11-13,106.48,RED
2024-11-14,106.67,RED
2024-11-15,106.69,RED
2024-11-18,106.28,RED
2024-11-19,106.21,RED
2024-11-20,106.68,RED
2024-11-21,106.97,RED
2024-11-22,107.49,RED
2024-11-25,106.82,RED
2024-11-26,107.01,RED
2024-11-27,106.08,RED
2024-11-29,105.74,RED
2024-12-02,106.45,RED
2024-12-03,106.37,RED
2024-12-04,106.34,RED
2024-12-05,105.71,RED
2024-12-06,105.97,RED
2024-12-09,106.15,RED
2024-12-10,106.4,RED
2024-12-11,106.71,RED
2024-12-12,106.96,RED
2024-12-13,107.0,RED
2024-12-16,106.86,RED
2024-12-17,106.96,RED
2024-12-18,108.03,RED
2024-12-19,108.41,RED
2024-12-20,107.62,RED
2024-12-23,108.04,RED
2024-12-24,108.26,RED
2024-12-26,108.13,RED
2024-12-27,108.0,RED
2024-12-30,108.13,RED
2024-12-31,108.49,RED
2025-01-02,109.39,RED
2025-01-03,108.95,RED
2025-01-06,108.26,RED
2025-01-07,108.54,RED
2025-01-08,109.09,RED
2025-01-09,109.18,RED
2025-01-10,109.65,RED
2025-01-13,109.96,RED
2025-01-14,109.27,RED
2025-01-15,109.09,RED
2025-01-16,108.96,RED
2025-01-17,109.35,RED
2025-01-21,108.06,RED
2025-01-22,108.17,RED
2025-01-23,108.05,RED
2025-01-24,107.44,RED
2025-01-27,107.34,RED
2025-01-28,107.87,RED
2025-01-29,108.0,RED
2025-01-30,107.8,RED
2025-01-31,108.37,RED
2025-02-03,108.99,RED
2025-02-04,107.96,RED
2025-02-05,107.58,RED
2025-02-06,107.69,RED
2025-02-07,108.04,RED
2025-02-10,108.32,RED
2025-02-11,107.96,RED
2025-02-12,107.94,RED
2025-02-13,107.31,RED
2025-02-14,106.57,RED
2025-02-18,107.05,RED
2025-02-19,107.17,RED
2025-02-20,106.34,RED
2025-02-21,106.61,RED
2025-02-24,106.6,RED
2025-02-25,106.31,RED
2025-02-26,106.42,RED
2025-02-27,107.24,RED
2025-02-28,107.61,RED
2025-03-03,106.75,RED
2025-03-04,105.74,YELLOW
2025-03-05,105.74,YELLOW
2025-03-06,104.06,GREEN
2025-03-07,103.84,GREEN
2025-03-10,103.91,GREEN
2025-03-11,103.44,GREEN
2025-03-12,103.61,GREEN
2025-03-13,103.83,GREEN
2025-03-14,103.72,GREEN
2025-03-17,103.37,GREEN
2025-03-18,103.24,GREEN
2025-03-19,103.43,GREEN
2025-03-20,103.85,GREEN
2025-03-21,104.09,YELLOW
2025-03-24,104.26,YELLOW
2025-03-25,104.18,YELLOW
2025-03-26,104.55,YELLOW
2025-03-27,104.07,YELLOW
2025-03-28,104.04,GREEN
2025-03-31,104.21,YELLOW
2025-04-01,104.26,YELLOW
2025-04-02,103.81,GREEN
2025-04-03,102.07,GREEN
2025-04-04,103.02,GREEN
2025-04-07,103.26,GREEN
2025-04-08,102.96,GREEN
2025-04-09,102.9,GREEN
2025-04-10,100.87,GREEN
2025-04-11,99.78,GREEN
2025-04-14,99.64,GREEN
2025-04-15,100.22,GREEN
2025-04-16,99.38,GREEN
2025-04-17,99.38,GREEN
2025-04-18,122.9865,YELLOW
2025-04-21,98.28,GREEN
2025-04-22,98.92,GREEN
2025-04-23,99.84,GREEN
2025-04-24,99.29,GREEN
2025-04-25,99.47,GREEN
2025-04-28,99.01,GREEN
2025-04-29,99.24,GREEN
2025-04-30,99.47,GREEN
2025-05-01,100.25,GREEN
2025-05-02,100.0,GREEN
2025-05-05,99.83,GREEN
2025-05-06,99.24,GREEN
2025-05-07,99.61,GREEN
2025-05-08,100.64,GREEN
2025-05-09,100.34,GREEN
2025-05-12,101.79,GREEN
2025-05-13,101.0,GREEN
2025-05-14,101.04,GREEN
2025-05-15,100.88,GREEN
2025-05-16,101.09,GREEN
2025-05-19,100.43,GREEN
2025-05-20,100.12,GREEN
2025-05-21,99.56,GREEN
2025-05-22,99.96,GREEN
2025-05-23,99.11,GREEN
2025-05-26,98.93,GREEN
2025-05-27,99.52,GREEN
2025-05-28,99.88,GREEN
2025-05-29,99.28,GREEN
2025-05-30,99.33,GREEN
2025-06-02,98.7,GREEN
2025-06-03,99.25,GREEN
2025-06-04,98.79,GREEN
2025-06-05,98.74,GREEN
2025-06-06,99.19,GREEN
2025-06-09,98.94,GREEN
2025-06-10,99.05,GREEN
2025-06-11,98.63,GREEN
2025-06-12,97.92,GREEN
2025-06-13,98.18,GREEN
2025-06-16,98.0,GREEN
2025-06-17,98.82,GREEN
2025-06-18,98.91,GREEN
2025-06-20,98.71,GREEN
2025-06-23,98.42,GREEN
2025-06-24,97.86,GREEN
2025-06-25,97.68,GREEN
2025-06-26,97.15,GREEN
2025-06-27,97.4,GREEN
2025-06-30,96.88,GREEN
2025-07-01,96.82,GREEN
2025-07-02,96.78,GREEN
2025-07-03,97.18,GREEN
2025-07-07,97.48,GREEN
2025-07-08,97.51,GREEN
2025-07-09,97.47,GREEN
2025-07-10,97.65,GREEN
2025-07-11,97.85,GREEN
2025-07-14,98.08,GREEN
2025-07-15,98.62,GREEN
2025-07-16,98.39,GREEN
2025-07-17,98.73,GREEN
2025-07-18,98.48,GREEN
2025-07-21,97.85,GREEN
2025-07-22,97.39,GREEN
2025-07-23,97.21,GREEN
2025-07-24,97.38,GREEN
2025-07-25,97.65,GREEN
2025-07-28,98.66,GREEN
2025-07-29,98.91,GREEN
2025-07-30,99.94,GREEN
2025-07-31,100.03,GREEN
2025-08-01,98.69,GREEN
2025-08-04,98.78,GREEN
2025-08-05,98.78,GREEN
2025-08-06,98.18,GREEN
2025-08-07,98.4,GREEN
2025-08-08,98.18,GREEN
2025-08-11,98.52,GREEN
2025-08-12,98.1,GREEN
2025-08-13,97.84,GREEN
2025-08-14,98.25,GREEN
2025-08-15,97.85,GREEN
2025-08-18,98.17,GREEN
2025-08-19,98.27,GREEN
2025-08-20,98.22,GREEN
2025-08-21,98.62,GREEN
2025-08-22,97.72,GREEN
2025-08-25,98.43,GREEN
2025-08-26,98.23,GREEN
2025-08-27,98.23,GREEN
2025-08-28,97.81,GREEN
2025-08-29,97.77,GREEN
2025-09-02,98.4,GREEN
2025-09-03,98.14,GREEN
2025-09-04,98.35,GREEN
2025-09-05,97.77,GREEN
2025-09-08,97.45,GREEN
2025-09-09,97.79,GREEN
2025-09-10,97.78,GREEN
2025-09-11,97.54,GREEN
2025-09-12,97.55,GREEN
2025-09-15,97.3,GREEN
2025-09-16,96.63,GREEN
2025-09-17,96.87,GREEN
2025-09-18,97.35,GREEN
2025-09-19,97.64,GREEN
2025-09-22,97.33,GREEN
2025-09-23,97.26,GREEN
2025-09-24,97.87,GREEN
2025-09-25,98.55,GREEN
2025-09-26,98.15,GREEN
2025-09-29,97.91,GREEN
2025-09-30,97.77,GREEN
2025-10-01,97.71,GREEN
2025-10-02,97.85,GREEN
2025-10-03,97.72,GREEN
2025-10-06,98.11,GREEN
2025-10-07,98.58,GREEN
2025-10-08,98.85,YELLOW
2025-10-09,99.54,YELLOW
2025-10-10,98.98,YELLOW
2025-10-13,99.27,YELLOW
2025-10-14,99.05,YELLOW
2025-10-15,98.79,YELLOW
2025-10-16,98.39,GREEN
2025-10-17,98.43,GREEN
2025-10-20,98.59,GREEN
2025-10-21,98.93,YELLOW
2025-10-22,98.9,YELLOW
2025-10-23,98.94,YELLOW
2025-10-24,98.95,YELLOW
2025-10-27,98.78,YELLOW
2025-10-28,98.69,YELLOW
2025-10-29,99.22,YELLOW
2025-10-30,99.53,YELLOW
2025-10-31,99.8,YELLOW
2025-11-03,99.87,YELLOW
2025-11-04,100.22,YELLOW
2025-11-05,100.2,YELLOW
2025-11-06,99.73,YELLOW
2025-11-07,99.6,YELLOW
2025-11-10,99.62,YELLOW
2025-11-11,99.46,YELLOW
2025-11-12,99.48,YELLOW
2025-11-13,99.18,YELLOW
2025-11-14,99.27,YELLOW
2025-11-17,99.59,YELLOW
2025-11-18,99.55,YELLOW
2025-11-19,100.23,YELLOW
2025-11-20,100.16,YELLOW
2025-11-21,100.18,YELLOW
2025-11-24,100.14,YELLOW
2025-11-25,99.66,YELLOW
2025-11-26,99.6,YELLOW
2025-11-28,99.46,YELLOW
2025-12-01,99.41,YELLOW
2025-12-02,99.36,YELLOW
2025-12-03,98.85,YELLOW
2025-12-04,98.99,YELLOW
2025-12-05,98.99,YELLOW
2025-12-08,99.09,YELLOW
2025-12-09,99.22,YELLOW
2025-12-10,98.79,YELLOW
2025-12-11,98.35,GREEN
2025-12-12,98.4,GREEN
2025-12-15,98.15,GREEN
2025-12-16,98.15,GREEN
2025-12-17,98.37,GREEN
2025-12-18,98.43,GREEN
2025-12-19,98.6,YELLOW
2025-12-22,98.29,GREEN
2025-12-23,97.94,GREEN
2025-12-24,97.98,GREEN
2025-12-26,98.02,GREEN
2025-12-29,98.04,GREEN
2025-12-30,98.24,GREEN
2025-12-31,98.28,GREEN
2026-01-02,98.42,YELLOW
2026-01-05,98.27,GREEN
2026-01-06,98.58,YELLOW
2026-01-07,98.68,YELLOW
2026-01-08,98.93,YELLOW
2026-01-09,99.13,YELLOW
2026-01-12,98.86,YELLOW
2026-01-13,99.13,YELLOW
2026-01-14,99.13,YELLOW
2026-01-15,99.32,YELLOW
2026-01-16,99.39,YELLOW
2026-01-20,98.64,YELLOW
2026-01-21,98.76,YELLOW
2026-01-22,98.36,GREEN
2026-01-23,97.6,GREEN
2026-01-26,97.04,GREEN
2026-01-27,96.22,GREEN
2026-01-28,96.45,GREEN
2026-01-29,96.28,GREEN
2026-01-30,96.99,GREEN
2026-02-02,97.61,GREEN
2026-02-03,97.44,GREEN
2026-02-04,97.62,GREEN
2026-02-05,97.82,GREEN
2026-02-06,97.63,GREEN
2026-02-09,96.82,GREEN
2026-02-10,96.8,GREEN
2026-02-11,96.83,GREEN
2026-02-12,96.93,GREEN
2026-02-13,96.88,GREEN
2026-02-17,97.16,GREEN
2026-02-18,97.7,GREEN
2026-02-19,97.93,GREEN
2026-02-20,97.8,GREEN
2026-02-23,97.7,GREEN
2026-02-24,97.88,GREEN
2026-02-25,97.7,GREEN
2026-02-26,97.79,GREEN
2026-02-27,97.61,GREEN
2026-03-02,98.38,YELLOW
2026-03-03,99.05,YELLOW
2026-03-04,98.77,YELLOW
2026-03-05,99.32,YELLOW
2026-03-06,98.99,YELLOW
2026-03-09,99.18,YELLOW
2026-03-10,98.83,YELLOW
2026-03-11,99.23,YELLOW
2026-03-12,99.74,RED
2026-03-13,100.36,RED
2026-03-16,99.71,RED
2026-03-17,99.58,RED
2026-03-18,100.09,RED
2026-03-19,99.23,YELLOW
2026-03-20,99.65,RED
2026-03-23,98.95,YELLOW
2026-03-24,99.43,RED
2026-03-25,99.6,RED
2026-03-26,99.9,RED
2026-03-27,100.15,RED
2026-03-30,100.51,RED
2026-03-31,99.96,RED
2026-04-01,99.65,RED
2026-04-02,100.03,RED
2026-04-03,120.6565,YELLOW
2026-04-06,99.98,RED
2026-04-07,99.64,RED
2026-04-08,99.13,YELLOW
2026-04-09,98.82,YELLOW
2026-04-10,98.65,YELLOW
2026-04-13,98.37,YELLOW
2026-04-14,98.12,YELLOW
2026-04-15,98.06,GREEN
2026-04-16,98.22,YELLOW
2026-04-17,98.1,GREEN
2026-04-20,98.05,GREEN
2026-04-21,98.41,YELLOW
2026-04-22,98.59,YELLOW
2026-04-23,98.8,YELLOW
2026-04-24,98.51,YELLOW
2026-04-26,98.64,YELLOW
2026-04-27,98.48,YELLOW
2026-04-28,98.62,YELLOW
2026-04-29,98.856,YELLOW
