date,value,signal
2002-11-12,120.21,RED
2002-11-13,122.88,RED
2002-11-14,130.29,RED
2002-11-15,132.35,RED
2002-11-18,129.14,RED
2002-11-19,126.49,RED
2002-11-20,125.87,RED
2002-11-21,127.02,RED
2002-11-22,126.27,RED
2002-11-25,120.84,RED
2002-11-26,120.81,RED
2002-11-27,128.31,RED
2002-11-29,127.52,RED
2002-12-02,127.52,RED
2002-12-03,130.64,RED
2002-12-04,131.06,RED
2002-12-05,130.44,RED
2002-12-06,128.46,RED
2002-12-09,122.96,RED
2002-12-10,115.59,YELLOW
2002-12-11,118.33,YELLOW
2002-12-12,117.16,YELLOW
2002-12-13,116.21,YELLOW
2002-12-16,120.33,RED
2002-12-17,119.83,YELLOW
2002-12-18,118.63,YELLOW
2002-12-19,124.07,RED
2002-12-20,125.25,RED
2002-12-23,124.78,RED
2002-12-24,121.25,RED
2002-12-26,118.61,YELLOW
2002-12-27,123.87,RED
2002-12-30,123.72,RED
2002-12-31,123.89,RED
2003-01-02,130.87,RED
2003-01-06,124.83,RED
2003-01-07,117.53,YELLOW
2003-01-08,119.42,YELLOW
2003-01-09,125.08,RED
2003-01-10,120.02,RED
2003-01-13,119.79,YELLOW
2003-01-14,114.16,YELLOW
2003-01-15,115.35,YELLOW
2003-01-16,115.15,YELLOW
2003-01-17,116.02,YELLOW
2003-01-21,114.8,YELLOW
2003-01-22,109.94,YELLOW
2003-01-23,107.73,YELLOW
2003-01-24,109.41,YELLOW
2003-01-27,117.73,YELLOW
2003-01-28,116.89,YELLOW
2003-01-29,114.49,YELLOW
2003-01-30,115.62,YELLOW
2003-01-31,110.89,YELLOW
2003-02-03,109.12,YELLOW
2003-02-04,112.06,YELLOW
2003-02-05,122.13,RED
2003-02-06,117.22,YELLOW
2003-02-07,115.49,YELLOW
2003-02-10,114.07,YELLOW
2003-02-11,112.32,YELLOW
2003-02-12,113.14,YELLOW
2003-02-13,116.34,YELLOW
2003-02-18,115.78,YELLOW
2003-02-19,107.13,YELLOW
2003-02-20,109.17,YELLOW
2003-02-21,104.85,YELLOW
2003-02-24,104.05,YELLOW
2003-02-25,103.1,YELLOW
2003-02-26,114.16,YELLOW
2003-02-27,103.8,YELLOW
2003-02-28,105.36,YELLOW
2003-03-03,101.76,YELLOW
2003-03-04,100.94,YELLOW
2003-03-05,103.15,YELLOW
2003-03-06,102.84,YELLOW
2003-03-07,104.6,YELLOW
2003-03-10,105.98,YELLOW
2003-03-11,104.28,YELLOW
2003-03-12,104.33,YELLOW
2003-03-13,110.99,YELLOW
2003-03-14,110.35,YELLOW
2003-03-17,118.37,YELLOW
2003-03-18,124.88,RED
2003-03-19,130.28,RED
2003-03-20,125.83,RED
2003-03-21,124.18,RED
2003-03-24,119.97,YELLOW
2003-03-25,116.45,YELLOW
2003-03-26,116.3,YELLOW
2003-03-27,115.06,YELLOW
2003-03-28,114.5,YELLOW
2003-03-31,112.09,YELLOW
2003-04-01,109.66,YELLOW
2003-04-02,116.79,YELLOW
2003-04-03,115.94,YELLOW
2003-04-04,114.37,YELLOW
2003-04-07,113.48,YELLOW
2003-04-08,110.08,YELLOW
2003-04-09,105.88,YELLOW
2003-04-10,103.57,YELLOW
2003-04-11,103.66,YELLOW
2003-04-14,102.72,YELLOW
2003-04-15,98.57,YELLOW
2003-04-16,96.03,YELLOW
2003-04-17,96.2,YELLOW
2003-04-21,95.8,YELLOW
2003-04-22,98.57,YELLOW
2003-04-23,95.79,YELLOW
2003-04-24,92.43,YELLOW
2003-04-25,91.66,YELLOW
2003-04-28,91.06,YELLOW
2003-04-29,90.64,YELLOW
2003-04-30,89.27,YELLOW
2003-05-01,89.67,YELLOW
2003-05-02,90.67,YELLOW
2003-05-05,88.07,YELLOW
2003-05-06,84.73,YELLOW
2003-05-07,86.37,YELLOW
2003-05-08,85.29,YELLOW
2003-05-09,82.56,YELLOW
2003-05-12,83.21,YELLOW
2003-05-13,84.97,YELLOW
2003-05-14,88.92,YELLOW
2003-05-15,94.39,YELLOW
2003-05-16,94.64,YELLOW
2003-05-19,97.88,YELLOW
2003-05-20,104.39,YELLOW
2003-05-21,108.54,YELLOW
2003-05-22,102.78,YELLOW
2003-05-23,99.53,YELLOW
2003-05-27,99.61,YELLOW
2003-05-28,100.35,YELLOW
2003-05-29,99.43,YELLOW
2003-05-30,99.81,YELLOW
2003-06-02,101.65,YELLOW
2003-06-04,105.18,YELLOW
2003-06-05,108.38,YELLOW
2003-06-06,103.35,YELLOW
2003-06-09,103.07,YELLOW
2003-06-11,104.7,YELLOW
2003-06-12,101.58,YELLOW
2003-06-13,103.18,YELLOW
2003-06-16,101.6,YELLOW
2003-06-17,105.35,YELLOW
2003-06-18,111.46,YELLOW
2003-06-19,113.39,YELLOW
2003-06-23,108.45,YELLOW
2003-06-24,105.66,YELLOW
2003-06-25,106.09,YELLOW
2003-06-26,106.6,YELLOW
2003-06-27,108.19,YELLOW
2003-06-30,103.6,YELLOW
2003-07-01,100.56,YELLOW
2003-07-02,106.1,YELLOW
2003-07-03,107.51,YELLOW
2003-07-07,104.88,YELLOW
2003-07-09,101.98,YELLOW
2003-07-10,103.09,YELLOW
2003-07-11,98.87,YELLOW
2003-07-14,99.3,YELLOW
2003-07-15,106.42,YELLOW
2003-07-16,109.89,YELLOW
2003-07-17,110.06,YELLOW
2003-07-18,104.92,YELLOW
2003-07-21,114.74,YELLOW
2003-07-22,120.5,RED
2003-07-23,117.2,YELLOW
2003-07-24,115.12,YELLOW
2003-07-25,115.93,YELLOW
2003-07-28,126.36,RED
2003-07-29,141.44,RED
2003-07-30,146.99,RED
2003-07-31,160.86,RED
2003-08-01,157.22,RED
2003-08-04,145.71,RED
2003-08-05,144.5,RED
2003-08-06,144.38,RED
2003-08-07,129.15,RED
2003-08-08,130.96,RED
2003-08-11,139.83,RED
2003-08-12,131.67,RED
2003-08-13,144.75,RED
2003-08-14,147.39,RED
2003-08-15,140.59,RED
2003-08-18,132.01,RED
2003-08-19,124.12,RED
2003-08-20,128.32,RED
2003-08-22,135.09,RED
2003-08-25,132.79,RED
2003-08-26,130.8,RED
2003-08-27,127.72,RED
2003-08-28,128.73,RED
2003-08-29,126.55,RED
2003-09-02,135.6,RED
2003-09-03,134.09,RED
2003-09-04,127.78,RED
2003-09-05,124.73,RED
2003-09-08,120.09,RED
2003-09-09,125.56,RED
2003-09-10,118.76,YELLOW
2003-09-11,120.41,RED
2003-09-12,120.87,RED
2003-09-15,119.28,YELLOW
2003-09-16,118.7,YELLOW
2003-09-17,117.82,YELLOW
2003-09-18,116.89,YELLOW
2003-09-19,112.4,YELLOW
2003-09-22,115.5,YELLOW
2003-09-23,115.2,YELLOW
2003-09-24,115.0,YELLOW
2003-09-25,112.7,YELLOW
2003-09-26,113.5,YELLOW
2003-09-29,115.43,YELLOW
2003-09-30,116.69,YELLOW
2003-10-01,118.24,YELLOW
2003-10-02,122.66,RED
2003-10-03,124.8,RED
2003-10-06,121.6,RED
2003-10-07,119.16,YELLOW
2003-10-08,121.7,RED
2003-10-09,120.16,RED
2003-10-10,118.27,YELLOW
2003-10-13,118.27,YELLOW
2003-10-14,118.15,YELLOW
2003-10-15,122.29,RED
2003-10-16,127.38,RED
2003-10-17,125.55,RED
2003-10-20,124.41,RED
2003-10-21,117.66,YELLOW
2003-10-22,118.17,YELLOW
2003-10-23,120.1,RED
2003-10-24,119.56,YELLOW
2003-10-27,118.2,YELLOW
2003-10-28,116.52,YELLOW
2003-10-29,111.84,YELLOW
2003-10-30,119.02,YELLOW
2003-10-31,118.76,YELLOW
2003-11-04,116.23,YELLOW
2003-11-05,119.46,YELLOW
2003-11-06,123.88,RED
2003-11-07,120.57,RED
2003-11-10,117.82,YELLOW
2003-11-12,115.81,YELLOW
2003-11-13,113.68,YELLOW
2003-11-14,114.25,YELLOW
2003-11-17,113.98,YELLOW
2003-11-18,114.1,YELLOW
2003-11-19,114.85,YELLOW
2003-11-20,114.85,YELLOW
2003-11-21,114.44,YELLOW
2003-11-24,109.97,YELLOW
2003-11-25,106.73,YELLOW
2003-11-26,104.85,YELLOW
2003-11-28,104.91,YELLOW
2003-12-01,113.14,YELLOW
2003-12-02,116.53,YELLOW
2003-12-03,117.88,YELLOW
2003-12-04,120.18,RED
2003-12-05,116.42,YELLOW
2003-12-08,113.76,YELLOW
2003-12-09,115.28,YELLOW
2003-12-10,112.91,YELLOW
2003-12-11,109.2,YELLOW
2003-12-12,111.05,YELLOW
2003-12-15,111.01,YELLOW
2003-12-16,110.05,YELLOW
2003-12-17,109.58,YELLOW
2003-12-18,107.11,YELLOW
2003-12-19,109.23,YELLOW
2003-12-22,114.09,YELLOW
2003-12-23,115.28,YELLOW
2003-12-24,116.23,YELLOW
2003-12-26,116.23,YELLOW
2003-12-29,116.47,YELLOW
2003-12-30,116.54,YELLOW
2003-12-31,117.91,YELLOW
2004-01-02,118.01,YELLOW
2004-01-05,113.84,YELLOW
2004-01-06,108.77,YELLOW
2004-01-07,110.91,YELLOW
2004-01-08,109.71,YELLOW
2004-01-09,102.82,YELLOW
2004-01-12,100.21,YELLOW
2004-01-13,97.54,YELLOW
2004-01-14,100.83,YELLOW
2004-01-15,103.64,YELLOW
2004-01-16,104.53,YELLOW
2004-01-20,102.73,YELLOW
2004-01-21,103.43,YELLOW
2004-01-22,105.73,YELLOW
2004-01-23,112.22,YELLOW
2004-01-26,114.44,YELLOW
2004-01-27,111.6,YELLOW
2004-01-28,116.53,YELLOW
2004-01-29,124.93,RED
2004-01-30,116.75,YELLOW
2004-02-02,116.21,YELLOW
2004-02-03,116.4,YELLOW
2004-02-04,120.71,RED
2004-02-05,125.73,RED
2004-02-06,115.11,YELLOW
2004-02-09,107.43,YELLOW
2004-02-10,107.42,YELLOW
2004-02-11,95.62,YELLOW
2004-02-12,96.34,YELLOW
2004-02-13,96.33,YELLOW
2004-02-17,93.61,YELLOW
2004-02-18,92.63,YELLOW
2004-02-19,91.65,YELLOW
2004-02-20,92.83,YELLOW
2004-02-23,91.04,YELLOW
2004-02-24,90.94,YELLOW
2004-02-25,92.36,YELLOW
2004-02-26,93.2,YELLOW
2004-02-27,90.14,YELLOW
2004-03-01,90.14,YELLOW
2004-03-02,96.08,YELLOW
2004-03-03,104.37,YELLOW
2004-03-04,100.23,YELLOW
2004-03-05,92.3,YELLOW
2004-03-08,91.58,YELLOW
2004-03-09,93.3,YELLOW
2004-03-10,95.49,YELLOW
2004-03-11,99.85,YELLOW
2004-03-12,97.75,YELLOW
2004-03-15,96.41,YELLOW
2004-03-16,95.02,YELLOW
2004-03-17,96.32,YELLOW
2004-03-18,97.6,YELLOW
2004-03-19,97.6,YELLOW
2004-03-22,97.6,YELLOW
2004-03-23,96.7,YELLOW
2004-03-24,96.7,YELLOW
2004-03-25,97.4,YELLOW
2004-03-26,105.3,YELLOW
2004-03-29,101.74,YELLOW
2004-03-30,102.0,YELLOW
2004-03-31,105.92,YELLOW
2004-04-01,112.4,YELLOW
2004-04-02,112.16,YELLOW
2004-04-05,115.96,YELLOW
2004-04-06,103.08,YELLOW
2004-04-07,117.34,YELLOW
2004-04-08,115.5,YELLOW
2004-04-12,112.14,YELLOW
2004-04-13,113.12,YELLOW
2004-04-14,115.3,YELLOW
2004-04-15,117.57,YELLOW
2004-04-16,117.46,YELLOW
2004-04-19,115.09,YELLOW
2004-04-20,118.35,YELLOW
2004-04-21,117.79,YELLOW
2004-04-22,113.14,YELLOW
2004-04-23,114.68,YELLOW
2004-04-26,114.21,YELLOW
2004-04-27,119.97,YELLOW
2004-04-28,120.24,RED
2004-04-29,121.55,RED
2004-04-30,122.93,RED
2004-05-03,123.06,RED
2004-05-04,119.98,YELLOW
2004-05-05,132.99,RED
2004-05-06,137.81,RED
2004-05-07,122.89,RED
2004-05-10,109.75,YELLOW
2004-05-11,106.33,YELLOW
2004-05-12,108.8,YELLOW
2004-05-13,114.53,YELLOW
2004-05-14,114.53,YELLOW
2004-05-17,112.43,YELLOW
2004-05-18,109.96,YELLOW
2004-05-19,109.49,YELLOW
2004-05-20,108.29,YELLOW
2004-05-21,107.77,YELLOW
2004-05-24,103.1,YELLOW
2004-05-25,103.59,YELLOW
2004-05-26,107.18,YELLOW
2004-05-27,104.78,YELLOW
2004-05-28,106.12,YELLOW
2004-06-01,108.71,YELLOW
2004-06-02,121.5,RED
2004-06-03,116.66,YELLOW
2004-06-04,102.33,YELLOW
2004-06-07,96.02,YELLOW
2004-06-08,97.12,YELLOW
2004-06-09,97.68,YELLOW
2004-06-10,98.71,YELLOW
2004-06-14,103.86,YELLOW
2004-06-15,101.1,YELLOW
2004-06-16,101.79,YELLOW
2004-06-17,101.33,YELLOW
2004-06-18,99.12,YELLOW
2004-06-21,97.36,YELLOW
2004-06-22,100.36,YELLOW
2004-06-23,101.36,YELLOW
2004-06-24,103.77,YELLOW
2004-06-25,100.95,YELLOW
2004-06-28,102.03,YELLOW
2004-06-29,99.96,YELLOW
2004-06-30,93.91,YELLOW
2004-07-01,99.72,YELLOW
2004-07-02,94.71,YELLOW
2004-07-06,91.13,YELLOW
2004-07-07,95.04,YELLOW
2004-07-08,94.43,YELLOW
2004-07-09,97.07,YELLOW
2004-07-12,97.53,YELLOW
2004-07-13,103.84,YELLOW
2004-07-14,102.19,YELLOW
2004-07-15,99.63,YELLOW
2004-07-16,99.71,YELLOW
2004-07-19,95.32,YELLOW
2004-07-20,97.18,YELLOW
2004-07-21,93.71,YELLOW
2004-07-22,91.86,YELLOW
2004-07-23,90.53,YELLOW
2004-07-26,90.23,YELLOW
2004-07-27,94.79,YELLOW
2004-07-28,98.09,YELLOW
2004-07-29,97.13,YELLOW
2004-07-30,97.21,YELLOW
2004-08-02,99.31,YELLOW
2004-08-03,98.9,YELLOW
2004-08-04,106.46,YELLOW
2004-08-05,106.83,YELLOW
2004-08-06,103.11,YELLOW
2004-08-09,98.85,YELLOW
2004-08-10,96.53,YELLOW
2004-08-11,89.72,YELLOW
2004-08-12,93.34,YELLOW
2004-08-13,96.13,YELLOW
2004-08-16,94.46,YELLOW
2004-08-17,102.42,YELLOW
2004-08-18,106.71,YELLOW
2004-08-19,100.68,YELLOW
2004-08-20,100.88,YELLOW
2004-08-23,104.42,YELLOW
2004-08-24,103.45,YELLOW
2004-08-25,102.94,YELLOW
2004-08-26,102.53,YELLOW
2004-08-27,102.0,YELLOW
2004-08-30,100.03,YELLOW
2004-08-31,102.66,YELLOW
2004-09-01,105.44,YELLOW
2004-09-02,106.86,YELLOW
2004-09-03,89.29,YELLOW
2004-09-07,84.95,YELLOW
2004-09-08,100.51,YELLOW
2004-09-09,98.73,YELLOW
2004-09-10,96.58,YELLOW
2004-09-13,91.73,YELLOW
2004-09-14,92.22,YELLOW
2004-09-15,91.98,YELLOW
2004-09-16,91.08,YELLOW
2004-09-17,93.66,YELLOW
2004-09-20,92.23,YELLOW
2004-09-21,88.24,YELLOW
2004-09-22,91.6,YELLOW
2004-09-23,98.19,YELLOW
2004-09-24,95.63,YELLOW
2004-09-27,93.39,YELLOW
2004-09-28,92.34,YELLOW
2004-09-29,92.56,YELLOW
2004-09-30,92.89,YELLOW
2004-10-01,93.08,YELLOW
2004-10-04,90.76,YELLOW
2004-10-05,87.42,YELLOW
2004-10-06,96.29,YELLOW
2004-10-07,100.6,YELLOW
2004-10-08,91.38,YELLOW
2004-10-12,92.54,YELLOW
2004-10-13,91.83,YELLOW
2004-10-14,91.22,YELLOW
2004-10-15,90.59,YELLOW
2004-10-18,86.88,YELLOW
2004-10-19,85.85,YELLOW
2004-10-20,92.1,YELLOW
2004-10-21,86.54,YELLOW
2004-10-22,85.84,YELLOW
2004-10-25,88.42,YELLOW
2004-10-26,91.91,YELLOW
2004-10-27,95.42,YELLOW
2004-10-28,97.27,YELLOW
2004-10-29,96.45,YELLOW
2004-11-01,96.79,YELLOW
2004-11-02,98.52,YELLOW
2004-11-03,105.38,YELLOW
2004-11-04,102.81,YELLOW
2004-11-05,92.68,YELLOW
2004-11-08,91.2,YELLOW
2004-11-09,89.04,YELLOW
2004-11-10,86.77,YELLOW
2004-11-12,85.93,YELLOW
2004-11-15,86.72,YELLOW
2004-11-16,86.83,YELLOW
2004-11-17,86.21,YELLOW
2004-11-18,86.0,YELLOW
2004-11-19,87.6,YELLOW
2004-11-22,86.04,YELLOW
2004-11-23,85.68,YELLOW
2004-11-24,83.2,YELLOW
2004-11-26,84.9,YELLOW
2004-11-29,90.65,YELLOW
2004-11-30,89.56,YELLOW
2004-12-01,88.23,YELLOW
2004-12-02,91.23,YELLOW
2004-12-03,78.12,GREEN
2004-12-06,72.33,GREEN
2004-12-07,66.76,GREEN
2004-12-08,82.02,YELLOW
2004-12-09,83.02,YELLOW
2004-12-10,82.98,YELLOW
2004-12-13,82.22,YELLOW
2004-12-14,80.23,YELLOW
2004-12-15,82.3,YELLOW
2004-12-16,86.3,YELLOW
2004-12-17,86.43,YELLOW
2004-12-20,81.64,YELLOW
2004-12-21,80.55,YELLOW
2004-12-22,81.08,YELLOW
2004-12-23,80.67,YELLOW
2004-12-27,82.63,YELLOW
2004-12-28,85.8,YELLOW
2004-12-29,85.1,YELLOW
2004-12-30,86.6,YELLOW
2004-12-31,86.6,YELLOW
2005-01-03,83.9,YELLOW
2005-01-04,83.3,YELLOW
2005-01-05,93.2,YELLOW
2005-01-06,92.4,YELLOW
2005-01-07,92.38,YELLOW
2005-01-10,79.01,GREEN
2005-01-11,77.85,GREEN
2005-01-12,76.95,GREEN
2005-01-13,75.77,GREEN
2005-01-14,76.61,GREEN
2005-01-18,76.53,GREEN
2005-01-19,75.96,GREEN
2005-01-20,74.46,GREEN
2005-01-21,76.3,GREEN
2005-01-24,76.95,GREEN
2005-01-25,77.32,GREEN
2005-01-26,78.19,GREEN
2005-01-27,80.21,YELLOW
2005-01-28,78.62,GREEN
2005-01-31,79.29,GREEN
2005-02-01,75.96,GREEN
2005-02-02,83.9,YELLOW
2005-02-03,83.78,YELLOW
2005-02-04,75.51,GREEN
2005-02-07,72.24,GREEN
2005-02-08,72.84,GREEN
2005-02-09,77.1,GREEN
2005-02-10,80.4,YELLOW
2005-02-11,81.95,YELLOW
2005-02-14,84.66,YELLOW
2005-02-15,84.12,YELLOW
2005-02-16,84.1,YELLOW
2005-02-17,74.24,GREEN
2005-02-18,78.46,GREEN
2005-02-22,83.99,YELLOW
2005-02-23,81.69,YELLOW
2005-02-24,82.94,YELLOW
2005-02-25,80.7,YELLOW
2005-02-28,90.05,YELLOW
2005-03-01,89.23,YELLOW
2005-03-02,101.41,YELLOW
2005-03-03,99.44,YELLOW
2005-03-04,83.0,YELLOW
2005-03-07,76.3,GREEN
2005-03-08,81.93,YELLOW
2005-03-09,92.1,YELLOW
2005-03-10,91.14,YELLOW
2005-03-11,93.7,YELLOW
2005-03-14,93.2,YELLOW
2005-03-15,92.0,YELLOW
2005-03-16,90.77,YELLOW
2005-03-17,92.12,YELLOW
2005-03-18,90.1,YELLOW
2005-03-21,91.3,YELLOW
2005-03-22,90.7,YELLOW
2005-03-23,89.0,YELLOW
2005-03-24,88.37,YELLOW
2005-03-28,88.91,YELLOW
2005-03-29,89.59,YELLOW
2005-03-30,91.0,YELLOW
2005-03-31,87.7,YELLOW
2005-04-01,75.16,GREEN
2005-04-04,75.11,GREEN
2005-04-05,73.64,GREEN
2005-04-06,81.15,YELLOW
2005-04-07,79.28,GREEN
2005-04-08,81.4,YELLOW
2005-04-11,78.2,GREEN
2005-04-12,75.94,GREEN
2005-04-13,75.59,GREEN
2005-04-14,74.42,GREEN
2005-04-15,83.84,YELLOW
2005-04-18,83.84,YELLOW
2005-04-19,84.11,YELLOW
2005-04-20,84.0,YELLOW
2005-04-21,85.81,YELLOW
2005-04-22,84.18,YELLOW
2005-04-25,78.55,GREEN
2005-04-26,79.2,GREEN
2005-04-27,79.12,GREEN
2005-04-28,78.25,GREEN
2005-04-29,82.53,YELLOW
2005-05-02,82.3,YELLOW
2005-05-03,81.5,YELLOW
2005-05-04,86.9,YELLOW
2005-05-05,82.98,YELLOW
2005-05-06,78.4,GREEN
2005-05-09,78.7,GREEN
2005-05-10,78.9,GREEN
2005-05-11,83.0,YELLOW
2005-05-12,82.17,YELLOW
2005-05-13,87.1,YELLOW
2005-05-16,88.5,YELLOW
2005-05-17,84.7,YELLOW
2005-05-18,81.22,YELLOW
2005-05-19,77.19,GREEN
2005-05-20,76.6,GREEN
2005-05-23,73.86,GREEN
2005-05-24,73.82,GREEN
2005-05-25,74.06,GREEN
2005-05-26,72.6,GREEN
2005-05-27,73.75,GREEN
2005-05-31,75.0,GREEN
2005-06-01,79.13,GREEN
2005-06-02,80.76,YELLOW
2005-06-03,78.9,GREEN
2005-06-06,78.44,GREEN
2005-06-07,77.86,GREEN
2005-06-08,82.96,YELLOW
2005-06-09,80.86,YELLOW
2005-06-10,82.53,YELLOW
2005-06-13,80.53,YELLOW
2005-06-14,80.17,YELLOW
2005-06-15,75.24,GREEN
2005-06-16,73.4,GREEN
2005-06-17,72.4,GREEN
2005-06-20,72.2,GREEN
2005-06-21,73.5,GREEN
2005-06-22,77.18,GREEN
2005-06-23,76.51,GREEN
2005-06-24,76.0,GREEN
2005-06-27,74.5,GREEN
2005-06-28,75.7,GREEN
2005-06-29,76.79,GREEN
2005-06-30,75.6,GREEN
2005-07-01,78.85,GREEN
2005-07-05,78.35,GREEN
2005-07-06,86.29,YELLOW
2005-07-07,87.85,YELLOW
2005-07-08,80.12,YELLOW
2005-07-11,82.93,YELLOW
2005-07-12,81.08,YELLOW
2005-07-13,81.49,YELLOW
2005-07-14,76.47,GREEN
2005-07-15,77.5,GREEN
2005-07-18,76.62,GREEN
2005-07-19,77.42,GREEN
2005-07-20,74.16,GREEN
2005-07-21,78.5,GREEN
2005-07-22,75.54,GREEN
2005-07-25,75.77,GREEN
2005-07-26,74.07,GREEN
2005-07-27,73.78,GREEN
2005-07-28,72.51,GREEN
2005-07-29,74.8,GREEN
2005-08-01,76.52,GREEN
2005-08-02,76.8,GREEN
2005-08-03,78.19,GREEN
2005-08-04,77.6,GREEN
2005-08-05,75.97,GREEN
2005-08-08,75.19,GREEN
2005-08-09,72.63,GREEN
2005-08-10,72.97,GREEN
2005-08-11,72.25,GREEN
2005-08-12,74.01,GREEN
2005-08-15,73.53,GREEN
2005-08-16,73.85,GREEN
2005-08-17,73.3,GREEN
2005-08-18,72.42,GREEN
2005-08-19,73.3,GREEN
2005-08-22,71.7,GREEN
2005-08-23,71.36,GREEN
2005-08-24,71.5,GREEN
2005-08-25,72.16,GREEN
2005-08-26,73.63,GREEN
2005-08-29,72.22,GREEN
2005-08-30,75.0,GREEN
2005-08-31,78.2,GREEN
2005-09-01,85.07,YELLOW
2005-09-02,80.66,YELLOW
2005-09-06,76.58,GREEN
2005-09-07,80.3,YELLOW
2005-09-08,80.33,YELLOW
2005-09-09,79.91,GREEN
2005-09-12,78.21,GREEN
2005-09-13,78.89,GREEN
2005-09-14,77.94,GREEN
2005-09-15,79.5,GREEN
2005-09-16,82.5,YELLOW
2005-09-19,82.4,YELLOW
2005-09-20,77.53,GREEN
2005-09-21,77.3,GREEN
2005-09-22,77.92,GREEN
2005-09-23,78.17,GREEN
2005-09-26,78.14,GREEN
2005-09-27,75.9,GREEN
2005-09-28,75.46,GREEN
2005-09-29,75.96,GREEN
2005-09-30,76.71,GREEN
2005-10-03,80.3,YELLOW
2005-10-04,77.87,GREEN
2005-10-05,81.65,YELLOW
2005-10-06,80.28,YELLOW
2005-10-07,77.48,GREEN
2005-10-11,77.54,GREEN
2005-10-12,77.6,GREEN
2005-10-13,80.0,YELLOW
2005-10-14,80.7,YELLOW
2005-10-17,81.1,YELLOW
2005-10-18,80.1,YELLOW
2005-10-19,80.09,YELLOW
2005-10-20,79.1,GREEN
2005-10-21,78.4,GREEN
2005-10-24,78.0,GREEN
2005-10-25,77.02,GREEN
2005-10-26,82.1,YELLOW
2005-10-27,80.7,YELLOW
2005-10-28,80.2,YELLOW
2005-10-31,80.08,YELLOW
2005-11-01,77.96,GREEN
2005-11-02,82.5,YELLOW
2005-11-03,83.4,YELLOW
2005-11-04,76.5,GREEN
2005-11-07,76.5,GREEN
2005-11-08,78.2,GREEN
2005-11-09,80.5,YELLOW
2005-11-10,79.88,GREEN
2005-11-14,80.9,YELLOW
2005-11-15,80.3,YELLOW
2005-11-16,79.09,GREEN
2005-11-17,78.83,GREEN
2005-11-18,76.51,GREEN
2005-11-21,73.1,GREEN
2005-11-22,73.1,GREEN
2005-11-23,73.31,GREEN
2005-11-25,72.06,GREEN
2005-11-28,72.13,GREEN
2005-11-29,73.99,GREEN
2005-11-30,73.5,GREEN
2005-12-01,73.5,GREEN
2005-12-02,69.39,GREEN
2005-12-05,67.7,GREEN
2005-12-06,67.3,GREEN
2005-12-07,71.44,GREEN
2005-12-08,70.6,GREEN
2005-12-09,71.89,GREEN
2005-12-12,72.2,GREEN
2005-12-13,68.36,GREEN
2005-12-14,70.92,GREEN
2005-12-15,71.2,GREEN
2005-12-16,70.27,GREEN
2005-12-19,67.7,GREEN
2005-12-20,66.31,GREEN
2005-12-21,66.4,GREEN
2005-12-22,66.5,GREEN
2005-12-23,67.89,GREEN
2005-12-27,68.43,GREEN
2005-12-28,70.26,GREEN
2005-12-29,71.23,GREEN
2005-12-30,72.09,GREEN
2006-01-03,73.29,GREEN
2006-01-04,74.69,GREEN
2006-01-05,72.86,GREEN
2006-01-06,69.12,GREEN
2006-01-09,64.9,GREEN
2006-01-10,65.51,GREEN
2006-01-11,64.5,GREEN
2006-01-12,64.9,GREEN
2006-01-13,64.9,GREEN
2006-01-17,63.5,GREEN
2006-01-18,66.55,GREEN
2006-01-19,66.24,GREEN
2006-01-20,66.2,GREEN
2006-01-23,67.72,GREEN
2006-01-24,67.5,GREEN
2006-01-25,72.2,GREEN
2006-01-26,74.91,GREEN
2006-01-27,73.7,GREEN
2006-01-30,75.65,GREEN
2006-01-31,73.7,GREEN
2006-02-01,72.8,GREEN
2006-02-02,72.14,GREEN
2006-02-03,68.74,GREEN
2006-02-06,67.3,GREEN
2006-02-07,68.04,GREEN
2006-02-08,70.0,GREEN
2006-02-09,71.4,GREEN
2006-02-10,72.4,GREEN
2006-02-13,71.14,GREEN
2006-02-14,71.4,GREEN
2006-02-15,67.0,GREEN
2006-02-16,62.5,GREEN
2006-02-17,62.53,GREEN
2006-02-21,60.4,GREEN
2006-02-22,57.5,GREEN
2006-02-23,57.8,GREEN
2006-02-24,55.24,GREEN
2006-02-27,56.22,GREEN
2006-02-28,56.86,GREEN
2006-03-01,58.31,GREEN
2006-03-02,62.66,GREEN
2006-03-03,63.11,GREEN
2006-03-06,66.31,GREEN
2006-03-07,68.5,GREEN
2006-03-08,69.5,GREEN
2006-03-09,66.6,GREEN
2006-03-10,62.5,GREEN
2006-03-13,63.2,GREEN
2006-03-14,64.4,GREEN
2006-03-15,63.36,GREEN
2006-03-16,65.43,GREEN
2006-03-17,64.51,GREEN
2006-03-20,63.2,GREEN
2006-03-21,64.6,GREEN
2006-03-22,63.2,GREEN
2006-03-23,64.21,GREEN
2006-03-24,65.7,GREEN
2006-03-27,64.0,GREEN
2006-03-28,62.5,GREEN
2006-03-29,65.97,GREEN
2006-03-30,69.9,GREEN
2006-03-31,68.6,GREEN
2006-04-03,68.6,GREEN
2006-04-04,67.0,GREEN
2006-04-05,68.3,GREEN
2006-04-06,68.6,GREEN
2006-04-07,70.8,GREEN
2006-04-10,67.77,GREEN
2006-04-11,69.8,GREEN
2006-04-12,69.4,GREEN
2006-04-13,71.7,GREEN
2006-04-17,69.7,GREEN
2006-04-18,68.83,GREEN
2006-04-19,67.95,GREEN
2006-04-20,66.5,GREEN
2006-04-21,66.0,GREEN
2006-04-24,64.4,GREEN
2006-04-25,67.1,GREEN
2006-04-26,66.8,GREEN
2006-04-27,65.1,GREEN
2006-04-28,63.0,GREEN
2006-05-01,63.9,GREEN
2006-05-02,66.1,GREEN
2006-05-03,70.6,GREEN
2006-05-04,69.1,GREEN
2006-05-05,65.6,GREEN
2006-05-08,64.5,GREEN
2006-05-09,65.1,GREEN
2006-05-10,63.2,GREEN
2006-05-11,63.8,GREEN
2006-05-12,65.8,GREEN
2006-05-15,65.8,GREEN
2006-05-16,64.4,GREEN
2006-05-17,65.2,GREEN
2006-05-18,65.2,GREEN
2006-05-19,68.8,GREEN
2006-05-22,71.1,GREEN
2006-05-23,68.3,GREEN
2006-05-24,71.9,GREEN
2006-05-25,68.7,GREEN
2006-05-26,67.1,GREEN
2006-05-30,66.0,GREEN
2006-05-31,67.1,GREEN
2006-06-01,66.5,GREEN
2006-06-02,65.5,GREEN
2006-06-05,64.3,GREEN
2006-06-06,64.0,GREEN
2006-06-07,66.4,GREEN
2006-06-08,67.1,GREEN
2006-06-09,66.1,GREEN
2006-06-12,64.3,GREEN
2006-06-13,64.6,GREEN
2006-06-14,64.3,GREEN
2006-06-15,64.2,GREEN
2006-06-16,65.4,GREEN
2006-06-19,66.3,GREEN
2006-06-20,66.8,GREEN
2006-06-21,67.0,GREEN
2006-06-22,69.3,GREEN
2006-06-23,70.7,GREEN
2006-06-26,69.0,GREEN
2006-06-27,67.5,GREEN
2006-06-28,67.2,GREEN
2006-06-29,65.1,GREEN
2006-06-30,65.5,GREEN
2006-07-03,65.5,GREEN
2006-07-05,67.6,GREEN
2006-07-06,66.9,GREEN
2006-07-07,64.0,GREEN
2006-07-10,65.0,GREEN
2006-07-11,64.3,GREEN
2006-07-12,64.9,GREEN
2006-07-13,68.0,GREEN
2006-07-14,68.9,GREEN
2006-07-17,69.5,GREEN
2006-07-18,69.8,GREEN
2006-07-19,66.1,GREEN
2006-07-20,66.4,GREEN
2006-07-21,66.1,GREEN
2006-07-24,64.9,GREEN
2006-07-25,63.7,GREEN
2006-07-26,63.7,GREEN
2006-07-27,63.6,GREEN
2006-07-28,63.7,GREEN
2006-07-31,63.4,GREEN
2006-08-01,61.8,GREEN
2006-08-02,66.2,GREEN
2006-08-03,66.1,GREEN
2006-08-04,62.5,GREEN
2006-08-07,61.6,GREEN
2006-08-08,59.2,GREEN
2006-08-09,58.4,GREEN
2006-08-10,60.7,GREEN
2006-08-11,58.8,GREEN
2006-08-14,58.0,GREEN
2006-08-15,59.4,GREEN
2006-08-16,59.9,GREEN
2006-08-17,59.9,GREEN
2006-08-18,59.3,GREEN
2006-08-21,58.0,GREEN
2006-08-22,59.6,GREEN
2006-08-23,59.4,GREEN
2006-08-24,58.7,GREEN
2006-08-25,58.3,GREEN
2006-08-28,57.1,GREEN
2006-08-29,57.7,GREEN
2006-08-30,58.1,GREEN
2006-08-31,59.8,GREEN
2006-09-01,56.7,GREEN
2006-09-05,55.1,GREEN
2006-09-06,57.4,GREEN
2006-09-07,55.8,GREEN
2006-09-08,56.4,GREEN
2006-09-11,56.3,GREEN
2006-09-12,56.9,GREEN
2006-09-13,57.5,GREEN
2006-09-14,57.5,GREEN
2006-09-15,55.9,GREEN
2006-09-18,56.2,GREEN
2006-09-19,56.2,GREEN
2006-09-20,55.0,GREEN
2006-09-21,59.5,GREEN
2006-09-22,69.5,GREEN
2006-09-25,70.2,GREEN
2006-09-26,66.7,GREEN
2006-09-27,65.8,GREEN
2006-09-28,63.5,GREEN
2006-09-29,63.1,GREEN
2006-10-02,62.6,GREEN
2006-10-03,61.0,GREEN
2006-10-04,66.3,GREEN
2006-10-05,66.0,GREEN
2006-10-06,63.7,GREEN
2006-10-10,63.1,GREEN
2006-10-11,62.0,GREEN
2006-10-12,60.7,GREEN
2006-10-13,60.3,GREEN
2006-10-16,59.1,GREEN
2006-10-17,61.1,GREEN
2006-10-18,59.1,GREEN
2006-10-19,58.4,GREEN
2006-10-20,56.6,GREEN
2006-10-23,58.6,GREEN
2006-10-24,57.7,GREEN
2006-10-25,57.1,GREEN
2006-10-26,58.3,GREEN
2006-10-27,59.5,GREEN
2006-10-30,58.5,GREEN
2006-10-31,60.9,GREEN
2006-11-01,63.8,GREEN
2006-11-02,63.5,GREEN
2006-11-03,60.9,GREEN
2006-11-06,58.9,GREEN
2006-11-07,60.9,GREEN
2006-11-08,63.5,GREEN
2006-11-09,62.0,GREEN
2006-11-10,63.5,GREEN
2006-11-13,65.1,GREEN
2006-11-14,66.3,GREEN
2006-11-15,66.2,GREEN
2006-11-16,64.5,GREEN
2006-11-17,65.0,GREEN
2006-11-20,63.6,GREEN
2006-11-21,62.7,GREEN
2006-11-22,62.9,GREEN
2006-11-24,63.0,GREEN
2006-11-27,65.1,GREEN
2006-11-28,67.1,GREEN
2006-11-29,66.9,GREEN
2006-11-30,68.5,GREEN
2006-12-01,72.25,GREEN
2006-12-04,70.1,GREEN
2006-12-05,71.6,GREEN
2006-12-06,75.0,GREEN
2006-12-07,75.6,GREEN
2006-12-08,71.1,GREEN
2006-12-11,68.3,GREEN
2006-12-12,64.7,GREEN
2006-12-13,65.2,GREEN
2006-12-14,64.5,GREEN
2006-12-15,64.25,GREEN
2006-12-18,62.7,GREEN
2006-12-19,63.4,GREEN
2006-12-20,61.5,GREEN
2006-12-21,61.8,GREEN
2006-12-22,65.3,GREEN
2006-12-26,64.6,GREEN
2006-12-27,65.1,GREEN
2006-12-28,65.9,GREEN
2006-12-29,66.8,GREEN
2007-01-03,70.9,GREEN
2007-01-04,72.0,GREEN
2007-01-05,67.4,GREEN
2007-01-08,64.3,GREEN
2007-01-09,61.8,GREEN
2007-01-10,62.2,GREEN
2007-01-11,63.0,GREEN
2007-01-12,61.2,GREEN
2007-01-16,60.9,GREEN
2007-01-17,60.1,GREEN
2007-01-18,58.0,GREEN
2007-01-19,57.2,GREEN
2007-01-22,57.2,GREEN
2007-01-23,57.2,GREEN
2007-01-24,57.5,GREEN
2007-01-25,60.75,GREEN
2007-01-26,60.3,GREEN
2007-01-29,60.0,GREEN
2007-01-30,61.9,GREEN
2007-01-31,61.6,GREEN
2007-02-01,61.3,GREEN
2007-02-02,56.1,GREEN
2007-02-05,54.9,GREEN
2007-02-06,56.3,GREEN
2007-02-07,60.5,GREEN
2007-02-08,58.9,GREEN
2007-02-09,60.1,GREEN
2007-02-12,60.0,GREEN
2007-02-13,59.8,GREEN
2007-02-14,59.8,GREEN
2007-02-15,61.1,GREEN
2007-02-16,60.7,GREEN
2007-02-20,60.9,GREEN
2007-02-21,57.8,GREEN
2007-02-22,57.5,GREEN
2007-02-23,57.8,GREEN
2007-02-26,61.6,GREEN
2007-02-27,70.3,GREEN
2007-02-28,69.8,GREEN
2007-03-01,72.9,GREEN
2007-03-02,76.7,GREEN
2007-03-05,74.5,GREEN
2007-03-06,67.1,GREEN
2007-03-07,71.3,GREEN
2007-03-08,69.8,GREEN
2007-03-09,63.6,GREEN
2007-03-12,65.3,GREEN
2007-03-13,72.2,GREEN
2007-03-14,69.7,GREEN
2007-03-15,67.9,GREEN
2007-03-16,67.0,GREEN
2007-03-19,66.0,GREEN
2007-03-20,66.0,GREEN
2007-03-21,66.2,GREEN
2007-03-22,67.2,GREEN
2007-03-23,68.7,GREEN
2007-03-26,68.2,GREEN
2007-03-27,69.7,GREEN
2007-03-28,69.9,GREEN
2007-03-29,65.9,GREEN
2007-03-30,67.9,GREEN
2007-04-02,65.9,GREEN
2007-04-03,63.8,GREEN
2007-04-04,66.1,GREEN
2007-04-05,64.0,GREEN
2007-04-09,58.3,GREEN
2007-04-10,60.2,GREEN
2007-04-11,58.7,GREEN
2007-04-12,57.9,GREEN
2007-04-13,57.8,GREEN
2007-04-16,58.7,GREEN
2007-04-17,59.3,GREEN
2007-04-18,59.2,GREEN
2007-04-19,59.4,GREEN
2007-04-20,59.1,GREEN
2007-04-23,57.8,GREEN
2007-04-24,58.8,GREEN
2007-04-25,57.8,GREEN
2007-04-26,58.7,GREEN
2007-04-27,57.8,GREEN
2007-04-30,59.8,GREEN
2007-05-01,58.9,GREEN
2007-05-02,61.1,GREEN
2007-05-03,60.8,GREEN
2007-05-04,57.1,GREEN
2007-05-07,54.5,GREEN
2007-05-08,54.3,GREEN
2007-05-09,53.3,GREEN
2007-05-10,52.8,GREEN
2007-05-11,52.4,GREEN
2007-05-14,52.5,GREEN
2007-05-15,51.2,GREEN
2007-05-16,51.6,GREEN
2007-05-17,52.7,GREEN
2007-05-18,56.7,GREEN
2007-05-21,55.4,GREEN
2007-05-22,54.6,GREEN
2007-05-23,56.0,GREEN
2007-05-24,56.5,GREEN
2007-05-25,56.9,GREEN
2007-05-29,56.5,GREEN
2007-05-30,57.6,GREEN
2007-05-31,58.9,GREEN
2007-06-01,58.0,GREEN
2007-06-04,54.7,GREEN
2007-06-05,55.3,GREEN
2007-06-06,58.9,GREEN
2007-06-07,70.8,GREEN
2007-06-08,79.1,GREEN
2007-06-11,69.5,GREEN
2007-06-12,85.2,YELLOW
2007-06-13,84.6,YELLOW
2007-06-14,78.3,GREEN
2007-06-15,70.6,GREEN
2007-06-18,68.1,GREEN
2007-06-19,68.4,GREEN
2007-06-20,71.4,GREEN
2007-06-21,76.3,GREEN
2007-06-22,76.3,GREEN
2007-06-25,79.0,GREEN
2007-06-26,77.2,GREEN
2007-06-27,79.4,GREEN
2007-06-28,75.5,GREEN
2007-06-29,77.5,GREEN
2007-07-02,76.0,GREEN
2007-07-03,73.5,GREEN
2007-07-05,76.5,GREEN
2007-07-06,74.4,GREEN
2007-07-09,74.4,GREEN
2007-07-10,78.1,GREEN
2007-07-11,77.0,GREEN
2007-07-12,75.5,GREEN
2007-07-13,73.1,GREEN
2007-07-16,71.1,GREEN
2007-07-17,69.8,GREEN
2007-07-18,71.4,GREEN
2007-07-19,68.9,GREEN
2007-07-20,72.2,GREEN
2007-07-23,75.3,GREEN
2007-07-24,76.7,GREEN
2007-07-25,78.4,GREEN
2007-07-26,93.5,YELLOW
2007-07-27,92.6,YELLOW
2007-07-30,97.9,YELLOW
2007-07-31,96.4,YELLOW
2007-08-01,94.3,YELLOW
2007-08-02,92.0,YELLOW
2007-08-03,95.4,YELLOW
2007-08-06,97.5,YELLOW
2007-08-07,86.9,YELLOW
2007-08-08,92.9,YELLOW
2007-08-09,118.5,YELLOW
2007-08-10,116.4,YELLOW
2007-08-13,111.7,YELLOW
2007-08-14,106.8,YELLOW
2007-08-15,102.7,YELLOW
2007-08-16,109.8,YELLOW
2007-08-17,106.9,YELLOW
2007-08-20,109.5,YELLOW
2007-08-21,114.4,YELLOW
2007-08-22,112.6,YELLOW
2007-08-23,111.4,YELLOW
2007-08-24,104.4,YELLOW
2007-08-27,103.9,YELLOW
2007-08-28,106.6,YELLOW
2007-08-29,107.5,YELLOW
2007-08-30,110.3,YELLOW
2007-08-31,111.0,YELLOW
2007-09-04,110.24,YELLOW
2007-09-05,113.5,YELLOW
2007-09-06,110.5,YELLOW
2007-09-07,116.9,YELLOW
2007-09-10,120.4,RED
2007-09-11,123.5,RED
2007-09-12,124.5,RED
2007-09-13,122.1,RED
2007-09-14,123.4,RED
2007-09-17,121.6,RED
2007-09-18,114.4,YELLOW
2007-09-19,106.25,YELLOW
2007-09-20,118.8,YELLOW
2007-09-21,103.2,YELLOW
2007-09-24,102.8,YELLOW
2007-09-25,106.5,YELLOW
2007-09-26,104.9,YELLOW
2007-09-27,103.3,YELLOW
2007-09-28,103.7,YELLOW
2007-10-01,104.9,YELLOW
2007-10-02,103.6,YELLOW
2007-10-03,101.8,YELLOW
2007-10-04,102.0,YELLOW
2007-10-05,98.1,YELLOW
2007-10-09,91.4,YELLOW
2007-10-10,86.6,YELLOW
2007-10-11,82.4,YELLOW
2007-10-12,79.6,GREEN
2007-10-15,79.3,GREEN
2007-10-16,82.8,YELLOW
2007-10-17,93.5,YELLOW
2007-10-18,92.3,YELLOW
2007-10-19,95.8,YELLOW
2007-10-22,97.4,YELLOW
2007-10-23,96.3,YELLOW
2007-10-24,104.9,YELLOW
2007-10-25,103.8,YELLOW
2007-10-26,102.04,YELLOW
2007-10-29,99.1,YELLOW
2007-10-30,96.34,YELLOW
2007-10-31,90.18,YELLOW
2007-11-01,100.25,YELLOW
2007-11-02,103.64,YELLOW
2007-11-05,102.56,YELLOW
2007-11-06,98.4,YELLOW
2007-11-07,107.98,YELLOW
2007-11-08,112.08,YELLOW
2007-11-09,112.08,YELLOW
2007-11-13,102.5,YELLOW
2007-11-14,95.36,YELLOW
2007-11-15,102.22,YELLOW
2007-11-16,99.14,YELLOW
2007-11-19,101.04,YELLOW
2007-11-20,109.2,YELLOW
2007-11-21,112.2,YELLOW
2007-11-23,112.1,YELLOW
2007-11-26,126.9,RED
2007-11-27,133.4,RED
2007-11-28,127.4,RED
2007-11-29,133.6,RED
2007-11-30,131.5,RED
2007-12-03,136.11,RED
2007-12-04,141.7,RED
2007-12-05,140.4,RED
2007-12-06,138.5,RED
2007-12-07,139.96,RED
2007-12-10,126.89,RED
2007-12-11,140.6,RED
2007-12-12,142.8,RED
2007-12-13,139.2,RED
2007-12-14,139.38,RED
2007-12-17,138.73,RED
2007-12-18,141.5,RED
2007-12-19,147.83,RED
2007-12-20,154.7,RED
2007-12-21,145.5,RED
2007-12-24,144.0,RED
2007-12-26,141.3,RED
2007-12-27,140.9,RED
2007-12-28,144.0,RED
2007-12-31,145.4,RED
2008-01-02,148.7,RED
2008-01-03,145.6,RED
2008-01-04,138.1,RED
2008-01-07,130.9,RED
2008-01-08,124.0,RED
2008-01-09,128.0,RED
2008-01-10,125.3,RED
2008-01-11,130.9,RED
2008-01-14,130.56,RED
2008-01-15,131.9,RED
2008-01-16,133.0,RED
2008-01-17,135.1,RED
2008-01-18,137.1,RED
2008-01-22,147.3,RED
2008-01-23,165.1,RED
2008-01-24,171.7,RED
2008-01-25,178.8,RED
2008-01-28,170.2,RED
2008-01-29,161.8,RED
2008-01-30,146.71,RED
2008-01-31,153.7,RED
2008-02-01,144.7,RED
2008-02-04,142.0,RED
2008-02-05,145.9,RED
2008-02-06,146.2,RED
2008-02-07,150.4,RED
2008-02-08,153.0,RED
2008-02-11,149.8,RED
2008-02-12,148.5,RED
2008-02-13,146.1,RED
2008-02-14,144.2,RED
2008-02-15,146.6,RED
2008-02-19,147.5,RED
2008-02-20,154.3,RED
2008-02-21,160.6,RED
2008-02-22,161.5,RED
2008-02-25,158.1,RED
2008-02-26,149.2,RED
2008-02-27,142.91,RED
2008-02-28,145.2,RED
2008-02-29,155.2,RED
2008-03-03,152.2,RED
2008-03-04,155.7,RED
2008-03-05,164.9,RED
2008-03-06,171.4,RED
2008-03-07,172.6,RED
2008-03-10,169.6,RED
2008-03-11,155.3,RED
2008-03-12,154.3,RED
2008-03-13,162.7,RED
2008-03-14,167.2,RED
2008-03-17,168.8,RED
2008-03-18,159.2,RED
2008-03-19,159.9,RED
2008-03-20,158.6,RED
2008-03-24,161.0,RED
2008-03-25,160.7,RED
2008-03-26,157.7,RED
2008-03-27,152.4,RED
2008-03-28,145.9,RED
2008-03-31,145.5,RED
2008-04-01,141.9,RED
2008-04-02,146.2,RED
2008-04-03,139.7,RED
2008-04-04,140.2,RED
2008-04-07,132.9,RED
2008-04-08,128.2,RED
2008-04-09,128.7,RED
2008-04-10,127.8,RED
2008-04-11,129.4,RED
2008-04-14,127.4,RED
2008-04-15,129.9,RED
2008-04-16,144.0,RED
2008-04-17,149.7,RED
2008-04-18,144.1,RED
2008-04-21,135.2,RED
2008-04-22,129.1,RED
2008-04-23,125.6,RED
2008-04-24,129.2,RED
2008-04-25,131.0,RED
2008-04-28,130.1,RED
2008-04-29,126.5,RED
2008-04-30,119.1,YELLOW
2008-05-01,115.2,YELLOW
2008-05-02,111.8,YELLOW
2008-05-05,108.9,YELLOW
2008-05-06,110.4,YELLOW
2008-05-07,116.1,YELLOW
2008-05-08,119.7,YELLOW
2008-05-09,121.1,RED
2008-05-12,118.3,YELLOW
2008-05-13,120.9,RED
2008-05-14,127.2,RED
2008-05-15,125.3,RED
2008-05-16,122.5,RED
2008-05-19,117.5,YELLOW
2008-05-20,116.6,YELLOW
2008-05-21,115.9,YELLOW
2008-05-22,120.9,RED
2008-05-23,120.4,RED
2008-05-27,121.1,RED
2008-05-28,126.6,RED
2008-05-29,131.6,RED
2008-05-30,130.2,RED
2008-06-02,130.5,RED
2008-06-03,132.7,RED
2008-06-04,131.9,RED
2008-06-05,133.8,RED
2008-06-06,139.6,RED
2008-06-09,151.0,RED
2008-06-10,149.6,RED
2008-06-11,144.6,RED
2008-06-12,148.9,RED
2008-06-13,153.7,RED
2008-06-16,143.5,RED
2008-06-17,142.2,RED
2008-06-18,140.4,RED
2008-06-19,136.8,RED
2008-06-20,137.8,RED
2008-06-23,136.7,RED
2008-06-24,134.8,RED
2008-06-25,129.8,RED
2008-06-26,133.7,RED
2008-06-27,132.5,RED
2008-06-30,126.0,RED
2008-07-01,128.5,RED
2008-07-02,133.1,RED
2008-07-03,125.1,RED
2008-07-07,123.0,RED
2008-07-08,118.9,YELLOW
2008-07-09,116.1,YELLOW
2008-07-10,118.7,YELLOW
2008-07-11,129.2,RED
2008-07-14,126.0,RED
2008-07-15,126.0,RED
2008-07-16,123.4,RED
2008-07-17,129.4,RED
2008-07-18,131.0,RED
2008-07-21,131.1,RED
2008-07-22,124.9,RED
2008-07-23,123.7,RED
2008-07-24,123.8,RED
2008-07-25,123.4,RED
2008-07-28,122.7,RED
2008-07-29,121.3,RED
2008-07-30,133.8,RED
2008-07-31,131.7,RED
2008-08-01,118.3,YELLOW
2008-08-04,117.2,YELLOW
2008-08-05,110.3,YELLOW
2008-08-06,112.3,YELLOW
2008-08-07,118.8,YELLOW
2008-08-08,109.1,YELLOW
2008-08-11,107.4,YELLOW
2008-08-12,110.9,YELLOW
2008-08-13,112.3,YELLOW
2008-08-14,111.8,YELLOW
2008-08-15,112.1,YELLOW
2008-08-18,112.8,YELLOW
2008-08-19,110.1,YELLOW
2008-08-20,110.7,YELLOW
2008-08-21,109.4,YELLOW
2008-08-22,109.8,YELLOW
2008-08-25,109.6,YELLOW
2008-08-26,108.2,YELLOW
2008-08-27,104.1,YELLOW
2008-08-28,103.0,YELLOW
2008-08-29,103.0,YELLOW
2008-09-02,102.4,YELLOW
2008-09-03,105.9,YELLOW
2008-09-04,115.2,YELLOW
2008-09-05,111.8,YELLOW
2008-09-08,116.3,YELLOW
2008-09-09,123.8,RED
2008-09-10,123.7,RED
2008-09-11,126.1,RED
2008-09-12,125.4,RED
2008-09-15,160.3,RED
2008-09-16,168.4,RED
2008-09-17,162.0,RED
2008-09-18,163.5,RED
2008-09-19,162.3,RED
2008-09-22,158.1,RED
2008-09-23,159.5,RED
2008-09-24,163.8,RED
2008-09-25,176.3,RED
2008-09-26,183.6,RED
2008-09-29,201.0,RED
2008-09-30,208.5,RED
2008-10-01,200.5,RED
2008-10-02,206.7,RED
2008-10-03,204.8,RED
2008-10-06,217.3,RED
2008-10-07,221.1,RED
2008-10-08,239.8,RED
2008-10-09,250.1,RED
2008-10-10,264.6,RED
2008-10-14,230.4,RED
2008-10-15,220.5,RED
2008-10-16,218.9,RED
2008-10-17,207.3,RED
2008-10-20,191.6,RED
2008-10-21,192.9,RED
2008-10-22,203.8,RED
2008-10-23,229.7,RED
2008-10-24,239.4,RED
2008-10-27,237.0,RED
2008-10-28,229.9,RED
2008-10-29,217.2,RED
2008-10-30,209.4,RED
2008-10-31,207.2,RED
2008-11-03,204.6,RED
2008-11-04,203.0,RED
2008-11-05,217.5,RED
2008-11-06,189.0,RED
2008-11-07,178.1,RED
2008-11-10,173.2,RED
2008-11-11,173.2,RED
2008-11-12,173.2,RED
2008-11-13,181.4,RED
2008-11-14,189.5,RED
2008-11-17,188.4,RED
2008-11-18,191.6,RED
2008-11-19,192.0,RED
2008-11-20,211.6,RED
2008-11-21,212.9,RED
2008-11-24,189.0,RED
2008-11-25,206.2,RED
2008-11-26,213.9,RED
2008-11-28,214.0,RED
2008-12-01,213.3,RED
2008-12-02,216.6,RED
2008-12-03,214.7,RED
2008-12-04,216.9,RED
2008-12-05,216.4,RED
2008-12-08,213.4,RED
2008-12-09,214.7,RED
2008-12-10,218.9,RED
2008-12-11,223.4,RED
2008-12-12,222.7,RED
2008-12-15,214.5,RED
2008-12-16,194.9,RED
2008-12-17,182.1,RED
2008-12-18,194.6,RED
2008-12-19,195.8,RED
2008-12-22,194.6,RED
2008-12-23,193.8,RED
2008-12-24,193.8,RED
2008-12-26,193.5,RED
2008-12-29,192.1,RED
2008-12-30,192.6,RED
2008-12-31,190.0,RED
2009-01-02,183.1,RED
2009-01-05,171.0,RED
2009-01-06,160.4,RED
2009-01-07,151.7,RED
2009-01-08,149.9,RED
2009-01-09,138.0,RED
2009-01-12,134.8,RED
2009-01-13,119.5,YELLOW
2009-01-14,119.4,YELLOW
2009-01-15,129.5,RED
2009-01-16,126.9,RED
2009-01-20,136.5,RED
2009-01-21,151.0,RED
2009-01-22,153.1,RED
2009-01-23,155.3,RED
2009-01-26,145.3,RED
2009-01-27,141.2,RED
2009-01-28,136.7,RED
2009-01-29,147.8,RED
2009-01-30,162.9,RED
2009-02-02,163.4,RED
2009-02-03,161.2,RED
2009-02-04,172.5,RED
2009-02-05,173.7,RED
2009-02-06,182.1,RED
2009-02-09,170.2,RED
2009-02-10,172.3,RED
2009-02-11,157.0,RED
2009-02-12,151.0,RED
2009-02-13,158.7,RED
2009-02-17,163.2,RED
2009-02-18,159.2,RED
2009-02-19,161.9,RED
2009-02-20,165.5,RED
2009-02-23,157.4,RED
2009-02-24,154.4,RED
2009-02-25,164.3,RED
2009-02-26,163.0,RED
2009-02-27,166.6,RED
2009-03-02,164.0,RED
2009-03-03,164.9,RED
2009-03-04,166.3,RED
2009-03-05,162.2,RED
2009-03-06,159.2,RED
2009-03-09,160.5,RED
2009-03-10,153.4,RED
2009-03-11,147.0,RED
2009-03-12,146.3,RED
2009-03-13,143.8,RED
2009-03-16,140.9,RED
2009-03-17,142.7,RED
2009-03-18,142.9,RED
2009-03-19,125.6,RED
2009-03-20,124.0,RED
2009-03-23,119.0,YELLOW
2009-03-24,119.3,YELLOW
2009-03-25,118.3,YELLOW
2009-03-26,120.5,RED
2009-03-27,117.9,YELLOW
2009-03-30,116.9,YELLOW
2009-03-31,117.3,YELLOW
2009-04-01,112.6,YELLOW
2009-04-02,111.7,YELLOW
2009-04-03,119.7,YELLOW
2009-04-06,122.9,RED
2009-04-07,118.5,YELLOW
2009-04-08,119.7,YELLOW
2009-04-09,119.7,YELLOW
2009-04-13,116.4,YELLOW
2009-04-14,107.7,YELLOW
2009-04-15,105.6,YELLOW
2009-04-16,109.0,YELLOW
2009-04-17,115.8,YELLOW
2009-04-20,115.1,YELLOW
2009-04-21,115.8,YELLOW
2009-04-22,120.2,RED
2009-04-23,120.2,RED
2009-04-24,125.8,RED
2009-04-27,125.8,RED
2009-04-28,122.6,RED
2009-04-29,120.7,RED
2009-04-30,124.2,RED
2009-05-01,129.2,RED
2009-05-04,127.8,RED
2009-05-05,125.4,RED
2009-05-06,125.2,RED
2009-05-07,129.1,RED
2009-05-08,130.5,RED
2009-05-11,124.7,RED
2009-05-12,126.3,RED
2009-05-13,126.2,RED
2009-05-14,123.5,RED
2009-05-15,122.3,RED
2009-05-18,122.1,RED
2009-05-19,122.7,RED
2009-05-20,122.6,RED
2009-05-21,129.8,RED
2009-05-22,147.2,RED
2009-05-26,146.1,RED
2009-05-27,163.8,RED
2009-05-28,167.5,RED
2009-05-29,165.4,RED
2009-06-01,190.3,RED
2009-06-02,183.9,RED
2009-06-03,162.9,RED
2009-06-04,169.0,RED
2009-06-05,183.4,RED
2009-06-08,183.0,RED
2009-06-09,175.3,RED
2009-06-10,178.4,RED
2009-06-11,171.7,RED
2009-06-12,171.8,RED
2009-06-15,166.5,RED
2009-06-16,167.2,RED
2009-06-17,170.1,RED
2009-06-18,187.3,RED
2009-06-19,182.3,RED
2009-06-22,173.2,RED
2009-06-23,173.1,RED
2009-06-24,164.9,RED
2009-06-25,161.0,RED
2009-06-26,159.0,RED
2009-06-29,158.4,RED
2009-06-30,162.5,RED
2009-07-01,161.6,RED
2009-07-02,149.1,RED
2009-07-06,148.1,RED
2009-07-07,138.6,RED
2009-07-08,136.5,RED
2009-07-09,136.5,RED
2009-07-10,135.9,RED
2009-07-13,137.8,RED
2009-07-14,145.0,RED
2009-07-15,151.8,RED
2009-07-16,148.9,RED
2009-07-17,156.3,RED
2009-07-20,149.7,RED
2009-07-21,143.9,RED
2009-07-22,144.4,RED
2009-07-23,147.3,RED
2009-07-24,143.6,RED
2009-07-27,143.1,RED
2009-07-28,140.2,RED
2009-07-29,139.6,RED
2009-07-30,139.1,RED
2009-07-31,138.5,RED
2009-08-03,141.1,RED
2009-08-04,141.0,RED
2009-08-05,145.4,RED
2009-08-06,147.7,RED
2009-08-07,153.4,RED
2009-08-10,149.1,RED
2009-08-11,149.9,RED
2009-08-12,147.5,RED
2009-08-13,145.8,RED
2009-08-14,144.7,RED
2009-08-17,144.2,RED
2009-08-18,136.7,RED
2009-08-19,136.0,RED
2009-08-20,131.9,RED
2009-08-21,132.3,RED
2009-08-24,131.1,RED
2009-08-25,130.1,RED
2009-08-26,125.5,RED
2009-08-27,125.4,RED
2009-08-28,129.1,RED
2009-08-31,130.7,RED
2009-09-01,135.0,RED
2009-09-02,137.6,RED
2009-09-03,134.1,RED
2009-09-04,127.6,RED
2009-09-08,123.2,RED
2009-09-09,114.6,YELLOW
2009-09-10,117.4,YELLOW
2009-09-11,114.7,YELLOW
2009-09-14,116.5,YELLOW
2009-09-15,119.6,YELLOW
2009-09-16,123.7,RED
2009-09-17,121.8,RED
2009-09-18,121.4,RED
2009-09-21,118.4,YELLOW
2009-09-22,118.0,YELLOW
2009-09-23,111.9,YELLOW
2009-09-24,109.8,YELLOW
2009-09-25,110.7,YELLOW
2009-09-28,109.9,YELLOW
2009-09-29,115.2,YELLOW
2009-09-30,113.8,YELLOW
2009-10-01,112.6,YELLOW
2009-10-02,107.8,YELLOW
2009-10-05,105.7,YELLOW
2009-10-06,107.2,YELLOW
2009-10-07,105.1,YELLOW
2009-10-08,101.8,YELLOW
2009-10-09,114.7,YELLOW
2009-10-13,111.1,YELLOW
2009-10-14,115.4,YELLOW
2009-10-15,117.8,YELLOW
2009-10-16,117.4,YELLOW
2009-10-19,114.7,YELLOW
2009-10-20,108.9,YELLOW
2009-10-21,111.9,YELLOW
2009-10-22,111.2,YELLOW
2009-10-23,113.4,YELLOW
2009-10-26,118.5,YELLOW
2009-10-27,114.1,YELLOW
2009-10-28,113.3,YELLOW
2009-10-29,116.6,YELLOW
2009-10-30,113.5,YELLOW
2009-11-02,113.7,YELLOW
2009-11-03,114.0,YELLOW
2009-11-04,116.2,YELLOW
2009-11-05,112.7,YELLOW
2009-11-06,105.0,YELLOW
2009-11-09,99.9,YELLOW
2009-11-10,95.7,YELLOW
2009-11-12,102.2,YELLOW
2009-11-13,97.2,YELLOW
2009-11-16,92.5,YELLOW
2009-11-17,91.2,YELLOW
2009-11-18,89.1,YELLOW
2009-11-19,86.9,YELLOW
2009-11-20,87.3,YELLOW
2009-11-23,87.7,YELLOW
2009-11-24,83.7,YELLOW
2009-11-25,82.8,YELLOW
2009-11-27,88.9,YELLOW
2009-11-30,86.1,YELLOW
2009-12-01,87.5,YELLOW
2009-12-02,88.1,YELLOW
2009-12-03,93.1,YELLOW
2009-12-04,95.3,YELLOW
2009-12-07,89.8,YELLOW
2009-12-08,86.1,YELLOW
2009-12-09,90.0,YELLOW
2009-12-10,90.9,YELLOW
2009-12-11,94.0,YELLOW
2009-12-14,93.3,YELLOW
2009-12-15,96.8,YELLOW
2009-12-16,94.4,YELLOW
2009-12-17,92.6,YELLOW
2009-12-18,93.8,YELLOW
2009-12-21,102.6,YELLOW
2009-12-22,107.7,YELLOW
2009-12-23,102.4,YELLOW
2009-12-24,105.0,YELLOW
2009-12-28,108.2,YELLOW
2009-12-29,108.9,YELLOW
2009-12-30,104.4,YELLOW
2009-12-31,107.5,YELLOW
2010-01-04,106.4,YELLOW
2010-01-05,102.5,YELLOW
2010-01-06,106.9,YELLOW
2010-01-07,104.4,YELLOW
2010-01-08,96.3,YELLOW
2010-01-11,93.0,YELLOW
2010-01-12,92.7,YELLOW
2010-01-13,95.5,YELLOW
2010-01-14,91.1,YELLOW
2010-01-15,89.8,YELLOW
2010-01-19,87.9,YELLOW
2010-01-20,88.3,YELLOW
2010-01-21,87.5,YELLOW
2010-01-22,88.3,YELLOW
2010-01-25,88.1,YELLOW
2010-01-26,88.8,YELLOW
2010-01-27,86.3,YELLOW
2010-01-28,87.9,YELLOW
2010-01-29,86.3,YELLOW
2010-02-01,85.3,YELLOW
2010-02-02,83.7,YELLOW
2010-02-03,90.0,YELLOW
2010-02-04,90.9,YELLOW
2010-02-05,89.1,YELLOW
2010-02-08,88.0,YELLOW
2010-02-09,88.1,YELLOW
2010-02-10,90.2,YELLOW
2010-02-11,89.2,YELLOW
2010-02-12,87.0,YELLOW
2010-02-16,85.5,YELLOW
2010-02-17,85.9,YELLOW
2010-02-18,87.2,YELLOW
2010-02-19,84.9,YELLOW
2010-02-22,81.4,YELLOW
2010-02-23,83.9,YELLOW
2010-02-24,83.2,YELLOW
2010-02-25,82.2,YELLOW
2010-02-26,81.2,YELLOW
2010-03-01,79.4,GREEN
2010-03-02,78.4,GREEN
2010-03-03,78.9,GREEN
2010-03-04,76.1,GREEN
2010-03-05,78.9,GREEN
2010-03-08,77.6,GREEN
2010-03-09,76.3,GREEN
2010-03-10,75.9,GREEN
2010-03-11,75.6,GREEN
2010-03-12,76.4,GREEN
2010-03-15,77.3,GREEN
2010-03-16,76.9,GREEN
2010-03-17,74.1,GREEN
2010-03-18,75.9,GREEN
2010-03-19,79.4,GREEN
2010-03-22,78.5,GREEN
2010-03-23,78.6,GREEN
2010-03-24,90.1,YELLOW
2010-03-25,89.5,YELLOW
2010-03-26,87.4,YELLOW
2010-03-29,87.1,YELLOW
2010-03-30,86.2,YELLOW
2010-03-31,85.3,YELLOW
2010-04-01,89.8,YELLOW
2010-04-05,90.1,YELLOW
2010-04-06,88.6,YELLOW
2010-04-07,92.2,YELLOW
2010-04-08,90.3,YELLOW
2010-04-09,89.8,YELLOW
2010-04-12,88.2,YELLOW
2010-04-13,86.7,YELLOW
2010-04-14,85.3,YELLOW
2010-04-15,83.9,YELLOW
2010-04-16,82.9,YELLOW
2010-04-19,82.3,YELLOW
2010-04-20,78.3,GREEN
2010-04-21,79.9,GREEN
2010-04-22,80.1,YELLOW
2010-04-23,85.2,YELLOW
2010-04-26,83.0,YELLOW
2010-04-27,88.9,YELLOW
2010-04-28,87.2,YELLOW
2010-04-29,83.3,YELLOW
2010-04-30,85.5,YELLOW
2010-05-03,83.6,YELLOW
2010-05-04,88.7,YELLOW
2010-05-05,95.8,YELLOW
2010-05-06,116.7,YELLOW
2010-05-07,112.6,YELLOW
2010-05-10,104.4,YELLOW
2010-05-11,96.8,YELLOW
2010-05-12,93.2,YELLOW
2010-05-13,89.5,YELLOW
2010-05-14,99.8,YELLOW
2010-05-17,96.6,YELLOW
2010-05-18,97.2,YELLOW
2010-05-19,98.1,YELLOW
2010-05-20,110.9,YELLOW
2010-05-21,108.7,YELLOW
2010-05-24,107.1,YELLOW
2010-05-25,112.7,YELLOW
2010-05-26,109.9,YELLOW
2010-05-27,111.5,YELLOW
2010-05-28,112.1,YELLOW
2010-06-01,110.3,YELLOW
2010-06-02,105.2,YELLOW
2010-06-03,104.3,YELLOW
2010-06-04,106.4,YELLOW
2010-06-07,106.1,YELLOW
2010-06-08,108.7,YELLOW
2010-06-09,106.6,YELLOW
2010-06-10,103.3,YELLOW
2010-06-11,105.9,YELLOW
2010-06-14,102.9,YELLOW
2010-06-15,99.6,YELLOW
2010-06-16,96.0,YELLOW
2010-06-17,95.2,YELLOW
2010-06-18,94.4,YELLOW
2010-06-21,87.8,YELLOW
2010-06-22,85.9,YELLOW
2010-06-23,85.2,YELLOW
2010-06-24,85.4,YELLOW
2010-06-25,84.7,YELLOW
2010-06-28,84.2,YELLOW
2010-06-29,89.8,YELLOW
2010-06-30,89.7,YELLOW
2010-07-01,93.8,YELLOW
2010-07-02,88.2,YELLOW
2010-07-06,82.6,YELLOW
2010-07-07,86.3,YELLOW
2010-07-08,85.5,YELLOW
2010-07-09,85.1,YELLOW
2010-07-12,82.2,YELLOW
2010-07-13,80.3,YELLOW
2010-07-14,79.0,GREEN
2010-07-15,78.1,GREEN
2010-07-16,81.2,YELLOW
2010-07-19,79.4,GREEN
2010-07-20,78.7,GREEN
2010-07-21,78.4,GREEN
2010-07-22,78.8,GREEN
2010-07-23,78.9,GREEN
2010-07-26,77.3,GREEN
2010-07-27,77.1,GREEN
2010-07-28,76.3,GREEN
2010-07-29,75.9,GREEN
2010-07-30,78.2,GREEN
2010-08-02,77.6,GREEN
2010-08-03,81.1,YELLOW
2010-08-04,85.9,YELLOW
2010-08-05,84.0,YELLOW
2010-08-06,80.4,YELLOW
2010-08-09,79.8,GREEN
2010-08-10,76.6,GREEN
2010-08-11,76.2,GREEN
2010-08-12,81.4,YELLOW
2010-08-13,84.3,YELLOW
2010-08-16,92.8,YELLOW
2010-08-17,90.9,YELLOW
2010-08-18,87.5,YELLOW
2010-08-19,91.0,YELLOW
2010-08-20,93.2,YELLOW
2010-08-23,95.5,YELLOW
2010-08-24,97.6,YELLOW
2010-08-25,100.7,YELLOW
2010-08-26,104.4,YELLOW
2010-08-27,109.2,YELLOW
2010-08-30,109.7,YELLOW
2010-08-31,103.7,YELLOW
2010-09-01,110.1,YELLOW
2010-09-02,103.2,YELLOW
2010-09-03,95.3,YELLOW
2010-09-07,98.2,YELLOW
2010-09-08,100.9,YELLOW
2010-09-09,104.9,YELLOW
2010-09-10,107.3,YELLOW
2010-09-13,105.5,YELLOW
2010-09-14,102.4,YELLOW
2010-09-15,102.7,YELLOW
2010-09-16,103.8,YELLOW
2010-09-17,103.6,YELLOW
2010-09-20,103.6,YELLOW
2010-09-21,96.6,YELLOW
2010-09-22,89.8,YELLOW
2010-09-23,88.7,YELLOW
2010-09-24,83.7,YELLOW
2010-09-27,85.7,YELLOW
2010-09-28,84.6,YELLOW
2010-09-29,85.6,YELLOW
2010-09-30,85.1,YELLOW
2010-10-01,86.5,YELLOW
2010-10-04,96.7,YELLOW
2010-10-05,89.2,YELLOW
2010-10-06,90.4,YELLOW
2010-10-07,87.8,YELLOW
2010-10-08,80.1,YELLOW
2010-10-12,78.3,GREEN
2010-10-13,81.3,YELLOW
2010-10-14,84.6,YELLOW
2010-10-15,88.1,YELLOW
2010-10-18,89.5,YELLOW
2010-10-19,88.6,YELLOW
2010-10-20,87.1,YELLOW
2010-10-21,89.6,YELLOW
2010-10-22,92.4,YELLOW
2010-10-25,90.3,YELLOW
2010-10-26,97.4,YELLOW
2010-10-27,99.9,YELLOW
2010-10-28,98.7,YELLOW
2010-10-29,99.8,YELLOW
2010-11-01,98.7,YELLOW
2010-11-02,98.3,YELLOW
2010-11-03,83.1,YELLOW
2010-11-04,82.1,YELLOW
2010-11-05,81.7,YELLOW
2010-11-08,82.5,YELLOW
2010-11-09,90.4,YELLOW
2010-11-10,91.6,YELLOW
2010-11-12,97.7,YELLOW
2010-11-15,103.9,YELLOW
2010-11-16,100.8,YELLOW
2010-11-17,95.1,YELLOW
2010-11-18,98.6,YELLOW
2010-11-19,94.5,YELLOW
2010-11-22,90.6,YELLOW
2010-11-23,90.8,YELLOW
2010-11-24,101.0,YELLOW
2010-11-26,100.8,YELLOW
2010-11-29,100.4,YELLOW
2010-11-30,101.9,YELLOW
2010-12-01,110.1,YELLOW
2010-12-02,109.3,YELLOW
2010-12-03,102.7,YELLOW
2010-12-06,98.2,YELLOW
2010-12-07,110.4,YELLOW
2010-12-08,112.1,YELLOW
2010-12-09,109.0,YELLOW
2010-12-10,110.8,YELLOW
2010-12-13,110.4,YELLOW
2010-12-14,118.4,YELLOW
2010-12-15,125.2,RED
2010-12-16,122.7,RED
2010-12-17,119.1,YELLOW
2010-12-20,112.7,YELLOW
2010-12-21,104.2,YELLOW
2010-12-22,106.4,YELLOW
2010-12-23,106.8,YELLOW
2010-12-27,106.1,YELLOW
2010-12-28,110.2,YELLOW
2010-12-29,111.3,YELLOW
2010-12-30,111.3,YELLOW
2010-12-31,110.4,YELLOW
2011-01-03,105.9,YELLOW
2011-01-04,102.8,YELLOW
2011-01-05,116.2,YELLOW
2011-01-06,112.9,YELLOW
2011-01-07,107.5,YELLOW
2011-01-10,102.5,YELLOW
2011-01-11,100.3,YELLOW
2011-01-12,98.3,YELLOW
2011-01-13,96.4,YELLOW
2011-01-14,96.4,YELLOW
2011-01-18,97.6,YELLOW
2011-01-19,93.4,YELLOW
2011-01-20,97.8,YELLOW
2011-01-21,95.3,YELLOW
2011-01-24,93.7,YELLOW
2011-01-25,93.5,YELLOW
2011-01-26,93.3,YELLOW
2011-01-27,93.2,YELLOW
2011-01-28,90.3,YELLOW
2011-01-31,96.2,YELLOW
2011-02-01,97.2,YELLOW
2011-02-02,102.5,YELLOW
2011-02-03,102.3,YELLOW
2011-02-04,105.1,YELLOW
2011-02-07,101.4,YELLOW
2011-02-08,101.2,YELLOW
2011-02-09,99.3,YELLOW
2011-02-10,100.5,YELLOW
2011-02-11,97.2,YELLOW
2011-02-14,95.6,YELLOW
2011-02-15,94.7,YELLOW
2011-02-16,95.5,YELLOW
2011-02-17,94.4,YELLOW
2011-02-18,94.3,YELLOW
2011-02-22,97.3,YELLOW
2011-02-23,96.7,YELLOW
2011-02-24,96.9,YELLOW
2011-02-25,93.1,YELLOW
2011-02-28,90.5,YELLOW
2011-03-01,97.5,YELLOW
2011-03-02,96.6,YELLOW
2011-03-03,100.4,YELLOW
2011-03-04,94.6,YELLOW
2011-03-07,94.6,YELLOW
2011-03-08,91.2,YELLOW
2011-03-09,90.9,YELLOW
2011-03-10,94.2,YELLOW
2011-03-11,91.7,YELLOW
2011-03-14,90.8,YELLOW
2011-03-15,94.6,YELLOW
2011-03-16,103.6,YELLOW
2011-03-17,103.7,YELLOW
2011-03-18,100.3,YELLOW
2011-03-21,95.6,YELLOW
2011-03-22,91.9,YELLOW
2011-03-23,91.7,YELLOW
2011-03-24,90.1,YELLOW
2011-03-25,93.5,YELLOW
2011-03-28,93.8,YELLOW
2011-03-29,91.8,YELLOW
2011-03-30,89.6,YELLOW
2011-03-31,90.9,YELLOW
2011-04-01,87.5,YELLOW
2011-04-04,85.4,YELLOW
2011-04-05,85.1,YELLOW
2011-04-06,89.7,YELLOW
2011-04-07,88.8,YELLOW
2011-04-08,88.5,YELLOW
2011-04-11,85.8,YELLOW
2011-04-12,85.2,YELLOW
2011-04-13,83.9,YELLOW
2011-04-14,82.2,YELLOW
2011-04-15,81.5,YELLOW
2011-04-18,82.8,YELLOW
2011-04-19,80.2,YELLOW
2011-04-20,77.4,GREEN
2011-04-21,76.6,GREEN
2011-04-25,74.8,GREEN
2011-04-26,81.3,YELLOW
2011-04-27,79.2,GREEN
2011-04-28,76.8,GREEN
2011-04-29,76.8,GREEN
2011-05-02,76.3,GREEN
2011-05-03,80.1,YELLOW
2011-05-04,80.2,YELLOW
2011-05-05,83.4,YELLOW
2011-05-06,84.1,YELLOW
2011-05-09,82.4,YELLOW
2011-05-10,80.1,YELLOW
2011-05-11,83.2,YELLOW
2011-05-12,81.9,YELLOW
2011-05-13,82.1,YELLOW
2011-05-16,80.3,YELLOW
2011-05-17,78.1,GREEN
2011-05-18,77.9,GREEN
2011-05-19,79.8,GREEN
2011-05-20,79.8,GREEN
2011-05-23,78.0,GREEN
2011-05-24,76.7,GREEN
2011-05-25,75.8,GREEN
2011-05-26,74.3,GREEN
2011-05-27,73.9,GREEN
2011-05-31,71.5,GREEN
2011-06-01,72.9,GREEN
2011-06-02,76.6,GREEN
2011-06-03,75.9,GREEN
2011-06-06,75.8,GREEN
2011-06-07,73.5,GREEN
2011-06-08,77.5,GREEN
2011-06-09,77.3,GREEN
2011-06-10,78.1,GREEN
2011-06-13,76.4,GREEN
2011-06-14,82.5,YELLOW
2011-06-15,85.9,YELLOW
2011-06-16,87.9,YELLOW
2011-06-17,85.3,YELLOW
2011-06-20,82.5,YELLOW
2011-06-21,80.9,YELLOW
2011-06-22,79.0,GREEN
2011-06-23,83.6,YELLOW
2011-06-24,84.8,YELLOW
2011-06-27,83.8,YELLOW
2011-06-28,89.4,YELLOW
2011-06-29,87.2,YELLOW
2011-06-30,88.9,YELLOW
2011-07-01,90.5,YELLOW
2011-07-05,90.7,YELLOW
2011-07-06,89.0,YELLOW
2011-07-07,90.4,YELLOW
2011-07-08,85.8,YELLOW
2011-07-11,88.4,YELLOW
2011-07-12,90.3,YELLOW
2011-07-13,88.1,YELLOW
2011-07-14,89.1,YELLOW
2011-07-15,90.4,YELLOW
2011-07-18,89.6,YELLOW
2011-07-19,88.8,YELLOW
2011-07-20,85.1,YELLOW
2011-07-21,89.0,YELLOW
2011-07-22,84.3,YELLOW
2011-07-25,86.8,YELLOW
2011-07-26,84.8,YELLOW
2011-07-27,89.1,YELLOW
2011-07-28,86.5,YELLOW
2011-07-29,88.0,YELLOW
2011-08-01,84.1,YELLOW
2011-08-02,87.1,YELLOW
2011-08-03,85.5,YELLOW
2011-08-04,91.0,YELLOW
2011-08-05,100.7,YELLOW
2011-08-08,117.8,YELLOW
2011-08-09,107.7,YELLOW
2011-08-10,98.9,YELLOW
2011-08-11,107.9,YELLOW
2011-08-12,109.1,YELLOW
2011-08-15,99.8,YELLOW
2011-08-16,92.0,YELLOW
2011-08-17,87.8,YELLOW
2011-08-18,95.0,YELLOW
2011-08-19,100.3,YELLOW
2011-08-22,104.2,YELLOW
2011-08-23,105.5,YELLOW
2011-08-24,105.8,YELLOW
2011-08-25,107.7,YELLOW
2011-08-26,101.5,YELLOW
2011-08-29,98.0,YELLOW
2011-08-30,99.2,YELLOW
2011-08-31,97.9,YELLOW
2011-09-01,98.8,YELLOW
2011-09-02,99.4,YELLOW
2011-09-06,103.1,YELLOW
2011-09-07,100.6,YELLOW
2011-09-08,99.4,YELLOW
2011-09-09,100.7,YELLOW
2011-09-12,99.2,YELLOW
2011-09-13,97.5,YELLOW
2011-09-14,96.6,YELLOW
2011-09-15,97.3,YELLOW
2011-09-16,97.6,YELLOW
2011-09-19,99.6,YELLOW
2011-09-20,99.9,YELLOW
2011-09-21,93.3,YELLOW
2011-09-22,103.4,YELLOW
2011-09-23,104.5,YELLOW
2011-09-26,107.4,YELLOW
2011-09-27,107.3,YELLOW
2011-09-28,103.1,YELLOW
2011-09-29,100.4,YELLOW
2011-09-30,100.6,YELLOW
2011-10-03,105.7,YELLOW
2011-10-04,109.0,YELLOW
2011-10-05,108.9,YELLOW
2011-10-06,108.7,YELLOW
2011-10-07,106.4,YELLOW
2011-10-11,106.8,YELLOW
2011-10-12,108.3,YELLOW
2011-10-13,106.8,YELLOW
2011-10-14,109.2,YELLOW
2011-10-17,108.4,YELLOW
2011-10-18,107.5,YELLOW
2011-10-19,105.0,YELLOW
2011-10-20,105.9,YELLOW
2011-10-21,107.5,YELLOW
2011-10-24,103.6,YELLOW
2011-10-25,102.1,YELLOW
2011-10-26,105.2,YELLOW
2011-10-27,108.1,YELLOW
2011-10-28,107.4,YELLOW
2011-10-31,107.2,YELLOW
2011-11-01,116.0,YELLOW
2011-11-02,111.9,YELLOW
2011-11-03,109.2,YELLOW
2011-11-04,106.6,YELLOW
2011-11-07,106.3,YELLOW
2011-11-08,105.6,YELLOW
2011-11-09,111.8,YELLOW
2011-11-10,113.7,YELLOW
2011-11-14,113.1,YELLOW
2011-11-15,108.6,YELLOW
2011-11-16,106.1,YELLOW
2011-11-17,111.7,YELLOW
2011-11-18,109.8,YELLOW
2011-11-21,107.5,YELLOW
2011-11-22,103.6,YELLOW
2011-11-23,104.7,YELLOW
2011-11-25,102.3,YELLOW
2011-11-28,102.8,YELLOW
2011-11-29,103.1,YELLOW
2011-11-30,99.7,YELLOW
2011-12-01,100.8,YELLOW
2011-12-02,98.6,YELLOW
2011-12-05,94.0,YELLOW
2011-12-06,93.0,YELLOW
2011-12-07,94.3,YELLOW
2011-12-08,95.0,YELLOW
2011-12-09,99.9,YELLOW
2011-12-12,95.8,YELLOW
2011-12-13,90.3,YELLOW
2011-12-14,91.7,YELLOW
2011-12-15,87.2,YELLOW
2011-12-16,89.4,YELLOW
2011-12-19,87.6,YELLOW
2011-12-20,92.3,YELLOW
2011-12-21,91.8,YELLOW
2011-12-22,90.2,YELLOW
2011-12-23,94.2,YELLOW
2011-12-27,94.8,YELLOW
2011-12-28,95.1,YELLOW
2011-12-29,94.1,YELLOW
2011-12-30,91.1,YELLOW
2012-01-03,90.7,YELLOW
2012-01-04,88.9,YELLOW
2012-01-05,87.9,YELLOW
2012-01-06,81.7,YELLOW
2012-01-09,78.6,GREEN
2012-01-10,80.2,YELLOW
2012-01-11,78.2,GREEN
2012-01-12,77.1,GREEN
2012-01-13,79.2,GREEN
2012-01-17,75.6,GREEN
2012-01-18,75.0,GREEN
2012-01-19,80.0,YELLOW
2012-01-20,84.6,YELLOW
2012-01-23,85.8,YELLOW
2012-01-24,81.6,YELLOW
2012-01-25,76.7,GREEN
2012-01-26,75.9,GREEN
2012-01-27,75.4,GREEN
2012-01-30,72.4,GREEN
2012-01-31,72.1,GREEN
2012-02-01,72.7,GREEN
2012-02-02,70.2,GREEN
2012-02-03,76.7,GREEN
2012-02-06,72.3,GREEN
2012-02-07,79.3,GREEN
2012-02-08,79.0,GREEN
2012-02-09,83.2,YELLOW
2012-02-10,80.7,YELLOW
2012-02-13,78.8,GREEN
2012-02-14,79.0,GREEN
2012-02-15,76.6,GREEN
2012-02-16,80.1,YELLOW
2012-02-17,81.5,YELLOW
2012-02-21,79.3,GREEN
2012-02-22,79.6,GREEN
2012-02-23,79.0,GREEN
2012-02-24,77.1,GREEN
2012-02-27,74.8,GREEN
2012-02-28,73.9,GREEN
2012-02-29,75.9,GREEN
2012-03-01,77.4,GREEN
2012-03-02,76.0,GREEN
2012-03-05,75.0,GREEN
2012-03-06,75.8,GREEN
2012-03-07,75.1,GREEN
2012-03-08,76.6,GREEN
2012-03-09,73.2,GREEN
2012-03-12,69.9,GREEN
2012-03-13,73.8,GREEN
2012-03-14,89.7,YELLOW
2012-03-15,83.4,YELLOW
2012-03-16,84.9,YELLOW
2012-03-19,92.3,YELLOW
2012-03-20,93.3,YELLOW
2012-03-21,89.5,YELLOW
2012-03-22,87.1,YELLOW
2012-03-23,86.2,YELLOW
2012-03-26,85.6,YELLOW
2012-03-27,80.7,YELLOW
2012-03-28,77.4,GREEN
2012-03-29,75.2,GREEN
2012-03-30,78.6,GREEN
2012-04-02,75.6,GREEN
2012-04-03,84.3,YELLOW
2012-04-04,84.6,YELLOW
2012-04-05,83.7,YELLOW
2012-04-09,76.2,GREEN
2012-04-10,75.1,GREEN
2012-04-11,76.3,GREEN
2012-04-12,73.5,GREEN
2012-04-13,72.6,GREEN
2012-04-16,72.9,GREEN
2012-04-17,73.9,GREEN
2012-04-18,72.5,GREEN
2012-04-19,72.2,GREEN
2012-04-20,71.4,GREEN
2012-04-23,70.9,GREEN
2012-04-24,71.9,GREEN
2012-04-25,70.6,GREEN
2012-04-26,65.2,GREEN
2012-04-27,64.1,GREEN
2012-04-30,62.9,GREEN
2012-05-01,67.0,GREEN
2012-05-02,65.1,GREEN
2012-05-03,63.3,GREEN
2012-05-04,57.8,GREEN
2012-05-07,56.7,GREEN
2012-05-08,57.7,GREEN
2012-05-09,58.7,GREEN
2012-05-10,57.6,GREEN
2012-05-11,61.5,GREEN
2012-05-14,70.3,GREEN
2012-05-15,67.7,GREEN
2012-05-16,67.0,GREEN
2012-05-17,70.6,GREEN
2012-05-18,70.6,GREEN
2012-05-21,69.1,GREEN
2012-05-22,70.8,GREEN
2012-05-23,73.7,GREEN
2012-05-24,73.1,GREEN
2012-05-25,71.2,GREEN
2012-05-29,68.9,GREEN
2012-05-30,73.0,GREEN
2012-05-31,74.4,GREEN
2012-06-01,80.6,YELLOW
2012-06-04,86.5,YELLOW
2012-06-05,84.6,YELLOW
2012-06-06,87.7,YELLOW
2012-06-07,82.1,YELLOW
2012-06-08,86.0,YELLOW
2012-06-11,86.5,YELLOW
2012-06-12,88.5,YELLOW
2012-06-13,89.3,YELLOW
2012-06-14,91.5,YELLOW
2012-06-15,95.4,YELLOW
2012-06-18,85.7,YELLOW
2012-06-19,84.7,YELLOW
2012-06-20,77.7,GREEN
2012-06-21,76.2,GREEN
2012-06-22,75.1,GREEN
2012-06-25,72.8,GREEN
2012-06-26,71.1,GREEN
2012-06-27,70.2,GREEN
2012-06-28,70.2,GREEN
2012-06-29,73.2,GREEN
2012-07-02,71.6,GREEN
2012-07-03,72.4,GREEN
2012-07-05,71.3,GREEN
2012-07-06,66.8,GREEN
2012-07-09,63.4,GREEN
2012-07-10,63.3,GREEN
2012-07-11,63.8,GREEN
2012-07-12,63.4,GREEN
2012-07-13,63.3,GREEN
2012-07-16,62.8,GREEN
2012-07-17,64.2,GREEN
2012-07-18,61.9,GREEN
2012-07-19,61.2,GREEN
2012-07-20,61.3,GREEN
2012-07-23,61.6,GREEN
2012-07-24,62.9,GREEN
2012-07-25,63.1,GREEN
2012-07-26,62.6,GREEN
2012-07-27,69.7,GREEN
2012-07-30,68.4,GREEN
2012-07-31,69.8,GREEN
2012-08-01,74.1,GREEN
2012-08-02,69.4,GREEN
2012-08-03,71.9,GREEN
2012-08-06,69.7,GREEN
2012-08-07,73.9,GREEN
2012-08-08,75.2,GREEN
2012-08-09,73.7,GREEN
2012-08-10,70.1,GREEN
2012-08-13,67.2,GREEN
2012-08-14,67.9,GREEN
2012-08-15,73.0,GREEN
2012-08-16,77.1,GREEN
2012-08-17,74.0,GREEN
2012-08-20,70.2,GREEN
2012-08-21,70.0,GREEN
2012-08-22,66.8,GREEN
2012-08-23,65.5,GREEN
2012-08-24,66.4,GREEN
2012-08-27,66.3,GREEN
2012-08-28,64.3,GREEN
2012-08-29,64.9,GREEN
2012-08-30,68.0,GREEN
2012-08-31,68.7,GREEN
2012-09-04,67.1,GREEN
2012-09-05,68.5,GREEN
2012-09-06,71.0,GREEN
2012-09-07,68.4,GREEN
2012-09-10,68.2,GREEN
2012-09-11,67.9,GREEN
2012-09-12,69.9,GREEN
2012-09-13,65.4,GREEN
2012-09-14,68.3,GREEN
2012-09-17,64.4,GREEN
2012-09-18,59.8,GREEN
2012-09-19,57.5,GREEN
2012-09-20,59.7,GREEN
2012-09-21,59.6,GREEN
2012-09-24,57.5,GREEN
2012-09-25,57.6,GREEN
2012-09-26,58.5,GREEN
2012-09-27,61.08,GREEN
2012-09-28,60.47,GREEN
2012-10-01,59.4,GREEN
2012-10-02,60.4,GREEN
2012-10-03,59.2,GREEN
2012-10-04,59.8,GREEN
2012-10-05,60.4,GREEN
2012-10-09,59.3,GREEN
2012-10-10,59.6,GREEN
2012-10-11,61.4,GREEN
2012-10-12,61.4,GREEN
2012-10-15,63.0,GREEN
2012-10-16,64.8,GREEN
2012-10-17,68.7,GREEN
2012-10-18,69.0,GREEN
2012-10-19,68.5,GREEN
2012-10-22,69.8,GREEN
2012-10-23,68.9,GREEN
2012-10-24,67.1,GREEN
2012-10-25,73.1,GREEN
2012-10-26,73.0,GREEN
2012-10-31,71.43,GREEN
2012-11-01,72.0,GREEN
2012-11-02,72.3,GREEN
2012-11-05,68.61,GREEN
2012-11-06,69.3,GREEN
2012-11-07,60.9,GREEN
2012-11-08,59.1,GREEN
2012-11-09,59.1,GREEN
2012-11-13,57.3,GREEN
2012-11-14,56.84,GREEN
2012-11-15,55.6,GREEN
2012-11-16,54.98,GREEN
2012-11-19,54.7,GREEN
2012-11-20,53.7,GREEN
2012-11-21,53.9,GREEN
2012-11-27,51.7,GREEN
2012-11-28,52.3,GREEN
2012-11-29,51.7,GREEN
2012-11-30,51.8,GREEN
2012-12-03,51.02,GREEN
2012-12-04,51.7,GREEN
2012-12-05,52.3,GREEN
2012-12-06,53.3,GREEN
2012-12-10,52.25,GREEN
2012-12-11,51.6,GREEN
2012-12-12,53.6,GREEN
2012-12-14,52.8,GREEN
2012-12-17,57.1,GREEN
2012-12-18,63.0,GREEN
2012-12-19,57.8,GREEN
2012-12-20,54.4,GREEN
2012-12-21,55.3,GREEN
2012-12-24,54.9,GREEN
2012-12-26,54.5,GREEN
2012-12-27,55.0,GREEN
2012-12-28,56.7,GREEN
2012-12-31,59.4,GREEN
2013-01-02,61.1,GREEN
2013-01-03,63.5,GREEN
2013-01-04,62.0,GREEN
2013-01-07,59.9,GREEN
2013-01-08,58.6,GREEN
2013-01-09,56.3,GREEN
2013-01-10,58.2,GREEN
2013-01-11,59.2,GREEN
2013-01-14,55.8,GREEN
2013-01-15,53.1,GREEN
2013-01-16,53.2,GREEN
2013-01-17,56.9,GREEN
2013-01-18,55.85,GREEN
2013-01-22,61.89,GREEN
2013-01-23,53.6,GREEN
2013-01-24,55.3,GREEN
2013-01-25,66.2,GREEN
2013-01-28,63.7,GREEN
2013-01-29,62.4,GREEN
2013-01-30,66.4,GREEN
2013-01-31,65.6,GREEN
2013-02-01,65.0,GREEN
2013-02-04,63.1,GREEN
2013-02-05,64.8,GREEN
2013-02-06,62.8,GREEN
2013-02-07,59.9,GREEN
2013-02-08,61.5,GREEN
2013-02-11,60.0,GREEN
2013-02-12,59.8,GREEN
2013-02-13,61.7,GREEN
2013-02-14,59.1,GREEN
2013-02-15,59.1,GREEN
2013-02-19,58.4,GREEN
2013-02-20,57.9,GREEN
2013-02-21,59.7,GREEN
2013-02-22,58.6,GREEN
2013-02-25,60.0,GREEN
2013-02-26,58.0,GREEN
2013-02-27,58.41,GREEN
2013-02-28,55.88,GREEN
2013-03-01,55.0,GREEN
2013-03-04,53.9,GREEN
2013-03-05,56.5,GREEN
2013-03-07,60.5,GREEN
2013-03-08,58.1,GREEN
2013-03-11,55.07,GREEN
2013-03-12,53.7,GREEN
2013-03-13,54.6,GREEN
2013-03-14,56.0,GREEN
2013-03-15,55.8,GREEN
2013-03-25,57.67,GREEN
2013-03-26,56.1,GREEN
2013-03-28,57.3,GREEN
2013-04-01,56.2,GREEN
2013-04-02,56.0,GREEN
2013-04-03,57.9,GREEN
2013-04-04,56.9,GREEN
2013-04-05,54.8,GREEN
2013-04-08,54.9,GREEN
2013-04-09,52.7,GREEN
2013-04-10,53.9,GREEN
2013-04-11,52.6,GREEN
2013-04-12,53.1,GREEN
2013-04-15,52.3,GREEN
2013-04-16,51.9,GREEN
2013-04-17,52.0,GREEN
2013-04-18,51.3,GREEN
2013-04-19,51.3,GREEN
2013-04-22,50.6,GREEN
2013-04-23,50.0,GREEN
2013-04-24,49.8,GREEN
2013-04-25,49.4,GREEN
2013-04-26,50.2,GREEN
2013-04-29,49.6,GREEN
2013-04-30,49.2,GREEN
2013-05-01,49.0,GREEN
2013-05-02,49.0,GREEN
2013-05-06,49.49,GREEN
2013-05-07,49.49,GREEN
2013-05-08,49.49,GREEN
2013-05-09,48.87,GREEN
2013-05-10,55.32,GREEN
2013-05-13,56.51,GREEN
2013-05-14,57.74,GREEN
2013-05-17,61.3,GREEN
2013-05-20,60.5,GREEN
2013-05-21,59.8,GREEN
2013-05-22,65.4,GREEN
2013-05-23,68.2,GREEN
2013-05-24,65.1,GREEN
2013-05-28,75.5,GREEN
2013-05-29,81.2,YELLOW
2013-05-30,77.4,GREEN
2013-05-31,80.0,YELLOW
2013-06-03,79.2,GREEN
2013-06-04,82.8,YELLOW
2013-06-05,83.6,YELLOW
2013-06-06,84.7,YELLOW
2013-06-07,81.5,YELLOW
2013-06-10,84.7,YELLOW
2013-06-11,82.3,YELLOW
2013-06-12,81.9,YELLOW
2013-06-13,82.4,YELLOW
2013-06-14,78.5,GREEN
2013-06-17,78.5,GREEN
2013-06-18,81.0,YELLOW
2013-06-19,86.9,YELLOW
2013-06-20,96.0,YELLOW
2013-06-21,103.7,YELLOW
2013-06-24,111.0,YELLOW
2013-06-25,108.4,YELLOW
2013-06-26,103.5,YELLOW
2013-06-27,97.1,YELLOW
2013-06-28,99.8,YELLOW
2013-07-01,101.3,YELLOW
2013-07-03,109.3,YELLOW
2013-07-05,117.9,YELLOW
2013-07-08,107.8,YELLOW
2013-07-09,99.5,YELLOW
2013-07-10,99.0,YELLOW
2013-07-11,93.5,YELLOW
2013-07-12,94.5,YELLOW
2013-07-15,89.4,YELLOW
2013-07-16,88.0,YELLOW
2013-07-17,81.9,YELLOW
2013-07-18,77.4,GREEN
2013-07-19,75.9,GREEN
2013-07-22,72.6,GREEN
2013-07-23,74.1,GREEN
2013-07-24,80.2,YELLOW
2013-07-25,82.6,YELLOW
2013-07-26,81.6,YELLOW
2013-07-29,83.2,YELLOW
2013-07-30,83.3,YELLOW
2013-07-31,82.6,YELLOW
2013-08-01,91.4,YELLOW
2013-08-02,73.2,GREEN
2013-08-05,72.7,GREEN
2013-08-06,78.2,GREEN
2013-08-07,75.4,GREEN
2013-08-08,75.4,GREEN
2013-08-09,75.4,GREEN
2013-08-12,74.1,GREEN
2013-08-13,81.7,YELLOW
2013-08-14,80.9,YELLOW
2013-08-15,86.7,YELLOW
2013-08-16,94.7,YELLOW
2013-08-19,99.5,YELLOW
2013-08-20,95.7,YELLOW
2013-08-21,98.8,YELLOW
2013-08-22,98.3,YELLOW
2013-08-23,99.8,YELLOW
2013-08-26,95.8,YELLOW
2013-08-27,94.9,YELLOW
2013-08-29,98.8,YELLOW
2013-08-30,103.5,YELLOW
2013-09-03,105.8,YELLOW
2013-09-05,111.4,YELLOW
2013-09-06,105.5,YELLOW
2013-09-09,100.7,YELLOW
2013-09-10,101.8,YELLOW
2013-09-11,98.0,YELLOW
2013-09-12,96.4,YELLOW
2013-09-13,96.2,YELLOW
2013-09-16,94.5,YELLOW
2013-09-17,90.8,YELLOW
2013-09-18,82.7,YELLOW
2013-09-19,80.3,YELLOW
2013-09-20,77.7,GREEN
2013-09-23,75.3,GREEN
2013-09-24,74.8,GREEN
2013-09-25,75.3,GREEN
2013-09-26,77.6,GREEN
2013-09-27,78.0,GREEN
2013-09-30,80.2,YELLOW
2013-10-01,87.4,YELLOW
2013-10-02,82.2,YELLOW
2013-10-03,80.3,YELLOW
2013-10-04,82.5,YELLOW
2013-10-07,80.3,YELLOW
2013-10-08,81.1,YELLOW
2013-10-09,80.8,YELLOW
2013-10-10,80.1,YELLOW
2013-10-11,77.1,GREEN
2013-10-15,75.8,GREEN
2013-10-16,73.2,GREEN
2013-10-17,70.1,GREEN
2013-10-18,72.5,GREEN
2013-10-21,71.5,GREEN
2013-10-22,63.1,GREEN
2013-10-23,62.0,GREEN
2013-10-24,63.1,GREEN
2013-10-25,61.14,GREEN
2013-10-28,58.5,GREEN
2013-10-29,58.8,GREEN
2013-10-30,60.6,GREEN
2013-10-31,61.7,GREEN
2013-11-01,69.6,GREEN
2013-11-04,64.21,GREEN
2013-11-05,68.6,GREEN
2013-11-06,67.1,GREEN
2013-11-07,66.5,GREEN
2013-11-08,69.9,GREEN
2013-11-12,69.6,GREEN
2013-11-13,65.8,GREEN
2013-11-14,61.9,GREEN
2013-11-15,62.2,GREEN
2013-11-18,58.3,GREEN
2013-11-19,62.3,GREEN
2013-11-20,66.5,GREEN
2013-11-21,68.4,GREEN
2013-11-22,66.8,GREEN
2013-11-25,65.1,GREEN
2013-11-26,65.3,GREEN
2013-11-27,67.8,GREEN
2013-11-29,68.0,GREEN
2013-12-02,73.1,GREEN
2013-12-03,72.1,GREEN
2013-12-04,75.8,GREEN
2013-12-05,76.1,GREEN
2013-12-06,69.2,GREEN
2013-12-09,67.8,GREEN
2013-12-10,70.5,GREEN
2013-12-12,72.8,GREEN
2013-12-13,72.6,GREEN
2013-12-16,69.9,GREEN
2013-12-17,68.5,GREEN
2013-12-18,65.0,GREEN
2013-12-19,67.7,GREEN
2013-12-20,67.3,GREEN
2013-12-23,66.2,GREEN
2013-12-24,67.8,GREEN
2013-12-26,66.8,GREEN
2013-12-27,65.8,GREEN
2013-12-30,69.1,GREEN
2013-12-31,73.5,GREEN
2014-01-02,73.4,GREEN
2014-01-03,72.7,GREEN
2014-01-06,69.9,GREEN
2014-01-07,73.8,GREEN
2014-01-08,75.3,GREEN
2014-01-09,73.7,GREEN
2014-01-10,61.2,GREEN
2014-01-13,58.9,GREEN
2014-01-14,61.6,GREEN
2014-01-15,60.8,GREEN
2014-01-16,60.8,GREEN
2014-01-17,60.3,GREEN
2014-01-21,59.5,GREEN
2014-01-22,60.5,GREEN
2014-01-23,62.2,GREEN
2014-01-24,63.5,GREEN
2014-01-27,64.2,GREEN
2014-01-28,64.5,GREEN
2014-01-29,64.5,GREEN
2014-01-31,64.7,GREEN
2014-02-04,66.8,GREEN
2014-02-06,67.2,GREEN
2014-02-07,64.7,GREEN
2014-02-10,62.3,GREEN
2014-02-11,61.5,GREEN
2014-02-12,61.0,GREEN
2014-02-13,58.1,GREEN
2014-02-14,57.3,GREEN
2014-02-18,56.0,GREEN
2014-02-19,57.3,GREEN
2014-02-20,58.7,GREEN
2014-02-21,58.4,GREEN
2014-02-24,57.4,GREEN
2014-02-25,56.8,GREEN
2014-02-26,57.8,GREEN
2014-02-27,58.1,GREEN
2014-02-28,57.7,GREEN
2014-03-03,57.8,GREEN
2014-03-04,63.2,GREEN
2014-03-05,60.8,GREEN
2014-03-06,61.0,GREEN
2014-03-07,58.2,GREEN
2014-03-10,55.7,GREEN
2014-03-11,55.51,GREEN
2014-03-12,55.1,GREEN
2014-03-13,57.48,GREEN
2014-03-14,62.84,GREEN
2014-03-17,61.8,GREEN
2014-03-18,59.21,GREEN
2014-03-19,65.6,GREEN
2014-03-20,60.8,GREEN
2014-03-21,60.8,GREEN
2014-03-24,58.7,GREEN
2014-03-25,58.34,GREEN
2014-03-26,57.8,GREEN
2014-03-27,59.4,GREEN
2014-03-28,61.9,GREEN
2014-03-31,61.8,GREEN
2014-04-01,61.5,GREEN
2014-04-02,66.3,GREEN
2014-04-03,65.2,GREEN
2014-04-04,58.8,GREEN
2014-04-07,58.8,GREEN
2014-04-08,55.9,GREEN
2014-04-09,54.7,GREEN
2014-04-10,55.4,GREEN
2014-04-11,58.6,GREEN
2014-04-14,59.2,GREEN
2014-04-15,59.2,GREEN
2014-04-16,58.0,GREEN
2014-04-17,59.5,GREEN
2014-04-21,56.8,GREEN
2014-04-22,57.1,GREEN
2014-04-23,56.6,GREEN
2014-04-24,57.8,GREEN
2014-04-28,59.1,GREEN
2014-04-29,59.9,GREEN
2014-04-30,58.9,GREEN
2014-05-01,58.84,GREEN
2014-05-02,55.3,GREEN
2014-05-05,55.3,GREEN
2014-05-06,58.7,GREEN
2014-05-07,57.3,GREEN
2014-05-09,56.1,GREEN
2014-05-12,56.2,GREEN
2014-05-13,56.1,GREEN
2014-05-15,55.7,GREEN
2014-05-16,58.7,GREEN
2014-05-19,58.2,GREEN
2014-05-20,60.0,GREEN
2014-05-21,59.1,GREEN
2014-05-22,58.2,GREEN
2014-05-23,58.2,GREEN
2014-05-27,56.8,GREEN
2014-05-28,55.2,GREEN
2014-05-29,56.4,GREEN
2014-05-30,58.3,GREEN
2014-06-02,59.7,GREEN
2014-06-03,60.9,GREEN
2014-06-04,64.9,GREEN
2014-06-05,65.1,GREEN
2014-06-06,59.3,GREEN
2014-06-09,57.3,GREEN
2014-06-10,56.9,GREEN
2014-06-11,55.4,GREEN
2014-06-13,58.4,GREEN
2014-06-17,58.4,GREEN
2014-06-18,59.4,GREEN
2014-06-19,55.5,GREEN
2014-06-20,54.9,GREEN
2014-06-23,54.6,GREEN
2014-06-24,53.9,GREEN
2014-06-25,54.1,GREEN
2014-06-26,53.25,GREEN
2014-06-27,53.3,GREEN
2014-06-30,52.7,GREEN
2014-07-01,53.25,GREEN
2014-07-02,59.6,GREEN
2014-07-03,56.9,GREEN
2014-07-07,55.05,GREEN
2014-07-08,54.97,GREEN
2014-07-09,55.17,GREEN
2014-07-10,55.6,GREEN
2014-07-11,54.8,GREEN
2014-07-14,54.4,GREEN
2014-07-15,54.0,GREEN
2014-07-16,52.9,GREEN
2014-07-17,54.5,GREEN
2014-07-18,54.4,GREEN
2014-07-21,53.85,GREEN
2014-07-22,53.8,GREEN
2014-07-23,53.4,GREEN
2014-07-24,54.26,GREEN
2014-07-25,54.43,GREEN
2014-07-28,54.08,GREEN
2014-07-29,53.8,GREEN
2014-07-30,55.89,GREEN
2014-07-31,56.46,GREEN
2014-08-01,52.26,GREEN
2014-08-04,52.3,GREEN
2014-08-05,56.7,GREEN
2014-08-06,56.92,GREEN
2014-08-07,59.5,GREEN
2014-08-08,62.47,GREEN
2014-08-11,60.3,GREEN
2014-08-12,59.37,GREEN
2014-08-13,58.8,GREEN
2014-08-14,58.5,GREEN
2014-08-15,60.4,GREEN
2014-08-18,61.69,GREEN
2014-08-19,62.0,GREEN
2014-08-20,62.8,GREEN
2014-08-21,60.2,GREEN
2014-08-22,59.84,GREEN
2014-08-25,57.2,GREEN
2014-08-26,56.45,GREEN
2014-08-27,56.9,GREEN
2014-08-28,59.8,GREEN
2014-08-29,60.49,GREEN
2014-09-02,61.35,GREEN
2014-09-03,64.9,GREEN
2014-09-04,64.9,GREEN
2014-09-05,60.3,GREEN
2014-09-08,60.0,GREEN
2014-09-09,61.5,GREEN
2014-09-10,63.2,GREEN
2014-09-11,62.8,GREEN
2014-09-12,65.6,GREEN
2014-09-15,66.1,GREEN
2014-09-16,67.1,GREEN
2014-09-17,62.3,GREEN
2014-09-18,62.0,GREEN
2014-09-19,59.8,GREEN
2014-09-22,58.0,GREEN
2014-09-23,57.4,GREEN
2014-09-24,58.3,GREEN
2014-09-25,59.1,GREEN
2014-09-26,64.5,GREEN
2014-09-29,62.3,GREEN
2014-09-30,64.2,GREEN
2014-10-01,64.3,GREEN
2014-10-02,66.2,GREEN
2014-10-03,62.5,GREEN
2014-10-06,60.4,GREEN
2014-10-07,65.3,GREEN
2014-10-08,65.0,GREEN
2014-10-09,66.5,GREEN
2014-10-10,68.7,GREEN
2014-10-14,74.6,GREEN
2014-10-15,101.3,YELLOW
2014-10-16,90.1,YELLOW
2014-10-17,82.9,YELLOW
2014-10-20,79.2,GREEN
2014-10-21,78.9,GREEN
2014-10-22,77.2,GREEN
2014-10-23,80.4,YELLOW
2014-10-24,81.61,YELLOW
2014-10-27,77.6,GREEN
2014-10-28,74.7,GREEN
2014-10-29,73.0,GREEN
2014-10-30,69.56,GREEN
2014-10-31,68.7,GREEN
2014-11-03,67.45,GREEN
2014-11-04,68.6,GREEN
2014-11-05,72.9,GREEN
2014-11-06,69.1,GREEN
2014-11-07,66.6,GREEN
2014-11-10,66.55,GREEN
2014-11-12,66.8,GREEN
2014-11-13,67.0,GREEN
2014-11-14,67.0,GREEN
2014-11-17,66.9,GREEN
2014-11-18,69.2,GREEN
2014-11-19,70.0,GREEN
2014-11-20,69.2,GREEN
2014-11-21,67.0,GREEN
2014-11-24,64.4,GREEN
2014-11-25,64.6,GREEN
2014-11-26,64.7,GREEN
2014-11-28,66.6,GREEN
2014-12-01,67.3,GREEN
2014-12-03,65.8,GREEN
2014-12-04,64.6,GREEN
2014-12-05,64.8,GREEN
2014-12-08,62.8,GREEN
2014-12-09,66.57,GREEN
2014-12-10,68.2,GREEN
2014-12-15,77.6,GREEN
2014-12-16,80.7,YELLOW
2014-12-17,72.42,GREEN
2014-12-18,71.17,GREEN
2014-12-19,70.7,GREEN
2014-12-22,70.08,GREEN
2014-12-23,68.8,GREEN
2014-12-24,68.9,GREEN
2014-12-26,55.4,GREEN
2014-12-29,69.2,GREEN
2014-12-30,69.0,GREEN
2014-12-31,68.9,GREEN
2015-01-02,70.0,GREEN
2015-01-05,71.5,GREEN
2015-01-06,84.9,YELLOW
2015-01-07,85.2,YELLOW
2015-01-08,85.2,YELLOW
2015-01-09,80.6,YELLOW
2015-01-12,81.9,YELLOW
2015-01-13,83.0,YELLOW
2015-01-14,85.3,YELLOW
2015-01-15,85.3,YELLOW
2015-01-16,92.6,YELLOW
2015-01-20,90.6,YELLOW
2015-01-21,88.3,YELLOW
2015-01-22,85.1,YELLOW
2015-01-23,89.9,YELLOW
2015-01-26,85.3,YELLOW
2015-01-27,86.2,YELLOW
2015-01-28,86.4,YELLOW
2015-01-29,86.6,YELLOW
2015-02-02,88.1,YELLOW
2015-02-03,92.7,YELLOW
2015-02-04,92.3,YELLOW
2015-02-05,93.0,YELLOW
2015-02-06,93.7,YELLOW
2015-02-09,95.1,YELLOW
2015-02-10,95.35,YELLOW
2015-02-11,94.2,YELLOW
2015-02-12,91.6,YELLOW
2015-02-13,91.4,YELLOW
2015-02-17,91.8,YELLOW
2015-02-18,91.4,YELLOW
2015-02-19,98.5,YELLOW
2015-02-20,98.3,YELLOW
2015-02-23,97.7,YELLOW
2015-02-24,94.1,YELLOW
2015-02-25,91.5,YELLOW
2015-02-26,90.5,YELLOW
2015-02-27,91.4,YELLOW
2015-03-02,90.2,YELLOW
2015-03-03,91.8,YELLOW
2015-03-04,90.7,YELLOW
2015-03-05,89.3,YELLOW
2015-03-06,86.6,YELLOW
2015-03-09,84.0,YELLOW
2015-03-10,84.4,YELLOW
2015-03-11,85.0,YELLOW
2015-03-12,85.6,YELLOW
2015-03-13,86.1,YELLOW
2015-03-16,84.8,YELLOW
2015-03-17,86.3,YELLOW
2015-03-18,85.7,YELLOW
2015-03-19,87.8,YELLOW
2015-03-20,86.5,YELLOW
2015-03-23,84.9,YELLOW
2015-03-24,83.7,YELLOW
2015-03-25,84.2,YELLOW
2015-03-26,86.2,YELLOW
2015-03-27,86.2,YELLOW
2015-03-30,86.4,YELLOW
2015-03-31,86.1,YELLOW
2015-04-01,85.6,YELLOW
2015-04-02,84.3,YELLOW
2015-04-06,79.0,GREEN
2015-04-07,77.8,GREEN
2015-04-08,80.0,YELLOW
2015-04-09,78.8,GREEN
2015-04-10,77.8,GREEN
2015-04-13,75.8,GREEN
2015-04-14,74.8,GREEN
2015-04-15,73.0,GREEN
2015-04-16,72.4,GREEN
2015-04-17,74.4,GREEN
2015-04-20,73.5,GREEN
2015-04-21,72.9,GREEN
2015-04-22,72.9,GREEN
2015-04-23,73.2,GREEN
2015-04-24,71.6,GREEN
2015-04-27,71.0,GREEN
2015-04-28,72.9,GREEN
2015-04-29,73.9,GREEN
2015-04-30,75.3,GREEN
2015-05-01,78.9,GREEN
2015-05-04,81.1,YELLOW
2015-05-05,87.7,YELLOW
2015-05-06,91.0,YELLOW
2015-05-07,89.6,YELLOW
2015-05-08,80.9,YELLOW
2015-05-11,84.1,YELLOW
2015-05-12,87.4,YELLOW
2015-05-13,85.6,YELLOW
2015-05-14,83.2,YELLOW
2015-05-15,83.2,YELLOW
2015-05-18,88.2,YELLOW
2015-05-19,87.67,YELLOW
2015-05-20,87.65,YELLOW
2015-05-21,86.1,YELLOW
2015-05-22,87.67,YELLOW
2015-05-26,85.36,YELLOW
2015-05-27,84.0,YELLOW
2015-05-28,82.7,YELLOW
2015-05-29,82.7,YELLOW
2015-06-01,83.55,YELLOW
2015-06-02,87.5,YELLOW
2015-06-03,91.81,YELLOW
2015-06-04,92.21,YELLOW
2015-06-05,88.9,YELLOW
2015-06-08,87.6,YELLOW
2015-06-09,87.2,YELLOW
2015-06-10,89.8,YELLOW
2015-06-11,87.8,YELLOW
2015-06-12,87.7,YELLOW
2015-06-15,86.0,YELLOW
2015-06-16,85.7,YELLOW
2015-06-17,82.4,YELLOW
2015-06-18,82.6,YELLOW
2015-06-19,84.7,YELLOW
2015-06-22,84.4,YELLOW
2015-06-23,84.2,YELLOW
2015-06-24,82.7,YELLOW
2015-06-25,83.32,YELLOW
2015-06-26,84.3,YELLOW
2015-06-29,89.8,YELLOW
2015-06-30,92.3,YELLOW
2015-07-01,90.3,YELLOW
2015-07-02,88.0,YELLOW
2015-07-06,86.18,YELLOW
2015-07-07,90.5,YELLOW
2015-07-08,89.4,YELLOW
2015-07-09,89.3,YELLOW
2015-07-10,90.2,YELLOW
2015-07-13,84.7,YELLOW
2015-07-14,80.8,YELLOW
2015-07-15,79.1,GREEN
2015-07-16,76.0,GREEN
2015-07-17,74.21,GREEN
2015-07-20,72.8,GREEN
2015-07-21,72.4,GREEN
2015-07-22,72.1,GREEN
2015-07-23,72.6,GREEN
2015-07-24,73.0,GREEN
2015-07-27,72.2,GREEN
2015-07-28,71.9,GREEN
2015-07-29,69.71,GREEN
2015-07-30,71.2,GREEN
2015-07-31,75.8,GREEN
2015-08-03,74.7,GREEN
2015-08-04,80.47,YELLOW
2015-08-05,80.7,YELLOW
2015-08-06,80.3,YELLOW
2015-08-07,76.2,GREEN
2015-08-10,75.3,GREEN
2015-08-11,78.1,GREEN
2015-08-12,81.5,YELLOW
2015-08-13,80.0,YELLOW
2015-08-14,77.1,GREEN
2015-08-17,76.1,GREEN
2015-08-18,82.7,YELLOW
2015-08-19,81.5,YELLOW
2015-08-20,84.6,YELLOW
2015-08-21,88.5,YELLOW
2015-08-24,94.5,YELLOW
2015-08-25,91.1,YELLOW
2015-08-26,92.0,YELLOW
2015-08-27,91.4,YELLOW
2015-08-28,91.1,YELLOW
2015-08-31,87.7,YELLOW
2015-09-01,88.7,YELLOW
2015-09-02,93.1,YELLOW
2015-09-03,91.4,YELLOW
2015-09-04,86.8,YELLOW
2015-09-08,85.2,YELLOW
2015-09-09,85.1,YELLOW
2015-09-10,83.6,YELLOW
2015-09-11,83.8,YELLOW
2015-09-14,82.7,YELLOW
2015-09-15,85.0,YELLOW
2015-09-16,84.9,YELLOW
2015-09-17,77.7,GREEN
2015-09-18,75.8,GREEN
2015-09-21,74.5,GREEN
2015-09-22,75.6,GREEN
2015-09-23,69.2,GREEN
2015-09-24,76.4,GREEN
2015-09-25,75.9,GREEN
2015-09-28,76.9,GREEN
2015-09-29,83.3,YELLOW
2015-09-30,81.6,YELLOW
2015-10-01,81.5,YELLOW
2015-10-02,78.9,GREEN
2015-10-05,77.5,GREEN
2015-10-06,80.3,YELLOW
2015-10-07,80.0,YELLOW
2015-10-08,79.5,GREEN
2015-10-09,78.2,GREEN
2015-10-13,76.3,GREEN
2015-10-14,74.8,GREEN
2015-10-15,74.6,GREEN
2015-10-16,74.7,GREEN
2015-10-19,71.0,GREEN
2015-10-20,71.1,GREEN
2015-10-21,69.7,GREEN
2015-10-22,70.0,GREEN
2015-10-23,70.8,GREEN
2015-10-26,69.7,GREEN
2015-10-27,69.8,GREEN
2015-10-28,70.3,GREEN
2015-10-29,73.1,GREEN
2015-10-30,73.1,GREEN
2015-11-02,73.2,GREEN
2015-11-03,73.3,GREEN
2015-11-04,77.6,GREEN
2015-11-05,76.7,GREEN
2015-11-06,74.3,GREEN
2015-11-10,70.5,GREEN
2015-11-13,68.3,GREEN
2015-11-16,67.7,GREEN
2015-11-17,72.3,GREEN
2015-11-18,71.7,GREEN
2015-11-19,70.5,GREEN
2015-11-20,70.5,GREEN
2015-11-23,70.8,GREEN
2015-11-24,70.9,GREEN
2015-11-25,70.0,GREEN
2015-11-27,69.6,GREEN
2015-11-30,69.9,GREEN
2015-12-01,71.0,GREEN
2015-12-02,72.3,GREEN
2015-12-03,74.6,GREEN
2015-12-04,71.3,GREEN
2015-12-07,70.56,GREEN
2015-12-08,72.7,GREEN
2015-12-09,72.4,GREEN
2015-12-10,72.3,GREEN
2015-12-11,75.0,GREEN
2015-12-14,78.2,GREEN
2015-12-15,79.6,GREEN
2015-12-16,70.2,GREEN
2015-12-17,67.7,GREEN
2015-12-18,67.8,GREEN
2015-12-21,66.4,GREEN
2015-12-22,66.9,GREEN
2015-12-23,66.0,GREEN
2015-12-24,65.5,GREEN
2015-12-28,67.2,GREEN
2015-12-29,67.2,GREEN
2015-12-30,67.3,GREEN
2015-12-31,67.8,GREEN
2016-01-04,68.8,GREEN
2016-01-05,71.42,GREEN
2016-01-06,71.68,GREEN
2016-01-07,74.21,GREEN
2016-01-08,71.01,GREEN
2016-01-11,71.02,GREEN
2016-01-13,74.46,GREEN
2016-01-14,73.61,GREEN
2016-01-15,78.06,GREEN
2016-01-19,77.32,GREEN
2016-01-20,81.82,YELLOW
2016-01-21,80.73,YELLOW
2016-01-22,77.35,GREEN
2016-01-25,75.41,GREEN
2016-01-26,75.16,GREEN
2016-01-27,71.94,GREEN
2016-01-28,70.98,GREEN
2016-01-29,74.0,GREEN
2016-02-01,73.46,GREEN
2016-02-02,77.49,GREEN
2016-02-03,79.62,GREEN
2016-02-04,83.76,YELLOW
2016-02-05,81.67,YELLOW
2016-02-08,89.27,YELLOW
2016-02-09,91.61,YELLOW
2016-02-10,86.32,YELLOW
2016-02-11,96.31,YELLOW
2016-02-12,93.72,YELLOW
2016-02-16,86.82,YELLOW
2016-02-17,84.79,YELLOW
2016-02-18,86.12,YELLOW
2016-02-19,90.1,YELLOW
2016-02-22,85.15,YELLOW
2016-02-23,83.98,YELLOW
2016-02-24,85.09,YELLOW
2016-02-25,84.44,YELLOW
2016-02-26,82.54,YELLOW
2016-02-29,83.39,YELLOW
2016-03-01,84.22,YELLOW
2016-03-02,83.65,YELLOW
2016-03-03,81.72,YELLOW
2016-03-04,78.01,GREEN
2016-03-07,77.83,GREEN
2016-03-08,80.72,YELLOW
2016-03-09,80.36,YELLOW
2016-03-10,80.85,YELLOW
2016-03-11,81.42,YELLOW
2016-03-14,79.12,GREEN
2016-03-15,78.47,GREEN
2016-03-16,74.16,GREEN
2016-03-17,72.41,GREEN
2016-03-18,71.26,GREEN
2016-03-21,70.83,GREEN
2016-03-22,71.12,GREEN
2016-03-23,71.08,GREEN
2016-03-24,72.68,GREEN
2016-03-28,74.69,GREEN
2016-03-29,72.66,GREEN
2016-03-30,70.54,GREEN
2016-03-31,68.8,GREEN
2016-04-01,67.0,GREEN
2016-04-04,65.36,GREEN
2016-04-05,68.31,GREEN
2016-04-06,69.71,GREEN
2016-04-07,71.09,GREEN
2016-04-08,70.88,GREEN
2016-04-11,69.77,GREEN
2016-04-12,68.78,GREEN
2016-04-13,67.49,GREEN
2016-04-14,67.52,GREEN
2016-04-15,66.49,GREEN
2016-04-18,66.34,GREEN
2016-04-19,66.44,GREEN
2016-04-20,67.77,GREEN
2016-04-21,68.6,GREEN
2016-04-22,67.78,GREEN
2016-04-25,67.89,GREEN
2016-04-26,67.15,GREEN
2016-04-27,64.74,GREEN
2016-04-28,64.64,GREEN
2016-04-29,64.92,GREEN
2016-05-02,64.68,GREEN
2016-05-03,68.41,GREEN
2016-05-04,68.12,GREEN
2016-05-05,68.67,GREEN
2016-05-06,65.15,GREEN
2016-05-09,64.12,GREEN
2016-05-10,63.97,GREEN
2016-05-11,63.89,GREEN
2016-05-12,63.92,GREEN
2016-05-13,64.07,GREEN
2016-05-16,66.94,GREEN
2016-05-17,67.12,GREEN
2016-05-18,69.85,GREEN
2016-05-19,70.56,GREEN
2016-05-20,68.51,GREEN
2016-05-23,67.78,GREEN
2016-05-24,69.41,GREEN
2016-05-25,67.54,GREEN
2016-05-26,66.15,GREEN
2016-05-27,66.76,GREEN
2016-05-31,67.91,GREEN
2016-06-01,68.75,GREEN
2016-06-02,69.56,GREEN
2016-06-03,67.59,GREEN
2016-06-06,66.27,GREEN
2016-06-08,67.92,GREEN
2016-06-10,75.1,GREEN
2016-06-13,79.57,GREEN
2016-06-14,79.1,GREEN
2016-06-15,78.67,GREEN
2016-06-16,83.54,YELLOW
2016-06-17,82.58,YELLOW
2016-06-20,77.32,GREEN
2016-06-21,76.96,GREEN
2016-06-22,79.52,GREEN
2016-06-23,74.04,GREEN
2016-06-24,77.94,GREEN
2016-06-27,81.57,YELLOW
2016-06-28,78.67,GREEN
2016-06-29,71.8,GREEN
2016-06-30,72.64,GREEN
2016-07-01,74.35,GREEN
2016-07-05,78.12,GREEN
2016-07-06,76.09,GREEN
2016-07-07,76.73,GREEN
2016-07-08,72.31,GREEN
2016-07-11,69.78,GREEN
2016-07-12,71.43,GREEN
2016-07-13,71.65,GREEN
2016-07-14,73.56,GREEN
2016-07-15,74.77,GREEN
2016-07-18,72.92,GREEN
2016-07-19,70.53,GREEN
2016-07-20,70.64,GREEN
2016-07-21,71.86,GREEN
2016-07-22,69.91,GREEN
2016-07-25,68.75,GREEN
2016-07-26,68.76,GREEN
2016-07-27,66.64,GREEN
2016-07-28,66.67,GREEN
2016-07-29,64.15,GREEN
2016-08-01,63.67,GREEN
2016-08-02,67.85,GREEN
2016-08-03,67.79,GREEN
2016-08-04,67.1,GREEN
2016-08-05,66.59,GREEN
2016-08-08,65.5,GREEN
2016-08-09,64.3,GREEN
2016-08-10,63.34,GREEN
2016-08-11,65.29,GREEN
2016-08-12,64.37,GREEN
2016-08-15,63.77,GREEN
2016-08-16,63.67,GREEN
2016-08-17,63.54,GREEN
2016-08-18,63.65,GREEN
2016-08-19,64.82,GREEN
2016-08-22,67.87,GREEN
2016-08-23,66.62,GREEN
2016-08-24,66.51,GREEN
2016-08-25,69.36,GREEN
2016-08-26,71.24,GREEN
2016-08-29,68.61,GREEN
2016-08-30,69.11,GREEN
2016-08-31,69.08,GREEN
2016-09-01,70.25,GREEN
2016-09-02,66.46,GREEN
2016-09-06,63.46,GREEN
2016-09-07,64.07,GREEN
2016-09-08,65.95,GREEN
2016-09-09,69.12,GREEN
2016-09-12,68.91,GREEN
2016-09-13,70.6,GREEN
2016-09-14,69.23,GREEN
2016-09-15,69.13,GREEN
2016-09-16,69.21,GREEN
2016-09-19,69.23,GREEN
2016-09-20,69.23,GREEN
2016-09-21,63.73,GREEN
2016-09-22,61.18,GREEN
2016-09-23,59.75,GREEN
2016-09-26,58.85,GREEN
2016-09-27,59.23,GREEN
2016-09-28,57.62,GREEN
2016-09-29,58.85,GREEN
2016-09-30,60.56,GREEN
2016-10-03,60.43,GREEN
2016-10-04,62.08,GREEN
2016-10-05,62.57,GREEN
2016-10-06,64.29,GREEN
2016-10-07,62.84,GREEN
2016-10-12,63.95,GREEN
2016-10-14,64.98,GREEN
2016-10-17,64.42,GREEN
2016-10-18,63.18,GREEN
2016-10-19,61.64,GREEN
2016-10-20,59.62,GREEN
2016-10-21,57.09,GREEN
2016-10-25,57.41,GREEN
2016-10-26,59.51,GREEN
2016-10-28,64.38,GREEN
2016-10-31,65.47,GREEN
2016-11-01,67.76,GREEN
2016-11-02,69.25,GREEN
2016-11-03,72.57,GREEN
2016-11-04,74.61,GREEN
2016-11-08,68.47,GREEN
2016-11-09,76.33,GREEN
2016-11-10,82.57,YELLOW
2016-11-14,89.22,YELLOW
2016-11-15,84.12,YELLOW
2016-11-16,80.12,YELLOW
2016-11-17,77.54,GREEN
2016-11-18,81.65,YELLOW
2016-11-21,80.58,YELLOW
2016-11-22,76.46,GREEN
2016-11-23,78.64,GREEN
2016-11-25,79.69,GREEN
2016-11-28,78.74,GREEN
2016-11-29,77.3,GREEN
2016-11-30,80.96,YELLOW
2016-12-01,86.63,YELLOW
2016-12-02,82.06,YELLOW
2016-12-05,79.84,GREEN
2016-12-06,76.57,GREEN
2016-12-07,73.44,GREEN
2016-12-08,73.11,GREEN
2016-12-09,75.55,GREEN
2016-12-12,76.39,GREEN
2016-12-13,75.36,GREEN
2016-12-14,75.84,GREEN
2016-12-15,78.61,GREEN
2016-12-16,78.22,GREEN
2016-12-19,75.24,GREEN
2016-12-20,75.46,GREEN
2016-12-21,73.97,GREEN
2016-12-22,74.05,GREEN
2016-12-23,72.57,GREEN
2016-12-27,70.66,GREEN
2016-12-28,70.79,GREEN
2016-12-29,71.28,GREEN
2016-12-30,71.63,GREEN
2017-01-03,76.73,GREEN
2017-01-04,76.41,GREEN
2017-01-05,76.5,GREEN
2017-01-06,75.24,GREEN
2017-01-09,74.83,GREEN
2017-01-10,73.26,GREEN
2017-01-11,72.83,GREEN
2017-01-12,73.74,GREEN
2017-01-13,74.5,GREEN
2017-01-17,73.94,GREEN
2017-01-18,73.94,GREEN
2017-01-19,78.32,GREEN
2017-01-20,76.71,GREEN
2017-01-23,75.52,GREEN
2017-01-24,75.53,GREEN
2017-01-25,77.06,GREEN
2017-01-26,74.69,GREEN
2017-01-27,72.19,GREEN
2017-01-30,72.36,GREEN
2017-01-31,72.52,GREEN
2017-02-01,70.84,GREEN
2017-02-02,69.92,GREEN
2017-02-03,67.39,GREEN
2017-02-06,67.55,GREEN
2017-02-07,68.07,GREEN
2017-02-08,68.74,GREEN
2017-02-09,68.95,GREEN
2017-02-10,69.63,GREEN
2017-02-13,68.83,GREEN
2017-02-14,67.26,GREEN
2017-02-15,65.51,GREEN
2017-02-16,68.23,GREEN
2017-02-17,69.78,GREEN
2017-02-21,68.72,GREEN
2017-02-22,69.26,GREEN
2017-02-23,68.64,GREEN
2017-02-24,69.85,GREEN
2017-02-27,70.89,GREEN
2017-03-02,69.54,GREEN
2017-03-03,65.79,GREEN
2017-03-06,65.41,GREEN
2017-03-07,66.03,GREEN
2017-03-08,66.61,GREEN
2017-03-09,69.18,GREEN
2017-03-10,67.7,GREEN
2017-03-13,65.64,GREEN
2017-03-14,65.18,GREEN
2017-03-15,61.62,GREEN
2017-03-16,60.44,GREEN
2017-03-17,60.72,GREEN
2017-03-20,59.82,GREEN
2017-03-21,62.13,GREEN
2017-03-23,65.22,GREEN
2017-03-24,64.45,GREEN
2017-03-27,62.68,GREEN
2017-03-28,61.95,GREEN
2017-03-29,61.02,GREEN
2017-03-30,60.94,GREEN
2017-03-31,60.7,GREEN
2017-04-03,61.23,GREEN
2017-04-04,64.77,GREEN
2017-04-05,63.72,GREEN
2017-04-06,68.25,GREEN
2017-04-07,68.66,GREEN
2017-04-10,68.5,GREEN
2017-04-11,70.56,GREEN
2017-04-12,73.42,GREEN
2017-04-13,74.48,GREEN
2017-04-17,70.96,GREEN
2017-04-18,72.87,GREEN
2017-04-19,73.13,GREEN
2017-04-20,73.86,GREEN
2017-04-21,77.15,GREEN
2017-04-24,63.27,GREEN
2017-04-25,62.36,GREEN
2017-04-26,60.95,GREEN
2017-04-27,59.82,GREEN
2017-04-28,60.19,GREEN
2017-05-01,59.4,GREEN
2017-05-02,60.32,GREEN
2017-05-03,59.38,GREEN
2017-05-04,60.08,GREEN
2017-05-05,58.72,GREEN
2017-05-08,55.41,GREEN
2017-05-09,55.22,GREEN
2017-05-10,55.03,GREEN
2017-05-11,54.47,GREEN
2017-05-12,55.71,GREEN
2017-05-15,56.73,GREEN
2017-05-16,55.5,GREEN
2017-05-17,62.58,GREEN
2017-05-18,58.98,GREEN
2017-05-19,57.82,GREEN
2017-05-22,55.47,GREEN
2017-05-24,54.41,GREEN
2017-05-25,54.32,GREEN
2017-05-26,54.05,GREEN
2017-05-31,53.95,GREEN
2017-06-01,54.0,GREEN
2017-06-02,53.74,GREEN
2017-06-05,53.0,GREEN
2017-06-06,53.22,GREEN
2017-06-07,54.8,GREEN
2017-06-08,53.73,GREEN
2017-06-09,52.56,GREEN
2017-06-12,52.32,GREEN
2017-06-13,51.67,GREEN
2017-06-14,52.22,GREEN
2017-06-15,51.59,GREEN
2017-06-16,51.48,GREEN
2017-06-19,51.6,GREEN
2017-06-20,51.6,GREEN
2017-06-21,51.64,GREEN
2017-06-22,51.13,GREEN
2017-06-23,51.16,GREEN
2017-06-26,50.02,GREEN
2017-06-27,52.1,GREEN
2017-06-28,52.51,GREEN
2017-06-29,54.66,GREEN
2017-06-30,55.22,GREEN
2017-07-03,55.25,GREEN
2017-07-05,56.44,GREEN
2017-07-06,56.96,GREEN
2017-07-07,55.76,GREEN
2017-07-10,53.18,GREEN
2017-07-11,53.22,GREEN
2017-07-12,52.43,GREEN
2017-07-13,52.21,GREEN
2017-07-14,51.03,GREEN
2017-07-17,50.0,GREEN
2017-07-18,49.55,GREEN
2017-07-19,48.26,GREEN
2017-07-20,47.0,GREEN
2017-07-21,47.45,GREEN
2017-07-24,47.0,GREEN
2017-07-25,49.57,GREEN
2017-07-26,47.28,GREEN
2017-07-27,48.42,GREEN
2017-07-28,48.53,GREEN
2017-07-31,48.14,GREEN
2017-08-01,49.97,GREEN
2017-08-02,48.75,GREEN
2017-08-03,47.93,GREEN
2017-08-04,47.28,GREEN
2017-08-07,46.91,GREEN
2017-08-08,47.34,GREEN
2017-08-09,49.67,GREEN
2017-08-10,52.0,GREEN
2017-08-11,52.06,GREEN
2017-08-14,49.3,GREEN
2017-08-15,48.63,GREEN
2017-08-16,48.47,GREEN
2017-08-17,48.84,GREEN
2017-08-18,50.16,GREEN
2017-08-21,52.06,GREEN
2017-08-22,51.3,GREEN
2017-08-23,52.08,GREEN
2017-08-24,52.49,GREEN
2017-08-25,50.56,GREEN
2017-08-28,48.86,GREEN
2017-08-29,51.4,GREEN
2017-08-30,51.56,GREEN
2017-08-31,51.13,GREEN
2017-09-01,49.44,GREEN
2017-09-05,53.32,GREEN
2017-09-06,52.92,GREEN
2017-09-07,54.01,GREEN
2017-09-11,51.88,GREEN
2017-09-12,51.65,GREEN
2017-09-13,51.37,GREEN
2017-09-14,50.73,GREEN
2017-09-15,50.63,GREEN
2017-09-18,50.16,GREEN
2017-09-19,49.86,GREEN
2017-09-20,49.15,GREEN
2017-09-21,48.31,GREEN
2017-09-22,50.52,GREEN
2017-09-25,51.11,GREEN
2017-09-26,50.64,GREEN
2017-09-27,52.08,GREEN
2017-09-28,51.86,GREEN
2017-09-29,52.88,GREEN
2017-10-02,54.46,GREEN
2017-10-03,54.6,GREEN
2017-10-04,54.49,GREEN
2017-10-05,55.58,GREEN
2017-10-06,54.98,GREEN
2017-10-10,53.89,GREEN
2017-10-11,52.69,GREEN
2017-10-12,51.82,GREEN
2017-10-13,50.85,GREEN
2017-10-17,49.03,GREEN
2017-10-18,50.29,GREEN
2017-10-19,51.49,GREEN
2017-10-20,53.98,GREEN
2017-10-23,54.1,GREEN
2017-10-24,55.94,GREEN
2017-10-25,57.36,GREEN
2017-10-26,57.35,GREEN
2017-10-27,54.67,GREEN
2017-10-30,51.69,GREEN
2017-10-31,51.15,GREEN
2017-11-01,49.94,GREEN
2017-11-02,48.73,GREEN
2017-11-03,45.83,GREEN
2017-11-06,45.05,GREEN
2017-11-07,44.2,GREEN
2017-11-08,43.97,GREEN
2017-11-09,44.99,GREEN
2017-11-10,47.29,GREEN
2017-11-13,46.39,GREEN
2017-11-14,47.77,GREEN
2017-11-15,48.0,GREEN
2017-11-16,47.74,GREEN
2017-11-17,49.09,GREEN
2017-11-20,48.1,GREEN
2017-11-21,48.09,GREEN
2017-11-22,46.88,GREEN
2017-11-24,46.16,GREEN
2017-11-27,45.29,GREEN
2017-11-28,44.93,GREEN
2017-11-29,45.54,GREEN
2017-11-30,46.83,GREEN
2017-12-01,50.17,GREEN
2017-12-04,48.76,GREEN
2017-12-05,49.24,GREEN
2017-12-06,49.32,GREEN
2017-12-07,49.24,GREEN
2017-12-08,47.49,GREEN
2017-12-11,46.57,GREEN
2017-12-12,46.75,GREEN
2017-12-13,45.03,GREEN
2017-12-14,44.84,GREEN
2017-12-15,46.43,GREEN
2017-12-18,46.73,GREEN
2017-12-19,48.96,GREEN
2017-12-20,49.95,GREEN
2017-12-21,51.6,GREEN
2017-12-22,50.38,GREEN
2017-12-26,48.82,GREEN
2017-12-27,47.73,GREEN
2017-12-28,46.19,GREEN
2017-12-29,46.6,GREEN
2018-01-02,49.17,GREEN
2018-01-03,47.6,GREEN
2018-01-04,47.38,GREEN
2018-01-05,46.07,GREEN
2018-01-08,45.9,GREEN
2018-01-09,47.29,GREEN
2018-01-10,49.17,GREEN
2018-01-11,48.19,GREEN
2018-01-12,47.61,GREEN
2018-01-16,45.91,GREEN
2018-01-17,45.88,GREEN
2018-01-18,48.55,GREEN
2018-01-22,52.6,GREEN
2018-01-23,52.55,GREEN
2018-01-24,54.11,GREEN
2018-01-25,53.38,GREEN
2018-01-26,55.63,GREEN
2018-01-29,55.98,GREEN
2018-01-30,57.28,GREEN
2018-01-31,57.2,GREEN
2018-02-01,57.83,GREEN
2018-02-02,60.33,GREEN
2018-02-05,60.41,GREEN
2018-02-07,66.07,GREEN
2018-02-08,67.85,GREEN
2018-02-12,69.86,GREEN
2018-02-13,68.97,GREEN
2018-02-14,69.52,GREEN
2018-02-15,66.68,GREEN
2018-02-16,63.03,GREEN
2018-02-20,60.26,GREEN
2018-02-21,61.16,GREEN
2018-02-22,61.14,GREEN
2018-02-23,64.6,GREEN
2018-02-26,63.72,GREEN
2018-02-27,63.93,GREEN
2018-02-28,62.97,GREEN
2018-03-01,63.66,GREEN
2018-03-02,65.3,GREEN
2018-03-05,64.71,GREEN
2018-03-06,63.5,GREEN
2018-03-07,63.35,GREEN
2018-03-08,61.58,GREEN
2018-03-09,58.97,GREEN
2018-03-12,58.29,GREEN
2018-03-13,55.07,GREEN
2018-03-14,57.85,GREEN
2018-03-15,57.71,GREEN
2018-03-16,59.01,GREEN
2018-03-19,59.98,GREEN
2018-03-20,57.89,GREEN
2018-03-21,55.72,GREEN
2018-03-22,55.93,GREEN
2018-03-23,56.17,GREEN
2018-03-26,54.55,GREEN
2018-03-27,56.27,GREEN
2018-03-28,58.35,GREEN
2018-03-29,58.54,GREEN
2018-04-02,58.66,GREEN
2018-04-03,56.02,GREEN
2018-04-04,55.35,GREEN
2018-04-05,53.72,GREEN
2018-04-06,56.07,GREEN
2018-04-09,52.51,GREEN
2018-04-10,51.43,GREEN
2018-04-11,50.5,GREEN
2018-04-12,51.49,GREEN
2018-04-13,51.14,GREEN
2018-04-16,49.74,GREEN
2018-04-17,48.34,GREEN
2018-04-18,50.0,GREEN
2018-04-19,51.1,GREEN
2018-04-20,52.71,GREEN
2018-04-23,52.79,GREEN
2018-04-24,53.0,GREEN
2018-04-25,55.2,GREEN
2018-04-26,53.14,GREEN
2018-04-27,51.27,GREEN
2018-04-30,50.35,GREEN
2018-05-01,51.78,GREEN
2018-05-02,49.05,GREEN
2018-05-03,49.43,GREEN
2018-05-07,48.02,GREEN
2018-05-08,48.82,GREEN
2018-05-09,49.37,GREEN
2018-05-10,47.81,GREEN
2018-05-11,47.06,GREEN
2018-05-14,48.34,GREEN
2018-05-15,52.66,GREEN
2018-05-16,55.13,GREEN
2018-05-17,54.19,GREEN
2018-05-18,53.26,GREEN
2018-05-21,53.08,GREEN
2018-05-22,52.57,GREEN
2018-05-23,53.27,GREEN
2018-05-24,52.16,GREEN
2018-05-25,54.1,GREEN
2018-05-29,63.0,GREEN
2018-05-30,61.86,GREEN
2018-05-31,60.54,GREEN
2018-06-01,56.94,GREEN
2018-06-04,54.3,GREEN
2018-06-05,54.46,GREEN
2018-06-06,56.44,GREEN
2018-06-07,56.58,GREEN
2018-06-08,59.57,GREEN
2018-06-11,57.83,GREEN
2018-06-12,55.96,GREEN
2018-06-13,53.79,GREEN
2018-06-14,52.5,GREEN
2018-06-15,53.08,GREEN
2018-06-18,52.33,GREEN
2018-06-19,52.4,GREEN
2018-06-20,51.92,GREEN
2018-06-21,53.09,GREEN
2018-06-22,53.03,GREEN
2018-06-25,53.04,GREEN
2018-06-26,51.3,GREEN
2018-06-27,53.05,GREEN
2018-06-28,52.13,GREEN
2018-06-29,51.17,GREEN
2018-07-02,50.25,GREEN
2018-07-03,51.22,GREEN
2018-07-05,51.46,GREEN
2018-07-06,50.13,GREEN
2018-07-09,49.69,GREEN
2018-07-10,49.81,GREEN
2018-07-11,50.48,GREEN
2018-07-12,48.57,GREEN
2018-07-13,48.28,GREEN
2018-07-16,47.79,GREEN
2018-07-17,46.64,GREEN
2018-07-18,45.26,GREEN
2018-07-19,47.11,GREEN
2018-07-20,49.05,GREEN
2018-07-23,51.51,GREEN
2018-07-24,50.31,GREEN
2018-07-25,48.29,GREEN
2018-07-26,49.27,GREEN
2018-07-27,48.83,GREEN
2018-07-30,49.42,GREEN
2018-07-31,46.5,GREEN
2018-08-01,48.38,GREEN
2018-08-02,48.0,GREEN
2018-08-03,47.67,GREEN
2018-08-06,46.86,GREEN
2018-08-07,47.15,GREEN
2018-08-08,46.84,GREEN
2018-08-09,47.35,GREEN
2018-08-10,50.63,GREEN
2018-08-13,50.77,GREEN
2018-08-14,49.84,GREEN
2018-08-15,51.52,GREEN
2018-08-16,50.61,GREEN
2018-08-17,50.69,GREEN
2018-08-20,50.97,GREEN
2018-08-21,50.32,GREEN
2018-08-22,49.64,GREEN
2018-08-23,49.2,GREEN
2018-08-24,49.16,GREEN
2018-08-27,49.38,GREEN
2018-08-28,49.95,GREEN
2018-08-29,49.1,GREEN
2018-08-30,50.41,GREEN
2018-08-31,50.71,GREEN
2018-09-04,49.57,GREEN
2018-09-05,48.4,GREEN
2018-09-06,48.65,GREEN
2018-09-07,49.43,GREEN
2018-09-10,47.69,GREEN
2018-09-11,47.97,GREEN
2018-09-12,46.79,GREEN
2018-09-13,46.06,GREEN
2018-09-14,47.45,GREEN
2018-09-17,46.81,GREEN
2018-09-18,47.97,GREEN
2018-09-19,48.79,GREEN
2018-09-20,49.34,GREEN
2018-09-21,48.83,GREEN
2018-09-24,48.31,GREEN
2018-09-25,49.38,GREEN
2018-09-26,47.44,GREEN
2018-09-27,45.71,GREEN
2018-09-28,46.16,GREEN
2018-10-01,44.28,GREEN
2018-10-02,45.35,GREEN
2018-10-03,50.21,GREEN
2018-10-04,55.07,GREEN
2018-10-05,55.19,GREEN
2018-10-09,53.45,GREEN
2018-10-10,55.7,GREEN
2018-10-11,56.07,GREEN
2018-10-12,54.37,GREEN
2018-10-15,51.25,GREEN
2018-10-16,50.18,GREEN
2018-10-17,48.99,GREEN
2018-10-18,52.64,GREEN
2018-10-19,52.04,GREEN
2018-10-22,51.85,GREEN
2018-10-23,55.01,GREEN
2018-10-24,57.69,GREEN
2018-10-25,56.7,GREEN
2018-10-26,62.7,GREEN
2018-10-29,59.77,GREEN
2018-10-30,61.79,GREEN
2018-10-31,60.13,GREEN
2018-11-01,58.54,GREEN
2018-11-02,61.42,GREEN
2018-11-05,59.9,GREEN
2018-11-06,59.01,GREEN
2018-11-08,51.58,GREEN
2018-11-09,53.54,GREEN
2018-11-13,52.23,GREEN
2018-11-14,53.9,GREEN
2018-11-15,56.22,GREEN
2018-11-16,60.43,GREEN
2018-11-19,59.47,GREEN
2018-11-20,59.49,GREEN
2018-11-21,57.65,GREEN
2018-11-23,57.31,GREEN
2018-11-26,51.53,GREEN
2018-11-27,51.24,GREEN
2018-11-28,50.76,GREEN
2018-11-29,50.92,GREEN
2018-11-30,52.43,GREEN
2018-12-03,50.31,GREEN
2018-12-04,53.86,GREEN
2018-12-07,60.74,GREEN
2018-12-10,60.26,GREEN
2018-12-11,58.73,GREEN
2018-12-12,58.23,GREEN
2018-12-13,55.75,GREEN
2018-12-14,56.13,GREEN
2018-12-17,55.41,GREEN
2018-12-18,59.4,GREEN
2018-12-19,59.01,GREEN
2018-12-20,58.76,GREEN
2018-12-21,61.61,GREEN
2018-12-24,66.04,GREEN
2018-12-26,63.89,GREEN
2018-12-27,68.34,GREEN
2018-12-28,66.66,GREEN
2018-12-31,66.58,GREEN
2019-01-02,62.8,GREEN
2019-01-03,65.79,GREEN
2019-01-04,65.82,GREEN
2019-01-07,60.88,GREEN
2019-01-08,59.05,GREEN
2019-01-09,57.02,GREEN
2019-01-10,56.65,GREEN
2019-01-11,55.94,GREEN
2019-01-14,55.34,GREEN
2019-01-15,53.01,GREEN
2019-01-16,51.95,GREEN
2019-01-17,53.44,GREEN
2019-01-18,53.78,GREEN
2019-01-22,54.64,GREEN
2019-01-23,54.19,GREEN
2019-01-24,54.18,GREEN
2019-01-25,52.5,GREEN
2019-01-28,50.95,GREEN
2019-01-29,49.8,GREEN
2019-01-30,48.32,GREEN
2019-01-31,49.81,GREEN
2019-02-01,48.79,GREEN
2019-02-04,48.87,GREEN
2019-02-05,48.62,GREEN
2019-02-06,47.44,GREEN
2019-02-07,48.97,GREEN
2019-02-08,49.63,GREEN
2019-02-11,48.32,GREEN
2019-02-12,49.02,GREEN
2019-02-13,48.17,GREEN
2019-02-14,47.19,GREEN
2019-02-15,45.73,GREEN
2019-02-19,45.06,GREEN
2019-02-20,44.54,GREEN
2019-02-21,46.55,GREEN
2019-02-22,47.22,GREEN
2019-02-25,46.16,GREEN
2019-02-26,46.28,GREEN
2019-02-28,47.22,GREEN
2019-03-01,47.9,GREEN
2019-03-04,46.74,GREEN
2019-03-05,45.86,GREEN
2019-03-06,45.63,GREEN
2019-03-07,45.83,GREEN
2019-03-08,45.83,GREEN
2019-03-11,44.84,GREEN
2019-03-12,44.86,GREEN
2019-03-13,44.57,GREEN
2019-03-14,45.24,GREEN
2019-03-15,46.05,GREEN
2019-03-18,44.95,GREEN
2019-03-19,43.68,GREEN
2019-03-20,42.53,GREEN
2019-03-21,44.51,GREEN
2019-03-22,52.26,GREEN
2019-03-25,57.11,GREEN
2019-03-26,56.51,GREEN
2019-03-27,60.97,GREEN
2019-03-28,59.93,GREEN
2019-03-29,58.55,GREEN
2019-04-01,52.69,GREEN
2019-04-02,54.21,GREEN
2019-04-03,53.84,GREEN
2019-04-04,51.7,GREEN
2019-04-05,49.22,GREEN
2019-04-08,47.89,GREEN
2019-04-09,48.83,GREEN
2019-04-10,48.6,GREEN
2019-04-11,46.9,GREEN
2019-04-12,48.84,GREEN
2019-04-15,47.64,GREEN
2019-04-16,48.31,GREEN
2019-04-17,48.65,GREEN
2019-04-18,49.23,GREEN
2019-04-22,48.78,GREEN
2019-04-23,49.79,GREEN
2019-04-24,50.52,GREEN
2019-04-25,49.79,GREEN
2019-04-26,49.43,GREEN
2019-04-29,48.05,GREEN
2019-04-30,49.47,GREEN
2019-05-01,46.75,GREEN
2019-05-02,46.72,GREEN
2019-05-03,45.78,GREEN
2019-05-06,47.82,GREEN
2019-05-07,52.36,GREEN
2019-05-08,51.31,GREEN
2019-05-09,54.72,GREEN
2019-05-10,53.49,GREEN
2019-05-13,57.89,GREEN
2019-05-14,55.35,GREEN
2019-05-15,57.4,GREEN
2019-05-16,56.98,GREEN
2019-05-17,56.97,GREEN
2019-05-20,56.55,GREEN
2019-05-21,55.35,GREEN
2019-05-22,54.96,GREEN
2019-05-23,61.07,GREEN
2019-05-24,60.54,GREEN
2019-05-28,61.77,GREEN
2019-05-29,63.16,GREEN
2019-05-30,61.74,GREEN
2019-05-31,72.68,GREEN
2019-06-03,73.56,GREEN
2019-06-04,75.26,GREEN
2019-06-05,77.64,GREEN
2019-06-06,73.42,GREEN
2019-06-07,68.69,GREEN
2019-06-10,65.62,GREEN
2019-06-11,64.93,GREEN
2019-06-12,68.43,GREEN
2019-06-13,75.74,GREEN
2019-06-14,80.82,YELLOW
2019-06-17,76.88,GREEN
2019-06-18,76.74,GREEN
2019-06-19,71.37,GREEN
2019-06-20,72.37,GREEN
2019-06-21,74.63,GREEN
2019-06-24,73.76,GREEN
2019-06-25,74.22,GREEN
2019-06-26,73.73,GREEN
2019-06-27,69.92,GREEN
2019-06-28,70.43,GREEN
2019-07-01,66.53,GREEN
2019-07-02,68.6,GREEN
2019-07-03,68.33,GREEN
2019-07-05,65.28,GREEN
2019-07-08,63.22,GREEN
2019-07-09,62.9,GREEN
2019-07-10,62.39,GREEN
2019-07-11,62.96,GREEN
2019-07-12,62.78,GREEN
2019-07-15,61.9,GREEN
2019-07-16,61.29,GREEN
2019-07-17,62.29,GREEN
2019-07-18,63.12,GREEN
2019-07-19,63.86,GREEN
2019-07-22,60.97,GREEN
2019-07-23,61.23,GREEN
2019-07-24,60.71,GREEN
2019-07-25,60.99,GREEN
2019-07-26,58.9,GREEN
2019-07-29,58.55,GREEN
2019-07-30,57.84,GREEN
2019-07-31,55.25,GREEN
2019-08-01,64.68,GREEN
2019-08-02,66.11,GREEN
2019-08-05,77.24,GREEN
2019-08-06,73.92,GREEN
2019-08-07,79.08,GREEN
2019-08-08,78.55,GREEN
2019-08-09,78.97,GREEN
2019-08-12,81.58,YELLOW
2019-08-13,77.7,GREEN
2019-08-14,87.22,YELLOW
2019-08-15,90.62,YELLOW
2019-08-16,89.52,YELLOW
2019-08-19,86.49,YELLOW
2019-08-20,86.86,YELLOW
2019-08-21,84.51,YELLOW
2019-08-22,83.15,YELLOW
2019-08-23,91.82,YELLOW
2019-08-26,87.98,YELLOW
2019-08-27,88.67,YELLOW
2019-08-28,89.87,YELLOW
2019-08-29,86.94,YELLOW
2019-08-30,86.89,YELLOW
2019-09-03,85.27,YELLOW
2019-09-04,81.6,YELLOW
2019-09-05,79.92,GREEN
2019-09-06,78.82,GREEN
2019-09-09,76.44,GREEN
2019-09-10,76.78,GREEN
2019-09-11,76.7,GREEN
2019-09-12,77.57,GREEN
2019-09-13,85.53,YELLOW
2019-09-16,85.95,YELLOW
2019-09-17,84.76,YELLOW
2019-09-18,79.66,GREEN
2019-09-19,78.14,GREEN
2019-09-20,80.07,YELLOW
2019-09-23,81.01,YELLOW
2019-09-24,83.07,YELLOW
2019-09-25,80.22,YELLOW
2019-09-26,79.87,GREEN
2019-09-27,79.97,GREEN
2019-09-30,77.2,GREEN
2019-10-01,85.61,YELLOW
2019-10-02,89.39,YELLOW
2019-10-03,87.94,YELLOW
2019-10-04,83.15,YELLOW
2019-10-07,81.86,YELLOW
2019-10-08,80.47,YELLOW
2019-10-09,79.31,GREEN
2019-10-10,80.14,YELLOW
2019-10-11,79.86,GREEN
2019-10-15,80.06,YELLOW
2019-10-16,77.94,GREEN
2019-10-17,77.61,GREEN
2019-10-18,78.35,GREEN
2019-10-21,80.25,YELLOW
2019-10-22,78.73,GREEN
2019-10-23,73.03,GREEN
2019-10-24,68.97,GREEN
2019-10-25,67.07,GREEN
2019-10-28,67.41,GREEN
2019-10-29,67.61,GREEN
2019-10-30,63.32,GREEN
2019-10-31,65.88,GREEN
2019-11-01,57.28,GREEN
2019-11-04,60.18,GREEN
2019-11-05,61.48,GREEN
2019-11-06,61.73,GREEN
2019-11-07,67.08,GREEN
2019-11-08,64.44,GREEN
2019-11-11,64.44,GREEN
2019-11-12,69.82,GREEN
2019-11-13,66.1,GREEN
2019-11-14,64.17,GREEN
2019-11-15,61.7,GREEN
2019-11-18,64.13,GREEN
2019-11-19,62.64,GREEN
2019-11-20,65.58,GREEN
2019-11-21,61.83,GREEN
2019-11-22,62.17,GREEN
2019-11-25,61.55,GREEN
2019-11-26,60.39,GREEN
2019-11-27,57.62,GREEN
2019-11-29,56.57,GREEN
2019-12-02,59.42,GREEN
2019-12-03,64.62,GREEN
2019-12-04,63.01,GREEN
2019-12-05,63.73,GREEN
2019-12-06,64.07,GREEN
2019-12-09,67.29,GREEN
2019-12-10,67.09,GREEN
2019-12-11,61.3,GREEN
2019-12-12,61.63,GREEN
2019-12-13,56.44,GREEN
2019-12-16,56.13,GREEN
2019-12-17,55.38,GREEN
2019-12-18,53.41,GREEN
2019-12-19,53.7,GREEN
2019-12-20,54.19,GREEN
2019-12-23,55.31,GREEN
2019-12-24,58.32,GREEN
2019-12-26,56.42,GREEN
2019-12-27,55.3,GREEN
2019-12-30,59.63,GREEN
2019-12-31,58.28,GREEN
2020-01-02,57.2,GREEN
2020-01-03,60.12,GREEN
2020-01-06,62.79,GREEN
2020-01-07,62.63,GREEN
2020-01-08,60.49,GREEN
2020-01-09,57.66,GREEN
2020-01-10,53.32,GREEN
2020-01-13,53.27,GREEN
2020-01-14,52.35,GREEN
2020-01-15,50.54,GREEN
2020-01-16,50.37,GREEN
2020-01-17,49.67,GREEN
2020-01-21,53.42,GREEN
2020-01-22,51.31,GREEN
2020-01-23,55.34,GREEN
2020-01-24,59.94,GREEN
2020-01-27,66.73,GREEN
2020-01-28,65.6,GREEN
2020-01-29,66.17,GREEN
2020-01-30,71.07,GREEN
2020-01-31,72.98,GREEN
2020-02-03,72.81,GREEN
2020-02-04,68.17,GREEN
2020-02-05,64.07,GREEN
2020-02-06,61.24,GREEN
2020-02-07,65.59,GREEN
2020-02-10,68.13,GREEN
2020-02-11,64.89,GREEN
2020-02-12,63.52,GREEN
2020-02-13,63.51,GREEN
2020-02-14,62.38,GREEN
2020-02-18,67.66,GREEN
2020-02-19,68.04,GREEN
2020-02-20,69.6,GREEN
2020-02-21,74.54,GREEN
2020-02-24,86.92,YELLOW
2020-02-25,87.38,YELLOW
2020-02-26,87.0,YELLOW
2020-02-27,92.59,YELLOW
2020-02-28,109.67,YELLOW
2020-03-02,104.89,YELLOW
2020-03-03,102.97,YELLOW
2020-03-04,89.59,YELLOW
2020-03-05,96.96,YELLOW
2020-03-06,125.21,RED
2020-03-09,163.7,RED
2020-03-10,123.72,RED
2020-03-11,127.84,RED
2020-03-12,152.62,RED
2020-03-13,138.4,RED
2020-03-16,124.53,RED
2020-03-17,109.85,YELLOW
2020-03-18,124.14,RED
2020-03-19,141.13,RED
2020-03-20,133.37,RED
2020-03-23,135.38,RED
2020-03-24,111.09,YELLOW
2020-03-25,87.14,YELLOW
2020-03-26,88.48,YELLOW
2020-03-27,88.33,YELLOW
2020-03-30,90.7,YELLOW
2020-03-31,83.87,YELLOW
2020-04-01,83.13,YELLOW
2020-04-02,71.99,GREEN
2020-04-03,65.01,GREEN
2020-04-06,66.28,GREEN
2020-04-07,72.21,GREEN
2020-04-08,75.71,GREEN
2020-04-09,74.39,GREEN
2020-04-13,75.85,GREEN
2020-04-14,69.52,GREEN
2020-04-15,70.5,GREEN
2020-04-16,69.93,GREEN
2020-04-17,69.84,GREEN
2020-04-20,70.6,GREEN
2020-04-21,73.83,GREEN
2020-04-22,72.29,GREEN
2020-04-23,67.25,GREEN
2020-04-24,66.09,GREEN
2020-04-27,62.7,GREEN
2020-04-28,58.89,GREEN
2020-04-29,57.15,GREEN
2020-04-30,53.59,GREEN
2020-05-01,48.11,GREEN
2020-05-04,49.25,GREEN
2020-05-05,49.65,GREEN
2020-05-06,51.31,GREEN
2020-05-07,54.93,GREEN
2020-05-08,57.4,GREEN
2020-05-11,61.6,GREEN
2020-05-12,61.26,GREEN
2020-05-13,57.56,GREEN
2020-05-14,59.05,GREEN
2020-05-15,56.53,GREEN
2020-05-18,58.7,GREEN
2020-05-19,60.09,GREEN
2020-05-20,58.85,GREEN
2020-05-21,55.62,GREEN
2020-05-22,51.67,GREEN
2020-05-26,52.22,GREEN
2020-05-27,52.98,GREEN
2020-05-28,50.57,GREEN
2020-05-29,51.55,GREEN
2020-06-01,55.07,GREEN
2020-06-02,55.35,GREEN
2020-06-03,61.24,GREEN
2020-06-04,61.18,GREEN
2020-06-05,61.97,GREEN
2020-06-08,62.77,GREEN
2020-06-09,62.94,GREEN
2020-06-10,60.02,GREEN
2020-06-11,56.47,GREEN
2020-06-12,55.81,GREEN
2020-06-15,58.09,GREEN
2020-06-16,60.49,GREEN
2020-06-17,58.16,GREEN
2020-06-18,55.15,GREEN
2020-06-19,53.45,GREEN
2020-06-22,53.93,GREEN
2020-06-23,54.04,GREEN
2020-06-24,54.89,GREEN
2020-06-25,51.57,GREEN
2020-06-26,51.21,GREEN
2020-06-29,52.96,GREEN
2020-06-30,54.13,GREEN
2020-07-01,53.28,GREEN
2020-07-02,50.96,GREEN
2020-07-06,52.03,GREEN
2020-07-07,50.98,GREEN
2020-07-08,49.8,GREEN
2020-07-09,50.07,GREEN
2020-07-10,49.19,GREEN
2020-07-13,49.55,GREEN
2020-07-14,50.81,GREEN
2020-07-15,47.08,GREEN
2020-07-16,46.43,GREEN
2020-07-17,45.68,GREEN
2020-07-20,46.82,GREEN
2020-07-21,46.45,GREEN
2020-07-22,45.32,GREEN
2020-07-23,43.93,GREEN
2020-07-24,42.48,GREEN
2020-07-27,42.61,GREEN
2020-07-28,41.27,GREEN
2020-07-29,41.63,GREEN
2020-07-30,40.66,GREEN
2020-07-31,41.98,GREEN
2020-08-03,43.13,GREEN
2020-08-04,44.11,GREEN
2020-08-05,41.75,GREEN
2020-08-06,42.6,GREEN
2020-08-07,41.46,GREEN
2020-08-10,42.21,GREEN
2020-08-11,45.26,GREEN
2020-08-12,44.23,GREEN
2020-08-13,45.08,GREEN
2020-08-14,43.09,GREEN
2020-08-17,45.81,GREEN
2020-08-18,46.06,GREEN
2020-08-19,44.6,GREEN
2020-08-20,44.58,GREEN
2020-08-21,45.14,GREEN
2020-08-24,46.33,GREEN
2020-08-25,47.89,GREEN
2020-08-26,47.99,GREEN
2020-08-27,49.29,GREEN
2020-08-28,48.19,GREEN
2020-08-31,47.02,GREEN
2020-09-01,44.3,GREEN
2020-09-02,44.86,GREEN
2020-09-03,45.76,GREEN
2020-09-04,47.04,GREEN
2020-09-08,50.68,GREEN
2020-09-09,48.82,GREEN
2020-09-10,45.21,GREEN
2020-09-11,43.12,GREEN
2020-09-14,44.21,GREEN
2020-09-15,43.06,GREEN
2020-09-16,42.43,GREEN
2020-09-17,38.45,GREEN
2020-09-18,37.24,GREEN
2020-09-21,38.63,GREEN
2020-09-22,39.35,GREEN
2020-09-23,38.63,GREEN
2020-09-24,37.22,GREEN
2020-09-25,36.97,GREEN
2020-09-28,37.4,GREEN
2020-09-29,36.62,GREEN
2020-09-30,39.21,GREEN
2020-10-01,38.65,GREEN
2020-10-02,39.97,GREEN
2020-10-05,39.81,GREEN
2020-10-06,57.75,GREEN
2020-10-07,56.98,GREEN
2020-10-08,57.31,GREEN
2020-10-09,57.52,GREEN
2020-10-13,55.59,GREEN
2020-10-14,53.5,GREEN
2020-10-15,55.62,GREEN
2020-10-16,57.25,GREEN
2020-10-19,61.16,GREEN
2020-10-20,60.42,GREEN
2020-10-21,59.07,GREEN
2020-10-22,59.73,GREEN
2020-10-23,58.46,GREEN
2020-10-26,58.95,GREEN
2020-10-27,57.88,GREEN
2020-10-28,57.13,GREEN
2020-10-29,61.3,GREEN
2020-10-30,61.91,GREEN
2020-11-02,63.56,GREEN
2020-11-03,64.37,GREEN
2020-11-04,47.74,GREEN
2020-11-05,43.76,GREEN
2020-11-06,39.88,GREEN
2020-11-09,44.94,GREEN
2020-11-10,46.19,GREEN
2020-11-12,44.17,GREEN
2020-11-13,42.95,GREEN
2020-11-16,42.49,GREEN
2020-11-17,43.08,GREEN
2020-11-18,43.62,GREEN
2020-11-19,43.53,GREEN
2020-11-20,42.31,GREEN
2020-11-23,43.04,GREEN
2020-11-24,42.38,GREEN
2020-11-25,39.62,GREEN
2020-11-27,39.64,GREEN
2020-11-30,40.84,GREEN
2020-12-01,41.53,GREEN
2020-12-02,43.92,GREEN
2020-12-03,42.53,GREEN
2020-12-04,43.89,GREEN
2020-12-07,49.67,GREEN
2020-12-08,49.1,GREEN
2020-12-09,48.48,GREEN
2020-12-10,47.15,GREEN
2020-12-11,47.52,GREEN
2020-12-14,49.22,GREEN
2020-12-15,48.14,GREEN
2020-12-16,46.96,GREEN
2020-12-17,44.15,GREEN
2020-12-18,44.64,GREEN
2020-12-21,46.66,GREEN
2020-12-22,43.57,GREEN
2020-12-23,42.74,GREEN
2020-12-24,42.11,GREEN
2020-12-28,45.26,GREEN
2020-12-29,46.1,GREEN
2020-12-30,47.19,GREEN
2020-12-31,48.98,GREEN
2021-01-04,49.59,GREEN
2021-01-05,48.95,GREEN
2021-01-06,44.64,GREEN
2021-01-07,45.2,GREEN
2021-01-08,44.81,GREEN
2021-01-11,47.77,GREEN
2021-01-12,50.12,GREEN
2021-01-13,45.6,GREEN
2021-01-14,46.23,GREEN
2021-01-15,45.14,GREEN
2021-01-19,45.23,GREEN
2021-01-20,42.53,GREEN
2021-01-21,43.01,GREEN
2021-01-22,43.09,GREEN
2021-01-25,43.08,GREEN
2021-01-26,43.14,GREEN
2021-01-27,44.16,GREEN
2021-01-28,45.53,GREEN
2021-01-29,47.41,GREEN
2021-02-01,46.28,GREEN
2021-02-02,45.91,GREEN
2021-02-03,46.93,GREEN
2021-02-04,47.25,GREEN
2021-02-05,47.2,GREEN
2021-02-08,48.45,GREEN
2021-02-09,46.75,GREEN
2021-02-10,46.27,GREEN
2021-02-11,45.95,GREEN
2021-02-12,47.01,GREEN
2021-02-16,56.78,GREEN
2021-02-17,55.97,GREEN
2021-02-18,56.12,GREEN
2021-02-19,60.43,GREEN
2021-02-22,62.42,GREEN
2021-02-23,61.73,GREEN
2021-02-24,61.92,GREEN
2021-02-25,74.16,GREEN
2021-02-26,75.66,GREEN
2021-03-01,68.73,GREEN
2021-03-02,57.7,GREEN
2021-03-03,65.83,GREEN
2021-03-04,68.13,GREEN
2021-03-05,69.37,GREEN
2021-03-08,71.65,GREEN
2021-03-09,67.44,GREEN
2021-03-10,63.19,GREEN
2021-03-11,63.9,GREEN
2021-03-12,70.83,GREEN
2021-03-15,70.79,GREEN
2021-03-16,70.81,GREEN
2021-03-17,66.75,GREEN
2021-03-18,70.48,GREEN
2021-03-19,68.8,GREEN
2021-03-22,67.62,GREEN
2021-03-23,60.77,GREEN
2021-03-24,60.71,GREEN
2021-03-25,59.54,GREEN
2021-03-26,61.49,GREEN
2021-03-29,65.96,GREEN
2021-03-30,67.44,GREEN
2021-03-31,71.27,GREEN
2021-04-01,64.99,GREEN
2021-04-05,61.79,GREEN
2021-04-06,60.29,GREEN
2021-04-07,62.54,GREEN
2021-04-08,60.08,GREEN
2021-04-09,61.21,GREEN
2021-04-12,63.5,GREEN
2021-04-13,61.2,GREEN
2021-04-14,60.08,GREEN
2021-04-15,59.05,GREEN
2021-04-16,62.57,GREEN
2021-04-19,63.96,GREEN
2021-04-20,64.35,GREEN
2021-04-21,62.27,GREEN
2021-04-22,59.62,GREEN
2021-04-23,59.98,GREEN
2021-04-26,60.98,GREEN
2021-04-27,60.15,GREEN
2021-04-28,60.31,GREEN
2021-04-29,59.02,GREEN
2021-04-30,58.13,GREEN
2021-05-03,57.33,GREEN
2021-05-04,58.51,GREEN
2021-05-05,56.93,GREEN
2021-05-06,57.75,GREEN
2021-05-07,54.13,GREEN
2021-05-10,55.48,GREEN
2021-05-11,58.01,GREEN
2021-05-12,58.47,GREEN
2021-05-13,56.59,GREEN
2021-05-14,54.99,GREEN
2021-05-17,58.59,GREEN
2021-05-18,57.18,GREEN
2021-05-19,57.31,GREEN
2021-05-20,55.04,GREEN
2021-05-21,54.59,GREEN
2021-05-24,54.94,GREEN
2021-05-25,53.72,GREEN
2021-05-26,52.82,GREEN
2021-05-27,53.47,GREEN
2021-05-28,52.04,GREEN
2021-06-01,54.99,GREEN
2021-06-02,55.21,GREEN
2021-06-03,53.96,GREEN
2021-06-04,49.78,GREEN
2021-06-07,49.55,GREEN
2021-06-08,49.93,GREEN
2021-06-09,52.84,GREEN
2021-06-10,48.26,GREEN
2021-06-11,50.85,GREEN
2021-06-14,54.03,GREEN
2021-06-15,52.92,GREEN
2021-06-16,54.28,GREEN
2021-06-17,54.91,GREEN
2021-06-18,60.45,GREEN
2021-06-21,61.86,GREEN
2021-06-22,58.64,GREEN
2021-06-23,55.6,GREEN
2021-06-24,54.83,GREEN
2021-06-25,55.58,GREEN
2021-06-28,56.33,GREEN
2021-06-29,56.8,GREEN
2021-06-30,57.27,GREEN
2021-07-01,57.52,GREEN
2021-07-02,52.41,GREEN
2021-07-06,56.55,GREEN
2021-07-07,60.65,GREEN
2021-07-08,61.68,GREEN
2021-07-09,59.92,GREEN
2021-07-12,60.78,GREEN
2021-07-13,60.8,GREEN
2021-07-14,57.31,GREEN
2021-07-15,56.98,GREEN
2021-07-16,58.24,GREEN
2021-07-19,67.58,GREEN
2021-07-20,69.31,GREEN
2021-07-21,65.28,GREEN
2021-07-22,64.96,GREEN
2021-07-23,65.28,GREEN
2021-07-26,69.03,GREEN
2021-07-27,70.07,GREEN
2021-07-28,62.4,GREEN
2021-07-29,62.08,GREEN
2021-07-30,61.19,GREEN
2021-08-02,64.29,GREEN
2021-08-03,65.42,GREEN
2021-08-04,62.67,GREEN
2021-08-05,63.57,GREEN
2021-08-06,62.64,GREEN
2021-08-09,65.72,GREEN
2021-08-10,66.55,GREEN
2021-08-11,60.66,GREEN
2021-08-12,57.39,GREEN
2021-08-13,55.45,GREEN
2021-08-16,59.4,GREEN
2021-08-17,60.28,GREEN
2021-08-18,58.05,GREEN
2021-08-19,59.38,GREEN
2021-08-20,59.95,GREEN
2021-08-23,62.23,GREEN
2021-08-24,63.03,GREEN
2021-08-25,64.51,GREEN
2021-08-26,63.41,GREEN
2021-08-27,57.98,GREEN
2021-08-30,60.14,GREEN
2021-08-31,59.54,GREEN
2021-09-01,58.09,GREEN
2021-09-02,55.8,GREEN
2021-09-03,53.26,GREEN
2021-09-07,57.05,GREEN
2021-09-08,57.02,GREEN
2021-09-09,52.61,GREEN
2021-09-10,51.73,GREEN
2021-09-13,53.1,GREEN
2021-09-14,51.73,GREEN
2021-09-15,53.93,GREEN
2021-09-16,53.7,GREEN
2021-09-17,56.06,GREEN
2021-09-20,59.58,GREEN
2021-09-21,59.2,GREEN
2021-09-22,55.92,GREEN
2021-09-23,56.79,GREEN
2021-09-24,58.46,GREEN
2021-09-27,60.5,GREEN
2021-09-28,62.71,GREEN
2021-09-29,61.21,GREEN
2021-09-30,61.07,GREEN
2021-10-01,57.38,GREEN
2021-10-04,60.61,GREEN
2021-10-05,62.83,GREEN
2021-10-06,60.65,GREEN
2021-10-07,60.91,GREEN
2021-10-08,59.65,GREEN
2021-10-12,62.95,GREEN
2021-10-13,60.84,GREEN
2021-10-14,59.35,GREEN
2021-10-15,62.7,GREEN
2021-10-18,70.77,GREEN
2021-10-19,68.25,GREEN
2021-10-20,65.47,GREEN
2021-10-21,69.42,GREEN
2021-10-22,72.04,GREEN
2021-10-25,68.96,GREEN
2021-10-26,66.7,GREEN
2021-10-27,70.06,GREEN
2021-10-28,71.96,GREEN
2021-10-29,75.45,GREEN
2021-11-01,78.34,GREEN
2021-11-02,71.04,GREEN
2021-11-03,71.22,GREEN
2021-11-04,64.61,GREEN
2021-11-05,66.9,GREEN
2021-11-08,70.97,GREEN
2021-11-09,73.02,GREEN
2021-11-10,78.31,GREEN
2021-11-12,78.61,GREEN
2021-11-15,81.59,YELLOW
2021-11-16,81.58,YELLOW
2021-11-17,81.58,YELLOW
2021-11-18,74.51,GREEN
2021-11-19,73.39,GREEN
2021-11-22,79.21,GREEN
2021-11-23,80.57,YELLOW
2021-11-24,83.15,YELLOW
2021-11-26,89.45,YELLOW
2021-11-29,89.41,YELLOW
2021-11-30,84.04,YELLOW
2021-12-01,82.97,YELLOW
2021-12-02,82.55,YELLOW
2021-12-03,79.14,GREEN
2021-12-06,87.89,YELLOW
2021-12-07,88.14,YELLOW
2021-12-08,80.29,YELLOW
2021-12-09,79.54,GREEN
2021-12-10,74.36,GREEN
2021-12-13,76.41,GREEN
2021-12-14,78.98,GREEN
2021-12-15,74.06,GREEN
2021-12-16,69.1,GREEN
2021-12-17,72.46,GREEN
2021-12-20,77.02,GREEN
2021-12-21,79.52,GREEN
2021-12-22,76.85,GREEN
2021-12-23,77.29,GREEN
2021-12-27,80.12,YELLOW
2021-12-28,77.52,GREEN
2021-12-29,78.0,GREEN
2021-12-30,77.62,GREEN
2021-12-31,77.1,GREEN
2022-01-03,84.08,YELLOW
2022-01-04,83.11,YELLOW
2022-01-05,78.68,GREEN
2022-01-06,77.73,GREEN
2022-01-07,74.69,GREEN
2022-01-10,78.12,GREEN
2022-01-11,77.85,GREEN
2022-01-12,74.55,GREEN
2022-01-13,72.57,GREEN
2022-01-14,76.59,GREEN
2022-01-18,84.63,YELLOW
2022-01-19,80.14,YELLOW
2022-01-20,80.96,YELLOW
2022-01-21,81.03,YELLOW
2022-01-24,83.77,YELLOW
2022-01-25,84.57,YELLOW
2022-01-26,85.75,YELLOW
2022-01-27,85.62,YELLOW
2022-01-28,85.29,YELLOW
2022-01-31,85.14,YELLOW
2022-02-01,85.22,YELLOW
2022-02-02,84.85,YELLOW
2022-02-03,85.74,YELLOW
2022-02-04,87.68,YELLOW
2022-02-07,87.44,YELLOW
2022-02-08,82.72,YELLOW
2022-02-09,81.76,YELLOW
2022-02-10,88.52,YELLOW
2022-02-11,94.03,YELLOW
2022-02-14,102.28,YELLOW
2022-02-15,94.0,YELLOW
2022-02-16,92.74,YELLOW
2022-02-17,96.17,YELLOW
2022-02-18,94.36,YELLOW
2022-02-22,95.54,YELLOW
2022-02-23,95.15,YELLOW
2022-02-24,100.75,YELLOW
2022-02-25,93.34,YELLOW
2022-02-28,100.4,YELLOW
2022-03-01,118.26,YELLOW
2022-03-02,110.28,YELLOW
2022-03-03,115.18,YELLOW
2022-03-04,131.82,RED
2022-03-07,140.03,RED
2022-03-08,133.37,RED
2022-03-09,110.9,YELLOW
2022-03-10,105.31,YELLOW
2022-03-11,99.03,YELLOW
2022-03-14,105.08,YELLOW
2022-03-15,101.03,YELLOW
2022-03-16,100.57,YELLOW
2022-03-17,91.76,YELLOW
2022-03-18,91.77,YELLOW
2022-03-21,101.94,YELLOW
2022-03-22,105.38,YELLOW
2022-03-23,105.72,YELLOW
2022-03-24,113.14,YELLOW
2022-03-25,125.27,RED
2022-03-28,129.28,RED
2022-03-29,117.92,YELLOW
2022-03-30,112.98,YELLOW
2022-03-31,106.88,YELLOW
2022-04-01,108.34,YELLOW
2022-04-04,108.37,YELLOW
2022-04-05,116.37,YELLOW
2022-04-06,123.92,RED
2022-04-07,122.67,RED
2022-04-08,124.86,RED
2022-04-11,129.87,RED
2022-04-12,117.79,YELLOW
2022-04-13,116.33,YELLOW
2022-04-14,119.66,YELLOW
2022-04-18,122.32,RED
2022-04-19,122.74,RED
2022-04-20,125.12,RED
2022-04-21,130.69,RED
2022-04-22,128.12,RED
2022-04-25,131.63,RED
2022-04-26,129.27,RED
2022-04-27,130.11,RED
2022-04-28,128.74,RED
2022-04-29,128.4,RED
2022-05-02,135.17,RED
2022-05-03,126.46,RED
2022-05-04,121.99,RED
2022-05-05,122.72,RED
2022-05-06,121.42,RED
2022-05-09,125.22,RED
2022-05-10,126.76,RED
2022-05-11,118.05,YELLOW
2022-05-12,118.73,YELLOW
2022-05-13,114.61,YELLOW
2022-05-16,117.95,YELLOW
2022-05-17,119.46,YELLOW
2022-05-18,114.86,YELLOW
2022-05-19,115.05,YELLOW
2022-05-20,111.1,YELLOW
2022-05-23,110.19,YELLOW
2022-05-24,111.15,YELLOW
2022-05-25,105.69,YELLOW
2022-05-26,102.49,YELLOW
2022-05-27,98.48,YELLOW
2022-05-31,107.12,YELLOW
2022-06-01,109.38,YELLOW
2022-06-02,99.27,YELLOW
2022-06-03,97.73,YELLOW
2022-06-06,102.26,YELLOW
2022-06-07,102.61,YELLOW
2022-06-08,105.29,YELLOW
2022-06-09,105.29,YELLOW
2022-06-10,114.23,YELLOW
2022-06-13,139.21,RED
2022-06-14,144.09,RED
2022-06-15,135.93,RED
2022-06-16,138.1,RED
2022-06-17,133.75,RED
2022-06-21,138.91,RED
2022-06-22,129.94,RED
2022-06-23,125.98,RED
2022-06-24,127.0,RED
2022-06-27,133.22,RED
2022-06-28,135.22,RED
2022-06-29,130.43,RED
2022-06-30,135.5,RED
2022-07-01,144.17,RED
2022-07-05,156.16,RED
2022-07-06,151.14,RED
2022-07-07,149.71,RED
2022-07-08,145.25,RED
2022-07-11,147.72,RED
2022-07-12,148.11,RED
2022-07-13,136.1,RED
2022-07-14,137.76,RED
2022-07-15,129.85,RED
2022-07-18,127.69,RED
2022-07-19,124.7,RED
2022-07-20,122.9,RED
2022-07-21,121.15,RED
2022-07-22,123.7,RED
2022-07-25,128.27,RED
2022-07-26,128.55,RED
2022-07-27,117.28,YELLOW
2022-07-28,119.93,YELLOW
2022-07-29,116.36,YELLOW
2022-08-01,120.5,RED
2022-08-02,129.23,RED
2022-08-03,122.04,RED
2022-08-04,120.57,RED
2022-08-05,122.58,RED
2022-08-08,124.12,RED
2022-08-09,125.12,RED
2022-08-10,115.26,YELLOW
2022-08-11,111.11,YELLOW
2022-08-12,106.28,YELLOW
2022-08-15,113.82,YELLOW
2022-08-16,116.83,YELLOW
2022-08-17,117.7,YELLOW
2022-08-18,120.26,RED
2022-08-19,123.81,RED
2022-08-22,135.89,RED
2022-08-23,133.85,RED
2022-08-24,133.13,RED
2022-08-25,126.33,RED
2022-08-26,122.95,RED
2022-08-29,130.14,RED
2022-08-30,127.69,RED
2022-08-31,124.84,RED
2022-09-01,126.58,RED
2022-09-02,120.72,RED
2022-09-06,133.54,RED
2022-09-07,133.12,RED
2022-09-08,124.14,RED
2022-09-09,121.54,RED
2022-09-12,123.07,RED
2022-09-13,128.87,RED
2022-09-14,125.35,RED
2022-09-15,124.07,RED
2022-09-16,124.95,RED
2022-09-19,133.79,RED
2022-09-20,134.66,RED
2022-09-21,130.54,RED
2022-09-22,131.93,RED
2022-09-23,137.28,RED
2022-09-26,153.61,RED
2022-09-27,158.12,RED
2022-09-28,158.99,RED
2022-09-29,148.14,RED
2022-09-30,141.89,RED
2022-10-03,152.94,RED
2022-10-04,151.21,RED
2022-10-05,152.01,RED
2022-10-06,153.29,RED
2022-10-07,148.46,RED
2022-10-11,155.57,RED
2022-10-12,160.72,RED
2022-10-13,155.08,RED
2022-10-14,152.89,RED
2022-10-17,150.42,RED
2022-10-18,145.79,RED
2022-10-19,147.73,RED
2022-10-20,155.61,RED
2022-10-21,156.95,RED
2022-10-24,154.02,RED
2022-10-25,147.78,RED
2022-10-26,140.2,RED
2022-10-27,142.78,RED
2022-10-28,144.6,RED
2022-10-31,147.92,RED
2022-11-01,148.42,RED
2022-11-02,141.17,RED
2022-11-03,136.28,RED
2022-11-04,128.44,RED
2022-11-07,128.33,RED
2022-11-08,126.33,RED
2022-11-09,124.4,RED
2022-11-10,111.69,YELLOW
2022-11-14,119.99,YELLOW
2022-11-15,128.62,RED
2022-11-16,130.83,RED
2022-11-17,132.18,RED
2022-11-18,129.33,RED
2022-11-21,132.13,RED
2022-11-22,133.53,RED
2022-11-23,136.2,RED
2022-11-25,129.6,RED
2022-11-28,131.73,RED
2022-11-29,131.23,RED
2022-11-30,127.27,RED
2022-12-01,119.77,YELLOW
2022-12-02,118.62,YELLOW
2022-12-05,126.5,RED
2022-12-06,129.09,RED
2022-12-07,131.1,RED
2022-12-08,129.54,RED
2022-12-09,132.79,RED
2022-12-12,141.93,RED
2022-12-13,135.08,RED
2022-12-14,120.26,RED
2022-12-15,111.26,YELLOW
2022-12-16,113.65,YELLOW
2022-12-19,118.32,YELLOW
2022-12-20,119.92,YELLOW
2022-12-21,115.0,YELLOW
2022-12-22,112.05,YELLOW
2022-12-23,113.17,YELLOW
2022-12-27,124.89,RED
2022-12-28,120.07,RED
2022-12-29,120.25,RED
2022-12-30,121.61,RED
2023-01-03,129.97,RED
2023-01-04,125.78,RED
2023-01-05,119.53,YELLOW
2023-01-06,113.87,YELLOW
2023-01-09,116.67,YELLOW
2023-01-10,119.52,YELLOW
2023-01-11,115.17,YELLOW
2023-01-12,112.34,YELLOW
2023-01-13,113.55,YELLOW
2023-01-17,122.27,RED
2023-01-18,112.61,YELLOW
2023-01-19,114.53,YELLOW
2023-01-20,114.76,YELLOW
2023-01-23,114.69,YELLOW
2023-01-24,112.76,YELLOW
2023-01-25,107.74,YELLOW
2023-01-26,104.28,YELLOW
2023-01-27,100.7,YELLOW
2023-01-30,103.77,YELLOW
2023-01-31,99.54,YELLOW
2023-02-01,97.33,YELLOW
2023-02-02,97.76,YELLOW
2023-02-03,98.99,YELLOW
2023-02-06,105.63,YELLOW
2023-02-07,103.15,YELLOW
2023-02-08,100.75,YELLOW
2023-02-09,102.45,YELLOW
2023-02-10,109.63,YELLOW
2023-02-13,110.67,YELLOW
2023-02-14,110.59,YELLOW
2023-02-15,108.64,YELLOW
2023-02-16,111.01,YELLOW
2023-02-17,110.11,YELLOW
2023-02-21,119.62,YELLOW
2023-02-22,118.21,YELLOW
2023-02-23,117.45,YELLOW
2023-02-24,122.84,RED
2023-02-27,120.03,RED
2023-02-28,123.6,RED
2023-03-01,121.08,RED
2023-03-02,124.12,RED
2023-03-03,122.52,RED
2023-03-06,128.19,RED
2023-03-07,133.33,RED
2023-03-08,129.76,RED
2023-03-09,129.28,RED
2023-03-10,140.06,RED
2023-03-13,173.59,RED
2023-03-14,169.65,RED
2023-03-15,169.65,RED
2023-03-16,167.96,RED
2023-03-17,180.11,RED
2023-03-20,182.64,RED
2023-03-21,162.31,RED
2023-03-22,142.84,RED
2023-03-23,151.4,RED
2023-03-24,173.66,RED
2023-03-27,161.67,RED
2023-03-28,155.96,RED
2023-03-29,150.58,RED
2023-03-30,141.24,RED
2023-03-31,135.93,RED
2023-04-03,138.17,RED
2023-04-04,147.75,RED
2023-04-05,153.9,RED
2023-04-06,147.73,RED
2023-04-10,143.0,RED
2023-04-11,139.78,RED
2023-04-12,129.68,RED
2023-04-13,119.95,YELLOW
2023-04-14,118.84,YELLOW
2023-04-17,122.69,RED
2023-04-18,122.78,RED
2023-04-19,124.02,RED
2023-04-20,120.61,RED
2023-04-21,120.84,RED
2023-04-24,126.28,RED
2023-04-25,137.13,RED
2023-04-26,130.39,RED
2023-04-27,122.43,RED
2023-04-28,122.46,RED
2023-05-01,128.18,RED
2023-05-02,137.55,RED
2023-05-03,134.5,RED
2023-05-04,140.71,RED
2023-05-05,130.21,RED
2023-05-08,135.07,RED
2023-05-09,133.93,RED
2023-05-10,125.6,RED
2023-05-11,128.21,RED
2023-05-12,120.52,RED
2023-05-15,127.89,RED
2023-05-16,130.3,RED
2023-05-17,120.78,RED
2023-05-18,122.5,RED
2023-05-19,127.51,RED
2023-05-22,132.29,RED
2023-05-23,131.7,RED
2023-05-24,132.29,RED
2023-05-25,139.54,RED
2023-05-26,145.37,RED
2023-05-30,141.36,RED
2023-05-31,136.02,RED
2023-06-01,124.63,RED
2023-06-02,120.95,RED
2023-06-05,119.08,YELLOW
2023-06-06,114.42,YELLOW
2023-06-07,120.5,RED
2023-06-08,115.11,YELLOW
2023-06-09,115.77,YELLOW
2023-06-12,119.8,YELLOW
2023-06-13,118.8,YELLOW
2023-06-14,114.37,YELLOW
2023-06-15,107.34,YELLOW
2023-06-16,104.43,YELLOW
2023-06-20,104.43,YELLOW
2023-06-21,110.84,YELLOW
2023-06-22,107.7,YELLOW
2023-06-23,105.74,YELLOW
2023-06-26,109.02,YELLOW
2023-06-27,110.85,YELLOW
2023-06-28,108.3,YELLOW
2023-06-29,113.45,YELLOW
2023-06-30,110.64,YELLOW
2023-07-03,110.77,YELLOW
2023-07-05,110.53,YELLOW
2023-07-06,134.63,RED
2023-07-07,130.41,RED
2023-07-10,131.73,RED
2023-07-11,127.07,RED
2023-07-12,114.07,YELLOW
2023-07-13,111.75,YELLOW
2023-07-14,112.48,YELLOW
2023-07-17,113.5,YELLOW
2023-07-18,112.45,YELLOW
2023-07-19,107.19,YELLOW
2023-07-20,112.85,YELLOW
2023-07-21,106.66,YELLOW
2023-07-24,109.95,YELLOW
2023-07-25,113.02,YELLOW
2023-07-26,104.88,YELLOW
2023-07-27,111.15,YELLOW
2023-07-28,109.76,YELLOW
2023-07-31,112.03,YELLOW
2023-08-01,116.38,YELLOW
2023-08-02,115.15,YELLOW
2023-08-03,124.6,RED
2023-08-04,115.91,YELLOW
2023-08-07,120.94,RED
2023-08-08,118.74,YELLOW
2023-08-09,112.55,YELLOW
2023-08-10,108.64,YELLOW
2023-08-11,112.13,YELLOW
2023-08-14,119.94,YELLOW
2023-08-15,121.8,RED
2023-08-16,117.24,YELLOW
2023-08-17,121.14,RED
2023-08-18,120.51,RED
2023-08-21,130.69,RED
2023-08-22,126.65,RED
2023-08-23,118.4,YELLOW
2023-08-24,117.56,YELLOW
2023-08-25,110.37,YELLOW
2023-08-28,110.45,YELLOW
2023-08-29,110.68,YELLOW
2023-08-30,109.84,YELLOW
2023-08-31,107.93,YELLOW
2023-09-01,102.92,YELLOW
2023-09-05,109.64,YELLOW
2023-09-06,111.31,YELLOW
2023-09-07,105.2,YELLOW
2023-09-08,104.34,YELLOW
2023-09-11,107.23,YELLOW
2023-09-12,105.11,YELLOW
2023-09-13,101.86,YELLOW
2023-09-14,97.11,YELLOW
2023-09-15,96.61,YELLOW
2023-09-18,99.32,YELLOW
2023-09-19,101.31,YELLOW
2023-09-20,97.04,YELLOW
2023-09-21,106.0,YELLOW
2023-09-22,101.11,YELLOW
2023-09-25,117.33,YELLOW
2023-09-26,117.72,YELLOW
2023-09-27,122.09,RED
2023-09-28,115.24,YELLOW
2023-09-29,113.55,YELLOW
2023-10-02,127.59,RED
2023-10-03,141.67,RED
2023-10-04,128.23,RED
2023-10-05,130.18,RED
2023-10-06,126.64,RED
2023-10-10,136.17,RED
2023-10-11,127.18,RED
2023-10-12,126.37,RED
2023-10-13,128.33,RED
2023-10-16,130.16,RED
2023-10-17,130.17,RED
2023-10-18,129.17,RED
2023-10-19,134.62,RED
2023-10-20,135.45,RED
2023-10-23,131.83,RED
2023-10-24,128.13,RED
2023-10-25,131.21,RED
2023-10-26,130.94,RED
2023-10-27,129.16,RED
2023-10-30,131.9,RED
2023-10-31,126.86,RED
2023-11-01,120.55,RED
2023-11-02,118.64,YELLOW
2023-11-03,118.74,YELLOW
2023-11-06,121.74,RED
2023-11-07,120.09,RED
2023-11-08,117.1,YELLOW
2023-11-09,117.05,YELLOW
2023-11-10,116.79,YELLOW
2023-11-13,124.47,RED
2023-11-14,124.11,RED
2023-11-15,122.19,RED
2023-11-16,116.08,YELLOW
2023-11-17,113.11,YELLOW
2023-11-20,115.09,YELLOW
2023-11-21,112.79,YELLOW
2023-11-22,111.57,YELLOW
2023-11-24,107.43,YELLOW
2023-11-27,109.31,YELLOW
2023-11-28,110.06,YELLOW
2023-11-29,114.59,YELLOW
2023-11-30,115.32,YELLOW
2023-12-01,111.51,YELLOW
2023-12-04,118.25,YELLOW
2023-12-05,127.2,RED
2023-12-06,124.98,RED
2023-12-07,129.74,RED
2023-12-08,121.65,RED
2023-12-11,126.66,RED
2023-12-12,118.62,YELLOW
2023-12-13,113.77,YELLOW
2023-12-14,118.04,YELLOW
2023-12-15,115.75,YELLOW
2023-12-18,118.46,YELLOW
2023-12-19,115.03,YELLOW
2023-12-20,111.87,YELLOW
2023-12-21,111.93,YELLOW
2023-12-22,111.38,YELLOW
2023-12-26,116.0,YELLOW
2023-12-27,114.53,YELLOW
2023-12-28,113.78,YELLOW
2023-12-29,114.62,YELLOW
2024-01-02,127.02,RED
2024-01-03,124.57,RED
2024-01-04,121.12,RED
2024-01-05,116.19,YELLOW
2024-01-08,117.72,YELLOW
2024-01-09,114.92,YELLOW
2024-01-10,109.63,YELLOW
2024-01-11,103.45,YELLOW
2024-01-12,106.51,YELLOW
2024-01-16,113.44,YELLOW
2024-01-17,105.86,YELLOW
2024-01-18,107.22,YELLOW
2024-01-19,104.97,YELLOW
2024-01-22,106.87,YELLOW
2024-01-23,107.7,YELLOW
2024-01-24,105.78,YELLOW
2024-01-25,105.89,YELLOW
2024-01-26,100.23,YELLOW
2024-01-29,106.34,YELLOW
2024-01-30,104.26,YELLOW
2024-01-31,107.28,YELLOW
2024-02-01,113.92,YELLOW
2024-02-02,106.72,YELLOW
2024-02-05,108.68,YELLOW
2024-02-06,110.6,YELLOW
2024-02-07,107.86,YELLOW
2024-02-08,108.6,YELLOW
2024-02-09,106.21,YELLOW
2024-02-12,109.78,YELLOW
2024-02-13,113.22,YELLOW
2024-02-14,111.97,YELLOW
2024-02-15,112.09,YELLOW
2024-02-16,109.2,YELLOW
2024-02-20,111.02,YELLOW
2024-02-21,114.27,YELLOW
2024-02-22,115.59,YELLOW
2024-02-23,108.31,YELLOW
2024-02-26,110.77,YELLOW
2024-02-27,110.8,YELLOW
2024-02-28,108.71,YELLOW
2024-02-29,109.1,YELLOW
2024-03-01,106.48,YELLOW
2024-03-04,109.57,YELLOW
2024-03-05,110.33,YELLOW
2024-03-06,105.33,YELLOW
2024-03-07,105.45,YELLOW
2024-03-08,100.88,YELLOW
2024-03-11,106.63,YELLOW
2024-03-12,101.36,YELLOW
2024-03-13,97.03,YELLOW
2024-03-14,98.67,YELLOW
2024-03-15,97.82,YELLOW
2024-03-18,102.87,YELLOW
2024-03-19,99.99,YELLOW
2024-03-20,92.72,YELLOW
2024-03-21,90.82,YELLOW
2024-03-22,91.04,YELLOW
2024-03-25,92.24,YELLOW
2024-03-26,90.63,YELLOW
2024-03-27,86.28,YELLOW
2024-03-28,86.38,YELLOW
2024-04-01,94.2,YELLOW
2024-04-02,96.57,YELLOW
2024-04-03,97.88,YELLOW
2024-04-04,96.13,YELLOW
2024-04-05,94.31,YELLOW
2024-04-08,99.37,YELLOW
2024-04-09,98.73,YELLOW
2024-04-10,109.59,YELLOW
2024-04-11,108.86,YELLOW
2024-04-12,112.82,YELLOW
2024-04-15,121.15,RED
2024-04-16,119.59,YELLOW
2024-04-17,113.29,YELLOW
2024-04-18,108.66,YELLOW
2024-04-19,111.26,YELLOW
2024-04-22,108.56,YELLOW
2024-04-23,106.85,YELLOW
2024-04-24,110.21,YELLOW
2024-04-25,108.55,YELLOW
2024-04-26,104.4,YELLOW
2024-04-29,105.42,YELLOW
2024-04-30,107.46,YELLOW
2024-05-01,100.64,YELLOW
2024-05-02,100.7,YELLOW
2024-05-03,95.96,YELLOW
2024-05-06,94.5,YELLOW
2024-05-07,98.04,YELLOW
2024-05-08,95.58,YELLOW
2024-05-09,93.85,YELLOW
2024-05-10,94.23,YELLOW
2024-05-13,105.35,YELLOW
2024-05-14,106.55,YELLOW
2024-05-15,93.78,YELLOW
2024-05-16,91.83,YELLOW
2024-05-17,89.35,YELLOW
2024-05-20,88.13,YELLOW
2024-05-21,85.34,YELLOW
2024-05-22,82.49,YELLOW
2024-05-23,86.15,YELLOW
2024-05-24,83.57,YELLOW
2024-05-28,89.67,YELLOW
2024-05-29,93.45,YELLOW
2024-05-30,91.09,YELLOW
2024-05-31,91.14,YELLOW
2024-06-03,93.92,YELLOW
2024-06-04,100.11,YELLOW
2024-06-05,102.43,YELLOW
2024-06-06,100.99,YELLOW
2024-06-07,91.82,YELLOW
2024-06-10,94.16,YELLOW
2024-06-11,97.27,YELLOW
2024-06-12,91.73,YELLOW
2024-06-13,91.93,YELLOW
2024-06-14,100.16,YELLOW
2024-06-17,99.07,YELLOW
2024-06-18,97.99,YELLOW
2024-06-20,94.14,YELLOW
2024-06-21,94.09,YELLOW
2024-06-24,95.2,YELLOW
2024-06-25,96.97,YELLOW
2024-06-26,97.91,YELLOW
2024-06-27,95.69,YELLOW
2024-06-28,98.59,YELLOW
2024-07-01,106.23,YELLOW
2024-07-02,107.51,YELLOW
2024-07-03,102.83,YELLOW
2024-07-05,98.78,YELLOW
2024-07-08,97.96,YELLOW
2024-07-09,95.62,YELLOW
2024-07-10,92.97,YELLOW
2024-07-11,89.67,YELLOW
2024-07-12,86.79,YELLOW
2024-07-15,94.5,YELLOW
2024-07-16,93.87,YELLOW
2024-07-17,91.0,YELLOW
2024-07-18,91.97,YELLOW
2024-07-19,94.29,YELLOW
2024-07-22,94.45,YELLOW
2024-07-23,95.04,YELLOW
2024-07-24,94.81,YELLOW
2024-07-25,99.08,YELLOW
2024-07-26,97.76,YELLOW
2024-07-29,98.65,YELLOW
2024-07-30,100.42,YELLOW
2024-07-31,99.41,YELLOW
2024-08-01,101.82,YELLOW
2024-08-02,112.26,YELLOW
2024-08-05,121.22,RED
2024-08-06,119.24,YELLOW
2024-08-07,112.69,YELLOW
2024-08-08,110.42,YELLOW
2024-08-09,108.26,YELLOW
2024-08-12,118.26,YELLOW
2024-08-13,118.44,YELLOW
2024-08-14,106.34,YELLOW
2024-08-15,103.74,YELLOW
2024-08-16,102.81,YELLOW
2024-08-19,110.13,YELLOW
2024-08-20,111.57,YELLOW
2024-08-21,111.38,YELLOW
2024-08-22,108.5,YELLOW
2024-08-23,105.63,YELLOW
2024-08-26,106.66,YELLOW
2024-08-27,109.22,YELLOW
2024-08-28,108.76,YELLOW
2024-08-29,106.7,YELLOW
2024-08-30,107.77,YELLOW
2024-09-03,114.2,YELLOW
2024-09-04,119.15,YELLOW
2024-09-05,114.81,YELLOW
2024-09-06,107.24,YELLOW
2024-09-09,104.61,YELLOW
2024-09-10,108.36,YELLOW
2024-09-11,103.79,YELLOW
2024-09-12,98.03,YELLOW
2024-09-13,100.6,YELLOW
2024-09-16,101.22,YELLOW
2024-09-17,101.58,YELLOW
2024-09-18,98.61,YELLOW
2024-09-19,92.64,YELLOW
2024-09-20,91.0,YELLOW
2024-09-23,93.87,YELLOW
2024-09-24,93.3,YELLOW
2024-09-25,91.64,YELLOW
2024-09-26,90.14,YELLOW
2024-09-27,92.53,YELLOW
2024-09-30,94.61,YELLOW
2024-10-01,104.14,YELLOW
2024-10-02,102.17,YELLOW
2024-10-03,101.16,YELLOW
2024-10-04,100.15,YELLOW
2024-10-07,124.23,RED
2024-10-08,123.77,RED
2024-10-09,122.39,RED
2024-10-10,116.56,YELLOW
2024-10-11,118.47,YELLOW
2024-10-15,127.23,RED
2024-10-16,121.86,RED
2024-10-17,122.14,RED
2024-10-18,123.13,RED
2024-10-21,128.95,RED
2024-10-22,129.26,RED
2024-10-23,129.05,RED
2024-10-24,127.48,RED
2024-10-25,128.4,RED
2024-10-28,130.92,RED
2024-10-29,131.87,RED
2024-10-30,130.8,RED
2024-10-31,135.18,RED
2024-11-01,132.58,RED
2024-11-04,136.25,RED
2024-11-05,130.43,RED
2024-11-06,117.64,YELLOW
2024-11-07,104.08,YELLOW
2024-11-08,99.85,YELLOW
2024-11-12,108.55,YELLOW
2024-11-13,102.08,YELLOW
2024-11-14,99.43,YELLOW
2024-11-15,102.47,YELLOW
2024-11-18,102.01,YELLOW
2024-11-19,105.12,YELLOW
2024-11-20,106.69,YELLOW
2024-11-21,101.9,YELLOW
2024-11-22,99.14,YELLOW
2024-11-25,99.96,YELLOW
2024-11-26,99.18,YELLOW
2024-11-27,97.74,YELLOW
2024-11-29,95.22,YELLOW
2024-12-02,97.81,YELLOW
2024-12-03,95.6,YELLOW
2024-12-04,92.25,YELLOW
2024-12-05,91.48,YELLOW
2024-12-06,83.2,YELLOW
2024-12-09,85.63,YELLOW
2024-12-10,90.1,YELLOW
2024-12-11,82.4,YELLOW
2024-12-12,82.66,YELLOW
2024-12-13,85.66,YELLOW
2024-12-16,90.88,YELLOW
2024-12-17,90.42,YELLOW
2024-12-18,87.21,YELLOW
2024-12-19,90.41,YELLOW
2024-12-20,91.75,YELLOW
2024-12-23,95.85,YELLOW
2024-12-24,96.95,YELLOW
2024-12-26,95.2,YELLOW
2024-12-27,94.8,YELLOW
2024-12-30,99.08,YELLOW
2024-12-31,98.8,YELLOW
2025-01-02,96.67,YELLOW
2025-01-03,93.35,YELLOW
2025-01-06,97.89,YELLOW
2025-01-07,102.78,YELLOW
2025-01-08,100.76,YELLOW
2025-01-10,96.57,YELLOW
2025-01-13,103.51,YELLOW
2025-01-14,101.99,YELLOW
2025-01-15,93.1,YELLOW
2025-01-16,92.72,YELLOW
2025-01-17,95.6,YELLOW
2025-01-21,96.78,YELLOW
2025-01-22,89.9,YELLOW
2025-01-23,88.51,YELLOW
2025-01-24,86.75,YELLOW
2025-01-27,95.05,YELLOW
2025-01-28,92.83,YELLOW
2025-01-29,90.73,YELLOW
2025-01-30,90.54,YELLOW
2025-01-31,91.76,YELLOW
2025-02-03,94.15,YELLOW
2025-02-04,90.28,YELLOW
2025-02-05,94.68,YELLOW
2025-02-06,93.9,YELLOW
2025-02-07,93.13,YELLOW
2025-02-10,87.68,YELLOW
2025-02-11,85.58,YELLOW
2025-02-12,86.58,YELLOW
2025-02-13,84.57,YELLOW
2025-02-14,84.67,YELLOW
2025-02-18,84.51,YELLOW
2025-02-19,83.86,YELLOW
2025-02-20,86.26,YELLOW
2025-02-21,91.83,YELLOW
2025-02-24,88.44,YELLOW
2025-02-25,96.61,YELLOW
2025-02-26,97.52,YELLOW
2025-02-27,96.27,YELLOW
2025-02-28,104.46,YELLOW
2025-03-03,105.65,YELLOW
2025-03-04,108.87,YELLOW
2025-03-05,104.32,YELLOW
2025-03-06,108.95,YELLOW
2025-03-07,104.41,YELLOW
2025-03-10,112.5,YELLOW
2025-03-11,114.6,YELLOW
2025-03-12,104.11,YELLOW
2025-03-13,106.19,YELLOW
2025-03-14,101.01,YELLOW
2025-03-17,99.78,YELLOW
2025-03-18,96.68,YELLOW
2025-03-19,91.4,YELLOW
2025-03-20,95.74,YELLOW
2025-03-21,94.54,YELLOW
2025-03-24,95.22,YELLOW
2025-03-25,93.57,YELLOW
2025-03-26,91.41,YELLOW
2025-03-27,91.03,YELLOW
2025-03-28,96.83,YELLOW
2025-03-31,101.35,YELLOW
2025-04-01,104.73,YELLOW
2025-04-02,106.39,YELLOW
2025-04-03,112.0,YELLOW
2025-04-04,125.71,RED
2025-04-07,137.3,RED
2025-04-08,139.88,RED
2025-04-09,128.83,RED
2025-04-10,128.35,RED
2025-04-11,137.26,RED
2025-04-14,132.46,RED
2025-04-15,122.56,RED
2025-04-16,119.4,YELLOW
2025-04-17,114.64,YELLOW
2025-04-21,128.56,RED
2025-04-22,118.35,YELLOW
2025-04-23,116.6,YELLOW
2025-04-24,108.28,YELLOW
2025-04-25,105.79,YELLOW
2025-04-28,110.01,YELLOW
2025-04-29,112.27,YELLOW
2025-04-30,112.48,YELLOW
2025-05-01,107.33,YELLOW
2025-05-02,101.4,YELLOW
2025-05-05,104.45,YELLOW
2025-05-06,106.18,YELLOW
2025-05-07,99.87,YELLOW
2025-05-08,98.66,YELLOW
2025-05-09,100.4,YELLOW
2025-05-12,102.9,YELLOW
2025-05-13,100.13,YELLOW
2025-05-14,100.73,YELLOW
2025-05-15,98.65,YELLOW
2025-05-16,96.7,YELLOW
2025-05-19,103.81,YELLOW
2025-05-20,101.37,YELLOW
2025-05-21,102.1,YELLOW
2025-05-22,99.47,YELLOW
2025-05-23,100.91,YELLOW
2025-05-27,97.93,YELLOW
2025-05-28,93.2,YELLOW
2025-05-29,92.67,YELLOW
2025-05-30,92.11,YELLOW
2025-06-02,95.76,YELLOW
2025-06-03,100.0,YELLOW
2025-06-04,96.98,YELLOW
2025-06-05,94.65,YELLOW
2025-06-06,89.65,YELLOW
2025-06-09,92.62,YELLOW
2025-06-10,91.22,YELLOW
2025-06-11,89.36,YELLOW
2025-06-12,88.99,YELLOW
2025-06-13,95.31,YELLOW
2025-06-16,93.48,YELLOW
2025-06-17,97.18,YELLOW
2025-06-18,93.64,YELLOW
2025-06-20,90.1,YELLOW
2025-06-23,95.03,YELLOW
2025-06-24,92.62,YELLOW
2025-06-25,91.24,YELLOW
2025-06-26,89.47,YELLOW
2025-06-27,87.93,YELLOW
2025-06-30,90.26,YELLOW
2025-07-01,93.48,YELLOW
2025-07-02,91.37,YELLOW
2025-07-03,86.09,YELLOW
2025-07-07,88.53,YELLOW
2025-07-08,88.05,YELLOW
2025-07-09,84.31,YELLOW
2025-07-10,81.58,YELLOW
2025-07-11,85.48,YELLOW
2025-07-14,90.73,YELLOW
2025-07-15,88.95,YELLOW
2025-07-16,89.52,YELLOW
2025-07-17,85.57,YELLOW
2025-07-18,83.29,YELLOW
2025-07-21,86.62,YELLOW
2025-07-22,89.89,YELLOW
2025-07-23,85.95,YELLOW
2025-07-24,82.75,YELLOW
2025-07-25,82.09,YELLOW
2025-07-28,83.73,YELLOW
2025-07-29,85.07,YELLOW
2025-07-30,81.88,YELLOW
2025-07-31,79.84,GREEN
2025-08-01,83.83,YELLOW
2025-08-04,87.95,YELLOW
2025-08-05,89.2,YELLOW
2025-08-06,83.89,YELLOW
2025-08-07,80.15,YELLOW
2025-08-08,79.2,GREEN
2025-08-11,81.76,YELLOW
2025-08-12,77.42,GREEN
2025-08-13,77.31,GREEN
2025-08-14,76.77,GREEN
2025-08-15,76.66,GREEN
2025-08-18,81.82,YELLOW
2025-08-19,82.15,YELLOW
2025-08-20,80.75,YELLOW
2025-08-21,80.52,YELLOW
2025-08-22,78.1,GREEN
2025-08-25,77.56,GREEN
2025-08-26,79.36,GREEN
2025-08-27,77.66,GREEN
2025-08-28,77.55,GREEN
2025-08-29,79.39,GREEN
2025-09-02,85.28,YELLOW
2025-09-03,89.67,YELLOW
2025-09-04,88.26,YELLOW
2025-09-05,85.29,YELLOW
2025-09-08,84.0,YELLOW
2025-09-09,82.2,YELLOW
2025-09-10,79.58,GREEN
2025-09-11,75.07,GREEN
2025-09-12,73.37,GREEN
2025-09-15,76.88,GREEN
2025-09-16,77.09,GREEN
2025-09-17,75.95,GREEN
2025-09-18,71.91,GREEN
2025-09-19,72.51,GREEN
2025-09-22,75.8,GREEN
2025-09-23,75.66,GREEN
2025-09-24,75.13,GREEN
2025-09-25,75.44,GREEN
2025-09-26,74.38,GREEN
2025-09-29,75.51,GREEN
2025-09-30,77.93,GREEN
2025-10-01,73.5,GREEN
2025-10-02,71.21,GREEN
2025-10-03,69.53,GREEN
2025-10-06,72.99,GREEN
2025-10-07,75.43,GREEN
2025-10-08,74.87,GREEN
2025-10-09,74.12,GREEN
2025-10-10,81.65,YELLOW
2025-10-14,79.95,GREEN
2025-10-15,75.11,GREEN
2025-10-16,81.23,YELLOW
2025-10-17,78.62,GREEN
2025-10-20,77.22,GREEN
2025-10-21,77.18,GREEN
2025-10-22,75.49,GREEN
2025-10-23,74.05,GREEN
2025-10-24,68.94,GREEN
2025-10-27,66.87,GREEN
2025-10-28,67.3,GREEN
2025-10-29,65.75,GREEN
2025-10-30,66.88,GREEN
2025-10-31,66.61,GREEN
2025-11-03,67.23,GREEN
2025-11-04,68.02,GREEN
2025-11-05,72.42,GREEN
2025-11-06,72.44,GREEN
2025-11-07,74.41,GREEN
2025-11-10,78.86,GREEN
2025-11-12,81.12,YELLOW
2025-11-13,79.1,GREEN
2025-11-14,79.71,GREEN
2025-11-17,82.58,YELLOW
2025-11-18,83.18,YELLOW
2025-11-19,84.32,YELLOW
2025-11-20,77.81,GREEN
2025-11-21,78.81,GREEN
2025-11-24,76.82,GREEN
2025-11-25,72.82,GREEN
2025-11-26,71.9,GREEN
2025-11-28,68.95,GREEN
2025-12-01,71.35,GREEN
2025-12-02,69.91,GREEN
2025-12-03,66.46,GREEN
2025-12-04,65.69,GREEN
2025-12-05,67.28,GREEN
2025-12-08,72.3,GREEN
2025-12-09,75.38,GREEN
2025-12-10,68.62,GREEN
2025-12-11,69.24,GREEN
2025-12-12,69.25,GREEN
2025-12-15,73.31,GREEN
2025-12-16,67.14,GREEN
2025-12-17,62.74,GREEN
2025-12-18,60.01,GREEN
2025-12-19,59.41,GREEN
2025-12-22,61.7,GREEN
2025-12-23,61.17,GREEN
2025-12-24,59.48,GREEN
2025-12-26,58.5,GREEN
2025-12-29,59.21,GREEN
2025-12-30,63.98,GREEN
2025-12-31,63.96,GREEN
2026-01-02,62.36,GREEN
2026-01-05,64.71,GREEN
2026-01-06,65.82,GREEN
2026-01-07,66.15,GREEN
2026-01-08,66.94,GREEN
2026-01-09,61.55,GREEN
2026-01-12,62.9,GREEN
2026-01-13,60.79,GREEN
2026-01-14,58.11,GREEN
2026-01-15,56.14,GREEN
2026-01-16,58.05,GREEN
2026-01-20,66.67,GREEN
2026-01-21,59.56,GREEN
2026-01-22,56.5,GREEN
2026-01-23,56.25,GREEN
2026-01-26,55.77,GREEN
2026-01-27,56.12,GREEN
2026-01-28,57.43,GREEN
2026-01-29,60.73,GREEN
2026-01-30,59.2,GREEN
2026-02-02,59.3,GREEN
2026-02-03,57.54,GREEN
2026-02-04,57.51,GREEN
2026-02-05,62.16,GREEN
2026-02-06,63.62,GREEN
2026-02-09,62.74,GREEN
2026-02-10,64.55,GREEN
2026-02-11,61.35,GREEN
2026-02-12,68.57,GREEN
2026-02-13,70.1,GREEN
2026-02-17,68.84,GREEN
2026-02-18,64.19,GREEN
2026-02-19,68.03,GREEN
2026-02-20,64.27,GREEN
2026-02-23,68.03,GREEN
2026-02-24,65.27,GREEN
2026-02-25,62.43,GREEN
2026-02-26,63.93,GREEN
2026-02-27,73.38,GREEN
2026-03-02,73.21,GREEN
2026-03-03,77.75,GREEN
2026-03-04,70.03,GREEN
2026-03-05,74.53,GREEN
2026-03-06,81.26,YELLOW
2026-03-09,79.74,GREEN
2026-03-10,76.33,GREEN
2026-03-11,78.59,GREEN
2026-03-12,95.3,YELLOW
2026-03-13,91.17,YELLOW
2026-03-16,85.25,YELLOW
2026-03-17,79.23,GREEN
2026-03-18,81.25,YELLOW
2026-03-19,84.88,YELLOW
2026-03-20,108.84,YELLOW
2026-03-23,98.15,YELLOW
2026-03-24,103.01,YELLOW
2026-03-25,97.59,YELLOW
2026-03-26,115.02,YELLOW
2026-03-27,111.95,YELLOW
2026-03-30,108.33,YELLOW
2026-03-31,96.05,YELLOW
2026-04-01,90.19,YELLOW
2026-04-02,84.41,YELLOW
2026-04-06,81.68,YELLOW
2026-04-07,83.15,YELLOW
2026-04-08,78.74,GREEN
2026-04-09,74.01,GREEN
2026-04-10,72.15,GREEN
2026-04-13,74.42,GREEN
2026-04-14,74.35,GREEN
2026-04-15,67.94,GREEN
2026-04-16,65.89,GREEN
2026-04-17,65.7,GREEN
2026-04-20,67.9,GREEN
2026-04-21,70.78,GREEN
2026-04-22,69.88,GREEN
2026-04-23,67.7,GREEN
2026-04-24,66.97,GREEN
2026-04-27,68.42,GREEN
2026-04-28,68.68,GREEN
2026-04-29,74.3273,GREEN
