date,EW,IV,HRP,HRP_mu,CRISP,MV_LW
2020-02-03,0.9779756255909247,0.9775720163843186,0.9746681591838142,0.9747533620282766,0.9840150587665881,0.9695302728128996
2020-02-04,1.0045534044321491,1.0033719990436714,1.002386560992962,1.0024969911188708,1.010894754994015,0.9956383033974638
2020-02-05,1.0004379674310644,1.0005976472246922,1.000081261208951,1.0001212028460933,0.9945824675454474,0.9929054658417245
2020-02-06,1.0236663928750682,1.0234555845967226,1.0230003605915003,1.0231060426355265,1.0229037189630141,1.0134237006097926
2020-02-07,1.0038685122681614,1.0050833005621131,1.0050368794386226,1.0050683662926176,0.9904572012941198,0.998706010760199
2020-02-10,1.02198045416109,1.0197306380626634,1.0144496406558086,1.0144500268885055,1.016007003893026,1.0148787063643636
2020-02-11,1.0187868222173464,1.0178630201472338,1.0141753095882327,1.014273505605868,1.0281909350126934,1.0125993299835965
2020-02-12,1.036713043399459,1.0351622273214969,1.033089402640786,1.0331744419944948,1.0528573627301452,1.0305828565084243
2020-02-13,1.0358518836491668,1.0338175995764056,1.0292482812607229,1.0293457369291392,1.0516858746712607,1.028974954816098
2020-02-14,1.041472934568611,1.039701566786924,1.0377974185950591,1.0378727657436786,1.053463808054196,1.0354731687369119
2020-02-17,1.0347491598470318,1.0345086407656148,1.0352357162240833,1.0352541243139493,1.0331716877863002,1.0331044008023909
2020-02-18,1.0297843210361526,1.0297377811791115,1.0307240246397362,1.0306656097058522,1.0230560897697487,1.0329277552726832
2020-02-19,1.040072027011129,1.0397548326218955,1.0415082038284085,1.04142385716565,1.0363691924007636,1.0398216040358583
2020-02-20,1.0414979399833,1.0413581281588524,1.0446212003616242,1.044563508306215,1.0437735188001274,1.039632441014165
2020-02-21,1.0331965043997169,1.0329636740645487,1.0364762551922566,1.0364157469355653,1.0334244649386504,1.0277037253947576
2020-02-24,1.0234925128287338,1.0231047888409237,1.027067682387011,1.0270118995241209,1.0225220221811266,1.0152409178862287
2020-02-25,1.0231270835094328,1.0222043073720033,1.025539432292306,1.0255260536315678,1.0294070728591225,1.0125321736249857
2020-02-26,1.0164487053962636,1.0166051648270933,1.0212108049367294,1.0212050728146118,1.022924017050211,1.0094214492945712
2020-02-27,0.988758149388005,0.9907889718614185,0.9955313376676322,0.9954410764907516,0.9869102879893862,0.9898745090190177
2020-03-02,0.9855457834207109,0.9859498986225123,0.989377127203419,0.9893296868512391,0.9871388556624388,0.9824984617293434
2020-03-03,1.0047533830274453,1.0042248771047604,1.0063883774892968,1.006401200414167,1.009612884922141,1.0007613363719516
2020-03-04,1.0083441711728909,1.0075765216556805,1.007533788048748,1.0075688647748173,1.0158312932732396,1.0035186326360346
2020-03-05,1.024102335817099,1.0225414777898905,1.0219464531838252,1.022037097994293,1.0339776279084973,1.015319106235079
2020-03-06,1.0185108734570885,1.0157806085271295,1.0150349526068894,1.0151824299853445,1.0299225775215584,1.009759680253291
2020-03-09,0.9757194826807533,0.9746387282661755,0.9730337111604057,0.9731027524557518,0.975788507470066,0.9707972930616476
2020-03-10,0.9910807516568573,0.9871172138414603,0.9824997155386843,0.9826803248565325,1.0062216506079606,0.9771439355373346
2020-03-11,0.9731274682384549,0.9703107548099902,0.9650423608580067,0.9651191653934418,0.9692992772536406,0.968259812757524
2020-03-12,0.9099792920889936,0.9094864261600684,0.9026330859524737,0.9026095963365074,0.8961591297959876,0.9116270353457737
2020-03-13,0.8750665707201963,0.8738533369656839,0.8622633204142524,0.8622693079476991,0.8622093758744103,0.8729070001337643
2020-03-16,0.8316018945466862,0.8329208817547987,0.8230242858065049,0.8229701366257444,0.8116899323975636,0.8391163087274751
2020-03-17,0.8031636101692786,0.8031228637349641,0.788650852660523,0.7886374153000257,0.786159750637289,0.807616869618463
2020-03-18,0.7911041760321723,0.791410208529165,0.7789160068700768,0.7789033022854888,0.7765730156991061,0.7966920161222959
2020-03-19,0.7310925974331,0.732696052107435,0.7210585247437263,0.7209651137442289,0.7138139556896013,0.7432398082783594
2020-03-20,0.7805296398339258,0.7814922211566452,0.7701904327154185,0.7701715968696381,0.7666702339085862,0.7867824916361454
2020-03-23,0.7522098664336837,0.7530140028107186,0.7430257602244271,0.7430320258770029,0.7444901417071087,0.7559919387697824
2020-03-24,0.7888586839238335,0.7873169732263303,0.774898884560532,0.7750478945257008,0.7956708178745447,0.7788737750224771
2020-03-25,0.8293862992176445,0.8271944285425059,0.81707623136342,0.8172707271798223,0.840985906332066,0.8198072984364752
2020-03-26,0.8412956485619145,0.8377140711651234,0.8270385169746342,0.827327245050702,0.8636196520978193,0.8234359663040866
2020-03-27,0.8398280269497007,0.8364916374165752,0.8228180866747842,0.823077865179792,0.8616453583348879,0.8287715533700116
2020-03-30,0.8433768665948246,0.8390167811637139,0.8241758148848743,0.8244472780380173,0.8683202435086829,0.8326693489844516
2020-03-31,0.8476420774250223,0.8436465805679119,0.8285001002647769,0.8287082388151241,0.8641878178136253,0.8402089035984888
2020-04-01,0.8539358234500224,0.8482522574608675,0.8317420292129477,0.831984890092331,0.8731943423753635,0.8476544442670301
2020-04-06,0.8707640749057864,0.8626305543032176,0.8437607679530975,0.8440843768212631,0.8930438245057002,0.8593054088097225
2020-04-07,0.8940331484546792,0.883637843125492,0.8640277680475704,0.8644126341481247,0.919436730430833,0.8781174484683467
2020-04-08,0.9090996695859106,0.8981526646712464,0.8759988209733675,0.8763563252434375,0.929882272575021,0.8921178295409514
2020-04-09,0.9072747730356518,0.8980953716985802,0.8768418960259247,0.8770724781563994,0.9193411483260887,0.9029224943247022
2020-04-10,0.9123445431413062,0.9033055107370297,0.8834095005696835,0.8836596066442173,0.9284636759288188,0.9070226499589419
2020-04-13,0.9085982777695284,0.9000446835177452,0.8813641028065429,0.881599851554135,0.9254584382173412,0.9020382798315362
2020-04-14,0.9344779607720276,0.9243964999086207,0.9038955029116347,0.9041786599131383,0.9520601201117683,0.9236679839493583
2020-04-15,0.9353316094919601,0.9252383056706621,0.9046863981965697,0.9049598053192603,0.95289247518932,0.9260122130052646
2020-04-16,0.9381897133531735,0.9277265150124147,0.9068255137717934,0.9070872852339674,0.9546288013021763,0.9287578548469445
2020-04-17,0.9424081068375755,0.9320962933698516,0.9106449275707653,0.9109804500126948,0.9662257644103588,0.9308768863977944
2020-04-20,0.9442638794837905,0.9325658163201537,0.9104383117934366,0.9108106854195912,0.9706031433934865,0.9344378150284732
2020-04-21,0.918733353339885,0.9079064608710149,0.8870579155321339,0.8874350039572323,0.9481092711985072,0.91243109524164
2020-04-22,0.9292044388664185,0.916950422638135,0.895768495374412,0.8961066993213272,0.9576882119462302,0.9224904125290497
2020-04-23,0.938559422986911,0.9258128263252835,0.9038891880919508,0.904150557025395,0.9606591430988753,0.9374303696840545
2020-04-24,0.9374482662040978,0.9250256831720647,0.9036717178220887,0.9039730726406747,0.965899391961692,0.9339868296002378
2020-04-27,0.9611116660142071,0.9476886209565886,0.926734876872054,0.9270766223598402,0.9937100239594642,0.9580142507620063
2020-04-28,0.9717773756583679,0.9578270804587761,0.9355393238933467,0.9358957903056605,1.0050903868504657,0.9695721548629092
2020-04-29,0.9897348132364311,0.9746215404248947,0.9504746100174303,0.9508300714722387,1.026172208357083,0.9861282038982697
2020-04-30,1.0119753621387737,0.995783725011918,0.9700127315085267,0.9704671508936183,1.0542084802380634,1.0048266953172158
2020-05-04,0.9947106096714258,0.9780200532981272,0.9519338486699108,0.9523666441537563,1.0352451163046381,0.9865695577430372
2020-05-05,0.9993753542681937,0.9834451924389308,0.9567168493136894,0.9570707097419678,1.0333280158886726,0.9861984170333227
2020-05-06,1.0012865000914173,0.9846819244260051,0.956212785875017,0.9565673851412546,1.0299996315623101,0.9826383442498672
2020-05-07,1.0120935642726665,0.9943585821700114,0.9652426419053118,0.9655799495445094,1.0397063874571244,0.9916201804955189
2020-05-08,1.0165285631471819,0.999473451820467,0.9719847616280435,0.972453886857397,1.06054221876828,1.0095955342789618
2020-05-11,1.031092134105007,1.0136091717440807,0.9864381242691245,0.9868542038722362,1.069864921898742,1.0186996170952844
2020-05-12,1.024452293002315,1.00691495931825,0.9802752417141651,0.9806196044314742,1.057888486540795,1.0065521353909428
2020-05-13,1.0314650915943275,1.0137085486512438,0.9857436796922747,0.9861866146562583,1.0781675745551482,1.0254531340058406
2020-05-14,1.0093074557476909,0.9945133114794638,0.9693039570743689,0.9697584839586524,1.0587692029254179,1.0058943014477015
2020-05-15,1.013332426099055,0.9969185320958553,0.9721140950825621,0.972664367076077,1.0737460274099222,1.0179064292976951
2020-05-18,0.9946878807570296,0.981200206759863,0.9605342615919026,0.9611213325525452,1.0583061460501084,0.9994897359034666
2020-05-19,1.007505351193281,0.9936278562943438,0.9726386595378542,0.9732882491766673,1.077875256837404,1.0176584965551387
2020-05-20,1.009479702739551,0.9954543380585069,0.9737012669884602,0.9742793063522729,1.07087818529633,1.0108455951989097
2020-05-21,1.0311247199573015,1.0144697689456248,0.9893463726902008,0.9899267441134103,1.0890294238583096,1.0295311393969546
2020-05-22,1.0106712738535535,0.9955006528994855,0.9723526411045225,0.9730112123622403,1.0822759826908557,1.0215545961256933
2020-05-25,1.0205643696747133,1.0041776811375154,0.980036990026615,0.9808038274596059,1.1018522122886123,1.03877011456155
2020-05-26,1.0318828358558938,1.0143371249193038,0.990366310989682,0.9911380014440508,1.1085397781187996,1.044446571559715
2020-05-27,1.0372761824177994,1.019515007908434,0.9955156285570361,0.9962075802765471,1.104032390771086,1.0415779115045238
2020-05-28,1.033671956525529,1.0165705153731743,0.9944598624135458,0.9951682233124944,1.1050546426468935,1.042936867613497
2020-05-29,1.038983186028556,1.0208172671541642,0.9975562217973549,0.9983463291682703,1.1234086687541849,1.0598131854396475
2020-06-01,1.0558197151782165,1.0362707930182353,1.0103201172952148,1.011002351677678,1.1231493053593542,1.0621173007592146
2020-06-02,1.0491010755596066,1.0314430830022856,1.005787173560161,1.0062984588915602,1.0987586158140057,1.039629137689446
2020-06-03,1.0660650473423552,1.0480983452404298,1.0210261776995635,1.0215215860136697,1.1091216503195758,1.0492032861801237
2020-06-04,1.071029198342743,1.0526505904990504,1.0245561550103042,1.0250457582626258,1.1121308748437346,1.052733353719092
2020-06-05,1.0784652432567996,1.0609850556448033,1.033054793486302,1.0335038352998576,1.1143056106572415,1.0550440849516995
2020-06-08,1.08053661803313,1.0639437686109456,1.037540175418194,1.0380488480599903,1.1267901312292707,1.0656747824053872
2020-06-09,1.0788270569234601,1.0624625782663095,1.0370225295265967,1.037588988404693,1.1300747012370709,1.068246066711293
2020-06-10,1.0871502032797322,1.069217555512345,1.0421036956718175,1.0427925676808611,1.1483020858753548,1.086304471282406
2020-06-11,1.0649586595472433,1.047975332683072,1.021679112842908,1.0223205495987997,1.1216480858599167,1.061019560578925
2020-06-12,1.0590541476140458,1.0408032397817637,1.0130382582490738,1.0136887439215914,1.1159000010454325,1.0561375111436488
2020-06-15,1.0501954479236435,1.0332479117580873,1.0056597974330526,1.0061991553010212,1.0961333896883596,1.0391229870029481
2020-06-16,1.0803103943011654,1.060829886491733,1.0323079406588866,1.0328984818493272,1.1309164478295581,1.0724287290640966
2020-06-17,1.078693526222028,1.0600386110925966,1.0322598757124224,1.0327885981324434,1.1264874923626533,1.068627692553004
2020-06-18,1.0858743541840865,1.0666176393711098,1.038285899125909,1.038722201642272,1.131346683779027,1.0737684600757056
2020-06-19,1.09074613039802,1.0702181131401485,1.0391888881697686,1.0396240939599992,1.135152350513864,1.077009897656383
2020-06-22,1.096443036503272,1.076009134609725,1.0447896367705691,1.0452370542798621,1.1393999836774718,1.0805884078411079
2020-06-23,1.1001582272635317,1.07810262844049,1.0457333624448781,1.0461641180770196,1.1369474550097929,1.0805652971737845
2020-06-24,1.1052731848118997,1.081212283619592,1.0482691389005876,1.0487521824378163,1.1436139294871128,1.0854338215220025
2020-06-29,1.0992171240479167,1.0754609445221337,1.0425808385476345,1.0429826618920464,1.1248315139482505,1.0675898377056945
2020-06-30,1.1108097451502428,1.0856767555624023,1.0507118635914143,1.0510096727470464,1.1271318638327796,1.0703560939919368
2020-07-01,1.1235099575680454,1.0969708764255708,1.0603817018951702,1.0606896889122988,1.1392300889454103,1.0791176374820497
2020-07-02,1.1398813525295939,1.1115454404098222,1.0718836347133873,1.0722553892384168,1.15701892422527,1.0925238026382755
2020-07-03,1.15881795237152,1.1278807864187714,1.086283051949163,1.086670652589131,1.1723733424194889,1.1076726276854008
2020-07-06,1.194442131596817,1.1604937985069401,1.115590045201097,1.11601418992578,1.2015939882025652,1.1414874113432278
2020-07-07,1.183779730585467,1.151423207295903,1.1063285739407391,1.1066351294240493,1.1777368182488528,1.1336702823901637
2020-07-08,1.1986053984290945,1.1641434317623502,1.1162398375999087,1.1165911312924974,1.1960350649444564,1.1501210259541728
2020-07-09,1.199307381501964,1.1653327858045366,1.1180006528842283,1.1183552005018411,1.1951832368067472,1.1505482833386134
2020-07-10,1.1724975442994994,1.1422517582740015,1.0979171972041313,1.0981895405910058,1.1618781906725426,1.129377398329373
2020-07-13,1.1880152526629093,1.1553014816506841,1.1076814885310362,1.1081570424003253,1.20042945952978,1.1368489656450438
2020-07-14,1.1750922426041195,1.143503468656543,1.098414265373526,1.0988622264332808,1.1855973459119433,1.1289071644349835
2020-07-15,1.165274855564651,1.1360660245286052,1.0940670798323866,1.094463789168326,1.1696444919462117,1.1198506070208787
2020-07-16,1.1690507151237326,1.1392271170500998,1.0975977032435156,1.098017606804989,1.1747600223722214,1.121449632846828
2020-07-17,1.1579412690104363,1.1300774219694434,1.0891120693467786,1.0894578975526252,1.1551790576550096,1.111270689538453
2020-07-20,1.1689520325669127,1.1387581291062085,1.0956746291262716,1.0961743641382626,1.1828883616569834,1.121283461476047
2020-07-21,1.191399995909529,1.1574509848089656,1.1095123098815307,1.1101520107357272,1.2173825175374517,1.1341763890400658
2020-07-22,1.2108062963777244,1.176172959434804,1.128766022783057,1.1294810334899377,1.2481344306906963,1.153080114903558
2020-07-23,1.218104005190696,1.1823145778022472,1.1338150920968508,1.1347084770211096,1.2758600047777855,1.1498849052905307
2020-07-24,1.1961732446102544,1.1625683066915677,1.112553629728464,1.1132273750686252,1.2196652402883534,1.1282150030713651
2020-07-27,1.1942959678665621,1.159999552161511,1.1092654002603533,1.1100844359733375,1.2360339333392223,1.1184957556132296
2020-07-28,1.1757961671315404,1.144012445333682,1.0971145774272966,1.097888801777709,1.2175168666831917,1.1009033240018258
2020-07-29,1.190090352467255,1.157910683154438,1.1102783476739757,1.1110323828609343,1.2264402736037776,1.1136924686345537
2020-07-30,1.2059258942893363,1.1727645154215995,1.1244029512282137,1.1251808348925822,1.2429840353325423,1.1260805056557655
2020-07-31,1.2108304811596249,1.1764093109874176,1.126458896604431,1.1272723817181343,1.249664093340568,1.1292620464766954
2020-08-03,1.2043068420693175,1.1694250674880078,1.1203665026864995,1.1212017693905239,1.2522059719865777,1.1218160932647094
2020-08-04,1.2197569289255448,1.182858892206632,1.130840278057261,1.1318357471950213,1.296642216741546,1.1246170843738834
2020-08-05,1.234387542894115,1.1952380570737595,1.1406303917477298,1.1416627535153667,1.3102411697456866,1.1352562953128227
2020-08-06,1.238777403003627,1.2008152070484455,1.1488395017701576,1.149853034778659,1.31591892498501,1.1377348671625578
2020-08-07,1.2300459572890412,1.1927515462124985,1.1393944689368256,1.140351633528261,1.3026514485860181,1.1371529134370901
2020-08-10,1.2300342003836884,1.1941545783440684,1.1425909663727087,1.143544579671917,1.3150221422629798,1.1395885282859286
2020-08-11,1.220862119987605,1.186006187126696,1.1348177058600848,1.1356595344127332,1.2784015843273098,1.142605758652917
2020-08-12,1.223650659855356,1.1870376303024657,1.1336336661353994,1.134392949033068,1.2642382215477217,1.1431635449021689
2020-08-13,1.2358197144020677,1.1976818160560172,1.1422291785470342,1.143097374583722,1.294304319789066,1.153581635670831
2020-08-14,1.25299123467162,1.2129506650626303,1.1534427192286272,1.1543521678291009,1.3249226953759279,1.1661559451871932
2020-08-17,1.2673727517302062,1.230401000202834,1.1737052722348502,1.1745149696558654,1.3235003874228553,1.1763321218320384
2020-08-18,1.2549611126824736,1.218776549675626,1.16318648461525,1.16395239587637,1.3066064257411973,1.1713650955244024
2020-08-19,1.2519382959565066,1.2162144866756055,1.1621373312874845,1.1629038820090192,1.3044564200603037,1.1705717839560068
2020-08-20,1.178409544027894,1.1497557889891254,1.1043240300472368,1.1049911406146071,1.21838710874041,1.1131687826925856
2020-08-21,1.2085653662454698,1.1761024442304955,1.1239324628353324,1.1246624171921324,1.2552161472966958,1.1402682497087975
2020-08-24,1.2144362836387477,1.18120133895646,1.1295730789391538,1.1303211356161418,1.267200131475835,1.1427590869587503
2020-08-25,1.230095482559144,1.196071679795606,1.1421113334059938,1.1427792768857492,1.268554659904981,1.1667333414694987
2020-08-26,1.234016090598622,1.2004768736416225,1.1453892849522884,1.1460145455080377,1.2644223961622154,1.1738172496934693
2020-08-27,1.225547819033811,1.192147634223403,1.1379562532792586,1.1385524329099748,1.250115334797793,1.169790378524718
2020-08-28,1.2167500037046075,1.1859897667038106,1.1353393351007965,1.1358553543529863,1.2301718536331503,1.159021006874388
2020-08-31,1.2148452877865727,1.1861332038260197,1.1370404904730207,1.1374106656406677,1.2016472092963213,1.1650115720811747
2020-09-01,1.230069831308745,1.1998451982345084,1.1503809619606844,1.1508206868558073,1.2301366298856016,1.1729109865122567
2020-09-02,1.2374295184466844,1.2061451464631707,1.158390950437292,1.1588268909837636,1.2319000983857318,1.1718143354276935
2020-09-03,1.2437388872499209,1.2122887008525896,1.164368771803011,1.1648963493314015,1.2606621343948425,1.1751776174486535
2020-09-04,1.2343545114984322,1.2040048354651254,1.1566596039203545,1.1571268620948576,1.2338577874684669,1.1688597760853214
2020-09-07,1.2200173236928342,1.1945905250371964,1.1510525203480413,1.1513763431805564,1.1908778194743435,1.1655790497534506
2020-09-08,1.2200357116215341,1.1955442258773423,1.1525507371191457,1.1527480001381154,1.1635952772759264,1.1733051136399393
2020-09-09,1.2181763376378474,1.1946516412900707,1.152809210705082,1.1529222512090829,1.1428925970195087,1.1726281114980937
2020-09-10,1.2191753983930889,1.1971431751399144,1.1574161674288062,1.157598965423671,1.1515279152602518,1.1691628945836445
2020-09-11,1.211522910740505,1.1894387219237854,1.1487521625445345,1.1489933730772321,1.148783561590688,1.1589395076135096
2020-09-14,1.2301515494870805,1.2049959732099271,1.1608055822570498,1.1611550300736193,1.1885441713846605,1.1744520409361743
2020-09-15,1.2368308777402564,1.211416484969378,1.1676153526629018,1.1679641071352642,1.1941185442126312,1.1821303473667188
2020-09-16,1.243503125540094,1.2165464716984034,1.1703092367695092,1.1708228775772178,1.2319099272903793,1.1855211342978373
2020-09-17,1.2436039960940326,1.2154846898058822,1.1685998440920242,1.1690974212309186,1.2301808315524232,1.1873119596021828
2020-09-18,1.2460245674390888,1.2171247978015136,1.1694377147030763,1.1699757802062005,1.2375801086865357,1.1863048664141704
2020-09-21,1.23740435158015,1.2087865025188194,1.1625966877995784,1.1631198697485372,1.2250470767400474,1.1814778241263704
2020-09-22,1.2230062207509254,1.1941985707519094,1.1477220447021252,1.148215410862057,1.2115666283617463,1.1659643364521968
2020-09-23,1.2194156139509955,1.1897903787979716,1.141741900821094,1.1422750642599282,1.2140570776227244,1.159762829867563
2020-09-24,1.1892346833116767,1.1604271148145264,1.1123517212421095,1.1129270877112876,1.1970549864094768,1.1298954167944821
2020-09-25,1.168588661858447,1.1429486496244134,1.097153702937531,1.097497476257531,1.1400499382688833,1.1245496044781773
2020-09-28,1.1956172721586986,1.1690580299699462,1.1201871359429414,1.1205158268069442,1.1563317812383345,1.1510835517587625
2020-09-29,1.1942288401126322,1.1672259575662403,1.1177315329629511,1.118056179554162,1.1606343135521728,1.1507976767844
2020-09-30,1.2051321269938604,1.1774699496495957,1.1267580162674666,1.1271095651960845,1.1774840035841354,1.1589273789097503
2020-10-05,1.2153166543327172,1.1859527144685844,1.1355270863242966,1.1360102413447197,1.1965993811798281,1.1575500453673677
2020-10-06,1.2283566476461094,1.1973067225997645,1.1457842127030604,1.1463862760206758,1.2184837380738316,1.164158667629963
2020-10-07,1.2319414769161674,1.199261416153603,1.1449556962078304,1.1455741220933122,1.225368870604214,1.1620498812176423
2020-10-08,1.2457423868563835,1.211145268792297,1.1535541958056261,1.1542498948179287,1.2496014881192388,1.1664070061113578
2020-10-12,1.2431478121441428,1.2087157123725283,1.151877652690671,1.1526878298696923,1.2601856534163853,1.1567921443372424
2020-10-13,1.247966890986174,1.2116218377727583,1.1537693713767427,1.1546574230478943,1.2692774753363496,1.1556494605984344
2020-10-14,1.2516706859342415,1.2152854187089985,1.1583387437332546,1.1592614408149937,1.2868478346996834,1.1586775290207085
2020-10-15,1.2229902200584666,1.2019349239356578,1.1716817380058007,1.1716003944802589,1.1236944088323795,1.2505469586456415
2020-10-16,1.2505708351364766,1.2159922849615559,1.160351503741428,1.1612874122033152,1.2637361640502631,1.1531616942709229
2020-10-19,1.2667333397650968,1.230399648272754,1.1712398179852548,1.17225018185303,1.2897077228160958,1.1673858189961908
2020-10-20,1.2721545583859464,1.2349228369999248,1.1744750586121586,1.1755009619389252,1.2935440086996661,1.1699353863098998
2020-10-21,1.2711200090312396,1.2333182858238325,1.1726426607417242,1.173628542194328,1.2877408908836516,1.173931109608715
2020-10-22,1.2704972917351953,1.2330158367776973,1.1711408714208897,1.1721473190962535,1.2902533048343798,1.1738896771774379
2020-10-23,1.2798504850141466,1.241322146895962,1.178137859953741,1.1791590957387628,1.3029547316734547,1.1864409397863365
2020-10-26,1.2765808646102574,1.2389828122366198,1.1766712122241156,1.1776751853439436,1.2997988605101982,1.1866491275189859
2020-10-27,1.2763925260419229,1.2387898907477755,1.1762372916881114,1.1772539404223117,1.2990589561292123,1.186157266585001
2020-10-28,1.2603881411347595,1.2262822832796738,1.168556200244048,1.1695434701201624,1.286237017802493,1.1747645771116302
2020-10-29,1.2537749437548378,1.2193500890311497,1.1620916988129608,1.1631228903947088,1.279737771495316,1.1683957731871717
2020-10-30,1.2393465237654655,1.2066463078301704,1.150405975185829,1.1513044151109444,1.2450462632844146,1.1636002279859585
2020-11-02,1.23215389086778,1.2022810195185278,1.1480576186481832,1.148845810783653,1.2287866702891546,1.1647002500887127
2020-11-03,1.2515464828212453,1.219325731056532,1.1615271087252759,1.1623924819193836,1.255870589899171,1.1796506707235879
2020-11-04,1.2683663039204354,1.2344919162013195,1.1736186235540964,1.1744855011152402,1.2672834567354907,1.192091116636097
2020-11-05,1.2758373482820125,1.2404365430475677,1.1789968833925264,1.1799344016216644,1.2872587547455727,1.1974038526354036
2020-11-06,1.2859264328745388,1.2495483345414335,1.1878106731946938,1.188826148825882,1.3028150514926236,1.2015007382016905
2020-11-09,1.3174239289877614,1.277359178267483,1.2112603849556156,1.2123768779391628,1.3295795602426193,1.2192052467946088
2020-11-10,1.301809465200667,1.2639517665707003,1.1990907268902478,1.2000774762497926,1.299160700249436,1.2231462382116565
2020-11-11,1.3108707278043281,1.274268756630944,1.2083993393876764,1.2092500004146505,1.2966550767798994,1.236173559922543
2020-11-12,1.3117276501291888,1.2733894317209908,1.2029678125005525,1.2037733920455806,1.2950305397759085,1.2404533057026474
2020-11-13,1.311711854857457,1.273369203805549,1.2024066019360862,1.2031922984568661,1.2973306191696685,1.240535102627398
2020-11-16,1.3178496375863473,1.2783848475135036,1.205437554543153,1.2062360373438956,1.3024805612370196,1.2466613042397197
2020-11-17,1.323074760953497,1.2836277985871318,1.2105566872186473,1.2113853022351202,1.3136104745471524,1.2513403765074362
2020-11-18,1.3442574459842316,1.3032130065288496,1.2309439389163486,1.2318208367067454,1.3399939451426177,1.2679896856088784
2020-11-19,1.3433994478653861,1.3023979460547392,1.230284751488032,1.2311525878420553,1.3438502186330101,1.2663574856119952
2020-11-20,1.3517806159958223,1.3094018660211544,1.2369508413139663,1.237833646001255,1.35784223899242,1.2718086296140256
2020-11-23,1.3689958186521467,1.3266658780284437,1.2550581266133418,1.2559437229525172,1.3817712713413983,1.2907647167638097
2020-11-24,1.3697110702118602,1.325982166317962,1.2524390211310164,1.2534174441624732,1.3934817595158893,1.288193951869431
2020-11-25,1.3671243569731082,1.3258091465145865,1.2571995359312116,1.2581890302307044,1.3983023412502098,1.2798915529896315
2020-11-26,1.38342942163979,1.340410316557992,1.2709551276514515,1.2719401434381417,1.4121150625068117,1.2928130103738857
2020-11-27,1.3972531766793803,1.3533869037151887,1.282600589938756,1.2836206178814686,1.4262077273070584,1.304579019796433
2020-11-30,1.391889773212103,1.3465554917249865,1.2757593198346,1.2768436592449262,1.4362761289068593,1.2988695798186425
2020-12-01,1.3970555821704667,1.3529045533404305,1.2817615858084783,1.2827332016756408,1.4324390208839497,1.3066559640448372
2020-12-02,1.405096206944315,1.3611006166419626,1.2905897398221675,1.2914796830755635,1.4293612532995532,1.3132724801648172
2020-12-03,1.408964020095058,1.363671335235701,1.2921483603558188,1.2931126603018555,1.4455797569477744,1.312217262190783
2020-12-04,1.4198072289171246,1.3763258407148422,1.3061021504237413,1.3069516185109074,1.4541137574133223,1.330593119937662
2020-12-07,1.4339006314158007,1.3898771489153936,1.3192249667404414,1.3201547938137383,1.4774167884744565,1.3386476536097731
2020-12-08,1.4551002570527987,1.4085163188328813,1.3356575574803125,1.3368439526150917,1.5317237557974857,1.3429312689521389
2020-12-09,1.4644169029121687,1.4168711132626408,1.343843281819729,1.345089707508859,1.540534913554701,1.3461994815646012
2020-12-10,1.4401705914444107,1.3953873610268728,1.323683304334733,1.3248545458010426,1.5030245300938974,1.3338383238300369
2020-12-11,1.4192991446818481,1.376999920292668,1.3073235490390986,1.3083468777893967,1.459475961555762,1.3212534829752003
2020-12-14,1.4289830591253114,1.384765537056053,1.3143595117439397,1.3154768955894742,1.4754220523163253,1.3222673511305922
2020-12-15,1.4055866157979902,1.362482695208714,1.2934933080221105,1.2945007439101255,1.4367752955524022,1.3039261153438235
2020-12-16,1.436421240696891,1.3900664064628354,1.3187260366250189,1.3198824832899279,1.4856399925284018,1.3264501562773512
2020-12-17,1.4352647695361318,1.3886596288407649,1.318203245662502,1.3193129462798756,1.4784062268038387,1.324889158294612
2020-12-18,1.4391715994517824,1.3917231685975577,1.320227683882124,1.3214854639625198,1.5052147782011414,1.3224342600421242
2020-12-21,1.447659160598416,1.4010515373696932,1.3303467920933143,1.3317074547997094,1.5293801260455442,1.331403837527667
2020-12-22,1.4150099080139766,1.3717186458948432,1.3027008200544885,1.3038226902623251,1.46834642082545,1.311299753674011
2020-12-23,1.4385008295137838,1.3927479593694863,1.3233838966509375,1.3245713494286182,1.4974537437130748,1.3288783848934977
2020-12-24,1.4525754205383745,1.4058377218777678,1.3363393220304243,1.337489558775203,1.5079593264444808,1.343832174956774
2020-12-25,1.4653296327509875,1.418969525201435,1.3493305533479885,1.3505075685796402,1.5201107247162775,1.3563517974157882
2020-12-28,1.4885494496315004,1.4411201661514208,1.3715170219547252,1.372773004565105,1.5496763866033993,1.3727356309209724
2020-12-29,1.48498101751987,1.4373820157539574,1.3674891169877046,1.3688084553450313,1.5548045596923494,1.3635573982573792
2020-12-30,1.4968175709744462,1.4488404728170772,1.37715599506466,1.3785172606726692,1.5688291941095767,1.3684279457821895
2020-12-31,1.5008569018719522,1.4522794222010436,1.3808153751400944,1.3822148961269924,1.5654507782634082,1.368094064239878
2021-01-04,1.5285099922031171,1.477425007641957,1.4052760453525024,1.4067236202432145,1.5906227734168745,1.3830674379369883
2021-01-05,1.5439205273122203,1.4918091319117748,1.4178583833509646,1.4193247050122173,1.6053111959138757,1.3981146227855774
2021-01-06,1.520532183274949,1.4714632846838036,1.3973113239236736,1.398745751068898,1.579815957520815,1.382410668598927
2021-01-07,1.530571382570137,1.4821303771900305,1.4069733606242152,1.4083351316913133,1.5808208612017285,1.3939551096496379
2021-01-08,1.555940719274484,1.5058989722774285,1.433344722115237,1.4347727231703635,1.6006130240061744,1.4103645941461702
2021-01-11,1.578038132403638,1.5264830662573372,1.4539898935357272,1.4555493652056362,1.640647972718847,1.4203667792353347
2021-01-12,1.551964394866763,1.5032108348818434,1.4311596573258205,1.43255930601945,1.60115613241969,1.4051945325621698
2021-01-13,1.5843665689267965,1.5344844878235993,1.4630162970556975,1.4643809133462478,1.6250015038663688,1.438234899771581
2021-01-14,1.5920904053213758,1.5415879642476245,1.4714340151048322,1.4728052917169654,1.6356135844821489,1.4419620008258573
2021-01-15,1.5624951368565354,1.514996858474981,1.4458677839491254,1.4470930668840287,1.5930966034158105,1.4282290240882567
2021-01-18,1.5583876724386487,1.51013293664758,1.443825767840829,1.445152643014491,1.5996630059781574,1.4236535111709432
2021-01-19,1.5694328069724215,1.5211963131326622,1.4546748268270557,1.4559833635710844,1.609534431255377,1.4370411371680698
2021-01-20,1.5290143209065306,1.485908268026436,1.4210048608443382,1.4221236803319042,1.5510134852732864,1.415343349348562
2021-01-21,1.5556758774839428,1.5108891763401378,1.4455966152717117,1.4468635132410967,1.5892405511121068,1.4321031967845317
2021-01-22,1.5917707971745767,1.5418139844294554,1.4752407406006427,1.4766840849108163,1.6423883358479996,1.4540563661750316
2021-01-25,1.59407771736908,1.5453585111403476,1.4788796553900803,1.4803326655150078,1.6460686200093615,1.4600006115887756
2021-01-26,1.5621229493970938,1.5170078321281193,1.4511543573734953,1.4524395321108612,1.6019017243463494,1.4428854906746071
2021-01-27,1.5731257444044278,1.5281777544460529,1.4624812151766644,1.4637029827833223,1.6045699599797731,1.45876537564801
2021-01-28,1.5463238794682113,1.5027268008859147,1.4389526193988762,1.4401157071596642,1.573822460517156,1.4398580829040226
2021-01-29,1.5167754986029338,1.4742229696190385,1.4118202132921507,1.412930260208236,1.5417949136131497,1.4055353710536536
2021-02-01,1.523263602392838,1.4817168179981046,1.4169189196377046,1.4179373106117352,1.5323835087134627,1.4171605417417732
2021-02-02,1.5549213503489014,1.5117870261450694,1.445044269314872,1.4461893828116577,1.5725523987642154,1.4407574382907644
2021-02-03,1.5555231056811811,1.5128013582434883,1.4476019968591762,1.4486724496037566,1.5603885589223827,1.4457424391261107
2021-02-04,1.5504504005155708,1.5083812357084987,1.4439294102217386,1.4450075693693523,1.56161211599841,1.443101543409715
2021-02-05,1.5636447924817123,1.5217318821377503,1.4579554495183813,1.4589707344205192,1.5673873154793974,1.4703410320837904
2021-02-17,1.626830048441514,1.581450284320625,1.5145792767335011,1.5158965971492733,1.6599877758423698,1.5212906422103543
2021-02-18,1.6508686604458862,1.6014087443384155,1.5323066974786377,1.5337825686457125,1.6963671586371867,1.5322798843756273
2021-02-19,1.6555903114988344,1.605713323261058,1.535946397474269,1.5372673845779175,1.681053615406515,1.5405741346852766
2021-02-22,1.6839578455152167,1.6309662560274965,1.5601432060756595,1.5615842300917742,1.7169430293391788,1.5555513091934954
2021-02-23,1.6800101369049227,1.6270270833893046,1.5548818762635606,1.5563283347274226,1.7118616615298914,1.5438006523116268
2021-02-24,1.6523711653690054,1.602898965646442,1.5332761784538178,1.534601475085972,1.6816131161013974,1.5244997997780918
2021-02-25,1.6657342271420748,1.6177817463617337,1.5495514342732735,1.550884689136318,1.6992990214095969,1.5357903211093744
2021-02-26,1.6375139820770859,1.5890779852368047,1.5231351109523041,1.5244458227926025,1.6727811390293543,1.512813793693701
2021-03-02,1.624222141319236,1.5781925999150335,1.5124832145450042,1.5137198379275,1.6561839572529464,1.5092978513704305
2021-03-03,1.635671387069527,1.5910000630709622,1.5257230948792602,1.5269951627902232,1.6751544629122679,1.5182969571328881
2021-03-04,1.6090228096888513,1.566002726746914,1.501380554599816,1.5025277659951124,1.6352803686966293,1.498188237005298
2021-03-05,1.6005099793525117,1.5577014699459066,1.492746663735435,1.4938537996438346,1.6234842419925464,1.493111914883822
2021-03-08,1.5998183959660064,1.5585288544156497,1.4960840314882744,1.4971597786511224,1.6213406791182061,1.5004649027345869
2021-03-09,1.5917164385716076,1.5524723586621667,1.4898533118118182,1.4909341958067326,1.6189186903426487,1.4994324421146181
2021-03-10,1.6038402048812204,1.562739013390626,1.498433043889724,1.4994970349329615,1.620528389202498,1.5087505533710261
2021-03-11,1.6407339340377742,1.5967945453814503,1.5312673529051455,1.5325102955584782,1.6706869279206724,1.5336446956444871
2021-03-12,1.6497768402710022,1.606481399067891,1.540718715990336,1.5419976333714467,1.6851753099881308,1.5416026700409302
2021-03-15,1.653910693305897,1.6096414821480425,1.5428864737986703,1.54424495243293,1.695027471499029,1.537779466267431
2021-03-16,1.6566523778805593,1.6138490346265435,1.5476662906005825,1.548920979853381,1.6862158422139217,1.5468309781924865
2021-03-17,1.6580287620975258,1.613856694740246,1.5471852473464491,1.5484787166736318,1.6871428803518067,1.543401604474896
2021-03-18,1.6773307964824526,1.6345995851280244,1.5701646941144582,1.57137353559139,1.7003540603435972,1.5702438896947306
2021-03-19,1.6625019349980528,1.6210430153554998,1.5613013267947609,1.5624190342409339,1.6766667324401008,1.560955683493064
2021-03-22,1.6760852788046172,1.6347966517882293,1.5758008649004116,1.5770515530116835,1.7041863270681712,1.571368255243006
2021-03-23,1.6739045771113548,1.6347460370977893,1.5745501018540196,1.5757018910768759,1.6933618907976504,1.5802288815564027
2021-03-24,1.6623408619620825,1.6229893295384856,1.5628765578018913,1.5640481834144904,1.684064614716609,1.565451495953529
2021-03-25,1.653343790835142,1.6153487668976299,1.5563196833348172,1.5574672413764676,1.6705709908682935,1.5583948907035492
2021-03-26,1.678397564473382,1.6382978260225118,1.5767899426191212,1.5780854175872712,1.7102211015111144,1.5753090065896465
2021-03-29,1.6950925660114715,1.6558206836868774,1.5937738517265492,1.5950303680685156,1.7213960831891528,1.5942363472083851
2021-03-30,1.7081912443755545,1.6680312310712746,1.6062699568229557,1.607532616531879,1.7328578856221768,1.6066789318686792
2021-03-31,1.7097080255216612,1.6667038395240303,1.6044968058030589,1.6059008380465554,1.7421635659898687,1.6009752178927865
2021-04-01,1.7233653537303775,1.678004294349718,1.614255020687716,1.61585552819268,1.7781912500009827,1.6057586606218426
2021-04-06,1.7414488795528695,1.6937917906595839,1.6293851617790782,1.6312293918625653,1.820737234576795,1.6106864353460975
2021-04-07,1.6271094658804932,1.5921774756986204,1.5448693268191114,1.5453455348544762,1.5799302204813381,1.5707190435697365
2021-04-08,1.7467503746773125,1.6978231356230555,1.6323587502284367,1.6340558998286576,1.7954465920867158,1.613925277981713
2021-04-09,1.739897551068852,1.6926515088721026,1.6274115597859808,1.6288554959165462,1.750040513069114,1.6148586367078914
2021-04-12,1.7306918127077195,1.6846619808855912,1.6222680508963345,1.6238423763809118,1.7540792964408807,1.6121405946842937
2021-04-13,1.721789473927884,1.6787967825647214,1.6187572048213636,1.6201583248485865,1.7260192684610929,1.6113500287911549
2021-04-14,1.7207482634051832,1.6796768620378375,1.624997161048695,1.626378357761592,1.709703392913246,1.619634907180305
2021-04-15,1.7385475321785646,1.6974986781898531,1.6404139106987463,1.6416905112800635,1.7118992529685655,1.6386922295086876
2021-04-16,1.762790410393152,1.7196903314247696,1.6644289838872708,1.6659002530224942,1.7551068143342161,1.6600645012325013
2021-04-19,1.767770620038166,1.7237606247155353,1.6674130138395113,1.6690560075182843,1.7843483292587605,1.662597536596907
2021-04-20,1.7860737429273543,1.7403707951571952,1.6821112218486873,1.6838863288810886,1.814670830571169,1.6714579715347897
2021-04-21,1.7868407776795412,1.7394889917911833,1.6812750854035179,1.6833726897792087,1.8480853084552942,1.6680567528901495
2021-04-22,1.746232270717113,1.7043730671310535,1.6469122739451043,1.6486966035622095,1.7872611210524052,1.651551660492551
2021-04-23,1.777529786581933,1.7349870915247143,1.676092206078142,1.6777399452432238,1.8072793396965758,1.6819231494310012
2021-04-26,1.8136579827193524,1.7669937577635098,1.7038894843940957,1.7059640200714996,1.8956712188961762,1.7059614713494033
2021-04-27,1.8236277706800086,1.7732194738466405,1.708860748582439,1.7112379412804355,1.94503452691291,1.703640802327448
2021-04-28,1.8357363217895561,1.7834055061020448,1.721412664959494,1.7239708486906937,1.9879123880008183,1.7143843861595562
2021-04-29,1.8431732407385684,1.7886672580231788,1.7222793623491208,1.7248856011196778,2.0022883264688276,1.7184758442256662
2021-05-03,1.7957413455852593,1.7450974237520396,1.6771735389588005,1.6797955938907676,1.967377071436429,1.6944299156752272
2021-05-04,1.745077337481001,1.70007611765866,1.6326656371499526,1.6347924381322454,1.8834838120332875,1.6690788873329299
2021-05-05,1.717094113114486,1.6751129985791733,1.6138179555083452,1.6159389420156733,1.8530510387922565,1.6537271804170524
2021-05-06,1.7227290906561359,1.682349616123014,1.619713864713131,1.6217158448335407,1.841068671666954,1.6508224724073184
2021-05-07,1.7791064217050956,1.7327991053225638,1.6656205130524757,1.6679405201783017,1.9379551599573477,1.6861946854750574
2021-05-10,1.7695000700604524,1.722922911947988,1.6574311065181144,1.6600583292395283,1.9660982904500275,1.692147542833099
2021-05-11,1.673583732132658,1.6330607151882381,1.5724310010130742,1.5748923011646925,1.8757971796059807,1.6291945249706707
2021-05-12,1.5262220284628205,1.4958383457143831,1.4487551367244977,1.4499979422564375,1.6237079146916535,1.5269044075557334
2021-05-13,1.6338937346418385,1.593282221307773,1.5305043872257276,1.5328413847526057,1.8309601012090406,1.5909972646483221
2021-05-14,1.6475936132544626,1.6085683024732154,1.5436970104450989,1.5458992496939383,1.8145488620635348,1.6065974499475166
2021-05-17,1.5732092021645812,1.5378918318362853,1.4717560232566154,1.4736290185689398,1.7121396536556694,1.552556899086152
2021-05-18,1.678218357239246,1.6368402118806145,1.5670568946342514,1.5693806434923763,1.8567739032831059,1.629598271189098
2021-05-19,1.689103058561589,1.6455694057243868,1.5779167146674842,1.5805639554815247,1.8902878223626771,1.625102005187375
2021-05-20,1.6711566300796385,1.6281959476488737,1.5611816516675165,1.5637982859556512,1.870268399461814,1.6098127179898378
2021-05-21,1.7144771538337462,1.6655587421927087,1.597840285497695,1.600941374795198,1.9712180661120924,1.628823929051376
2021-05-24,1.745908899099631,1.6916292988426507,1.6221925593032909,1.6255832154133905,2.0288991551252304,1.6404392626719702
2021-05-25,1.7774647288856704,1.7210539842301043,1.6497039130194382,1.6530872103752017,2.0614255026493513,1.6646364426900795
2021-05-26,1.785210059923916,1.7278373151811257,1.6575876430382952,1.6611205085928618,2.0834964053125606,1.6703750176568628
2021-05-27,1.7869713075271447,1.7287640822901726,1.6587171531638458,1.6622501824863845,2.0829695671771247,1.671514635597795
2021-05-28,1.7906153573351102,1.7328611691515179,1.6649015634963518,1.6684636704505975,2.0851156870789276,1.6734588172571405
2021-05-31,1.8276577520150825,1.7680675408250695,1.700525786648774,1.7041094612000336,2.1271262095668244,1.708184144237573
2021-06-01,1.8427153684493525,1.7794296927576743,1.7109030215198047,1.7150888502532546,2.2268226485203906,1.7126982784512654
2021-06-02,1.819660230968746,1.7574042619823858,1.6915255573849406,1.6957643311240287,2.206355632505374,1.6970917863693955
2021-06-03,1.8374214131160638,1.7709413681420814,1.7055528390917811,1.7100626688649707,2.2708517923828024,1.6945123353440001
2021-06-04,1.8170523204586104,1.7524769554857522,1.6873819628996707,1.6918225750778875,2.2558018740342387,1.6835164752189564
2021-06-07,1.821552550443662,1.7571610777000992,1.6909049583190168,1.6950017063268918,2.205021664402356,1.6833602406744146
2021-06-08,1.828437681326888,1.7618753732375732,1.694964428095238,1.6994956842515976,2.2742591706702666,1.681676245070387
2021-06-09,1.8206289656381394,1.755835864139822,1.690651369237316,1.6950623858897775,2.252898617788524,1.6793054403849506
2021-06-10,1.8480474692614435,1.7824538807994952,1.7160319213192416,1.7203017724944614,2.2464436884973704,1.7057671772321064
2021-06-11,1.8628846935365753,1.7948622365048312,1.7324561844649826,1.7372147369414073,2.3270269563824937,1.7121845235623616
2021-06-15,1.903468166787151,1.8285746858650391,1.7630602330473024,1.7684581228537513,2.4733050979425912,1.7273331805493817
2021-06-16,1.9004213593011705,1.8262522582897214,1.7607473062736996,1.7662428717784455,2.473707808468734,1.733710987542076
2021-06-17,1.917138204753231,1.8388646989624207,1.7694860247076585,1.7752643168515794,2.5568305884544107,1.7383654655521608
2021-06-18,1.9238110502843486,1.8416950347960812,1.7681033279374578,1.7742591700607095,2.6215021411401564,1.734586791041825
2021-06-21,1.9076511651412535,1.8227290449688915,1.7505357698281634,1.75715854100711,2.6857949935086394,1.7158656497527742
2021-06-22,1.8993346677727794,1.814772438245161,1.746244410816674,1.7528528586636205,2.661803352783325,1.7123729683852773
2021-06-23,1.928965270335557,1.8452586676571001,1.774052627881416,1.7800049871701018,2.562108228945,1.7435787134059857
2021-06-24,1.9441802080489716,1.8566991038244773,1.7861867592639715,1.7927269453338817,2.6748350375348195,1.7469748138756265
2021-06-25,1.948234476415989,1.859452284470959,1.7905233705899386,1.7974379251870491,2.720882815501439,1.7503351161298917
2021-06-28,1.9610979063383858,1.8669788199597224,1.7953996304053763,1.8030449702449203,2.8652168979731782,1.7448843697598155
2021-06-29,1.9541082609588114,1.8607422554760245,1.791405538635254,1.7989678242740084,2.856234311132059,1.743995142946633
2021-06-30,1.9733872001167265,1.8758566278407813,1.8063792286514393,1.814665908867726,3.0207833452615853,1.7492558171339903
2021-07-01,1.958904179397065,1.8592249932802982,1.7875625553406551,1.7962119481578893,3.1415330764682077,1.7301064827236923
2021-07-02,1.976139465627399,1.8754568303626182,1.8015294502817556,1.8100716388945088,3.0961249216781885,1.7404930471045166
2021-07-05,2.011215806400347,1.9083637636543287,1.8315302238760969,1.84016839589836,3.1448726887129554,1.7633266971985018
2021-07-06,2.009375250275083,1.905166281915835,1.8274559968344726,1.8363860123961775,3.252273579067874,1.7626929779571483
2021-07-07,2.0120782094970857,1.9103734879218657,1.835099053545944,1.8437197600821928,3.157188276329851,1.7637307522328527
2021-07-08,2.024604247154684,1.918874506041871,1.8417565727375869,1.8506791685507322,3.261257122908506,1.7660392408131949
2021-07-09,1.9990121499884934,1.8983781710708254,1.8296962938058443,1.838073940693983,3.0492055612023017,1.7527041802490912
2021-07-12,2.022362356110829,1.9195287331980673,1.8532732060636812,1.86170447483303,3.0782429554318083,1.7694011168050625
2021-07-13,2.0216637740961847,1.9238909000075821,1.856311112138095,1.8641573305494923,2.8952827050117103,1.7747812471115731
2021-07-14,2.022953284001012,1.927929289301342,1.8611110394773172,1.868552319908565,2.7690445967964563,1.7811775096881695
2021-07-15,2.040620753315067,1.9390466748051214,1.8704802898147561,1.8785425912238944,2.956501170635158,1.7853171296248385
2021-07-16,2.0501641149822403,1.9462814163112745,1.8776312829090192,1.8860116370788917,3.0460148293897693,1.797079220122705
2021-07-19,2.0431302951039076,1.93892558798982,1.872663393166867,1.8811231911268114,3.0528484117685046,1.7909671680132704
2021-07-20,1.9938075510287203,1.8967687446978962,1.8326720817893725,1.8405317675109234,2.852881451275683,1.7596730839776094
2021-07-21,1.9795303780452895,1.8872223229876854,1.826154498951078,1.8334748157152578,2.6674037728162747,1.7519100334162983
2021-07-22,1.9976490271995713,1.9048124887995679,1.8452413826140361,1.8522775130358253,2.584408172114902,1.7657564414733984
2021-07-23,1.9918985715454716,1.8982388597654873,1.839317421556579,1.8465638407556237,2.6345650993778063,1.7610073967844828
2021-07-26,1.998909863074752,1.904635013868466,1.8455154406270036,1.8523127043582455,2.5165497989470684,1.7636988538363376
2021-07-27,1.9708909426670724,1.8825035272310167,1.827160318457513,1.833448557360036,2.372469418906031,1.7529789731571
2021-07-28,1.9307321425023838,1.8444171952567074,1.7878675402311457,1.7942077777843768,2.3580071898498307,1.7264166002900967
2021-07-29,1.970731607033412,1.8767497618239248,1.816686738655727,1.8235979647651734,2.5376386652960043,1.7379806522355992
2021-07-30,1.9592959308006745,1.8708867832749774,1.817510884189281,1.823916468336957,2.4040986947719696,1.7385002431987748
2021-08-02,1.974359205672798,1.8835904875031586,1.8334081244465512,1.840071505358769,2.4809886956200415,1.7390023401578691
2021-08-03,1.9891402063049455,1.8970208094752297,1.8474200798297225,1.854196516737442,2.5301157667928793,1.7457314258603944
2021-08-04,1.9892502657691205,1.896902529674089,1.8486894505221414,1.8555903534951623,2.5773035622472236,1.7416008067876907
2021-08-05,1.9875173112138138,1.8981527396089204,1.853226435572796,1.859919971692677,2.5346331484716247,1.7486493620857064
2021-08-06,1.9753829084061838,1.8869022774810003,1.8418728747775632,1.8487631156354953,2.5807307831769606,1.7489390570727572
2021-08-09,1.947752549531974,1.8608375880051262,1.8166432578276013,1.8235729527453082,2.574524695910434,1.7283916362384302
2021-08-10,1.9189549117211127,1.8337912132840761,1.7910941674387533,1.7979348809724152,2.5256242568960925,1.7075541658685154
2021-08-11,1.8931220155840893,1.8127428309865146,1.7744987842109514,1.7811180749476774,2.446232593438861,1.694592473127318
2021-08-12,1.9062267722535087,1.82059268492151,1.7797342958241729,1.7866895044869162,2.540997976501045,1.698677528049713
2021-08-13,1.8559508583655178,1.7747215759590849,1.7392492230316328,1.7460357357754535,2.46147623083783,1.6656309083099652
2021-08-16,1.8249268078672793,1.7444524859654837,1.7053425825801471,1.7118798820516046,2.4118420185252036,1.6291495647722143
2021-08-17,1.7918895058924995,1.7154896577312297,1.6790320433352095,1.685440928660718,2.346278683325849,1.6178891667531523
2021-08-18,1.8472578925695768,1.7623707792407863,1.7175932695399285,1.724475006769791,2.5230121526940428,1.6458334755406299
2021-08-19,1.798848837271022,1.7183128506520826,1.670181857170488,1.6766659668601052,2.3816017628629433,1.6059974612375347
2021-08-20,1.818426169156778,1.7334049314095863,1.6798505503233325,1.6865181610424744,2.448551531003684,1.6144880866922573
2021-08-23,1.869297694583844,1.7777579422842702,1.724138704402888,1.7312995506639222,2.605244302760179,1.6402089967074684
2021-08-24,1.8795364032403776,1.790537389564992,1.7359220640951454,1.74293595819316,2.5473267955946586,1.6638304123108967
2021-08-25,1.906963320076136,1.8143661896113872,1.7597858560965842,1.7670707333409603,2.6323087322751597,1.68045513359674
2021-08-26,1.8947182519674108,1.804366029785058,1.7560439398086423,1.763363548489587,2.6319997316957706,1.6720372395938192
2021-08-27,1.89983447819028,1.8113683735944814,1.7712037411443904,1.778469680700827,2.5969618120224616,1.6811974544369719
2021-08-30,1.9193336309241007,1.8304340372808876,1.789380884270846,1.7965928469094337,2.5995709950525687,1.6966888939498659
2021-08-31,1.9217649421379226,1.833397576757314,1.7922889334075827,1.7994361967818258,2.569018539226169,1.7051382557655876
2021-09-01,1.9420756703394841,1.8527236264246127,1.808525598682057,1.8151203960374256,2.5029764787606994,1.7201348986494809
2021-09-02,1.7726729214401695,1.7055207702184556,1.7129755910167137,1.7187335227478613,2.1656468918684766,1.6322392319153116
2021-09-03,1.9235046727080654,1.837616404376868,1.8024090162526607,1.8089407328801388,2.4535573502889982,1.7177365568126468
2021-09-06,1.898408032273379,1.816007650289882,1.7817296496750628,1.787749509187035,2.3460985513955857,1.705678932618959
2021-09-07,1.8800138427286246,1.797330545129934,1.7635332973011875,1.7699420076922576,2.3866921636504728,1.6950351237626267
2021-09-08,1.8446697255023996,1.7639704752680092,1.7338373684455766,1.7403193080999542,2.373070634390549,1.665569664214076
2021-09-09,1.8614892405018608,1.7786563748675241,1.7457122312702071,1.752135789873366,2.38617023092336,1.6682348452733453
2021-09-10,1.8899355797797688,1.8015555292297285,1.771440980656339,1.7782016239429272,2.470490461001897,1.6749022354741006
2021-09-13,1.8761195456215323,1.7901482143492777,1.75992082303707,1.7665541003286451,2.4400868345097115,1.6749050498075997
2021-09-14,1.8742479236545844,1.7909931079366987,1.7634749616328673,1.7696744635760184,2.3644934425797244,1.6794804817551106
2021-09-15,1.8639680033358996,1.7802295834738853,1.7547879139762623,1.7611910480319333,2.385854502183924,1.6784191333190803
2021-09-16,1.8682793984221877,1.785466110293586,1.7619308514628627,1.7681117889927975,2.351420883703146,1.6876956317563019
2021-09-17,1.8861586977665123,1.7990340814197385,1.7683441696140703,1.7747858819571483,2.4143450102895034,1.6940259434360738
2021-09-22,1.8572023586973114,1.772070508873358,1.7408136116083035,1.7470536027264671,2.3465751203120635,1.674264811958165
2021-09-23,1.8903705432287916,1.802220957705037,1.7702085737960704,1.7765325404247894,2.3941663903334343,1.6962122323046467
2021-09-24,1.9088570044037825,1.8182165885478034,1.7843262431393425,1.7910003790167017,2.469227361567335,1.7048623091561355
2021-09-27,1.898874887556457,1.8100614646543625,1.7752230814460088,1.781718871480168,2.4291797332540246,1.7013458629136564
2021-09-28,1.8950438189803087,1.8064271785519435,1.7724888132528027,1.7789878043192442,2.4276465537801815,1.7010050814500617
2021-09-29,1.8845101852836996,1.7956585934655362,1.7639803306121267,1.7704899993461207,2.4202363790125165,1.6952535121272434
2021-09-30,1.9060166927740596,1.8128654266931934,1.7814673749090357,1.7881614459768123,2.46583474684754,1.7060230642722054
2021-10-01,1.8451621124850477,1.7609559082911184,1.735320148539005,1.7413952288911156,2.277111411226522,1.667966102077338
2021-10-04,1.8024744625961526,1.7243467895032685,1.6973776044796496,1.7027742094677183,2.1093111331666687,1.6444868423535488
2021-10-05,1.8238109132854425,1.741219151788915,1.7083535353493133,1.7139043385076382,2.1470691426298125,1.65086382505078
2021-10-06,1.7911812852908493,1.712896437410039,1.6856536468812207,1.6908608483679197,2.044073016434371,1.6404840467057862
2021-10-07,1.8519457473054646,1.7657940404673997,1.7297056819428063,1.7352649645500489,2.155685235555517,1.6785971605437178
2021-10-08,1.8616202242195274,1.7739098890077236,1.7310477040451977,1.7364963143940229,2.136150888507985,1.6821830704908955
2021-10-12,1.8244277278876606,1.743740753793785,1.7020289534955992,1.706830726659406,1.9821256722465637,1.6683407338993923
2021-10-13,1.8004997725828078,1.72078247342675,1.683186896672092,1.6881057089941893,1.9861378855129108,1.660970366165795
2021-10-14,1.8058207844248508,1.723803038228784,1.6878962339227996,1.6930648967078246,2.0562811887225543,1.6549581617406
2021-10-15,1.8420456521351318,1.7576492997485498,1.7250747090205616,1.7301768789908096,2.070479761183618,1.6795552660041864
2021-10-18,1.8318521981261668,1.7479530305373445,1.7148962456611947,1.7199004760025978,2.033667192933045,1.6738445713609762
2021-10-19,1.8642975884686368,1.7790443198435992,1.7433422107077785,1.7482854783538098,2.035829510007286,1.691960503055334
2021-10-20,1.8716180993913714,1.7851647911776578,1.7492424139918015,1.754145174903421,2.047179671821878,1.6937373038376884
2021-10-21,1.8671680017543855,1.780511493712581,1.7453596186629776,1.75029291171558,2.0489608934671044,1.6884617451528554
2021-10-22,1.883989926746121,1.7969216890377882,1.7596010771217834,1.7643172482919918,2.0063819241474676,1.7000929164680423
2021-10-25,1.8955335522462191,1.8054171922057696,1.7698380101368771,1.7748210810796377,2.082220602639301,1.70181674679487
2021-10-26,1.9100843625482178,1.8212710231547042,1.7850525724891881,1.7899221919232389,2.081532022514636,1.7190281911058798
2021-10-27,1.9363135805797194,1.844737477790229,1.8016792058942146,1.806375829724652,2.0703177245517166,1.7303924932451726
2021-10-28,1.944778081690498,1.8525006530740602,1.8102410805237528,1.814989587217077,2.0937249299927387,1.7326460572356033
2021-10-29,1.9532796038054583,1.8565067975899952,1.8146181664879757,1.8197623575446331,2.175141892717138,1.7302605957425425
2021-11-01,1.9767968451936586,1.8768917634143758,1.8316568578024195,1.8368428165499557,2.1872169219877367,1.749074218775386
2021-11-02,1.9623442624183574,1.8595162215235836,1.8123418100354842,1.8177071623319705,2.2296639489074064,1.7307869032652823
2021-11-03,1.9849054936420423,1.878414385982936,1.8278541594558562,1.8336179786743632,2.3289162640481313,1.7494307509919789
2021-11-04,1.9858175759299825,1.8811204117916391,1.8306183159434444,1.8363303271015945,2.310969707692793,1.750976531479518
2021-11-05,2.0125335413751384,1.9031487518801518,1.8494723498058356,1.855329922443696,2.361768033010692,1.7612419450890757
2021-11-08,2.0207156383967564,1.9082842047596735,1.8556483519853466,1.8619916930602927,2.501933331378986,1.7669300079086814
2021-11-09,2.03986955986134,1.9277362157724003,1.86954652317761,1.8757436288877616,2.4690700791840428,1.7828014836188604
2021-11-10,2.0443783488303575,1.9322848025286414,1.8761781840923908,1.8823063195111969,2.4422344820993236,1.7894123780493085
2021-11-11,2.022378685306541,1.9161069521378704,1.8650612021610828,1.8707648655931364,2.2869581354760147,1.7822785815822242
2021-11-12,2.0316230635371975,1.9238150691970217,1.8752993968266163,1.8811216440070886,2.3005020319395806,1.7830314491942767
2021-11-15,2.0580342034765247,1.949198127791136,1.8992229495102886,1.9049080989828646,2.308411150430015,1.7960634683974206
2021-11-16,2.0820654458708963,1.9723927136283574,1.9199681583147152,1.9259584498393052,2.3687861267899146,1.8373386289608522
2021-11-17,2.0944097621223103,1.9856664155440558,1.9409503548949578,1.9469420349463682,2.350564009466093,1.8441786212628453
2021-11-18,2.0911486494110676,1.9828886408172863,1.9364518978693155,1.9424995540654972,2.3692332051046905,1.8409689977692745
2021-11-19,2.087404856052045,1.9815649565936955,1.9323186897270646,1.9382486184417373,2.3304605455404803,1.8476846779622238
2021-11-22,2.1088194771272644,2.0021357325415234,1.9572776745539853,1.963415042859807,2.3590506974892342,1.8597226736915486
2021-11-23,2.0844978621100023,1.9790593121064322,1.9361123993771572,1.942271256720931,2.3453549797750908,1.8446594097364437
2021-11-24,2.0865270945215957,1.9810893044743767,1.9346516498448039,1.940782267450803,2.339202022256802,1.8466202756717076
2021-11-25,2.089515226112544,1.9839762189340282,1.9373321661232303,1.943741396315204,2.385727124778972,1.8444580594172175
2021-11-26,2.053269109609869,1.9511717931366384,1.9028211868961942,1.908849740383617,2.3039673316582348,1.812411322794069
2021-11-29,2.0658089656182903,1.9599809786726385,1.9107432852794246,1.9170339009566544,2.3261775944188976,1.8071591777780025
2021-11-30,2.093583582679868,1.9838945546951317,1.9365236066675364,1.9430825688013906,2.3953461027357803,1.8230130649605878
2021-12-01,2.1090500980043507,1.9994080473334543,1.9427768973199147,1.9492605741152496,2.3944041442340382,1.8361743652696896
2021-12-02,2.1103585050226465,1.9973941833707685,1.9376162117930138,1.9443834006246907,2.4447333624357603,1.8252094913030865
2021-12-03,2.1255987633109052,2.0121949293337043,1.952774806495907,1.959611547771826,2.4614176541764916,1.834189673694108
2021-12-06,2.125069221911437,2.0110739278604366,1.9487391048144915,1.955529995286451,2.4687168362730127,1.8431176207472773
2021-12-07,2.1327119881305707,2.017732302627705,1.9551268638300032,1.9619463984785872,2.4849396418363945,1.8535318049781837
2021-12-08,2.152553631841284,2.0350602104426443,1.9809230491827359,1.988166715951308,2.562966414130796,1.859825688017871
2021-12-09,2.1560308945319533,2.037727412440742,1.9821427882395342,1.989397734724439,2.5608442239591716,1.861863176720363
2021-12-10,2.148057630422052,2.031135485197981,1.9708224156598184,1.9779107774727822,2.533545947356611,1.8565301936381673
2021-12-13,2.1522376533018894,2.0345839189403803,1.9757963778704375,1.9830266993924475,2.559913092579293,1.854205664846802
2021-12-14,2.112904501469281,2.0032032470705494,1.9465353961449348,1.9531901745274673,2.4387671240421502,1.838583994301312
2021-12-15,2.1312281507628037,2.01423257863139,1.9527859251216357,1.9599468182644206,2.5357690059598808,1.8408266617059512
2021-12-16,2.1589846371443726,2.0386195365204838,1.97829794655927,1.9858421519792933,2.614759319915309,1.8532512006932305
2021-12-17,2.1461592854209366,2.0265274965933724,1.9702368175776543,1.9779406949076386,2.637832056109753,1.8472104220830985
2021-12-20,2.1317138918185736,2.0130921338879166,1.954706646626183,1.9622078193448247,2.594439336386482,1.839394310548293
2021-12-21,2.16524896853153,2.042044228010248,1.9871605759556612,1.995129428521183,2.702154661397568,1.8603096858261927
2021-12-22,2.1784705040545838,2.055262992019451,2.0035742436497412,2.0115826370569647,2.710046188968427,1.8698252943391531
2021-12-23,2.1904693656130245,2.067050985503538,2.01241103185146,2.020385410203267,2.708366978246614,1.878559608256124
2021-12-24,2.1932827009324956,2.070182314301211,2.017731621031281,2.025807715458444,2.725259568176883,1.8789383254347223
2021-12-27,2.199899442671967,2.077881580648552,2.0246889851057435,2.0326154936343537,2.6930097585704575,1.8925374802462889
2021-12-28,2.2131786334994836,2.0909416546079447,2.037365171957056,2.0455508861864895,2.738083920920854,1.9087725247364744
2021-12-29,2.2167180274822975,2.0957215068291446,2.0447952415731026,2.052842920077522,2.7140103391002004,1.915979035568038
2021-12-30,2.2233122977564914,2.101352124401675,2.0508712946839207,2.058866444097565,2.6993205550584887,1.9211761692145788
2022-01-03,2.203142698133101,2.0847884939638295,2.0288708022190574,2.0364217647890275,2.6032471914292965,1.9117225299052287
2022-01-04,2.2207478592646295,2.1025797720191863,2.043587721756606,2.0510152851179475,2.5991132797994108,1.9346830577460346
2022-01-05,2.210344350685928,2.09275609300742,2.0289286964883897,2.0362098810067337,2.5766184983584886,1.9193788394782665
2022-01-06,2.1836388282433212,2.068983693664882,2.006095666491521,2.013184574726775,2.5364054916143504,1.9117157107737575
2022-01-07,2.1497128038083066,2.0398807066454214,1.9855882177519673,1.992371075727121,2.4720369500531647,1.894156411440222
2022-01-10,2.1568273330341228,2.048049867777761,1.9998360195739504,2.006675705385611,2.464329283359185,1.9042167164038633
2022-01-11,2.138050907016706,2.0342943072636475,1.989172916399027,1.9958521515083376,2.4318470516917143,1.9053466589518222
2022-01-12,2.140655349679922,2.0377632702576753,1.9909848014299862,1.9975507282569396,2.4082900159348823,1.9103681420287395
2022-01-13,2.144292170882289,2.0435632003847206,1.9974578526488376,2.0039416661307943,2.3886172502882914,1.9155671371553569
2022-01-14,2.1306713964473043,2.027761401043381,1.9859881133721298,1.992867836639601,2.4489084620209174,1.8856991651699775
2022-01-17,2.159612654418002,2.055169058740455,2.006079342661624,2.0128510373095487,2.4389546682022085,1.9042033475004283
2022-01-18,2.16146571289707,2.0560466629975083,2.0058566056676823,2.0125546672319676,2.430786608750074,1.906292224078287
2022-01-19,2.1501396129895456,2.0472022232580254,1.9945283128293108,2.001158283157818,2.408631111547469,1.9053444948004261
2022-01-20,2.1475097286341915,2.043164175301329,1.988161810909103,1.9948867568136044,2.4249384461450925,1.9069157284096636
2022-01-21,2.1039681814809468,2.0057207765027942,1.9498865063762358,1.956319590190371,2.3301229742188627,1.8819857553978792
2022-01-24,2.0993596123013663,2.0018258139413776,1.947171174968195,1.953548274593174,2.3315046673970223,1.8755098272039201
2022-01-25,2.0692005795259205,1.9754396534280765,1.9203306667621503,1.9263844515039565,2.2542732760566064,1.8554512897317816
2022-01-26,2.0706957381360476,1.976479698586343,1.9266499476708172,1.9326629522189227,2.2592957478146842,1.8618985717437984
2022-02-07,2.114075644584432,2.0135959388246527,1.970921515702132,1.9775269278197738,2.383033771770568,1.8967669141834052
2022-02-08,2.1552612995956335,2.0485300911667568,2.0015073585140177,2.008562670656548,2.4848931926758033,1.9244121344076117
2022-02-09,2.1851628740836615,2.0741639805880245,2.022451694945612,2.0297427626590774,2.538320609226025,1.940373263356139
2022-02-10,2.189856980514093,2.0767859433932196,2.019659923311847,2.0270269940534154,2.5491195052620745,1.92924238280004
2022-02-11,2.189545345322944,2.076284937148102,2.0188441591934407,2.026205798736774,2.5487550058467003,1.9290303387601704
2022-02-14,2.1790624724093592,2.0662738095175053,2.0050922103949347,2.012346818249065,2.536919829275878,1.920121832870883
2022-02-15,2.1827292635528335,2.0695844863459207,2.0143558106047093,2.021644019326141,2.5499752075029534,1.919764462492258
2022-02-16,2.22216740214958,2.103103235238996,2.0428097727309256,2.050377960208118,2.616388724100673,1.9378542982070583
2022-02-17,2.2255851483790856,2.107985810667743,2.0449858314103593,2.052339256632451,2.5833303829415217,1.9487494052089398
2022-02-18,2.2371212283284185,2.114811190148152,2.0500653129606436,2.057687675383441,2.652565447001214,1.9527111114123998
2022-02-21,2.230989262182696,2.108172439102321,2.0392870638089575,2.046981788109888,2.6708066748259873,1.9482509329506077
2022-02-22,2.1879420649739596,2.0709649649942463,2.0050281928384357,2.012433146991042,2.5850203458182492,1.9214067671834767
2022-02-23,2.215683696219697,2.093703363135359,2.025201781429469,2.0328551195433264,2.6565320147742053,1.9307264858379882
2022-02-24,2.163438406760413,2.044549471383722,1.9863703300311393,1.9939379375608242,2.6154311982685896,1.88852651317641
2022-02-25,2.1789461782886823,2.0562389498516493,1.99607200885693,2.004104814523345,2.7151666094128544,1.8912317784116945
2022-03-01,2.2205507830927105,2.0908175015412844,2.0240547199332855,2.0327298415296164,2.8389720836930756,1.911929626879774
2022-03-02,2.218419571552861,2.08833229766529,2.0205805037548963,2.029353306286377,2.854258317835125,1.909005541572492
2022-03-03,2.2322882465789244,2.0981351260627035,2.0219218504736887,2.030925236432794,2.9090277431416833,1.9156000178192885
2022-03-04,2.207806491350657,2.0745297188745417,1.9960590888421514,2.0048744332573802,2.884281583593975,1.903313927856181
2022-03-07,2.1217764199276643,1.9978596989445077,1.9298446415657455,1.9383565128698357,2.7640477182266965,1.8463062849353575
2022-03-08,2.069133645133684,1.95212557622127,1.8882882550312077,1.8963917707204403,2.651270047931936,1.8124290662324194
2022-03-09,2.1072604987175265,1.9861215048604266,1.9244628477796646,1.9328494516962471,2.7422834890340595,1.8377606922836807
2022-03-10,2.1670893212914457,2.041167908972066,1.9708937252998093,1.9794046552194895,2.7891505774900898,1.88484928742248
2022-03-11,2.162879429834088,2.035764333211855,1.9658982979809985,1.9745145804981648,2.8065004789619334,1.8814138917824683
2022-03-14,2.1705599623265295,2.04411118703242,1.9823351501385833,1.9910597600128792,2.837039683044387,1.9031115976425144
2022-03-15,2.10590731759244,1.9888879763686043,1.9289221029807913,1.9371800224480948,2.7124466145619297,1.8688606032542896
2022-03-16,2.10669892270136,1.995619187325753,1.9416324625790078,1.949546687668517,2.6496386521740223,1.8848551286178328
2022-03-17,2.180890651249762,2.0612142441000127,2.00473163390472,2.0131941533780937,2.7915552210917514,1.9223658765232736
2022-03-18,2.1678811060717695,2.0519208341247417,2.003082235216367,2.0114084881726813,2.7499346339926696,1.922939139567274
2022-03-21,2.1747506353507258,2.0564447051533565,1.9954107776304244,2.0038071921004232,2.773325813269977,1.927846130246562
2022-03-22,2.1821471627443234,2.0617996342000495,1.9952887289934058,2.0037952746479784,2.789319266759319,1.9319625470531487
2022-03-23,2.187446910496047,2.0675834191605427,2.006047063731246,2.014527880101999,2.791136068330982,1.9391982852118637
2022-03-24,2.1863191295021682,2.066246534800001,2.003568491100926,2.012066017452286,2.7914140885186365,1.9379065149413637
2022-03-25,2.180859526728513,2.063406543657199,1.9999400785807842,2.008341068918806,2.7623294907910796,1.9375925397321438
2022-03-28,2.1753812700949,2.0554806185313437,1.9883961358015934,1.9970510407145503,2.798102157287599,1.930353021452743
2022-03-29,2.1828898292495107,2.062201850613035,2.0032512079971987,2.0121323733938667,2.8414350582830745,1.9304085073707418
2022-03-30,2.2012225171293154,2.080611378794744,2.0239171240182885,2.0327646144300298,2.841195913165504,1.9424260449693846
2022-03-31,2.1857070889104215,2.0661789598938793,2.009227739110791,2.018012924802772,2.8214424337349198,1.9267794661301143
2022-04-01,2.1877059469617666,2.066305925745345,2.009219399076479,2.018128273273961,2.845887477169382,1.923239728491329
2022-04-06,2.167488542010368,2.049787742295746,1.9954948688033698,2.0042210208039593,2.806077948762065,1.9085707100472102
2022-04-07,1.9754987432717366,1.8818796658868755,1.8943351065777656,1.9016589526277574,2.3954104378291117,1.810416406694713
2022-04-08,2.1399060769428218,2.0259598094625795,1.9799712584159062,1.9884774625517636,2.7416055536776915,1.8910761516473762
2022-04-11,2.0910053632839096,1.9831552979565827,1.9411128970915899,1.9493062445683305,2.626119313220575,1.862148695112633
2022-04-12,2.0810190784041636,1.9738105821650547,1.933128986025051,1.941338564128422,2.6210320340061934,1.850501626062232
2022-04-13,2.1214248276502445,2.0093838820959693,1.9644219463398667,1.9727448175666538,2.6904768780446493,1.8822788743186551
2022-04-14,2.1152001856640448,2.003640801279608,1.9583676001449806,1.9665891418596968,2.6532095959898134,1.8765454052390371
2022-04-15,2.076624764809441,1.9682357919637714,1.9228861991784447,1.9309341239787563,2.5788239359370055,1.84762702266418
2022-04-18,2.07097802958529,1.9624138534776798,1.918306963776593,1.926352573314897,2.581929375583609,1.8442492617912012
2022-04-19,2.093419862755197,1.982449649490702,1.9367571503214687,1.9448230093217826,2.604744210898561,1.863063257816866
2022-04-20,2.1084486253278,1.9961106933922472,1.953302703862266,1.96143008500412,2.6552931612985464,1.8722314093248342
2022-04-21,2.117583898872908,2.003841375266235,1.9593319452383535,1.967457327482298,2.670888702980729,1.8835463026162003
2022-04-22,2.0827362779087992,1.9745394187379994,1.9332783584130573,1.941297795113816,2.616074453702778,1.8618688249596758
2022-04-25,2.007267840113269,1.906767364747854,1.8669424612061014,1.8744849515858728,2.4804273599845645,1.8050742188471958
2022-04-26,2.0092148020429828,1.9123462239130187,1.8753814121227141,1.8827978105559011,2.4424632653552765,1.8166217197754044
2022-04-27,1.9945810337471743,1.8929061004329155,1.8481422443584372,1.8557379300371386,2.501874364901101,1.7893979983161905
2022-04-28,2.010098102027212,1.9076204038155673,1.8626907031526883,1.8702487015893328,2.502971185079018,1.8049201288656123
2022-04-29,2.037282142393486,1.9313526565467778,1.8889595449823464,1.8967569712378325,2.55432858239905,1.8261775470698087
2022-05-02,2.1490752077901343,2.0403198949121135,1.976026405658671,1.9829603001389668,2.551318127381217,1.9610780895088338
2022-05-03,2.0328739147905743,1.9268730550766942,1.88692795889448,1.8948117468464551,2.5535309155756836,1.82012048114996
2022-05-04,2.0434045545031605,1.9358801798409457,1.8943216375461824,1.9022822543193354,2.578260685440372,1.8235525721883477
2022-05-05,2.077798455294794,1.9654339571129613,1.9236985862355636,1.9318455641911156,2.671878321903972,1.8498168194655886
2022-05-06,2.040714073985559,1.9324187191143982,1.890189007893339,1.8981000935622243,2.5982035694438137,1.8249682607112718
2022-05-09,1.9916969149259371,1.8878198200615106,1.8460634879865034,1.8536828027503265,2.4835409753112767,1.7824454008283066
2022-05-10,2.0115893206845388,1.9042932536970951,1.85835859305611,1.8660465979007346,2.541705215068619,1.8051083864842719
2022-05-11,1.9979703463767342,1.8907925312438518,1.8421086536779623,1.8497282255399412,2.5227631581985013,1.7922497277545495
2022-05-12,1.969474859885154,1.8614022368547058,1.8081335674247039,1.8154701255274743,2.483850573837708,1.7593348589757718
2022-05-13,2.004720016632641,1.8931396978071329,1.834779746899572,1.8421885908042563,2.542389642464832,1.786190894532459
2022-05-16,1.9959171775431161,1.8881176341348151,1.8348089956075901,1.8421401798380908,2.49403271235904,1.787912876752012
2022-05-17,2.020580148240455,1.9126147036612033,1.8648250863975226,1.8722330022732472,2.4985238797991274,1.812233800357949
2022-05-18,2.0455656685464163,1.9347653895542174,1.8846525428625565,1.8923456823462155,2.5713868249572918,1.8257779695811192
2022-05-19,2.030598659740047,1.91981105140048,1.871169043575451,1.878915587452392,2.5550644920637477,1.81336724086962
2022-05-20,2.0276938533214257,1.9172876052277168,1.8739308984201741,1.8817645410901562,2.55598057961671,1.8127853978889157
2022-05-23,2.030127764755531,1.9166483621740418,1.8713558658535139,1.8793329030593826,2.5818807377882287,1.810347143244408
2022-05-24,1.9902127774915743,1.8809418212002682,1.8344024269069583,1.8421095627185784,2.513358939780007,1.779201868136612
2022-05-25,2.0090744545014685,1.8974625954627373,1.8468955240552636,1.8547106925742571,2.5597522999510005,1.7946467454929036
2022-05-26,1.979379581243495,1.8729157702584538,1.8213113679263737,1.8288743946271377,2.4688980819429123,1.7792664750084655
2022-05-27,2.008546409262525,1.9010852227440451,1.8475359683345858,1.8551660256634184,2.4677400450536107,1.804480392408873
2022-05-30,2.0622578792644113,1.952165126440378,1.9003688032471742,1.9082449438727913,2.5321700293126015,1.8500901336375208
2022-05-31,2.081188852317794,1.9729790527905084,1.9274818265123794,1.9353184276494149,2.522365043944101,1.8736176972874925
2022-06-01,2.081119605691051,1.9745897136175152,1.932895498683964,1.9407242124386483,2.4978013857379837,1.8795640102432263
2022-06-02,2.061848480361417,1.957717567043087,1.9170898257678113,1.9247453488211892,2.4404881238083616,1.863798526904827
2022-06-06,2.07178780082719,1.966718861520922,1.925622408809911,1.9332726271984846,2.4548580757422482,1.8726492152143532
2022-06-07,2.069368915733855,1.962677375443071,1.9183957790556136,1.9261088585522443,2.448310565494259,1.8632235136357937
2022-06-08,2.08773050886857,1.9793117108105092,1.9323283211501048,1.9400252233631252,2.4428941157918764,1.8800127795574433
2022-06-09,2.08050368113328,1.9740150718458978,1.9282862969256744,1.9359050634935382,2.433957341535952,1.8743903934464001
2022-06-10,2.0780345513706524,1.9704525115396123,1.9228349650421737,1.9305385582971528,2.4584306058305527,1.8591400251863694
2022-06-13,2.0260080224122885,1.922306759493128,1.8750783518427798,1.8825964926964502,2.4191341193943767,1.8106327362389856
2022-06-14,2.0231104564834212,1.918771150314651,1.8695957824120255,1.8770978266465812,2.414635757587493,1.8106386879192893
2022-06-15,2.004841158553819,1.9037078881616116,1.855154902073652,1.8625072442477837,2.3800651772556534,1.798261495410492
2022-06-16,1.9569096337792018,1.8635065953062697,1.8165085277715827,1.823466211824018,2.271956727876898,1.7667681641150077
2022-06-17,1.9201657934101495,1.8279412438758995,1.7788343750138684,1.7856959929999887,2.229148138041265,1.7308868324112217
2022-06-20,1.8637042591646638,1.7774579170756428,1.7263974908607207,1.7329541323556368,2.1408888802061807,1.6865426668660248
2022-06-21,1.91762262760979,1.8294670550724004,1.7765085449495555,1.783297541542501,2.202779632330113,1.7309545285463217
2022-06-22,1.8408108057831634,1.7601891324050603,1.7122717534611511,1.718659821337851,2.0701203532764096,1.6681423933750488
2022-06-23,1.8302295000225295,1.7504698685784872,1.7066674160085555,1.7130829816152962,2.0830698181866176,1.6648879965212302
2022-06-24,1.8487810105247373,1.7656709499764023,1.72009567957723,1.7266026741347844,2.10901716794608,1.6748388310403572
2022-06-27,1.7258080445181283,1.6606902259484717,1.6628689862668706,1.6685975858483026,1.8399789642629933,1.6053833080787523
2022-06-28,1.8439356485799876,1.7633788040953242,1.7224045537570736,1.7288870573087531,2.0773665669791646,1.6720489220954966
2022-06-29,1.8176122967652657,1.7419433991276296,1.7048752783614285,1.7112840975512758,2.061073126318519,1.6485478680814065
2022-06-30,1.758677922283249,1.6877107662001862,1.6552356682678857,1.6613794027973814,1.9922970574653633,1.5884839449683503
2022-07-01,1.6795078117048508,1.6174172302229264,1.5902866909521107,1.5959780668406203,1.8652265267155737,1.5281078754431556
2022-07-04,1.6794764365202925,1.6157964327349035,1.5977444552457851,1.6035263994293905,1.8740111303590687,1.5246431710101667
2022-07-05,1.6959986397688336,1.6313225481185747,1.6114149197592,1.6172441324237552,1.8929772884769696,1.538200897242837
2022-07-06,1.6392572544585795,1.577019656303583,1.5546218486868744,1.560165543668135,1.8269107673099778,1.4853222781108206
2022-07-07,1.7063507252588894,1.640556178304337,1.6229227843857452,1.6288247426878966,1.9199341288482437,1.5399528934627702
2022-07-08,1.7400892586217112,1.6723510519354114,1.6580804455565747,1.664048123013752,1.9289768706642834,1.5739447059751561
2022-07-11,1.7301956085128816,1.6637516662499212,1.6455486263152246,1.6514645407784332,1.922569169798281,1.562076700530509
2022-07-12,1.667256411452653,1.6089445443288979,1.601076080424431,1.606726694979124,1.8275611119636077,1.5075596631168457
2022-07-13,1.7077881541896363,1.6480814496114924,1.6413007191160986,1.6470141855020548,1.8377054288429822,1.551044438300402
2022-07-14,1.7481604168638976,1.6839122014158696,1.6782177699520768,1.6841529440521164,1.880488179122711,1.5817282981452354
2022-07-15,1.7609825115370032,1.6951944939165753,1.6874967352616748,1.6934659705528476,1.9008024565312747,1.5982217783131647
2022-07-18,1.7951172649389726,1.7245117620072603,1.716618569493677,1.7228928637231822,1.9598463361872145,1.6014764479489303
2022-07-19,1.7978032523483733,1.7263738550352377,1.7134361435958667,1.719635886075705,1.9539685538375853,1.6035471874042118
2022-07-20,1.8164830905987477,1.7466691847439149,1.7387322569430443,1.7451177898780021,2.001708148319988,1.625147658701978
2022-07-21,1.8522254378312424,1.7779118466674266,1.770714439018565,1.7772159881969964,2.0473888183901394,1.6654810872981283
2022-07-22,1.8446311092806196,1.7700681038219508,1.7586715332453098,1.7651193701004577,2.036878280071119,1.6590919996099796
2022-07-25,1.8466537880712774,1.7741753597367005,1.767606404081022,1.7741738447604634,2.0688456215409943,1.6525627922817983
2022-07-26,1.8191290900048482,1.7473203434942592,1.7344506747797424,1.7409187537654305,2.0380819783093957,1.6190628014909503
2022-07-27,1.8434331889584685,1.7706032669823184,1.7582075640737167,1.7647111639040642,2.0310392443008443,1.6447301042029643
2022-07-28,1.8417530619658682,1.773113378911059,1.7612428809460605,1.7677319462760512,2.0290924473897003,1.6343530673270144
2022-07-29,1.8609345035062423,1.7893589612613752,1.7773558820525839,1.7839290735062943,2.0549978663054427,1.6342494262907594
2022-08-01,1.8546107226436057,1.7840648501873198,1.77126910187384,1.7778087549816577,2.0475801417922668,1.6262117662792401
2022-08-02,1.825059612602888,1.756728449105052,1.7437016269833585,1.7500969353877371,2.018693129585126,1.600832108617834
2022-08-03,1.8147289128217752,1.7453976640382463,1.7236569893837954,1.7299343498744006,1.9910656277195669,1.5960282700400317
2022-08-04,1.8026704860809892,1.7368874919279522,1.722512872534289,1.7288126010953127,1.9831504668958655,1.5799763236013575
2022-08-05,1.8567525188760476,1.7898555927340147,1.7852277597547601,1.791906606701264,2.0724401051298873,1.6168023868796257
2022-08-08,1.8699517532925423,1.8054117950784856,1.8104785402286065,1.8172562609666745,2.0915829499532874,1.6247556561876357
2022-08-09,1.8759882061642266,1.8096589383409756,1.8094571188035826,1.8162358718593674,2.09072981453408,1.6266198351036973
2022-08-10,1.8566885796092731,1.7936311830121554,1.7945194057531704,1.8010665717213685,2.0531473141489878,1.6171470022211507
2022-08-11,1.8804789513989357,1.8160702394297614,1.8163564030181463,1.823055754348865,2.093722779517414,1.631779986582137
2022-08-12,1.901841231068305,1.8329696789806564,1.831116625365361,1.8380652085528053,2.166476567361132,1.638119438857444
2022-08-15,1.927406085041417,1.8560871899457587,1.861116907990857,1.868297201095552,2.213551886090236,1.6517101572863444
2022-08-16,1.9235286408975287,1.8534030353263828,1.858732355969078,1.8658989016810879,2.215234910596596,1.6517890922186202
2022-08-17,1.9269708519962496,1.85725276878408,1.8618740649086118,1.8690287131160794,2.2164867398745938,1.6558748566766541
2022-08-18,1.9371998390256826,1.8650393097369637,1.8707599603127356,1.8781032006340244,2.2655695598059102,1.6637200944323072
2022-08-19,1.9492533778888657,1.8786044122911245,1.896021759502029,1.903323252075627,2.2612724096033503,1.6815871211345748
2022-08-22,1.920498129880992,1.8540858142868104,1.878491257601552,1.885562549192438,2.2174556769370635,1.6671355871044018
2022-08-23,1.9079830650276024,1.8409640879789242,1.8665049844926027,1.8736039096025114,2.225587776770771,1.6484502686290354
2022-08-24,1.9417334644775401,1.8706287478525547,1.8876902157583957,1.8949640296075272,2.261269496603995,1.6709641822055008
2022-08-25,1.9465196702759757,1.876764381544439,1.8993891940011391,1.9067175680168518,2.266834007918404,1.674009006716148
2022-08-26,1.9504739689706176,1.8801412511120899,1.902693989995617,1.910016999091027,2.2654590553847114,1.6838869123273583
2022-08-29,1.9381035274336071,1.8657777078961972,1.8770462700892536,1.8843509264692069,2.258708717994807,1.662729249931426
2022-08-30,1.9502431161600609,1.878632119367561,1.8933205972861094,1.9006297300102128,2.2682000940608864,1.677051432842028
2022-08-31,1.9645563256533556,1.893392881318953,1.9081235681734163,1.9154152900877606,2.2673588738657684,1.6950259560250511
2022-09-01,1.9157361612791308,1.8499805182367173,1.86641059168899,1.873400524296459,2.1999173981487554,1.663468061830347
2022-09-02,1.9145626548773205,1.847749103475772,1.8640992128535572,1.8713284630225506,2.2116447988435226,1.6595466287867684
2022-09-05,1.8910008228124449,1.8254789113049619,1.8353444774593386,1.842300255257736,2.1602789264328877,1.6323917114022917
2022-09-06,1.8745475442179416,1.8097067259847226,1.8154193386609099,1.8221285638935945,2.1151294318049225,1.6128774769265457
2022-09-07,1.8622296045684985,1.795436631235922,1.8001078127133965,1.8067980132031856,2.100716016672819,1.60700846093046
2022-09-08,1.90002825092252,1.8323987588378916,1.8448160259696822,1.8517434914014155,2.1514579374350804,1.636160978785666
2022-09-12,1.9308231136319949,1.8591263045143407,1.8698508418837232,1.8769995987577202,2.183705649272005,1.6566077051194743
2022-09-13,1.938004124133185,1.8664712921527118,1.8769118096144344,1.8840715685817704,2.1965729729720986,1.6598683029370669
2022-09-14,1.9199501233118068,1.8479553250905483,1.8575564537388622,1.8647504569535778,2.186649669088942,1.6437187573628544
2022-09-15,1.9288632422205003,1.8571924395545472,1.866272977418241,1.8734614111749093,2.187943754315838,1.6559692073631997
2022-09-16,1.9036513923167513,1.8346051689896612,1.8424043857982846,1.8494562228724805,2.164154690434983,1.6370796028496382
2022-09-19,1.8865610688046344,1.8189073477718594,1.8260582938425765,1.8330761796056003,2.1380916617386294,1.6125756005960472
2022-09-20,1.9033828416138958,1.8338842719815953,1.8393139269902088,1.8465146950943994,2.159996086449004,1.6225435118697726
2022-09-21,1.8846061762194208,1.814063178700742,1.8194736662508442,1.8265922936037364,2.1349183570721197,1.6083177011593794
2022-09-22,1.8812943750618318,1.8105852349950016,1.8166065268970963,1.823961875513871,2.1544400669207624,1.596366390622864
2022-09-23,1.8547490582037545,1.7856592677615473,1.7886235226120981,1.795539553985628,2.0917090803079215,1.5773642933876135
2022-09-26,1.7794458222074372,1.7145848290842882,1.7171519458304805,1.7238930800252004,2.008740623084501,1.5052251287598881
2022-09-27,1.8014238604246964,1.734112501551235,1.7386025286032964,1.7455490756662242,2.045070862900268,1.5225250654103453
2022-09-28,1.722891714096033,1.6607816542189309,1.6622997110050004,1.668741757568125,1.9270110469978352,1.4553886748331943
2022-09-29,1.734812936370933,1.6734065107990304,1.6813088499884863,1.6878070114063293,1.9435725661913028,1.4633228256266113
2022-09-30,1.7572799182903927,1.6921867123149728,1.703408079025336,1.7100303162829698,1.9798504611458136,1.4766672289930545
2022-10-03,1.745950902615091,1.6804181368009208,1.6868353936944656,1.693297624911181,1.9575363248871533,1.4703607823551077
2022-10-04,1.795912309114634,1.727238369993679,1.7347810671184283,1.7414974083714851,2.023375986894286,1.5093897489853665
2022-10-05,1.818479094487577,1.7501536063818797,1.75768163339119,1.7643903058363317,2.034419667949177,1.5294672711587844
2022-10-06,1.8281100447503416,1.7569509330631838,1.762624438978988,1.7694165329765013,2.0578169606806274,1.5306333835654413
2022-10-07,1.80266871736842,1.7334551586237912,1.7408506682077314,1.7475638528567716,2.0325367396779277,1.5071079635619962
2022-10-11,1.7202045680546578,1.6558938452255332,1.6590488694929215,1.6652679221681652,1.912018941979848,1.438857453254905
2022-10-12,1.7178844488839955,1.657439298490348,1.6614545603439692,1.6676290870182287,1.906605237713791,1.4393422392810347
2022-10-13,1.6610972584387491,1.6044561347573312,1.604176606702196,1.609861800818991,1.7982000240126346,1.3999000977194873
2022-10-14,1.7093255803092124,1.6508731899281364,1.6524343046638046,1.658147732394492,1.8556025729406849,1.4521813037681737
2022-10-17,1.6947301255899476,1.638121793223059,1.6412373110151899,1.6470557456440071,1.8609695914750115,1.4339112171711006
2022-10-18,1.7035272100867809,1.6477026261905263,1.6520933594566791,1.657840436593246,1.8602598589549508,1.4483410688810912
2022-10-19,1.6959334883747523,1.639503500008221,1.6429100929895037,1.6486246227180776,1.8450485862533756,1.4424610749194962
2022-10-20,1.6778301996734206,1.623884525474387,1.6269216427631301,1.6323623674426662,1.8006333832637804,1.4391876062763838
2022-10-21,1.6461629825335113,1.5962356469942478,1.600254010017625,1.605452142918505,1.7516969921759669,1.4140814636839385
2022-10-24,1.6660516261708442,1.6139093090659262,1.6214033768393001,1.626851146913311,1.8037689528324845,1.4281262680477267
2022-10-25,1.6468540655320518,1.5952549794370694,1.602106241619881,1.6073394324999792,1.7633958484960155,1.4144911444221273
2022-10-26,1.6387777570801327,1.588583149325659,1.59237980969993,1.5975117832189314,1.7386061244474726,1.4053202639230324
2022-10-27,1.6883584484312537,1.632710065579648,1.6356181112072412,1.640952188982328,1.7982447442113536,1.448651443388469
2022-10-28,1.673043567672268,1.6163778016430264,1.6195574823357393,1.6247182794053034,1.7625170975119875,1.4321056674592407
2022-10-31,1.70256475921801,1.64505979014112,1.6448145032343005,1.650012316385345,1.793345047879051,1.4736856228861772
2022-11-01,1.7226725346226692,1.6640595195074614,1.664297128323486,1.6696317791930864,1.822269952611956,1.486430388001089
2022-11-02,1.7508917302715055,1.6915669430115912,1.69401043621225,1.6993863250146657,1.855443560773723,1.5196034477004472
2022-11-03,1.7609686969382885,1.69909389314572,1.7028267368545076,1.7083267985535389,1.8734801892039459,1.5223448178689425
2022-11-04,1.7784017504391996,1.7141392187701714,1.7209281798537353,1.726622396757532,1.904214435188586,1.5341940039009268
2022-11-07,1.8135801269381375,1.7465101627319042,1.7502542498031197,1.7559524955305343,1.9298735109373464,1.572187261442449
2022-11-08,1.8184356369579613,1.7519487502714186,1.756405364442549,1.7621575563121334,1.944822144368886,1.5761072102126312
2022-11-09,1.8572527458215642,1.7882912380919649,1.7922124264127868,1.7979161826712773,1.9612782713013022,1.6183152108204373
2022-11-10,1.8501894690171419,1.7791618815096764,1.7814540101483112,1.7871687648994128,1.962745220499459,1.6152201166732667
2022-11-11,1.8964939941228014,1.8228982418567414,1.8223282745430982,1.8278358564060404,1.971041375561879,1.659652652396824
2022-11-14,1.9099301293562883,1.8357974577664045,1.8321082391767658,1.8375541619649418,1.9790379526829187,1.677837723460644
2022-11-15,1.9290427665718817,1.8563217502044138,1.8520142191351932,1.8572973070361958,1.9694660043764105,1.7043309795053725
2022-11-16,1.9409562435593544,1.8676967368159407,1.8631594549500037,1.8682817727457397,1.9580758643573966,1.7209102862813832
2022-11-17,1.960144098130044,1.8839068512566193,1.877248297831748,1.8826705595000055,2.0040554717536505,1.7260144540983868
2022-11-18,1.949922305747255,1.8751479396758963,1.8685183247209605,1.873967795373352,1.999816573236284,1.7111266608230207
2022-11-21,1.9453067564128366,1.8703327257645168,1.8628658156407694,1.868445145111943,2.011935277269546,1.6985048725203455
2022-11-22,1.9491911297508158,1.8748038081324212,1.8679580425123428,1.873446325936539,2.0048171653437503,1.702413651111166
2022-11-23,1.958810735463951,1.8850002535330648,1.880339612495548,1.8858505534230667,2.023841413827222,1.719527736692614
2022-11-24,1.9886248316408144,1.9097963492140437,1.9009072132325893,1.9064604532150689,2.0507653988743577,1.7448521727454518
2022-11-25,1.9698544695594422,1.8930235981410108,1.8849517118977792,1.890483650266571,2.036577464350851,1.7253365577813757
2022-11-28,1.9718595719421506,1.8937761833204028,1.8880741807512262,1.8940400029997966,2.0936057180168546,1.714906588089393
2022-11-29,1.9865894336480567,1.9088506414780992,1.9054163099177281,1.91167481222871,2.1434981919087632,1.7344361691171875
2022-11-30,2.017123963176689,1.9377734392038073,1.9339982245187735,1.940479992902517,2.198298270059651,1.766954732456883
2022-12-01,2.0527214888501093,1.973013881834985,1.9733288931503767,1.9799818343568736,2.246548165348249,1.805102484483672
2022-12-02,2.061674423919397,1.9812622505762176,1.9830021933938808,1.9897058575863467,2.2604533587376583,1.8112531663691638
2022-12-05,2.0645588594210293,1.983281581793937,1.9828433911739585,1.9897435805657497,2.2861099114656893,1.8317019536907513
2022-12-06,2.029351515094481,1.9484126651370801,1.9431696564430307,1.950178902018547,2.26064805507525,1.803841845331473
2022-12-07,1.9885630688621394,1.911871073667992,1.908909882323516,1.915676551619479,2.1969655510283004,1.7552792153644359
2022-12-08,1.9956913785153778,1.9178884849138207,1.9139485821571431,1.9208416620516138,2.2129717713743062,1.766472863796526
2022-12-09,2.0055813316901383,1.9256470188087444,1.9184744853445788,1.9253509634520976,2.221392356213166,1.7745712164171905
2022-12-12,2.001152313922957,1.9234884631432367,1.9201622088977144,1.9271443372065429,2.2298188023637144,1.7815304572432418
2022-12-13,1.9908882809265123,1.9130943425201885,1.9075551722404358,1.9145041036490154,2.214856240844927,1.7692299526961053
2022-12-14,2.0290269384878594,1.9474940302808743,1.9395545553036462,1.9466252411232103,2.2567452997753144,1.8001664859129782
2022-12-15,2.034738687642116,1.952130198845948,1.9432843687927064,1.950405747694975,2.2627562983727136,1.8068106121812744
2022-12-16,2.0103983913554755,1.9282498475592478,1.9157627010384248,1.9226621221269216,2.2321123115042107,1.7834816018717565
2022-12-19,1.993254114479766,1.9131910732212403,1.902105899620185,1.9089271859688004,2.2075794914733065,1.7644846751063363
2022-12-20,1.9348287656958687,1.8602323590311192,1.8499835210863254,1.8566515760978481,2.145690433753636,1.7143151666951308
2022-12-21,1.9360843283495583,1.8609999556070485,1.848402108371697,1.855140420230608,2.153085171341001,1.720630902097273
2022-12-22,1.9573714929446444,1.8821651096357506,1.8691778688909115,1.8757023943538955,2.147709179419699,1.7190123919058102
2022-12-23,1.9396446053320497,1.8649807341548859,1.85259633921237,1.8589520318130923,2.121003212331085,1.695915783782414
2022-12-26,1.9286798772899048,1.8572110505287729,1.8454084383264178,1.8518622800971642,2.1216642131598165,1.6937084720351712
2022-12-27,1.9414548631260176,1.8691072076175774,1.8558650583530365,1.8622925978800915,2.1250178387136773,1.6978398801952799
2022-12-28,1.8991654848626918,1.8318695848518616,1.820285883664977,1.826580624101478,2.0811850475330105,1.6605298446215955
2022-12-29,1.903692645352278,1.834990484153301,1.822277102733469,1.8285221190392122,2.0783399499446618,1.6590944575846696
2022-12-30,1.9010624931585776,1.8326211467599158,1.8189365895559533,1.8252076469306748,2.0828705773054215,1.6634835363248683
2023-01-03,1.9407098762935553,1.8681102566228072,1.8501726431661365,1.8565495541753334,2.121101765972105,1.6911649258008699
2023-01-04,1.9504253386557933,1.8785303748089535,1.859583917707697,1.8658906127390382,2.120813198876822,1.6854443512296982
2023-01-05,1.9413274892162495,1.8729504887227428,1.8592478929691614,1.865419673618678,2.0983013811686435,1.670410122408698
2023-01-06,1.9610620558393654,1.8922796887907016,1.8824226980763754,1.8884848098906122,2.1066442616378604,1.681766854943394
2023-01-09,2.004686539554521,1.933891182630361,1.9247441276648094,1.9308325040734011,2.1411280085463713,1.7094238927447056
2023-01-10,2.0173398220210847,1.9447646122232614,1.9357998568874357,1.9421493917189214,2.178511714111662,1.738619148767401
2023-01-11,2.0117728037628404,1.9394830926067812,1.9281860073978796,1.9344140306161783,2.1613461862765533,1.7262129359492324
2023-01-12,1.9979282780828702,1.9271926345105816,1.91847764582977,1.924690461468249,2.1405852607494364,1.7083073490501122
2023-01-13,1.9842705078156597,1.9154099215914575,1.9066702690715158,1.9128039780760082,2.1222710095277284,1.693777488892242
2023-01-16,1.9948773208495745,1.925030523068211,1.9160069945161102,1.92208958838216,2.127776107696179,1.6988582352278156
2023-01-17,2.0118929086941115,1.940945326628174,1.930611688829481,1.9369458857865092,2.163447494374357,1.724873087012272
2023-01-30,2.0682280533607824,1.9946631947679911,1.9833953131357167,1.9898873122603207,2.2196981895242827,1.7678988699293412
2023-01-31,2.0682301965980594,1.9950450850068937,1.983868925703003,1.9903877989742986,2.2288854791334107,1.770722129449439
2023-02-01,2.0927755632531686,2.0168124036521524,2.004983301153176,2.01141423154859,2.229573255016862,1.7957930848046384
2023-02-02,2.1357969805440358,2.0541204920920326,2.0399771702077802,2.0465338896794667,2.285849791777492,1.826431100596058
2023-02-03,2.1374101014962608,2.0545565587703343,2.0400352425110677,2.04643380040807,2.2556781137173005,1.8301118743144997
2023-02-06,2.1139712065900564,2.0344879546317873,2.023457704394967,2.0299799040042052,2.241781795874362,1.8152531656147135
2023-02-07,2.1250283417412192,2.043654793564715,2.029071863637123,2.035698919109843,2.2638515509070603,1.824524282843888
2023-02-08,2.1481514924299225,2.064386289395409,2.045840333352923,2.0524707646982416,2.2863345245803015,1.8404418953797728
2023-02-09,2.139581568882215,2.0555905680752,2.0338614873292005,2.0406017196957835,2.305598521392477,1.8306483371359374
2023-02-10,2.118339011904767,2.0353372132288015,2.0139298551009235,2.0207261115639517,2.2938570812838988,1.8030919658769986
2023-02-13,2.111949031467082,2.0303400280567336,2.0082514156617526,2.0150189194385693,2.284859224839448,1.7967325207147715
2023-02-14,2.1348274631741733,2.052890144506685,2.0328958503423786,2.039584226630108,2.2938350422563896,1.8243704739591904
2023-02-15,2.127607194792949,2.0447558910743493,2.0266388999663545,2.033424617467372,2.306203866841663,1.8125225098296613
2023-02-16,2.1631883644081182,2.0772172052037754,2.059954480125006,2.066911835794025,2.3554642060647017,1.8356472862609374
2023-02-17,2.152370026682265,2.0678963219898288,2.0501187393162765,2.0570434324349107,2.3488478861131656,1.8269386976357365
2023-02-20,2.1641388402115895,2.078671102103636,2.061727364236842,2.068950906060274,2.4070427886297447,1.832569076259967
2023-02-21,2.1893845136995997,2.0987082561586368,2.075745065630166,2.082941811728803,2.433068416995002,1.8580330735332051
2023-02-22,2.147989987032667,2.0616980505075566,2.040370048669185,2.047227960329504,2.3516835086340078,1.8241592795847785
2023-02-23,2.188797189673759,2.097082244432505,2.0728101272751616,2.0797336181889223,2.3959112367153463,1.8596399894940492
2023-02-24,2.1926433702480317,2.0990310342680605,2.0749406620475073,2.081837533063225,2.3987188588067285,1.8695850737990898
2023-03-01,2.200082278934983,2.103546724127584,2.0758731317593186,2.082698355332068,2.4037800777550933,1.8700445336063445
2023-03-02,2.20382755313466,2.1078717521083026,2.080483632008015,2.0873545489811356,2.4194837769245123,1.8700039240386095
2023-03-03,2.2083583318287707,2.1140890297095907,2.0876360995371073,2.094416608712104,2.403890984956711,1.878893877902177
2023-03-06,2.239364522824422,2.144052125070931,2.1162498847599043,2.123130984708345,2.4341773414654537,1.9064081849081964
2023-03-07,2.2506466186251046,2.1559918804146694,2.1258795738358276,2.132929771437605,2.4717922617656667,1.912693591754444
2023-03-08,2.256281914354373,2.160085415648826,2.127853943182348,2.1350422733731316,2.4938942427189366,1.9096081850873623
2023-03-09,2.2574596469039507,2.15993738145295,2.124270510328957,2.1312395487967954,2.469842974668406,1.924272201878145
2023-03-10,2.213367683820985,2.118553509074883,2.082083530215992,2.08874092892414,2.399235933575381,1.8995947139197003
2023-03-13,2.211485880187502,2.115269679058147,2.078319485026852,2.0849727754581435,2.402121458755414,1.8830943827991198
2023-03-14,2.1740352791926862,2.0804574020579647,2.0446990076672886,2.0513641092025288,2.370916029595244,1.8425578436055696
2023-03-15,2.183506046372456,2.088616414527978,2.049367183911414,2.0560521278187993,2.380600672290111,1.8412810846482077
2023-03-16,2.1600338287230785,2.0659523860835516,2.025023532701907,2.0314078566711897,2.3153695948420907,1.8267849466866313
2023-03-17,2.193465702187277,2.0962399726493226,2.0536916310917372,2.0600928204379905,2.3405606156041254,1.8563618535378958
2023-03-20,2.2175193490266656,2.116292726938225,2.0735905203048977,2.0803459260229276,2.41367652911976,1.8694980963682908
2023-03-21,2.2381136569760263,2.1366125375869967,2.0928178725385784,2.0996524270122316,2.428222924731995,1.8830102091518686
2023-03-22,2.281588709200725,2.1768431387127314,2.1311076635775077,2.138032598126108,2.4699339923474932,1.924261293312464
2023-03-23,2.295267353296974,2.1893204601668104,2.143070545353717,2.150004600852139,2.4800994785037074,1.9251246441438412
2023-03-24,2.318759964290389,2.2113155559248967,2.1644964448782065,2.1715487532480098,2.5108862571372237,1.938695154897353
2023-03-27,2.3195038882748245,2.2106569935096587,2.161213692210712,2.1683071540464467,2.5255321924655996,1.943284312924912
2023-03-28,2.289051289790555,2.184176166960682,2.140127628419546,2.1471777406726478,2.500077146212853,1.924492036346678
2023-03-29,2.2808552123324017,2.177948954249023,2.136606318440261,2.143748464876781,2.505177904667598,1.9187612708177442
2023-03-30,2.307890638718501,2.2037951054692355,2.1606268261549406,2.167753583578553,2.5268016402402242,1.9369291648157512
2023-03-31,2.3220258163023257,2.216541050609463,2.1724430333629505,2.179615497655178,2.542466855953452,1.943602644464866
2023-04-06,2.31507437947178,2.2096100260049725,2.163485738119173,2.170750176655473,2.5451933246334524,1.9361904593146801
2023-04-07,2.3295900339600304,2.221230260693092,2.174762634506901,2.1819404972372016,2.5544275872150797,1.9490186044758089
2023-04-10,2.3545850019231507,2.2429245317692295,2.1970771865495755,2.2044390758462193,2.592045533816834,1.9687866619837848
2023-04-11,2.3773758796169084,2.263494577572617,2.2143838448563007,2.221886234567301,2.6311577921927545,1.9801630433228765
2023-04-12,2.3988961472474957,2.284341117436432,2.2321931088355704,2.2398495133786622,2.6881039487800664,1.9917546853469323
2023-04-13,2.359432512361832,2.248625284358545,2.1999461721322064,2.2074787366295925,2.6353394813582396,1.9639990475652935
2023-04-14,2.375979082607856,2.2631065044425442,2.210130483063684,2.217718410268211,2.6640435701333156,1.9729660293458042
2023-04-17,2.3858602984482533,2.271701087293709,2.2188879915017483,2.2265933087710565,2.6956918459718087,1.975659821308522
2023-04-18,2.36380502212348,2.2508663777842894,2.1998485865726987,2.2078070773417777,2.7189584605581048,1.9498627262802308
2023-04-19,2.3521214108743624,2.240982810554321,2.189741066576279,2.197789087861077,2.723242256748287,1.9406375701770864
2023-04-20,2.3301130683082456,2.220571120190481,2.168956196775328,2.1767106079592633,2.662896041062741,1.9302702353665797
2023-04-21,2.2786051138788905,2.174563827937566,2.1222700104968513,2.129543971183557,2.5492193891799175,1.890765844893914
2023-04-24,2.2914987163439515,2.1862068414882003,2.1328164841473267,2.1401347094778362,2.570897745228616,1.8948167238758766
2023-04-25,2.226095752486445,2.12830996546285,2.0792339485714493,2.0861151320687434,2.4472204709187366,1.8530680839175964
2023-04-26,2.235034014403815,2.1358108218772696,2.0890948988310387,2.096155557503255,2.4814921733984923,1.8451482541426263
2023-04-27,2.2588289330492217,2.158473502872789,2.1100771509236003,2.117111105330529,2.4813977165407595,1.8743111345860393
2023-04-28,2.288692525905096,2.1858699179207832,2.1381360132975127,2.1453031050828417,2.5327097520510353,1.8970687602848748
2023-05-02,2.323308279120892,2.215351363943783,2.15991363609917,2.1675167310835155,2.6280281797008693,1.9085247228338633
2023-05-03,2.30427833813294,2.1985469455386744,2.146950543416583,2.1545495800500283,2.608178892651905,1.8922843390963857
2023-05-04,2.3151589222300673,2.207214208431341,2.1514284149428526,2.1591285583496487,2.63560956571476,1.8946150573256588
2023-05-05,2.326164190125244,2.2175588203156247,2.160299532314154,2.167939519547384,2.640213442759487,1.9077627521326586
2023-05-08,2.343532188824901,2.23301503134875,2.174381193909382,2.182102018375333,2.670072177544818,1.9169340630674727
2023-05-09,2.3336001694892183,2.224308093339664,2.162873877303082,2.170370857969038,2.619787788771811,1.9130497248183527
2023-05-10,2.313676560305122,2.204716418196896,2.139371958495927,2.146688438250477,2.5840514328487174,1.901649308132697
2023-05-11,2.2767669783166564,2.1725362225116305,2.1089238918162465,2.1159379599538295,2.4998520926484167,1.8757551469017824
2023-05-12,2.2996253417029155,2.1917901583407318,2.124668197669459,2.1318258870167983,2.5535054529368635,1.8917495251061536
2023-05-15,2.2874750397576995,2.181367038332212,2.1122582890162978,2.1192624371742808,2.5193873382961227,1.8872621403321685
2023-05-16,2.3234398760969697,2.2150292700509366,2.145880927095173,2.153007613545496,2.5522863619354172,1.917163945941117
2023-05-17,2.3524026505883304,2.241422990875312,2.1700507026367983,2.1772384435732945,2.580110884019123,1.937571501644078
2023-05-18,2.3973188902924014,2.283145545006284,2.2076504736356197,2.214990374453053,2.6283724383613447,1.9647363051490843
2023-05-19,2.4430977904247992,2.322308854641449,2.237712150767201,2.245331589099598,2.7154935319465068,1.9998092151663078
2023-05-22,2.446159963578536,2.3272117542281583,2.2434816387319034,2.2511896058296648,2.7472515599367564,1.9990992274973942
2023-05-23,2.458048806504641,2.337223265318124,2.256573219862019,2.264448911547468,2.776983994621712,2.00723641981993
2023-05-24,2.4629382070812844,2.3427935337979635,2.260782645402355,2.2686053594185074,2.76952950082394,2.0091107679947062
2023-05-25,2.515991115308731,2.388505857823967,2.296979146674579,2.3049951634378023,2.8404612188052303,2.041512350795733
2023-05-26,2.55478935695988,2.4219776009306915,2.322186660592415,2.3305898962279703,2.925164882738586,2.048748704159639
2023-05-29,2.6103163478627662,2.4716292487087435,2.366568317621766,2.3754632877128103,3.04874124087641,2.0892229440187644
2023-05-30,2.606223009409448,2.468042700068597,2.3602590366843534,2.3691376724871818,3.035867364902668,2.0843186830718055
2023-05-31,2.6063895891388422,2.4706260005872016,2.363183174734874,2.372090196057216,3.053264209239913,2.0912494031777578
2023-06-01,2.6139634396261715,2.474634083305917,2.366048364796277,2.3752980183203607,3.0971081008722576,2.094543916382012
2023-06-02,2.644186315206015,2.5047100026108287,2.3944608633124145,2.4040595516754406,3.1689308153549174,2.1050572966889574
2023-06-05,2.6551530724652297,2.517306170542079,2.410417059958187,2.419993550266474,3.16909897341595,2.1161107239765258
2023-06-06,2.653299507767772,2.5165986843229637,2.4132435496770976,2.4228072895708324,3.1554128957007714,2.1200694606475206
2023-06-07,2.7034987323411444,2.561713861511177,2.4533923612965842,2.463330827498984,3.214461635557615,2.1527696029945402
2023-06-08,2.652523308013212,2.51792690338816,2.41520413411574,2.4248824320957856,3.15731656607926,2.130393110749845
2023-06-09,2.711114020138078,2.572251172467336,2.4641101578849534,2.474238454724796,3.243913116049662,2.1730192151527583
2023-06-12,2.7161023691491653,2.5776048637268945,2.464878791429521,2.474884635870856,3.2191937005160978,2.173579556704444
2023-06-13,2.7674132321739466,2.6198670428408666,2.4943285805192814,2.504662935947493,3.2791759719358873,2.195776311250225
2023-06-14,2.7759666528539286,2.6275046765464287,2.4982217230767136,2.5087385504122057,3.336078917579193,2.202132641144477
2023-06-15,2.830863237250142,2.6798492722305105,2.5454069993615813,2.5563208440062426,3.456709563768113,2.2333270039341766
2023-06-16,2.8424646430922595,2.6843292320616707,2.5432804878267756,2.554734314579882,3.5597926055409763,2.229210047863357
2023-06-19,2.831688296920461,2.6742353932457177,2.532261870924495,2.54368641577152,3.5351968776171816,2.219538674327299
2023-06-20,2.828940607983443,2.6715895867326465,2.533459884337932,2.5449345093562976,3.5379439802173387,2.2229291339681208
2023-06-21,2.846240259038661,2.693081350114412,2.558144121744069,2.56980930343888,3.5694955746521777,2.2575528381226944
2023-06-26,2.823198156507533,2.6746953660166777,2.544426276073113,2.5560579246952684,3.5342254690575947,2.2479090909927386
2023-06-27,2.7631813614296163,2.621831203316661,2.5012901850382057,2.5125587067296005,3.439817084972908,2.2184006349976118
2023-06-28,2.7678973938761877,2.6269421356439886,2.506068573668279,2.5175632042219998,3.446230966874204,2.2233355932800194
2023-06-29,2.809004810167564,2.661062511807828,2.5334240188479087,2.5451410858520207,3.519086434373782,2.2493561688356447
2023-06-30,2.8374506933244064,2.683024970402735,2.5413437461454014,2.5531542772607088,3.5554981680458635,2.288086823940724
2023-07-03,2.9243382664787587,2.758846632484376,2.602310843735778,2.614596309241258,3.7017702293100316,2.341406512579158
2023-07-04,2.9666375323269665,2.792693201151199,2.63125577206074,2.64402146603175,3.8102920418966693,2.3503828911449802
2023-07-05,2.9424434012923575,2.7702598500431415,2.6122509719804814,2.6247202039984723,3.7331354607510323,2.340850141090746
2023-07-06,2.9135776268078755,2.7409425156761853,2.583473022415471,2.59600282159481,3.7609490108005894,2.308670410393958
2023-07-07,2.8949641641111987,2.722057061927701,2.569610440642742,2.5822138171685514,3.7671930153986257,2.29398029549259
2023-07-10,2.8917379253816606,2.718757209754536,2.5701296044033204,2.5829872364321442,3.8156695342483435,2.2867776811943408
2023-07-11,2.9450097897533425,2.7695283193585643,2.620769715023212,2.634080947010034,3.9305517754081176,2.32031945710358
2023-07-12,2.995684927533483,2.816434147568404,2.6629277063135617,2.676994121012499,4.1218411980722856,2.338281366757726
2023-07-13,3.0445390716179332,2.858687164025143,2.703929177560846,2.7184497695118073,4.218325736106467,2.3603360024029993
2023-07-14,3.13545895457916,2.938347920102752,2.7731621014709478,2.788385474620596,4.443358383033451,2.430506270037364
2023-07-17,3.1682194174181713,2.973699559151625,2.804708817183512,2.8199027164227104,4.479732273931944,2.485057973095869
2023-07-18,3.166276863152316,2.9712483811009496,2.8078435625816134,2.8227394060867597,4.363908646712896,2.4993386645797213
2023-07-19,3.14251762848139,2.946235836544518,2.7813987976673302,2.7957743928924645,4.267542367541359,2.489747862259557
2023-07-20,3.1830911581478136,2.9800899401361356,2.812808580760862,2.827385595539033,4.3721954187473955,2.537378645903803
2023-07-21,3.231181476673493,3.01755277121569,2.8381342592697334,2.8534012666471686,4.559437338208047,2.561900883280816
2023-07-24,3.276128708290578,3.058868081585364,2.878045042897677,2.893484955217811,4.573081573511518,2.607474001710837
2023-07-25,3.2868005161072116,3.075895758608322,2.8990467319759454,2.9142528631012565,4.559532236377151,2.6503189897954913
2023-07-26,3.2508787613525767,3.0439232306293604,2.8670359457783676,2.8821951189169264,4.565706981335565,2.6168100813757933
2023-07-27,3.2855694210004955,3.0777432477007935,2.905077447513208,2.9204080840652753,4.623084566199416,2.644175827500338
2023-07-28,3.3675827091963475,3.1525574968571326,2.9714097557043484,2.987195186774305,4.750233800077515,2.693904138834372
2023-07-31,3.265397653397566,3.0648615802056205,2.8931197153895005,2.908237370238817,4.5663533162806385,2.638825615383485
2023-08-01,3.2419541668280107,3.0565894992913822,2.900141731156397,2.914498874339871,4.434177805017842,2.6478233991417417
2023-08-02,3.1123669605125945,2.947329654905119,2.8124746594425494,2.8258400781090685,4.190769099736319,2.5499019753857977
2023-08-04,3.1109356312966527,2.9450082969929294,2.80365080487038,2.8170467721676915,4.173579979877147,2.5465092512272776
2023-08-07,3.2172224620101764,3.0290407668677024,2.8613569306980984,2.8754577077263863,4.348928976155692,2.6159253853982554
2023-08-08,3.2023875739304617,3.0137687318547406,2.8538452520829147,2.8680769691590755,4.369839318405348,2.6043075506903732
2023-08-09,3.180718461508759,2.993848982470352,2.8385935507202342,2.8528094614092616,4.323646146374088,2.5776999894366943
2023-08-10,3.05784932172411,2.897962902169382,2.773105069623935,2.7862310812379416,4.078333560139735,2.508572919758356
2023-08-11,3.0810981173906713,2.9140635909050596,2.7802528279398135,2.793754467450737,4.143127291738389,2.5111960071427175
2023-08-14,3.0412829109780612,2.8758777092603163,2.7460298143619477,2.7590199327424068,4.046677747073228,2.488304878018836
2023-08-15,3.1196353385113076,2.9341761153002373,2.7791536089970252,2.7931289427011072,4.220544256930629,2.521000174802732
2023-08-16,3.1587514543064947,2.9581314552921323,2.78532120525169,2.7999718169929406,4.368308812271284,2.52734822249848
2023-08-17,3.221900742137776,3.0063287005098815,2.8190929997812146,2.8343502227177915,4.476458214737449,2.56633388898089
2023-08-18,3.167228449811806,2.9622572381226715,2.785251877507035,2.799917651788417,4.340445615309326,2.541284719948033
2023-08-21,3.1899448906258905,2.9770865538431948,2.801790199717812,2.8171570451946275,4.428393930936068,2.553695609899157
2023-08-22,3.2264871067392527,3.00629185967951,2.8236759775719746,2.8397328153922916,4.547275095429095,2.5626023583966737
2023-08-23,3.2596253015931875,3.036316370166333,2.852703494961696,2.8689861078979257,4.621468076712016,2.5732113979273468
2023-08-24,3.309755228626274,3.0808993598081655,2.8949462650220616,2.9115859813119855,4.706012087840322,2.585722621195726
2023-08-25,3.226968238667579,3.0125032704457353,2.839876194040422,2.856081657089883,4.541826816763092,2.5284895499946343
2023-08-28,3.2012681275050467,2.992787394253163,2.826214961113724,2.8421177111847844,4.481882474576771,2.5072270420498914
2023-08-29,3.237952897972836,3.0208804495932644,2.843757012530731,2.8601877522809787,4.574518644864282,2.5237992736782067
2023-08-30,3.2747067433017447,3.053176201696807,2.8670319939666435,2.883680278903921,4.617668144983458,2.5437014020828403
2023-08-31,3.274478957562645,3.0520681230989837,2.8648255998906693,2.881565237089223,4.637715376721139,2.53619610158225
2023-09-01,3.246996046160988,3.03733332715701,2.865803701152046,2.8822554600182104,4.50394843756772,2.539856577246719
2023-09-04,3.2864207355670327,3.0668753131272988,2.881558633241162,2.898327045968058,4.592294605784176,2.5579038864370385
2023-09-05,3.315180970593011,3.091919493993499,2.9004187989386305,2.917232259521453,4.579607875198655,2.5770254478799455
2023-09-06,3.330066079351277,3.0995501211946457,2.898385784123385,2.9153627107643776,4.599772696428419,2.5875826010591743
2023-09-07,3.306199178314439,3.0782634664813315,2.881135938591898,2.897972356573184,4.565831419273944,2.56516127905472
2023-09-08,3.2824349161985307,3.061808408765388,2.875960759346615,2.8926955828263266,4.541214781265198,2.5567354493936114
2023-09-11,3.196793493980866,2.9952358716380663,2.8311817080844275,2.8471682119775394,4.3128405857702194,2.5145246400854138
2023-09-12,3.2095408229831865,3.0100252439824167,2.8504082243318454,2.866379786688698,4.316535847579471,2.520862781183354
2023-09-13,3.2307915499939552,3.0242014381870455,2.857874445159819,2.873866719797654,4.293776991445492,2.547144949627066
2023-09-14,3.3152835488589845,3.0975978073274213,2.9149053929811437,2.93115349104599,4.365820570079393,2.621644286970454
2023-09-15,3.3451057127304518,3.1288019418910884,2.941251042787951,2.9573100992365555,4.322612396832748,2.646721226537064
2023-09-18,3.2770704154008996,3.0762688543329073,2.909612675097567,2.924989189466044,4.136490387255434,2.619715472868118
2023-09-19,3.241948391320892,3.052866973705249,2.8982854286017314,2.9132387848647463,4.014333313278442,2.608824843979407
2023-09-20,2.9619460027578377,2.797276354295014,2.669996693606217,2.683352845929047,3.5323553489297046,2.486594267735293
2023-09-21,3.2097802037961194,3.027018347147408,2.8773967564379586,2.892136124284142,3.945992787273836,2.6104592522603447
2023-09-22,3.2652029607703663,3.0684013383786044,2.9035756231337677,2.918648171190844,4.020290124656763,2.648037921259879
2023-09-25,3.2960571895725037,3.096381559946669,2.9291508042996752,2.944354010912791,4.036007993956238,2.6741905675157707
2023-09-26,3.277949029840835,3.0719494330207087,2.9024817053486154,2.917712447085627,4.069603931742507,2.655210853299093
2023-09-27,3.302556779882548,3.089867742338339,2.9117887840945693,2.9274584618285253,4.181864051029594,2.66031837388592
2023-09-28,3.3192139737379573,3.100895768147298,2.9180710282385443,2.9338694128652616,4.210544157799035,2.666414921132213
2023-10-02,3.3981335841354015,3.1696226101449456,2.9698243366367225,2.9861361335384045,4.31659235747146,2.722485143654005
2023-10-03,3.378741621708949,3.152494830949949,2.953582102021347,2.969785699999907,4.282699467417796,2.7139871576012684
2023-10-04,3.3682715957670872,3.1369011406137455,2.9328491074080056,2.9491313271663646,4.29518827866793,2.6948123955728764
2023-10-05,3.410597430462966,3.1771793605087977,2.9714841447155393,2.9880502960394075,4.358266320129454,2.7251388238932726
2023-10-06,3.4060424441202564,3.173339389481162,2.972661143689218,2.989291186363793,4.4129741998067615,2.7184211901182396
2023-10-11,3.3863807947823332,3.1656343310320705,2.981288173487001,2.99769483153483,4.272557872452301,2.7061960697636005
2023-10-12,3.4393780277001276,3.2086509190659482,3.013882290948127,3.030637850048585,4.371154998990115,2.7403066333517136
2023-10-13,3.4177519923877373,3.190875316615969,3.0012665658605373,3.0177556728080086,4.287907953629199,2.7276600422332744
2023-10-16,3.3834268464839012,3.159498823611798,2.9775231579495043,2.9938601005766245,4.262639105495709,2.709549570129335
2023-10-17,3.353149513775484,3.137863469594036,2.963332431100694,2.9794372302878966,4.191027852440955,2.6880096588790447
2023-10-18,3.2588433211280305,3.0612342800843497,2.9083455794687993,2.9238419489593412,4.036343615711323,2.6289916056520073
2023-10-19,3.2768505936686907,3.0739873778632165,2.910700951669943,2.926142098210818,4.012532789310723,2.6342266254410047
2023-10-20,3.2573475542463863,3.0566347870897306,2.892841697813661,2.9081550043158693,4.006694634127928,2.615722271628965
2023-10-23,3.2257978786716532,3.0251769486231463,2.8593223072636365,2.8747514627807886,4.019740160267152,2.5911046603573498
2023-10-24,3.27771677681451,3.0635862544538406,2.877059844040796,2.8927238473189814,4.091602531813606,2.631701807720226
2023-10-25,3.2822729544421367,3.0710845017856263,2.8874854023618033,2.903046671680576,4.058554668673091,2.647673486821652
2023-10-26,3.2019520437671694,3.0015936354566546,2.8341381870543345,2.8491971047168634,3.9570166626795547,2.6043427675877555
2023-10-27,3.2064408204473946,3.0049493638217517,2.8382243057746197,2.85328689454784,3.9623266905757326,2.5943481800522865
2023-10-30,3.224929898885098,3.0175417087651106,2.8356547022577647,2.8507939854723148,3.958954606338501,2.5884586873320017
2023-10-31,3.125001152824879,2.942516675632455,2.791961912731861,2.806242587733269,3.745781550496229,2.5377634095789703
2023-11-01,3.1559160550016587,2.967079287393261,2.81111844259726,2.825650993645456,3.7924451457209676,2.547388119441654
2023-11-02,3.255397113889054,3.0562194792044015,2.8894235922214215,2.9046333092278607,3.9294079726767253,2.608402264400531
2023-11-03,3.2740235592208977,3.0749472766673414,2.9076604471322334,2.9229227014672965,3.933590139028293,2.630253710182155
2023-11-06,3.3364095682687473,3.126673187198376,2.957377561094086,2.973339047857241,4.067455369636268,2.657742720856788
2023-11-07,3.339061059702699,3.1277182871046114,2.95630647943927,2.9723080391840546,4.075021081736494,2.6555829171762864
2023-11-08,3.3639001101533212,3.1416678366076662,2.955314358946209,2.9716246650049207,4.144290238327142,2.661953962724419
2023-11-09,3.3633722715659586,3.1415302532803087,2.950225787117845,2.966520288676911,4.1728333771489,2.654265251673329
2023-11-10,3.3421273969309424,3.1231997860870337,2.931314635190489,2.9475428740477847,4.148225758353284,2.6437325698306173
2023-11-13,3.377939430498591,3.156260561118553,2.9656586892006036,2.9822194590078004,4.226164653247712,2.6608055934999912
2023-11-14,3.413445019285101,3.1892689618582644,2.9933856652222306,3.010063708708158,4.261341115011997,2.699064439490631
2023-11-15,3.4157878518787923,3.1975776214293314,3.0072287749327242,3.0238102734425825,4.256359842613649,2.7141058112782894
2023-11-16,3.41066428815502,3.191594883730028,3.0036849705523787,3.0203472880708824,4.2854733082224366,2.707136821221352
2023-11-17,3.4321966484400597,3.211598291199157,3.0176511446285748,3.0343713332334294,4.290798944700352,2.7226109821790034
2023-11-20,3.4548023881225793,3.230192482777849,3.0362738501203563,3.0531732717549227,4.309822056603124,2.735088152213235
2023-11-21,3.494582113118024,3.265040861450833,3.06771236231765,3.0848085683914865,4.352676601781144,2.7657083402224725
2023-11-22,3.4717699420211074,3.2464488123016833,3.059825727679765,3.076745828625849,4.288367357935055,2.7527069692750423
2023-11-23,3.4410819861960706,3.2246604567290618,3.0476280860064917,3.0642029945991975,4.218459570595868,2.7503615091555043
2023-11-24,3.4504947529191745,3.231711254212424,3.0496555437802044,3.066445706628616,4.270973387588674,2.748224147808203
2023-11-27,3.388179356731866,3.1806316387426627,3.008767410534107,3.024943504475716,4.133778093795117,2.72197289853832
2023-11-28,3.4549845082501,3.2396872556385135,3.063920301461296,3.0805911322059107,4.2213056200678265,2.7659381919343025
2023-11-29,3.484252557286371,3.2624613861304717,3.0832775927276193,3.100182784245717,4.245800808783698,2.780478400569302
2023-11-30,3.507705857324069,3.2820801084712397,3.098549775606147,3.1157043802801896,4.303642937783086,2.7883848336428043
2023-12-01,3.515473967055096,3.2901392300092924,3.105366804962747,3.1224858966762326,4.303812638303382,2.8021887236064558
2023-12-04,3.5135503816272022,3.292821160421687,3.114889111515393,3.1319789396536697,4.356609348205106,2.81311107468532
2023-12-05,3.484786527359957,3.2624927819336436,3.0854382766862916,3.102702260762144,4.447705722342176,2.781003355247136
2023-12-06,3.5189958152618024,3.289249573891337,3.1002807366022638,3.11781292672267,4.520924738247701,2.7860463119320182
2023-12-07,3.5132283295942544,3.2776767464216707,3.0813768028208672,3.0990313749931326,4.58595154550238,2.7694343710209237
2023-12-08,3.548583256680255,3.3085651565901286,3.1054806978667036,3.123274382196313,4.635080413437126,2.7910317624185446
2023-12-11,3.55545362211421,3.3185931917802383,3.1323893551489346,3.150143764517139,4.575822192058603,2.8078210289645114
2023-12-12,3.552290410690231,3.3164052693610464,3.130018331360599,3.147704878372685,4.593381302867256,2.804286330546073
2023-12-13,3.5745927410532667,3.3386381300011854,3.1622109598106105,3.1800661316526493,4.624062241606802,2.8224993993425285
2023-12-14,3.5941183341550467,3.3621624811291873,3.194146718872653,3.2120013055765426,4.642130037039812,2.8412745888508137
2023-12-15,3.5752154279098534,3.3498727013234144,3.179535476884919,3.1969377010918167,4.547823711312413,2.852868714648345
2023-12-18,3.574251359468024,3.350406255317557,3.1761071035985675,3.193302350726928,4.494066032678428,2.861312220905647
2023-12-19,3.553147697813984,3.3304748914155615,3.155407698868816,3.1724290928914556,4.477854490172491,2.8473964522681268
2023-12-20,3.5743829243228444,3.349329169039057,3.1667079262100843,3.1838355478560625,4.501942193961296,2.873489017054415
2023-12-21,3.588774783458048,3.361317367335613,3.17582888711914,3.1927498962087175,4.47623348047955,2.9009549491683484
2023-12-22,3.603083300777153,3.374470475612949,3.1832586826827978,3.2001937479249407,4.483916720078763,2.907952478190935
2023-12-25,3.590828524756957,3.36202186922814,3.1771588884019475,3.1942082254459447,4.508401775720865,2.8909528750233062
2023-12-26,3.6262432774839066,3.396206223886267,3.2103065648069453,3.2273888543370806,4.490500758623976,2.91914546769494
2023-12-27,3.6663013431930245,3.436719480280938,3.246342451708161,3.2634212917164724,4.484368981063979,2.948278213523653
2023-12-28,3.6680647027256055,3.439804639352204,3.248346687810461,3.26554873314293,4.53618807220665,2.947725116318015
2023-12-29,3.673653400622287,3.4436865906850405,3.252095916857892,3.2692261561095903,4.511390808651425,2.9484916780518553
2024-01-02,3.6337575423679205,3.4095205020218873,3.221718182016185,3.2387513820803164,4.513626993972379,2.927085649532594
2024-01-03,3.587833621881501,3.362429229256346,3.16884148530862,3.185758723820805,4.484290373419217,2.891598922426222
2024-01-04,3.5714439836869003,3.3495381461121947,3.15477102614652,3.171444293411596,4.451503471313252,2.88289268540668
2024-01-05,3.569604546879486,3.3453527052384713,3.148756070118334,3.1654760874023724,4.45613756414677,2.885147921246544
2024-01-08,3.556713803900094,3.332571457051312,3.133267723600997,3.150019735013504,4.468892257384587,2.870441472129522
2024-01-09,3.5530060557621197,3.3236605910927746,3.1225095499082594,3.1395615028729407,4.578056361184229,2.8338983992792945
2024-01-10,3.5478444875466426,3.312603728349696,3.107469511199543,3.124754921420355,4.6361888336910795,2.812812526953851
2024-01-11,3.607969283413794,3.3546834400153016,3.1345964722508035,3.152446760463057,4.706911375175442,2.84029546215523
2024-01-12,3.61057242969145,3.357097806701996,3.133921138381226,3.151698449941512,4.736122930765689,2.8453550583740292
2024-01-15,3.634540603353648,3.3835803274005047,3.158398946973367,3.1762673302025823,4.76502357675009,2.855733682096066
2024-01-16,3.6209069828378837,3.3666710393367145,3.1373931996161373,3.155239364610841,4.7549559944058855,2.8317970648223745
2024-01-17,3.568723477270423,3.314593575710808,3.084474305147489,3.1021220523687387,4.705665143159635,2.778918074010577
2024-01-18,3.5689116924100537,3.3202212096414336,3.0956167649764237,3.113037407363404,4.647566269944623,2.7936391737907846
2024-01-19,3.6517875353541838,3.3934481497318782,3.1513377724645886,3.1691127371703725,4.754625999236493,2.8434742261155113
2024-01-22,3.7599740701264293,3.4776343077905927,3.2070939172955737,3.225671253637018,4.9860509030985645,2.882231287453572
2024-01-23,3.7621069039144426,3.481255730282977,3.219368591849451,3.2380173773347005,5.011219334300795,2.8947635692588616
2024-01-24,3.7434654652547557,3.467630823519748,3.2145557844381325,3.233107345608213,4.988777670479085,2.8850315465320095
2024-01-25,3.726238816868964,3.4587099197406856,3.209311229032247,3.2276123771760084,4.92404987635721,2.879135974673122
2024-01-26,3.6901083964380086,3.4269201871153245,3.1766107986418572,3.194865936883734,4.918140990172803,2.85260233869618
2024-01-29,3.749430242321411,3.4739448412855776,3.217016125124169,3.2357166479652104,5.011271217646141,2.886244094511805
2024-01-30,3.7936344459078937,3.5002915342573684,3.223880797307494,3.243022046946326,5.161213853763771,2.8874072391448
2024-01-31,3.7797583652290867,3.485937917171354,3.2126895212804736,3.2320504610251892,5.215802426194276,2.8624190069101183
2024-02-01,3.8107967824242936,3.5086932064774263,3.228195766528536,3.2480108221235713,5.385429489691457,2.8830600283057355
2024-02-02,3.8532070693544065,3.5335852838141824,3.2251081161810964,3.245395959540296,5.500518611395891,2.8749142564108845
2024-02-05,3.846683040271905,3.527914254967037,3.216592868773204,3.2368536812860786,5.528769485743323,2.866981655071489
2024-02-15,3.972078563442071,3.6273497879081016,3.289006755322356,3.310145437812752,5.782790803714156,2.9036321331864845
2024-02-16,4.009276791881845,3.6627997987214638,3.3388879257402104,3.3602200748921316,5.740761161059521,2.947150595617959
2024-02-19,4.0062612203382635,3.6679995477666747,3.3601656490852974,3.3812581980081813,5.66650784984346,2.966579531942594
2024-02-20,4.020988194973844,3.683712100012348,3.3732832294086763,3.3943761158872614,5.695120701235523,2.9723678149704664
2024-02-21,4.011674808163816,3.6774079791905865,3.3740156268369876,3.3950518811956227,5.656575524781296,2.971743225302478
2024-02-22,4.070696194382896,3.7303851191020985,3.4209375779057805,3.4422877545322526,5.753778399868746,2.9983983507893943
2024-02-23,4.090557126756301,3.7455595977090534,3.4356621955042628,3.4574323842624066,5.839586867859769,2.9954908696528024
2024-02-26,4.1137029775868,3.764034894792949,3.4445499326666282,3.4663789298980996,5.794258547536586,3.0172414834888337
2024-02-27,4.057249717678142,3.7200537799985534,3.4109963854516496,3.432423109923489,5.700851443148581,2.992268108369921
2024-02-29,4.139470442224321,3.785961285333618,3.4662176946883325,3.488169636017011,5.843223302576226,3.041881276711196
2024-03-01,4.168562431051926,3.799508557704008,3.4634475740547064,3.4857121383109124,5.9433245256973315,3.031854691027499
2024-03-04,4.206508492548504,3.8415029147158872,3.5078528144240115,3.530092652331953,5.912764312758632,3.0753023571851847
2024-03-05,4.247241548189328,3.870657708600871,3.5290790134871326,3.551705216656953,6.06168326601574,3.082941634212847
2024-03-06,4.291784444714681,3.909371465805174,3.5637680974583454,3.5866619483026767,6.107016151428874,3.10076602667669
2024-03-07,4.267273259428437,3.9056877087646913,3.5778354342758205,3.6003044614957465,5.949490438608648,3.1105471162890272
2024-03-08,4.181937353968762,3.8454424620095398,3.5175997171943516,3.538978454393637,5.713103536388777,3.1018965744992326
2024-03-11,4.2223947923466,3.875031279415096,3.5327222445349515,3.554446290198596,5.793447332349964,3.1248751204535776
2024-03-12,4.2678036078014765,3.9223562442229825,3.5782774268453776,3.600215065147247,5.860048726475497,3.177191721226609
2024-03-13,4.19164538991296,3.8688088063857915,3.5402098349610633,3.561881316809305,5.836007326403356,3.1763590308355156
2024-03-14,4.1478046275697125,3.832445761061475,3.517953291700048,3.539865426514634,5.9655256052876044,3.171436542222364
2024-03-15,4.143228565874416,3.825238614855205,3.50720637218742,3.5293838627497727,6.090854590207406,3.157527926397957
2024-03-18,4.2156286210785385,3.88664001827685,3.562626541879447,3.585486926219415,6.259763864409738,3.1937857964761367
2024-03-19,4.187228407723189,3.8737018291276972,3.5663773190082115,3.588647424295423,6.031067007306382,3.218890017443938
2024-03-20,4.165166988953768,3.855860043352949,3.546267595282535,3.56842861522765,6.011103391891791,3.2291167968728915
2024-03-21,4.257236980952354,3.947635948688445,3.6358609209347854,3.6585131246945015,6.1308204200313945,3.303617378062888
2024-03-22,4.296228608468998,3.976754077815392,3.657342216317962,3.680282321997166,6.246702399242702,3.313640425758654
2024-03-25,4.317983789428742,3.988038569319869,3.6664870668385983,3.690009162755852,6.395124749995289,3.3131173221535892
2024-03-26,4.232756789667852,3.920469804113384,3.616097869138834,3.639124826841814,6.235371598389971,3.2804720136863788
2024-03-27,4.23299402249737,3.9289787775355483,3.6220115852970807,3.644506277116314,6.030130059650456,3.2994444119357467
2024-03-28,4.241767227662584,3.93859010029462,3.6451502043647985,3.6675448219003757,5.999702494035349,3.313870102819124
2024-03-29,4.287890472872037,3.9767568250152094,3.685529729027847,3.708356219998643,6.148513844757741,3.3284026047258686
2024-04-01,4.3075670209327335,3.983576023229626,3.6797082620548918,3.7030924422084697,6.303465730377942,3.331564134923034
2024-04-02,4.3353975354848275,4.011965177134379,3.708471273650278,3.7322527147516635,6.421615252795334,3.3673950898057767
2024-04-03,4.355506901172011,4.020434309581493,3.7038297971211005,3.727882233396111,6.538650468876543,3.3505408708608955
2024-04-08,4.362134244369601,4.025515405341327,3.7064443063930064,3.730547571693381,6.544331310980373,3.3558400505190438
2024-04-09,4.362277769945983,4.027267247097558,3.7106084050825063,3.7347217762031377,6.546880099338574,3.356671497488227
2024-04-10,4.348898763340256,4.0193391393441145,3.717033389048078,3.741150608259833,6.533476879297083,3.335889341001588
2024-04-11,4.334931911305019,4.0084631134556625,3.7111499272979778,3.735373565067171,6.5434333590608444,3.331279935947703
2024-04-12,4.379157610033189,4.042353074962376,3.743569801589978,3.7685713888633856,6.744991634020072,3.3437896639849334
2024-04-15,4.249692664278116,3.9355132511643696,3.6608083573101333,3.684696297328458,6.4209547904414555,3.275209629102803
2024-04-16,4.090286132815565,3.7882074955816094,3.5198075974004546,3.5428877922504505,6.254699121826845,3.156361495966983
2024-04-17,4.190467786574062,3.872366207988123,3.594749450993543,3.618996189716117,6.548140772724955,3.2209255830820434
2024-04-18,4.219022497371882,3.8907551206583304,3.5928687060128492,3.6173161481810374,6.6744546508659255,3.2270397693433415
2024-04-19,4.075531789809461,3.7621603658325635,3.479077174495335,3.502543283991381,6.407529562401478,3.1253800338810054
2024-04-22,3.9425116852193485,3.6631666461570394,3.4060599266488607,3.4280727695002295,5.974340495117624,3.094980763317267
2024-04-23,3.9870687127815647,3.700902595757526,3.4350858045738177,3.457412590089324,6.073682458056274,3.113550403044846
2024-04-24,4.155887636942559,3.849105338310747,3.558546361382416,3.581893559710689,6.376587002113879,3.2245258841419457
2024-04-25,4.098688709114711,3.7971722430554697,3.514333122068837,3.5373000787139905,6.2411252631418375,3.1850594983957907
2024-04-26,4.201622373517125,3.882198392621998,3.568480185709412,3.592023331680618,6.4379442026239495,3.2409676651548613
2024-04-29,4.289862037854622,3.969520912188753,3.6549004560143343,3.678863981307178,6.51138865638165,3.310323633346176
2024-04-30,4.2925825546956755,3.965174782578369,3.6488535830867272,3.6729023305373087,6.537407432054391,3.292157373661045
2024-05-02,4.2603590981738115,3.932450978511094,3.6193251893108274,3.643145116026084,6.440793144335763,3.26145531275374
2024-05-03,4.260494059938755,3.941488519054058,3.6287322614415767,3.6525946604903807,6.44126984105219,3.2675433988108926
2024-05-06,4.279973046313785,3.9662658173576153,3.6538121506525845,3.6775469956750704,6.367163327402954,3.2970566229653033
2024-05-07,4.30999721839295,3.9926242235477045,3.6774754812662858,3.7015247364962947,6.474310877636726,3.3172542134464544
2024-05-08,4.348649201523717,4.020264199506786,3.6920620802469544,3.716747335415645,6.681992953861817,3.321634358112781
2024-05-09,4.3317646556799465,4.00634189725999,3.669260855438781,3.693436876893491,6.565615843167133,3.322517867747451
2024-05-10,4.348705497252411,4.037656511587975,3.726155634165279,3.749777106168261,6.410831525834398,3.3848704976204775
2024-05-13,4.348173960157326,4.038127618032239,3.7246674384879106,3.7476685723798315,6.278997841314788,3.405609938331994
2024-05-14,4.40445279142465,4.083103478776347,3.7573749734729436,3.780693168698822,6.411461085277653,3.451488250299461
2024-05-15,4.431062380870748,4.107856550049485,3.7856181274353933,3.808951703866861,6.419133370551122,3.4862448414817746
2024-05-16,4.490060319252187,4.1606042286786895,3.8270795329678275,3.8505464727370216,6.422463345039523,3.532613017567766
2024-05-17,4.498542695281003,4.166807620669333,3.8341789246583744,3.8578161977981122,6.468313748930751,3.5313381917349034
2024-05-20,4.489705579759531,4.163167918001411,3.8374283419742112,3.8608656824494365,6.390858697482195,3.540544190901584
2024-05-21,4.491787462594103,4.16498285981034,3.851520538175363,3.875039207125334,6.4179078496878486,3.537720340470791
2024-05-22,4.561175942090698,4.229463229288608,3.9056724032730887,3.9292563286217157,6.382483286082397,3.580640650480824
2024-05-23,4.590134165861494,4.254499658261292,3.9232153489323918,3.9467707394773224,6.380084947554792,3.5881345479926163
2024-05-24,4.646617480149474,4.297307152201593,3.9634295681895386,3.987413427966676,6.479590540061472,3.6217891180902257
2024-05-27,4.755024439605832,4.396356786543415,4.050815231543874,4.075361546681465,6.664708912022233,3.70056565632028
2024-05-28,4.785796563156532,4.424647954082784,4.083631802260579,4.108160053404867,6.662743648110548,3.7384342604552985
2024-05-29,4.77185194412084,4.404702559112698,4.054570252603592,4.079164712012782,6.691889422413388,3.703354168250028
2024-05-30,4.698535283488397,4.339971290375495,4.007161244826688,4.0311868971975064,6.542103722601699,3.674522004851034
2024-05-31,4.609659264569355,4.266271181271503,3.9627329384573633,3.986549088501902,6.439574688319939,3.626555650374316
2024-06-03,4.704055908055412,4.3520120287860475,4.0372230075012565,4.061400317260044,6.472996719480793,3.6911447231203267
2024-06-04,4.646371663131029,4.300876326752808,4.0020324274888734,4.025934980489258,6.398235173641311,3.6708592990118145
2024-06-05,4.673706762462455,4.325035757229211,4.029925009977798,4.0540884774766095,6.395790214320053,3.686496472672397
2024-06-06,4.735555635124169,4.382814750667093,4.078605372650858,4.103072244212578,6.424224887404786,3.713560586374803
2024-06-07,4.749940516468854,4.397916592502647,4.118447134884018,4.14338991851395,6.515129526033986,3.7618336287180734
2024-06-11,4.71450056989901,4.362996479940133,4.0933933178217545,4.118792605428035,6.711433911328458,3.711304665696989
2024-06-12,4.768039962575066,4.409592324010286,4.119325574507576,4.1452732559879655,6.846596843847294,3.7272273170785346
2024-06-13,4.847441100048957,4.484743550941331,4.200466176747035,4.227045220693618,7.051095184612781,3.7940560423448706
2024-06-14,4.926915451055667,4.555205230916582,4.28005735314335,4.307417142697677,7.280718829553077,3.879697292777382
2024-06-17,4.930524159450676,4.5669253915083186,4.323810692692577,4.351108737368183,7.1931976825211335,3.9196196644914916
2024-06-18,4.9817837679040124,4.6157154357516745,4.369708987460776,4.397227967252343,7.261891960453195,3.949682974152013
2024-06-19,5.024824992472217,4.661475769347238,4.403206943853642,4.430503821129323,7.231567282326735,3.968732152214938
2024-06-20,5.129073632695619,4.747409078682694,4.480573415927525,4.508750639963137,7.441058205982576,4.019836036317667
2024-06-21,5.106909764303566,4.729688690226611,4.459125263839183,4.487256406743523,7.399441477948616,4.014769464530569
2024-06-24,5.004434495814283,4.642232788741079,4.385809948772968,4.413331211963852,7.218893152680776,3.95464095692247
2024-06-25,5.012783633775882,4.650594301029576,4.39973998612573,4.4274345504047075,7.274820323518238,3.9844719114203206
2024-06-26,5.065765298501239,4.694517088961932,4.447903927403069,4.476010205307638,7.3886205174400015,4.019735030281029
2024-06-27,5.041761895612975,4.672888396021829,4.4265643404831625,4.45464858800491,7.381833642086025,3.995972181524426
2024-06-28,5.09222868673083,4.713705442847358,4.4633662724615295,4.491737950342478,7.480469262788207,4.0377731373532955
2024-07-01,5.081526171597921,4.701821364758715,4.436122831461011,4.464681560157428,7.49628361459417,4.010092825164156
2024-07-02,5.0518329766505,4.66645660537713,4.397470278071793,4.425946072863537,7.534792054680971,3.9884198954357126
2024-07-03,5.128998124801925,4.74151676879498,4.496366362850537,4.525166182192761,7.62712686153709,4.0620619422884205
2024-07-04,5.207369991825323,4.811592347793214,4.545101222730458,4.5747562545999365,7.84629583701692,4.116312648553992
2024-07-05,5.250332936628952,4.844426976180788,4.580709027580466,4.610835329225613,7.884390619565503,4.133564802844123
2024-07-08,5.234736088592741,4.851019797349447,4.585488344343553,4.614872633910058,7.679042902295451,4.154083046224006
2024-07-09,5.253040794438828,4.862954947714061,4.594114094276337,4.623945779399882,7.805101815428148,4.148624717797688
2024-07-10,5.325306132215781,4.922219270188702,4.66034272606261,4.69100277436911,7.935413475156511,4.211218468041811
2024-07-11,5.382072178926038,4.986975512748333,4.756839812690576,4.787732348347328,7.906470518362251,4.300501481768708
2024-07-12,5.258925290805854,4.869502733705393,4.636242998018155,4.666311138667055,7.684874878769969,4.218628892193239
2024-07-15,5.258895385893026,4.868305263848605,4.660158233047139,4.690630831458783,7.835417460375675,4.249353424032099
2024-07-16,5.280094672887869,4.883164655466052,4.668646909129835,4.699276861286837,7.788880140717155,4.255363392106157
2024-07-17,5.249289937219326,4.850073986667532,4.638442799289948,4.66926627459582,7.821028197331775,4.206144454616865
2024-07-18,5.139419302521378,4.7547714947238235,4.555122337302569,4.5853112215335985,7.660840354540564,4.137438476191105
2024-07-19,5.03634157907204,4.654822256017854,4.458460125009482,4.488281252225851,7.600016498641254,4.051906275525875
2024-07-22,4.839721564447243,4.4815283507717645,4.29494716352801,4.32282147516567,7.07678682913247,3.9260941365449034
2024-07-23,4.953836397654572,4.587238752096417,4.384849901280545,4.413540091992361,7.398687130415279,4.0087333904924645
2024-07-26,4.794029093856274,4.445435111212443,4.250078302158867,4.277440827463759,6.926454113610964,3.8944748505268114
2024-07-29,4.6644094651069326,4.348173765209936,4.169161392444127,4.195141815600528,6.58482080822862,3.809577008961621
2024-07-30,4.751131641911774,4.4167578524370015,4.233826762224362,4.260643870904412,6.759639092618061,3.863373755084774
2024-07-31,4.761404784646182,4.427067930231836,4.223622644436474,4.250324217265564,6.7096676215184585,3.864369699662566
2024-08-01,4.886259093556688,4.544088798624842,4.333945216395089,4.3613125176013705,6.854619885882688,3.993085362207211
2024-08-02,4.62344160968248,4.307456628988103,4.1144659037265265,4.140315097182124,6.4831266878962674,3.79870060495868
2024-08-05,4.219734363046456,3.9343987416533674,3.7599106167788983,3.783589765964586,5.9042633463097625,3.4560716282764408
2024-08-06,4.254588322525544,3.9882807397012847,3.8112040038930264,3.8347157102086045,5.857706556664156,3.466952288429321
2024-08-07,4.491921088422423,4.197381367664352,3.9965200033555957,4.02128192992746,6.168520389167753,3.6551059659633753
2024-08-08,4.427003246173122,4.135446225855351,3.935711706075347,3.9602605363659995,6.131081068865461,3.595457530887063
2024-08-09,4.521647675968161,4.231103630041749,4.037215983419728,4.062042050525315,6.1950070733869955,3.6923026529758465
2024-08-12,4.659870099477717,4.346713454965755,4.140192966928841,4.1661338279899445,6.493270019700623,3.7922326061720804
2024-08-13,4.6672071380241755,4.355633287113705,4.149357737196912,4.175285388810068,6.529788930820388,3.788993401004024
2024-08-14,4.744515991481573,4.4273517553245245,4.220595185710831,4.247186663215627,6.69873294764377,3.8533228974292593
2024-08-15,4.726849988348046,4.39917188668849,4.187477153642567,4.21413595172783,6.726738949823317,3.8248119634732576
2024-08-16,4.8552905869317105,4.513994400846384,4.295707365040772,4.323101092321387,6.907987736638482,3.9198720946540377
2024-08-19,4.895876638200575,4.550052558023883,4.334643158614414,4.362212758231574,6.965053700782315,3.963802812377756
2024-08-20,4.914629401611531,4.5622290738052325,4.348206321885487,4.3765662324993935,7.083217272405721,3.961260904934684
2024-08-21,4.871682655038569,4.517459654191467,4.298963387655446,4.327193679250357,7.068783010318843,3.9292760733995578
2024-08-22,4.875984885378368,4.523162230490458,4.303914072700363,4.331727442687197,7.008669179127399,3.947879590658252
2024-08-23,4.936786091040519,4.567744832567503,4.342540884103457,4.371522323677939,7.236853977833447,3.962339731453174
2024-08-26,4.89905958450125,4.543725526727531,4.323059394555649,4.351419697946477,7.129147140082272,3.9371622203331715
2024-08-27,4.92816600434263,4.562562199771155,4.339038500369601,4.367894504466079,7.232498006618696,3.9661300889595315
2024-08-28,4.934442522863321,4.571175059362652,4.352350892217054,4.381286878152541,7.227330280590302,3.960015453502518
2024-08-29,4.946146234009035,4.579416666348279,4.365185441655969,4.394405321361132,7.273665979984774,3.972134670080555
2024-08-30,4.961740618705225,4.595963934524234,4.3809864232306905,4.40989374020996,7.1871470463876985,3.984264043748181
2024-09-02,4.909161107976815,4.554578424308963,4.342993401580255,4.371497699754168,7.084515047106547,3.942304120433903
2024-09-03,4.872961433881822,4.519256851821687,4.2940232473426745,4.322275234933327,7.01056266651375,3.894496956444414
2024-09-04,4.833582034780029,4.486100508062812,4.255907198373827,4.283928559992797,6.95679014282989,3.867138751318464
2024-09-05,4.852256522444804,4.500625403501877,4.27074833019588,4.29892248353087,6.9901361311851105,3.8697453561887802
2024-09-06,4.885272518684273,4.532777329818728,4.287956385262441,4.316010194798286,6.969209027535589,3.896138546856699
2024-09-09,4.864000850863182,4.5033392709913205,4.258956956735317,4.286758161733764,6.973367274072915,3.887386234958305
2024-09-10,4.765472843865933,4.4229025511203615,4.187423528501664,4.214481254659666,6.800705358360629,3.8045568188516565
2024-09-11,4.788182266720997,4.442826507882624,4.206387059390286,4.23346342515232,6.843493967129187,3.8365645267610056
2024-09-12,4.988326730266815,4.615539073948512,4.357289483798987,4.385583008004222,7.167027178564392,3.984089261808663
2024-09-13,4.988146930082725,4.615148355611486,4.355169819679626,4.383304008319697,7.129414616554807,3.985383238560427
2024-09-16,4.992714780980487,4.620990926995884,4.355688673660694,4.383843437521534,7.149243617556597,3.9792284614642743
2024-09-18,4.923954741223523,4.553432272583668,4.30006352738168,4.328549962006446,7.176735127046034,3.9178811772176627
2024-09-19,5.046620208718975,4.655247896015683,4.381578796093847,4.410724887670841,7.390747781238877,3.9968199575999797
2024-09-20,5.034612887682771,4.65251702245514,4.386972370548284,4.415934938033718,7.340616815457613,3.9953962140064765
2024-09-23,5.07577019544113,4.694887977309473,4.43563046675023,4.4649822400552805,7.4281946139522,4.041018541237065
2024-09-24,5.092000174649955,4.713827117121632,4.449084741324906,4.4784320181856865,7.439788365504648,4.0396330112320165
2024-09-25,5.18279508768562,4.794077919925551,4.523434360884488,4.55340983231462,7.574868931826797,4.096051590588974
2024-09-26,5.214652676638515,4.8196674175689145,4.551516961641627,4.5823162335722625,7.784771213584059,4.097949231162832
2024-09-27,5.208638850752075,4.81585865668908,4.546896437827605,4.577150923166838,7.682396013655017,4.114982079353796
2024-09-30,5.065378687340052,4.687359525592274,4.435618893671022,4.4649235773823515,7.459166636181389,4.038471286719538
2024-10-01,5.1128851230443555,4.725901966483616,4.472735833138292,4.5025445322160955,7.563874058366539,4.0521887064605755
2024-10-04,5.013356923732404,4.636232064948904,4.381903942091572,4.410979080165061,7.425298888304556,3.9943504823856104
2024-10-07,5.117849596465583,4.726307506012684,4.4672199756552,4.497606469427328,7.751512688408968,4.0475450072333885
2024-10-08,5.098830579507079,4.707378935942457,4.437934273678018,4.46822342054034,7.769590376010617,3.9999445032846688
2024-10-09,5.102672261356611,4.709706807666305,4.433374311985644,4.46398385201045,7.914384265652324,3.979814273711313
2024-10-11,5.158177392598117,4.7541605078623155,4.46069471893163,4.491823664738594,8.051643053703549,3.9810694064381265
2024-10-14,5.221127503958647,4.8056030522370845,4.505416260963284,4.537349441146136,8.364125320914699,4.030479474889707
2024-10-15,5.272472646251994,4.856946145756689,4.557140700353213,4.589705268241454,8.504328697961613,4.046702226715899
2024-10-16,5.231984484998901,4.817614894705588,4.5156446945877775,4.547909902511511,8.421833214739232,4.007397872730298
2024-10-17,5.2844064972023475,4.866156079599029,4.567130464606619,4.599349987177065,8.394285751552763,4.066536063614814
2024-10-18,5.247139072199586,4.837535912911367,4.529116139041372,4.561117956179957,8.406371832576534,4.004526900804285
2024-10-21,5.330678471539128,4.907387973212581,4.596043878408096,4.628598606781965,8.541074768734417,4.070059208085704
2024-10-22,5.393636241295648,4.958677057445394,4.642440019107262,4.675703992458628,8.752273506783842,4.102758776387104
2024-10-23,5.409122532863303,4.962995834493757,4.645140436559202,4.6788619678998815,8.943635728157878,4.119579711064684
2024-10-24,5.288864389042359,4.86233270887411,4.552419365720984,4.585238321443642,8.701922815439337,4.021468256111925
2024-10-25,5.315274533322662,4.892814363929144,4.576422609457879,4.608895638119724,8.55772670834096,4.054961712018125
2024-10-28,5.256518745155162,4.847077126309518,4.533535004175257,4.565165290469756,8.31938231682401,4.0223672276888225
2024-10-29,5.162310128612383,4.757978152294489,4.447405318519451,4.47882664540034,8.345097275044335,3.944398964187273
2024-10-30,5.1644765801627015,4.756690260996179,4.454006088779918,4.485459796707524,8.316664148229949,3.922250641964105
2024-11-01,5.1881169486566705,4.771859364418706,4.472415766979008,4.504164164981602,8.408756873432075,3.94969048795171
2024-11-04,5.226528033467861,4.8003419791708595,4.4854485707809895,4.517838431313925,8.682190213947711,3.935768093278047
2024-11-05,5.273122849883437,4.834632615911169,4.504770381398131,4.5374300610146365,8.824526686345147,3.9489695365803095
2024-11-06,5.349190567175226,4.899085380986897,4.565201332259317,4.597958276397555,8.85764597273471,3.9965818209223753
2024-11-07,5.4113588600217515,4.958446947846492,4.624820749373775,4.657947428863339,8.929660613928537,4.051961282356895
2024-11-08,5.432198613692783,4.974627918572868,4.634323381910786,4.667593040554898,9.000871613737056,4.0395234163196925
2024-11-11,5.448599621487963,4.989872581059988,4.647517239874333,4.681026700518504,9.078455370598425,4.016779728764381
2024-11-12,5.3311762806407375,4.8840475658027405,4.550335526098473,4.583050675425194,8.890194885004266,3.9171282736647313
2024-11-13,5.334141401865721,4.889712496843761,4.55395816274562,4.586711372229511,8.813748336082726,3.9174878716864447
2024-11-14,5.317461610068664,4.86603965934135,4.520532743383163,4.553038698738248,8.817896746174785,3.8568976462056996
2024-11-15,5.2926902692281885,4.8544455275520475,4.529195844185549,4.561643036810658,8.714047240533064,3.8576397748768616
2024-11-18,5.171209055988966,4.756544267010839,4.443800079784654,4.474963968804719,8.33335094201215,3.793656328041884
2024-11-19,5.30920151694913,4.872470524469909,4.55324076233232,4.5857156616008545,8.706771471416223,3.8622939909511285
2024-11-20,5.294863742381734,4.860263259957328,4.542676928479021,4.574680535829799,8.506854801457882,3.8538429125367126
2024-11-21,5.365645504340322,4.921785250998483,4.610029850746362,4.642388311266619,8.594955847490084,3.9193161161483197
2024-11-22,5.421735860346893,4.9758887777974286,4.653505344676779,4.68592489913245,8.606573462156737,3.9687318134738065
2024-11-25,5.46837246665335,5.008546962976162,4.683190213340889,4.716094610289909,8.821630831101437,4.006231226147173
2024-11-26,5.4087799564781704,4.959626417021407,4.645788361689218,4.678310745898131,8.660731279014136,3.971089230188149
2024-11-27,5.279328965892641,4.843474006257547,4.54107859791686,4.573064019923522,8.528806525739167,3.88564839685625
2024-11-28,5.238148150628102,4.8040605975849635,4.497487445860016,4.528877396275077,8.350634055107102,3.8408432765514307
2024-11-29,5.324209202009684,4.872313579026884,4.565249097602084,4.597672371545753,8.639844499696313,3.905174638193563
2024-12-02,5.405763888361531,4.946541234983432,4.621710731936547,4.654385886079109,8.697286338922076,3.9543159992159125
2024-12-03,5.478499908925668,5.008643639120219,4.686299109944562,4.719306495434734,8.8234543049775,4.008327795644934
2024-12-04,5.593979465545488,5.1028996099000405,4.770063726550859,4.804250061275499,9.102523458404715,4.079780625142221
2024-12-05,5.616625773984656,5.1168237152640685,4.782690014155381,4.817385804880671,9.27269215548643,4.081920789909829
2024-12-06,5.587091882345862,5.094796957389392,4.75829828744207,4.792335021495481,9.08205962254749,4.0719381247576925
2024-12-09,5.612258168707185,5.111919892870246,4.76000965636521,4.794453986443609,9.275617784068269,4.056788896731351
2024-12-10,5.5466001105929745,5.057090232515365,4.705132084526566,4.739103650688948,9.156029548709464,4.011705725501101
2024-12-11,5.559705319594608,5.057785536193482,4.690414032483759,4.725044800797534,9.374856324614473,3.9990998650065865
2024-12-12,5.568611374745361,5.0698977951608555,4.706127322036553,4.740845338470741,9.395393825364216,3.999720786685948
2024-12-13,5.5730905258114625,5.068815573327557,4.688492708427381,4.723729044270468,9.54198915371443,3.953171001062595
2024-12-16,5.462999252935369,4.980447633871733,4.604790169966382,4.638727147889421,9.124718428669311,3.871663997667704
2024-12-17,5.5417909186318415,5.044773677614298,4.673445405516885,4.707596140817349,9.250373766318992,3.942257563480049
2024-12-18,5.570753439284296,5.072987320020313,4.700527626212168,4.735160543132174,9.43128826562808,3.972035670533478
2024-12-19,5.545914093704126,5.046733225416035,4.6818440339396945,4.716273593616873,9.36450953028093,3.9566574640357963
2024-12-20,5.491652555313735,4.99475553664959,4.622838293383392,4.657217204368955,9.273546217482501,3.916730661398207
2024-12-23,5.565371900386737,5.064083448766002,4.678155027039811,4.713065933424616,9.524386962867055,3.968994852910107
2024-12-24,5.53186599542301,5.043061979109314,4.668591831104638,4.703413090633089,9.477392170231692,3.957166562754706
2024-12-25,5.585509403029052,5.082566450035557,4.702445316054364,4.737901164862727,9.720255073254343,3.996804116564645
2024-12-26,5.590235371351932,5.0865602760086155,4.693708485631778,4.729105552790689,9.727128913955461,4.006061300667424
2024-12-27,5.620366173248049,5.110371939705047,4.712954327427202,4.748792223700581,9.864928756941127,4.025885991990084
2024-12-30,5.574994756089751,5.070275585975011,4.676544536791026,4.712346939242262,9.825583322203684,3.9946334209451955
2024-12-31,5.589935459689549,5.07780467203781,4.682571476155168,4.718386036833962,9.82763613244627,4.007327752846884
2025-01-02,5.510340517026195,5.015446018854118,4.634075338165742,4.66915945261322,9.491649661982166,3.9711814076701306
2025-01-03,5.5374381461930895,5.035195362605606,4.638136197957009,4.673261480224808,9.441882622409782,3.9871441021983896
2025-01-06,5.627162354764792,5.120435744527806,4.716898065437835,4.752441034996341,9.548529978096333,4.047732127303373
2025-01-07,5.69603701098836,5.172486981513823,4.749039888436497,4.7853635809331525,9.850006973800793,4.0517130962454635
2025-01-08,5.6607432269582985,5.1367453176892335,4.718147620238508,4.754747366178296,10.000304829594446,4.024928572846683
2025-01-09,5.51858998470025,5.011090716090315,4.609949467494268,4.645656534507783,9.72083667452077,3.915280951081704
2025-01-10,5.484872929649562,4.9815194011511,4.583941642400006,4.619422566097707,9.710713492233292,3.918150931816012
2025-01-13,5.2574261070915105,4.7944391141655585,4.437148090343548,4.471016540113372,9.126853822974972,3.755428459763413
2025-01-14,5.328990408523175,4.862091970465702,4.504840898514937,4.539115250193163,9.282901439035172,3.806249327970779
2025-01-15,5.2595158208810195,4.802992580539818,4.4592086912079445,4.492688947822422,9.103598779030287,3.802835389013604
2025-01-16,5.386765531582806,4.90882838702532,4.543171594329548,4.577446906948982,9.440680756259065,3.901775072448728
2025-01-17,5.370944975229935,4.898164386174956,4.53254527220619,4.566689409765082,9.391096284846421,3.8937364140135453
2025-01-20,5.485147075671489,4.991901465112982,4.6059542391298915,4.640663992065761,9.576706933155343,3.9576052332768965
2025-01-21,5.5018403101844635,5.005220071060744,4.620432837855297,4.655355382896317,9.671401043874276,3.995018275313389
2025-01-22,5.578139597141475,5.0635366196505736,4.665789697732976,4.701652160928783,9.885437231544428,4.041818593120048
2025-02-03,5.285212249870759,4.832542459379441,4.517549534994449,4.551397203681721,9.12110340819366,3.9175303694605024
2025-02-04,5.546343792219,5.0644780996573155,4.712361823545788,4.747967554386936,9.630124399368935,4.008422656568748
2025-02-05,5.312181666221327,4.855757051221403,4.5395785302250315,4.573533649703363,9.142427266988197,3.9289096754911372
2025-02-06,5.378606689776593,4.911181007620667,4.587271274815504,4.621686078694365,9.278920610533364,3.972633937052346
2025-02-07,5.421040231787078,4.940096840775083,4.6072167171068905,4.64191732429718,9.332759527766108,4.010440270056817
2025-02-10,5.414293316615095,4.936389896259937,4.6056320343645245,4.6402136256911595,9.297561060755621,4.006482376379307
2025-02-11,5.491265822003639,4.995203502621625,4.65207636467444,4.6878918842157065,9.770486016250425,4.010793709303125
2025-02-12,5.453105634538819,4.969961743805167,4.637984536923984,4.673192743182232,9.50396673059316,3.990279535523872
2025-02-13,4.948504549554237,4.5030723752214765,4.225454784797972,4.256082496741651,8.366314130284517,3.8245715701717184
2025-02-14,5.426677040201434,4.941411671274946,4.611820935694603,4.646623017451163,9.395313949052058,4.010935217226823
2025-02-17,5.492270285342277,5.008196168768027,4.678358532425524,4.712994659656603,9.34392273648823,4.068658943291374
2025-02-18,5.54960737190262,5.055434505544936,4.709383235394539,4.7442967703402585,9.383947383843765,4.121133105915664
2025-02-19,5.552485644599296,5.060197267419503,4.714931261498605,4.749842933782554,9.442734392318755,4.137910475674129
2025-02-20,5.519328777389693,5.034367682144637,4.707283370855495,4.742061725820653,9.2778953387861,4.115003194472462
2025-02-21,5.564672731434972,5.075819668357465,4.741528670085396,4.776491365845492,9.3579740901235,4.162586392166403
2025-02-24,5.533832453894287,5.050012562319286,4.723220764030671,4.757825846440722,9.248382072839535,4.140333153705816
2025-02-25,5.457957532843804,4.99305728728601,4.685318692313676,4.719118154538161,8.986647357461578,4.131515698062669
2025-02-26,5.520087859545828,5.041113534038718,4.715216325291976,4.74931395479999,9.04074698546496,4.134188340612432
2025-02-27,5.400375883156425,4.938058440695688,4.627196624601682,4.660526484058935,8.790225375351678,4.048372921287307
2025-03-03,5.29066441667877,4.85003053400195,4.562802532027753,4.595315353442467,8.511597106547919,3.9931095297657757
2025-03-04,5.320574988638203,4.867904985734848,4.5680718799206845,4.600798126138118,8.594664006826804,4.016489504637588
2025-03-05,5.376615164653839,4.914910022073902,4.605729552434538,4.638921790185852,8.771641155652969,4.044766882611195
2025-03-06,5.356756433944514,4.894325677523584,4.585006520068837,4.618216124846217,8.756662345003566,4.005570705053189
2025-03-07,5.292640357268379,4.842773730724864,4.539962958904674,4.572381640902294,8.577595174848273,3.9970109080928204
2025-03-10,5.261195312286286,4.821195064928704,4.5314060187174166,4.563645536777638,8.493154229404263,3.9939234312312113
2025-03-11,5.159771285904815,4.734520097408825,4.458660454959542,4.490027318787372,8.243677228048671,3.915779705445243
2025-03-12,5.206261590073305,4.7821147486116224,4.507778154569409,4.539195291874587,8.434630501878361,3.998134065714207
2025-03-13,5.196080378784892,4.762810701659141,4.476918905221773,4.508577939317872,8.449763566882147,3.9696474975983285
2025-03-14,5.21446746432212,4.7787501586333105,4.488657601363116,4.520175884487086,8.467831108846338,4.014410703496357
2025-03-17,5.241892806573405,4.803324559612265,4.504442461804732,4.536296631154885,8.509052200111698,4.023821765241703
2025-03-18,5.297548013222167,4.853943799927692,4.5525208973414095,4.584839170764813,8.590412692099108,4.028819510530604
2025-03-19,5.202468793283479,4.775222620751178,4.491070171170512,4.522707795667014,8.42462029020984,3.999040873943102
2025-03-20,5.308523272194388,4.867346791820429,4.561206462192426,4.593180277313202,8.553684927764554,4.107122655602799
2025-03-21,5.308408419521176,4.864500577743518,4.554279796188889,4.586412451675914,8.574794668105286,4.13374436837938
2025-03-24,5.2431600663426146,4.808411704142618,4.503497625078544,4.53511665588348,8.358721001804536,4.099879917011358
2025-03-25,5.26309675370266,4.821493579753682,4.512302194131496,4.544373205163233,8.535381955280064,4.077932918640159
2025-03-26,5.294635042104436,4.849766855825352,4.539890523668882,4.572161666131728,8.56348848646096,4.103273726839236
2025-03-27,5.215339477670602,4.78481692423913,4.4896092771639085,4.521143027235765,8.347908550667006,4.0704604886679885
2025-03-28,5.06246024953485,4.655989341054697,4.383946933589907,4.414560052411549,8.032398536816956,3.9535388492353545
2025-03-31,4.751867222870002,4.390805210434153,4.163142305948235,4.19186462092158,7.509213084506595,3.7169907577024026
2025-04-01,4.851600173750224,4.486310366763659,4.249176404904842,4.2782557788373925,7.636986143305645,3.7920392309812234
2025-04-02,4.880439314248405,4.51226460930551,4.279492639258089,4.30852976977724,7.617977351777024,3.8273652396928726
2025-04-07,4.396639540659851,4.064954919379732,3.8553121805572665,3.88147402549489,6.86389656680373,3.4472175114545687
2025-04-08,4.044025836304209,3.7502025857610928,3.550500067557957,3.574247343781363,6.242569555987513,3.182622257656963
2025-04-09,3.7004307313028337,3.4366183033268105,3.2473126640928833,3.2687759310995315,5.648447115171132,2.9203649627237196
2025-04-10,4.067162453738531,3.7772774993170937,3.569270412760512,3.5928622835088055,6.208237900638202,3.2096113113113933
2025-04-11,4.259515345588354,3.9502370264244706,3.7136290972913586,3.7381952358655104,6.501019612786413,3.3221324427869035
2025-04-14,4.380580015292733,4.059605130710301,3.8209222153432414,3.8461085589972184,6.686166658872428,3.427629005273823
2025-04-15,4.537370086195531,4.192957919576532,3.9493009991805557,3.976117141533125,7.097428178511298,3.5376506013652893
2025-04-16,4.408835297491744,4.082751319684116,3.8526871638595632,3.8786896917026104,6.888827051414864,3.449635708310252
2025-04-17,4.384226495107071,4.056609206527201,3.8209228680336578,3.8466519285996923,6.829971725077926,3.4329860206778218
2025-04-18,4.413529604310176,4.081911307281217,3.8448340958273923,3.8709260708038933,6.922599936351559,3.4446605824667924
2025-04-21,4.295881618539268,3.9813883537947365,3.7468725476126465,3.771924866243552,6.643406446630235,3.350503258367803
2025-04-22,4.22525479042449,3.914190161702656,3.6886880545019305,3.71329130068492,6.505982209555611,3.3176182453995886
2025-04-23,4.416059211897153,4.08599282993083,3.8403521004759553,3.866273831644373,6.868595804801897,3.4341790738796654
2025-04-24,4.388847819610955,4.0578878196745825,3.816009990475461,3.8419370473750596,6.88525719385575,3.396257897829544
2025-04-25,4.540806477180051,4.1947437792496345,3.939487087405227,3.966230695136103,7.103720914000712,3.5044765202959103
2025-04-28,4.585713245081552,4.234362638660735,3.9747991532078037,4.0018743117984386,7.176070244722846,3.5475312171353135
2025-04-29,4.637712640020454,4.280601263081427,4.018360593383839,4.045833001720665,7.28645281753887,3.582454500664479
2025-04-30,4.584187627284908,4.238316213334935,3.979647636262038,4.006729814999416,7.198506139935604,3.5428099954987418
2025-05-02,4.74899268091266,4.383119907202702,4.100681575311858,4.1287296433249185,7.48909371127865,3.659157465788466
2025-05-05,4.656607493417301,4.297172023230941,4.009645260123524,4.036504157586921,7.261055853762712,3.589403334880894
2025-05-06,4.727158286463455,4.3611294585589935,4.071294256836765,4.0985908774383955,7.3604433020285605,3.645832634251547
2025-05-07,4.706402528091096,4.341465619747934,4.052186101438421,4.079623085483492,7.371834340227933,3.612291038260277
2025-05-08,4.779460562875046,4.406027085497008,4.115438484474167,4.143092885951762,7.385542318530517,3.6814427401343415
2025-05-09,4.859679793790795,4.472433602585517,4.177896230288783,4.206986302584051,7.6938847484347415,3.71734006641323
2025-05-12,4.979668049849674,4.58156334866986,4.285750264876669,4.315308336575623,7.782164591981974,3.8543602049412646
2025-05-13,5.0539852337677535,4.6537852677487574,4.365078462151099,4.394932387456498,7.855875850503617,3.8991166059510243
2025-05-14,5.220759060998186,4.798517081140146,4.493678923995704,4.524639027527823,8.133537095385925,4.0094412562411526
2025-05-15,5.234043141128515,4.809602589032223,4.504416748878839,4.535615965306167,8.173752980857744,4.001103002420956
2025-05-16,5.2658832515353104,4.839714835172936,4.527023567156414,4.558424072794238,8.259646809786089,4.00928290983362
2025-05-19,5.133425135561356,4.721777869076281,4.419115161303973,4.449701460558074,8.048134687819575,3.9187336445444374
2025-05-20,5.1848764001719685,4.767628866328131,4.469043411927857,4.49971878426934,8.06494779347684,3.953188098327997
2025-05-21,5.300799393042256,4.873203397360874,4.564672273771323,4.596098555721201,8.247553979574795,4.0460502358292985
2025-05-22,5.294425317385245,4.868984277512312,4.559436009647927,4.590902808122144,8.25964570351256,4.032447271378853
2025-05-23,5.274995388950463,4.847959763341796,4.540359423430366,4.572032700847705,8.304842355646377,4.019264247325725
2025-05-26,5.261271105948416,4.833513659261748,4.526829915013624,4.558607656431468,8.295278559637351,4.012346525088277
2025-05-27,5.216517692209379,4.791534554150913,4.484522237455409,4.515797957501213,8.177632346213324,3.998584061648624
2025-05-28,5.2495411367633675,4.822763886843573,4.515332725743938,4.546527971069331,8.187995966010462,4.024326390563036
2025-05-29,5.293350387299648,4.859245725977559,4.55579759092765,4.587054485166418,8.234523928972436,4.04709619892966
2025-06-02,5.205336338444822,4.7829779828487835,4.487321846967812,4.517815972022479,8.076623358323296,3.9507417820038655
2025-06-03,5.289999106842737,4.864509082969821,4.564668881861036,4.595399120986923,8.16249059257291,4.03596142261692
2025-06-04,5.403144525607106,4.963271025858454,4.654428697815187,4.6856362747657,8.283160780399642,4.116551287821505
2025-06-05,5.417046513260378,4.973247594595682,4.663770371170937,4.694905726847028,8.279141542528277,4.124260925388529
2025-06-06,5.403929454016047,4.961215884349901,4.656699714865917,4.687973552987877,8.291310639475082,4.115003042470128
2025-06-09,5.450244530647324,5.007889514559466,4.708147112382161,4.739955373104289,8.364911885155468,4.160681148964836
2025-06-10,5.575203973002378,5.115549675525764,4.8048950242286175,4.837289671080381,8.573261230362476,4.23736448141424
2025-06-11,5.6456360852954335,5.174120014441156,4.8614964034445505,4.89451762003306,8.694913392935211,4.278204896450413
2025-06-12,5.665586596968502,5.1882107886995215,4.874446191488173,4.907664321597273,8.762443104516123,4.280367363290719
2025-06-13,5.642916560867097,5.167775298854915,4.845294106415574,4.87807477159807,8.7333743429899,4.255634662104198
2025-06-16,5.687096375393789,5.202873584297892,4.883552907393199,4.917490269621715,8.995152537800628,4.288070077896093
2025-06-17,5.704807153107707,5.21475609257408,4.897761459729645,4.931937911023909,9.054239889226581,4.2856356408853005
2025-06-18,5.72538167095111,5.237546286110125,4.925542738680465,4.959525057853167,9.036904471643293,4.321885698167801
2025-06-19,5.6574591148448885,5.171659315147032,4.8605432011611,4.894039545547652,8.916648771068004,4.255513183888232
2025-06-20,5.587183507055505,5.112635924464071,4.798698790299201,4.831382460467475,8.74251314405374,4.215090461002278
2025-06-23,5.597858966861645,5.123024716912067,4.811531133664564,4.843988957498938,8.709736519118985,4.260096747076322
2025-06-24,5.712640930145298,5.227740833416805,4.9029453738278495,4.936054522671432,8.881147812108573,4.340486011386721
2025-06-25,5.758321520776722,5.267520759980684,4.933102697601037,4.966137734349416,8.864897463545315,4.38349077449982
2025-06-26,5.7337952151627665,5.24367465744371,4.9107447433568145,4.944068529062028,8.88165896466911,4.361298571330647
2025-06-27,5.751769027842084,5.26023316283678,4.922976605911899,4.956263789691004,8.864490455948422,4.3771367356183095
2025-06-30,5.712779156212572,5.221794521234264,4.889391191476927,4.922303660511107,8.781005929691679,4.370984067478369
2025-07-01,5.743640030093589,5.250297575197848,4.911316067868135,4.944565912439735,8.818597484424123,4.394811896395308
2025-07-02,5.7457395335374875,5.2516546971016815,4.911837472003377,4.945151187904961,8.834634207057544,4.396955854231985
2025-07-03,5.795663576267313,5.296004324445297,4.946119491684944,4.979790995448459,8.922272864566105,4.429595838012039
2025-07-04,5.751207047692276,5.253134476018059,4.901513320413252,4.935181035811072,8.895967825311123,4.375933405301047
2025-07-07,5.685347538548975,5.197326296512546,4.842713474567497,4.875558154808948,8.704424823652564,4.331059790758489
2025-07-08,5.713161474641748,5.218879484573475,4.856538073642746,4.889888709328247,8.87025579685201,4.3470806942902325
2025-07-09,5.805660707435067,5.301579726190715,4.9560939693504285,4.990425900484595,9.077651086273626,4.436330009445423
2025-07-10,5.845533574455221,5.34227781357241,5.013236622291825,5.047737971245558,9.05676986291047,4.521291069012118
2025-07-11,5.827769940892827,5.332191525747999,5.019471534803517,5.053762172886395,8.970186978018798,4.5514474207065385
2025-07-14,5.768116255904814,5.279546402891242,4.97752133704526,5.01129166760116,8.844281588951052,4.522391166172763
2025-07-15,5.8946484381215045,5.391722523908176,5.08034906575143,5.1150032451996115,9.078666548932912,4.653129621900764
2025-07-16,5.346775344460205,4.891186872375902,4.698133074197121,4.728367243823881,8.022222531584722,4.158312408991209
2025-07-17,5.8564832765241235,5.359966436002099,5.077467702249816,5.112004091798683,9.02200949581919,4.616499574719811
2025-07-18,5.944493250547806,5.432695402410178,5.141360768059259,5.17676437472657,9.233158791460902,4.673670020362727
2025-07-21,5.934671753638488,5.426122002628293,5.145391936911204,5.180968326896983,9.260306808675018,4.691076493102352
2025-07-22,5.809671413718318,5.315876169428961,5.03454477252064,5.069352212950624,9.050253367022174,4.567240683231133
2025-07-23,5.88320594991671,5.385169830816586,5.098634443619012,5.13349428056915,9.101278714913938,4.669798331193453
2025-07-24,5.958448728707506,5.449838837110608,5.168172482149817,5.203947451767543,9.27001201914045,4.750534615808633
2025-07-25,5.942325171816766,5.436916829722041,5.1562312179216985,5.191942135277261,9.2609169600492,4.719350498557761
2025-07-28,6.018234932615853,5.504974464000925,5.226513089132942,5.262811952526467,9.411368552632966,4.822296733130891
2025-07-29,5.976213107594591,5.46653886372859,5.185010932766303,5.220805564612288,9.32630019510481,4.817998426334242
2025-07-30,5.981022671852007,5.476656187028502,5.207226369577083,5.243026461023676,9.313427941993764,4.802299897842435
2025-07-31,6.089540783574172,5.565769514151224,5.284546557536435,5.321543902968211,9.599794157295994,4.8413139429493866
2025-08-01,6.102586796920991,5.575827314422988,5.287600595682169,5.324700524397869,9.58698907539849,4.839518348416446
2025-08-04,6.022220290737408,5.507503982399701,5.2259771789116,5.262275683934937,9.411150461897055,4.7820180970694075
2025-08-05,6.125795503720342,5.601252145374912,5.305596488220434,5.342557144770539,9.559490895864101,4.856571385926081
2025-08-06,6.374154316870011,5.802468000321094,5.4649900883120806,5.505165621355758,10.112342258188942,5.000091383613632
2025-08-07,6.189693356558665,5.656103411074051,5.340977689710926,5.378728785520935,9.776529802154451,4.913408286031637
2025-08-08,6.292782150351178,5.748539009330808,5.416795855632233,5.45526476345283,9.955746941353285,4.984636468859293
2025-08-11,6.352349413275637,5.800177374758454,5.454943262070858,5.49405871084245,10.052697120658518,5.044086039616808
2025-08-12,6.419085211854227,5.85841581732741,5.516992845579873,5.556729532424375,10.128203693203965,5.060426465747957
2025-08-13,6.4425442235384605,5.878712571997705,5.535396511238229,5.575860792413143,10.271177924210093,5.053680350680775
2025-08-14,6.523921401816727,5.948839936820483,5.609629397764599,5.65146475021853,10.48646306853599,5.089504511485435
2025-08-15,6.577707085809922,5.99421965321232,5.638942891703767,5.682121688246029,10.710188058286338,5.133711283043576
2025-08-18,6.670039905586994,6.07551321949205,5.70440318784574,5.748441336863314,10.883084586347984,5.210382464035068
2025-08-19,6.539417664520398,5.960603674284756,5.599249835177262,5.641698782177604,10.585888544965172,5.142236595421902
2025-08-20,6.314170730693262,5.7652255282074085,5.431897225146576,5.471754436884623,10.098708689020272,5.029761082852389
2025-08-21,6.437940626408493,5.873494464934187,5.525081717862777,5.566644798507359,10.409824745283302,5.088110314709757
2025-08-22,6.371595719143761,5.816304775422106,5.470387123811337,5.511141381332244,10.240137564573724,5.058367275460964
2025-08-25,6.556817632401408,5.974416268107039,5.614254045060088,5.656455925426806,10.484413670882274,5.210633225111816
2025-08-26,6.602823553491525,6.013232771500642,5.646338967140004,5.688548501426612,10.472986512434481,5.272640764049129
2025-08-27,6.700022241125583,6.099368221853707,5.721313135688634,5.764719419169072,10.729400675890618,5.320469331139795
2025-08-28,6.649389166545993,6.055584820782372,5.677957916952699,5.720946419770458,10.687370058127225,5.281962597277116
2025-08-29,6.747649022674143,6.137703432544927,5.747407029532422,5.791361355667885,10.969558311688653,5.3479556743753145
2025-09-01,6.561133093546483,5.973734040576911,5.5961561883543816,5.6379858443547155,10.50619229461589,5.204977556155215
2025-09-02,6.518600618953468,5.940377603688408,5.57297424264668,5.614216320560043,10.355757939873738,5.205371289463897
2025-09-03,6.562349854187174,5.975367329888833,5.608040601818688,5.64979525481938,10.455092107077506,5.219057440213937
2025-09-04,6.570768134422737,5.981985171152487,5.600358074054751,5.641248912655801,10.381555240913126,5.250816821656533
2025-09-05,6.742100323949299,6.138564533709501,5.750951073108999,5.793067047155025,10.6870091872742,5.34653075209998
2025-09-08,6.814581413706606,6.204729478488212,5.822435407361559,5.864604992523064,10.707722974669519,5.4165310828909945
2025-09-09,6.876229990861415,6.267327942741485,5.863219617603972,5.906176034095616,10.896866930987404,5.461258999342936
2025-09-10,6.67253512690612,6.090161178431921,5.750698173740436,5.792253068408077,10.549658067223211,5.383274803387913
2025-09-11,6.965956344410966,6.34426304326217,5.929096256815737,5.973524616310586,11.165246268532616,5.478964863493786
2025-09-12,6.981879588491835,6.362901285009286,5.959917496315067,6.00388042874228,11.14116631112358,5.508844354689337
2025-09-15,6.926163837548413,6.314587689579636,5.928959446531707,5.971580596696545,10.923722147325844,5.45454950548766
2025-09-16,6.985061906222636,6.369770936227233,5.9750771255063775,6.017565991448221,10.978895468216495,5.503899123702642
2025-09-17,6.961049449733283,6.345050476090864,5.96686379527224,6.009481579249875,10.981553154284917,5.460160852966141
2025-09-18,7.098227345621096,6.471112343868982,6.079135534544938,6.122007304655725,11.136204582764927,5.559895281401946
2025-09-19,7.174541333052821,6.541046690852465,6.151653274593887,6.194579466719731,11.168240744529514,5.668414121434662
2025-09-22,7.256785659670737,6.616215943742392,6.226633104090268,6.270401230836326,11.354287389362245,5.741964900946282
2025-09-23,7.281136421001344,6.637752238593459,6.2401169497067865,6.284262909199966,11.437088245436982,5.77941749528862
2025-09-24,7.196851948538802,6.56321504117294,6.167078422376725,6.210596454432965,11.325822740646093,5.752092604125762
2025-09-25,7.108052049351615,6.488296904342465,6.095464829413362,6.138021430046772,11.087966084829828,5.706165389852501
2025-09-26,6.923343763013661,6.322202157812718,5.942547978311284,5.984377587303101,10.869923295608098,5.537977132749912
2025-09-30,7.139008339349194,6.512871978995928,6.126784601852828,6.17002667561622,11.172255294487655,5.656545644976336
2025-10-01,7.166425483964262,6.531954587137481,6.148210134734074,6.1919359238494005,11.279119747011109,5.6659404140273315
2025-10-02,7.271576226439145,6.626006007318762,6.258630461955082,6.302785691005067,11.401818969525241,5.730568179708783
2025-10-03,7.39020958570894,6.730659614604479,6.357578574758994,6.402518739880577,11.576655334668464,5.838606248923852
2025-10-07,7.51171157950471,6.843994607931453,6.4877548038978325,6.533644721706596,11.924175612666915,5.998704361060508
2025-10-08,7.515000132723135,6.844042259743502,6.479682609673866,6.525218516061317,11.813873564822167,6.000324576372036
2025-10-09,7.551150544161607,6.872962582637775,6.50590120466711,6.551556028725534,11.88631783060354,6.029349468000105
2025-10-13,7.41259747448922,6.747970257412296,6.380650966425544,6.425245602433398,11.617246267662141,5.902762785061689
2025-10-14,7.23447835198744,6.596476330113608,6.2188893848623845,6.261298346667099,11.138303240943555,5.766868918229434
2025-10-15,7.368237865982422,6.71403262382567,6.341150786882036,6.385246068893435,11.429000087901825,5.885797028207421
2025-10-16,7.515353480888465,6.848286825180941,6.482782093833276,6.526885680310673,11.500084843319705,6.064934115713436
2025-10-17,7.459182172386041,6.797252192392517,6.433688123630618,6.476790766301733,11.301840988554096,6.052663779553071
2025-10-20,7.59320039696881,6.912164041228581,6.538553581948202,6.582916578544836,11.564448192009227,6.166720087899092
2025-10-21,7.642406547606912,6.953097638216735,6.567708190634201,6.612152234447527,11.58043512486316,6.23071014248641
2025-10-22,7.62882724554298,6.942383463817214,6.560698565035077,6.604613878962894,11.508579119172877,6.242143772709302
2025-10-23,7.601293034249164,6.920878800416074,6.539474673081484,6.582873950404745,11.38242273197181,6.287066485177603
2025-10-27,7.804003154884702,7.09857710800547,6.706477927269055,6.751292514679343,11.754028587786982,6.474339434036289
2025-10-28,7.950957733406938,7.2144662987422,6.821178415683186,6.867919225669436,12.217646287744596,6.522821824308363
2025-10-29,8.052916194033573,7.3064781095462115,6.902157949644133,6.949412793894935,12.296659834863766,6.638454234367747
2025-10-30,8.103713357144155,7.35510705705099,6.969866666090347,7.017111520009615,12.266480442373192,6.651562138138294
2025-10-31,8.221414070003407,7.45311665571746,7.06171553043376,7.110927989722351,12.673012963384439,6.751013423445841
2025-11-03,8.354511742605457,7.56007575730176,7.146457739681582,7.1974577713305585,13.172423706661219,6.824586922528783
2025-11-04,8.149708395553441,7.386223655919037,6.985035273315944,7.0343554336534675,12.803905019520936,6.675410646464451
2025-11-05,8.08577861330782,7.327821661335261,6.940239463174004,6.98939426726183,12.707877934447872,6.617739721402447
2025-11-06,8.244808266136701,7.459133930639001,7.068153292973089,7.118583238103243,12.835457135252037,6.699974758042675
2025-11-07,8.08882136590368,7.318494619635003,6.941007427306071,6.990113552335045,12.459227491272392,6.576130244000684
2025-11-10,8.228972720953546,7.431369714792701,7.052143877491461,7.102832113547893,12.714219828091892,6.655083029687918
2025-11-11,8.24607560240739,7.445245202595826,7.064913148379313,7.115723199013401,12.656401051285908,6.68474728584712
2025-11-12,8.288098866163207,7.482044495519374,7.0901137090872615,7.141850588587427,12.9122611245407,6.6776090988579515
2025-11-13,8.389012326684732,7.565404923714032,7.157038190598382,7.209453166999328,12.95081700529775,6.763942447522358
2025-11-14,8.215791329442752,7.413051558921085,7.009420486109816,7.0605447934230305,12.695722696706643,6.5980965167144285
2025-11-17,8.275335818272682,7.450506661433527,7.041412207663176,7.0937977035199955,12.836911746010319,6.585589395139897
2025-11-18,7.9916560140509505,7.2125512412906065,6.81635416633646,6.866004432841897,12.258802925434132,6.448416856696691
2025-11-19,7.918502893261925,7.147645384012321,6.744052631174204,6.792911558415395,12.121004928942927,6.405567345313436
2025-11-20,8.188611282159412,7.383753130082678,6.9511238010534235,7.002866037996889,12.887667904724747,6.585225968160743
2025-11-21,7.857065690911113,7.098501174992236,6.678833465044568,6.727732984359871,12.329232517547341,6.3476153838147455
2025-11-24,7.971242355865749,7.196618021482603,6.77523328901891,6.82483950422454,12.381031858697295,6.429843274639298
2025-11-25,8.109210565960968,7.305917926017887,6.867173463020211,6.918120618121079,12.566027470217886,6.471885464619821
2025-11-26,8.247784289534092,7.433251253054172,6.98166099508075,7.032649324306391,12.501571467946397,6.630522126297552
2025-11-27,8.4143337930085,7.57314544172784,7.108619529858023,7.161171472377866,12.854246127176244,6.771227338713885
2025-11-28,8.518547961515843,7.65963814012426,7.1923729922305535,7.246214063876581,13.107914012551456,6.809679344236772
2025-12-01,8.43449030065607,7.58866850667067,7.138540328863683,7.191360501324387,12.80822988309945,6.7569126286579655
2025-12-02,8.426280798236522,7.584054413096719,7.124506894402776,7.177159978166267,12.792884718719547,6.758639176782474
2025-12-03,8.456328374608683,7.612273204486001,7.152039411597993,7.20487226183937,12.8726239974462,6.824515055653122
2025-12-04,8.443163687298966,7.603573467784126,7.137659947707369,7.190409065803787,12.915681915781297,6.817622414518695
2025-12-05,8.575341593451977,7.713795051861722,7.231993683669747,7.285714217690654,13.028171016655866,6.9121731498969465
2025-12-08,8.645116270144907,7.77194679146207,7.298779808254764,7.353392532615914,13.20750850216137,6.956983460846873
2025-12-09,8.69339382936261,7.812601267106689,7.325459342383774,7.380955472460359,13.3803472093276,6.984395561580477
2025-12-10,8.790639894916794,7.892929475017238,7.382606376164054,7.4392435189361175,13.829531938071801,7.0481647798541385
2025-12-11,8.734316019176322,7.839954457389605,7.33835979536391,7.394893042346723,13.804619357336366,6.998770562398244
2025-12-12,8.811539331216533,7.902859590760732,7.388021825749889,7.444932353826291,13.717803385900215,7.050753345438455
2025-12-15,8.705638343643527,7.810346368001291,7.305341140279847,7.361711709478591,13.63220418178806,6.9405072444584235
2025-12-16,8.491005577094164,7.63023120740607,7.148327524545551,7.202162757465019,13.03613429803406,6.801938485590993
2025-12-17,8.480088240309248,7.629867922659511,7.155158744541292,7.208862681700572,12.90811375621093,6.782864672152179
2025-12-18,8.42348182501452,7.582312576164074,7.11031082348073,7.163832732166341,12.906256529367866,6.741068430611144
2025-12-19,8.585534561439111,7.726186268708959,7.238702218131061,7.293400207248624,13.1579976327616,6.896604022911294
2025-12-22,8.774733421346466,7.8921089475295485,7.39700797713295,7.453453069118394,13.519858249178101,7.032686066109135
2025-12-23,8.819087155026912,7.926152358024105,7.428936146348054,7.485862226915999,13.572859032034506,7.055174283333366
2025-12-24,8.935857699053598,8.020283309527333,7.521032137703373,7.5798696734607915,13.93819345364438,7.048742457736272
2025-12-26,9.016150952303487,8.089353083800335,7.593686026595671,7.652996975731207,14.03667960276538,7.122763084139987
2025-12-29,9.082404911814692,8.154958835201892,7.668483886472819,7.7283504669222935,14.221478022929231,7.228754731671804
2025-12-30,9.1420380509292,8.199223914351649,7.72341260994464,7.783804956904981,14.20407028257583,7.24960153403324
2025-12-31,9.19393484722191,8.248538356429286,7.772770663507105,7.833504593699381,14.263832818473935,7.290102465236222
2026-01-02,9.263142409991534,8.31306423876067,7.83264473759723,7.893952192378968,14.464265437975566,7.394171146200309
2026-01-05,9.24092396185637,8.296967417493436,7.809826077170096,7.87049106452098,14.233385817557103,7.447951352922739
2026-01-06,9.357862353966292,8.394902433256334,7.9087611326197385,7.9713683821993095,14.59677946749164,7.512787871295022
2026-01-07,9.341715509959743,8.39580662537315,7.918174738505701,7.980492428438135,14.553022957022094,7.488188951842994
2026-01-08,9.24069748810523,8.301069608874652,7.825350090745183,7.887590462394337,14.38801997153678,7.413642272421074
2026-01-09,9.222643472998925,8.290602185017505,7.82753170653991,7.888814220653403,14.249138994600756,7.406422876202458
2026-01-12,9.318820461788329,8.37068999692018,7.905531045056304,7.9686185830540195,14.535493644305978,7.420510863373676
2026-01-13,9.23619530497594,8.309101793898924,7.855738542244838,7.9178336546923935,14.343083399030462,7.385619987083332
2026-01-14,9.402614807597029,8.450740554804673,7.985506527893603,8.04913901971658,14.707504919613717,7.463805976873574
2026-01-15,9.361632699769842,8.418135093488855,7.959555217308399,8.023363149401284,14.703187991506972,7.4297859314538375
2026-01-16,9.489168231494832,8.534484311748923,8.07557425315995,8.14118143978575,15.064303932256816,7.535662061843156
2026-01-19,9.498678921715578,8.542916817673403,8.08288840713237,8.149315581557055,15.285348592439105,7.535509470898108
2026-01-20,9.627383139440639,8.656473937532715,8.17546374475351,8.242917305821921,15.565385363729789,7.568734980517684
2026-01-21,9.453386049429392,8.511327822536323,8.037061248093195,8.102296524763428,15.08550823190835,7.4954175424051135
2026-01-22,9.710405219597606,8.728311411429594,8.240729068529674,8.308750865362367,15.569681285728553,7.614868354227959
2026-01-23,9.796771458494696,8.796715259073824,8.29812149934519,8.366619173329793,15.646035342510089,7.643070643786432
2026-01-26,9.855205569865543,8.852469841462538,8.356116838397384,8.425874806011615,15.868928061109349,7.680407326364865
2026-01-27,9.967252543549833,8.944377489599045,8.427572448738355,8.498886008080392,16.22245752653023,7.714793414910354
2026-01-28,10.1617304275333,9.103087682644661,8.572335511273623,8.64650740810826,16.65610056460426,7.807004099550971
2026-01-29,10.056659025793156,9.000887514775652,8.49008776302699,8.563764771576214,16.365820011941384,7.727149371029227
2026-01-30,9.875253527571587,8.825681820700115,8.319772938444975,8.393143121716141,16.313035980772973,7.561448105393167
2026-02-02,9.693420200100947,8.66662597504343,8.16376233218424,8.234523861807784,15.701370447759793,7.450953065254734
2026-02-03,9.953012445082845,8.890114606536992,8.361369590614169,8.43350669931776,16.038915199018295,7.620605593957812
2026-02-04,10.083231371489209,8.997100145736328,8.471996541476697,8.546277792023318,16.487445632927322,7.686136868106671
2026-02-05,9.798308048417319,8.760442349050468,8.259804080998219,8.331217882856842,15.870301747605863,7.502688918564313
2026-02-06,9.702891761880151,8.688938844443333,8.193483061479101,8.263129897409588,15.484177075881833,7.529804436911529
2026-02-09,9.984034722147673,8.92378207553102,8.40570992207037,8.478846028676095,16.102868438628104,7.700727813812238
2026-02-10,10.160312094360714,9.068257647630453,8.505909755630968,8.579504736700702,16.329845857455595,7.803654090559629
2026-02-11,10.257349027832875,9.155830294070403,8.585238633327874,8.660562306428714,16.72988433599465,7.861511681645989
2026-02-23,10.402844794100874,9.280565840604753,8.697936762704572,8.774852975938174,17.1346903385165,7.979928712779628
2026-02-24,10.700644336690063,9.53859462960157,8.940583035386283,9.020960535636226,17.891519249389503,8.239125788131279
2026-02-25,10.926703035500461,9.731657551330393,9.116679668113875,9.197926747164582,18.04279109496757,8.425931809701352
2026-02-26,11.062360949696153,9.845842010318863,9.23664930169067,9.318397997117154,18.206486438937752,8.510916014090684
2026-03-02,11.034252998479255,9.811231840990748,9.184373611372775,9.265942547401433,18.09305242082437,8.466385252630376
2026-03-03,10.872263050853602,9.67144976959568,9.040821748956294,9.119101545174376,17.4736422434558,8.338284491624492
2026-03-04,10.220555390400442,9.102776679976213,8.499504559446542,8.572666222644278,16.458195431820965,7.8255085262007
2026-03-05,10.558310225560968,9.39055018113663,8.766670758412626,8.843649842192155,17.13371680195907,8.071250750301102
2026-03-06,10.548723168859162,9.383613312741241,8.75508496135637,8.831362865245673,17.013937606366547,8.038377617911182
2026-03-09,9.91769272472829,8.853719948533094,8.254433000405276,8.324188948543519,15.708768760837037,7.593698490393963
2026-03-10,10.208835754147945,9.095948632387868,8.485039003771682,8.55854128352851,16.363703869297904,7.778834842307208
2026-03-11,10.750154909833016,9.55500236163633,8.91428019891192,8.992880883451061,17.428980520807325,8.140172101494858
2026-03-12,10.702310621268111,9.513550625603557,8.873029834441168,8.951209767054726,17.396137011939874,8.060571501599606
2026-03-13,10.732186511818533,9.53757362397373,8.896602054827687,8.976028744301079,17.720294186809685,8.054890846538665
2026-03-16,10.845177899985774,9.625343266988242,8.96082323598898,9.042656521109242,18.17634667369437,8.070708652859354
2026-03-17,11.002132866211412,9.760746333065836,9.093166467933575,9.176315764903832,18.572623720528163,8.163356823001065
2026-03-18,11.220429911313154,9.937152446636679,9.251393232898446,9.33726939442942,19.04997338039814,8.251001634325098
2026-03-19,11.177868120933168,9.877596198942221,9.191317832699971,9.277983213864758,19.137264960079193,8.103624042122705
2026-03-20,11.103613332763066,9.819751915391704,9.14504232359184,9.228980459508442,18.436787092645567,8.122884813680052
2026-03-23,10.65696554701266,9.434666048554362,8.778046688633285,8.85831844651089,17.65283178192462,7.795082997968484
2026-03-24,10.5527447955987,9.354500304618767,8.698297460339655,8.776677210761694,17.311645913120287,7.773815600481198
2026-03-25,10.923813703858114,9.665543024472852,8.973349598625468,9.055255001378542,18.031079333811196,8.00868009278779
2026-03-26,10.858382026074096,9.606988935336219,8.913599248228511,8.995018885774055,18.165845538420204,7.922364225102397
2026-03-27,10.79834775140647,9.558221455396065,8.863291245986199,8.943712762180022,17.99914976545212,7.870894720200848
2026-03-30,10.59277937892009,9.381120551874368,8.693729191400625,8.773205650012702,17.786371147876174,7.697987860139751
2026-03-31,10.096847551735554,8.96893838486513,8.318605867768378,8.393284180949305,16.8631329010224,7.379132122061367
2026-04-01,10.656674524346995,9.43148149932459,8.719635200502433,8.799765419574996,18.013444316141463,7.682687551880796
2026-04-02,10.472670540816994,9.270864664001909,8.585436937181564,8.66452391322655,17.713120638058083,7.537079777882715
2026-04-07,10.665196354605209,9.425734989856892,8.728996553605334,8.810538523869951,18.34920507633703,7.622450130627694
2026-04-08,11.300572869303693,9.954801215762318,9.177983955903564,9.266266565650277,19.79940651937638,8.03378673337308
2026-04-09,11.401239290283934,10.033320123249048,9.235571807796163,9.324407156772404,19.89158565622953,8.08051064615451
2026-04-10,11.609200416404558,10.197023457932472,9.35177323456181,9.442471809281974,20.397492387093823,8.24768072330617
2026-04-13,11.614752702929158,10.199472366488239,9.351429147348298,9.442492905615433,20.42848926942988,8.30373928849648
2026-04-14,11.87337199273731,10.425894700011757,9.575171293918496,9.66866713960067,20.82037594038462,8.560037830092911
2026-04-15,12.082184445301449,10.60358435816697,9.7436720749453,9.838701075421564,21.082581008855108,8.746524845690635
2026-04-16,12.325501597105001,10.813250461928087,9.928903916165835,10.025488978283459,21.381838680504988,8.903969192227152
2026-04-17,12.434872669547788,10.879790816594078,9.966296303282242,10.064482291630249,21.65499810149726,8.88615331459964
2026-04-20,12.720392298203214,11.100076405331562,10.164716330187538,10.266192941494701,22.210558588311084,9.018553395621902
2026-04-21,13.005501247144274,11.333836932019166,10.346459379301892,10.45025638041803,22.684574084890507,9.193258512482728
2026-04-22,13.106350813635315,11.431219137972093,10.430118158660886,10.534169820024806,22.664788998231124,9.256845320302169
2026-04-23,12.74343881244444,11.129100957591332,10.17214911969111,10.273510128959265,22.173402843965093,8.962472908271796
2026-04-24,13.074510605298416,11.417511022504465,10.42878286890091,10.532492970253536,22.700868467608903,9.221223489585531
2026-04-27,13.102286839358062,11.45554624394341,10.478874085360973,10.583341738905185,22.890990508739765,9.360376829702616
2026-04-28,13.202843788255368,11.519070169511194,10.52848587501296,10.634950341344545,23.261885011936588,9.37700085348386
2026-04-29,13.235424159290092,11.534098757554897,10.54767138358213,10.654883432407674,23.306520482287993,9.315486906521057
2026-04-30,13.259088521906575,11.53198556285704,10.532540576404855,10.640539188425585,23.556651259412284,9.261657791002914
