date,sigma_252,ann_emp_drag_2x,ann_theory_drag_2x,ann_emp_drag_inv,ann_theory_drag_inv
2005-03-22,0.02020376270780253,0.10723611254844301,0.10286439094340442,0.10305994129922186,0.10286439094340442
2005-03-23,0.020177770038416674,0.1069993020871291,0.10259988573825286,0.10281436815437876,0.10259988573825286
2005-03-24,0.02017784880872111,0.10700034622729593,0.10260068680199719,0.10281540596432902,0.10260068680199719
2005-03-25,0.020180042687539472,0.1070209229142205,0.10262299896347066,0.10283655148086497,0.10262299896347066
2005-03-28,0.020166968283393705,0.10687660653187392,0.10249006565533872,0.10269590841038928,0.10249006565533872
2005-03-29,0.020162854498158755,0.10683183633233029,0.10244825678150803,0.10265266026901537,0.10244825678150803
2005-03-30,0.020161807705604835,0.10682356208170485,0.1024376194693622,0.10264433782391376,0.1024376194693622
2005-03-31,0.020160666365597733,0.10678704717524812,0.10242602201284581,0.10261460353752994,0.10242602201284581
2005-04-01,0.020160507732405516,0.10678610090763513,0.10242441015115242,0.10261365542623874,0.10242441015115242
2005-04-04,0.020127890415441583,0.10643259566581767,0.10209325708915833,0.10227313849110303,0.10209325708915833
2005-04-06,0.02010380892699665,0.10617408875211809,0.10184910961004394,0.10202279972322068,0.10184910961004394
2005-04-07,0.020088220675486518,0.10600851080275403,0.10169122569657509,0.10186173302697159,0.10169122569657509
2005-04-08,0.020089041727029355,0.10601619299558729,0.1016995385726023,0.10186947334880495,0.1016995385726023
2005-04-11,0.019980027588412372,0.10500510467437058,0.10059877861329732,0.10078973433793252,0.10059877861329732
2005-04-12,0.01997790250705654,0.10498537116333051,0.10057738032252693,0.10076970544883249,0.10057738032252693
2005-04-13,0.019485879658630172,0.09930501194869921,0.09568427552979551,0.09585880839195804,0.09568427552979551
2005-04-14,0.019440100868377056,0.09883659260502119,0.09523521548671393,0.09541132854508456,0.09523521548671393
2005-04-15,0.01944210900013878,0.0988645193384276,0.09525489179806589,0.09543181710743855,0.09525489179806589
2005-04-18,0.01952370623319021,0.09971734477586713,0.09605612648013737,0.09623613558374394,0.09605612648013737
2005-04-19,0.019528534877838462,0.09976194273146466,0.09610364596768822,0.09628133617938416,0.09610364596768822
2005-04-20,0.019287869280106493,0.09767290812307688,0.0937495191443519,0.09396502617687201,0.0937495191443519
2005-04-21,0.01929406346509265,0.09772846402248486,0.09380974301874577,0.09402168571282672,0.09380974301874577
2005-04-22,0.01929079496577865,0.09769085785824783,0.09377796214375117,0.09398458916950198,0.09377796214375117
2005-04-25,0.019291391303963127,0.09768861794317754,0.09378376016754128,0.09398315413226396,0.09378376016754128
2005-04-26,0.01929245289865915,0.09769819024471363,0.09379408218943941,0.09399286591527403,0.09379408218943941
2005-04-27,0.01923965795804411,0.09722303160461909,0.09328143846231757,0.09349627876472792,0.09328143846231757
2005-04-28,0.019240574204609527,0.09722862668824417,0.09329032332221755,0.09350192890837175,0.09329032332221755
2005-04-29,0.0192448872790096,0.09726503016678589,0.09333215296820994,0.09353879623973713,0.09333215296820994
2005-05-03,0.019243875166863586,0.09725608432632837,0.09332233632233292,0.09352974048254747,0.09332233632233292
2005-05-04,0.019213503029556364,0.09698706622279407,0.09302799206402644,0.09325113860187026,0.09302799206402644
2005-05-05,0.01927362270897101,0.09752371649558883,0.09361107814659629,0.09381384526254048,0.09361107814659629
2005-05-06,0.01926085168160989,0.09740939338606736,0.09348706269024558,0.09369703176822397,0.09348706269024558
2005-05-09,0.019223382016057965,0.09701930671070508,0.09312368086609579,0.09332213415821455,0.09312368086609579
2005-05-10,0.019199530154161364,0.09680428716459999,0.09289273345141896,0.09310066689238577,0.09289273345141896
2005-05-11,0.01919897193778533,0.09679842614951711,0.09288733191390289,0.09309488601971769,0.09288733191390289
2005-05-12,0.019199159863553104,0.09679956514254473,0.09288915034549965,0.0930960274477926,0.09288915034549965
2005-05-13,0.019200082944814158,0.09680791265669256,0.09289808264211137,0.09310455600387856,0.09289808264211137
2005-05-16,0.01918051784834289,0.0966072941990897,0.09270885076251124,0.09291016998385299,0.09270885076251124
2005-05-17,0.019188501460477195,0.09669764279854365,0.09278604425128133,0.09299734663707622,0.09278604425128133
2005-05-18,0.019185205724622255,0.09665685518491776,0.09275417391141179,0.0929577578434829,0.09275417391141179
2005-05-19,0.019257244262459696,0.09740936051441024,0.09345204705917728,0.09366556298407322,0.09345204705917728
2005-05-20,0.019193521488538912,0.0967464947789414,0.09283459931701327,0.09303604100511191,0.09283459931701327
2005-05-23,0.019149704331051218,0.09629312906302476,0.0924112163436038,0.09260847881260553,0.0924112163436038
2005-05-24,0.0190414977681858,0.09517071927050993,0.09136981658846786,0.09155932894978171,0.09136981658846786
2005-05-25,0.018986724132443573,0.09467754504637374,0.09084491470694182,0.09104304316684787,0.09084491470694182
2005-05-26,0.01873973876595269,0.09207385838251177,0.0884968078720698,0.08869343353670135,0.0884968078720698
2005-05-27,0.018728580399043855,0.0919720783409699,0.08839145038838932,0.08858819252322983,0.08839145038838932
2005-05-30,0.018703024576168608,0.09172590675367376,0.08815038833078526,0.08834957678434881,0.08815038833078526
2005-05-31,0.018702683648408304,0.09172261714931224,0.08814717466441471,0.08834626389499904,0.08814717466441471
2005-06-01,0.01867707549859957,0.09149227388605186,0.08790595359345786,0.08810457469970656,0.08790595359345786
2005-06-02,0.018670916664721645,0.09143138505953771,0.08784798853344708,0.08804738652354144,0.08784798853344708
2005-06-03,0.018636187727419002,0.09109452773983585,0.08752148823892386,0.08772847203935921,0.08752148823892386
2005-06-07,0.018102654264175178,0.08544095927155321,0.08258193503488145,0.0828389234526924,0.08258193503488145
2005-06-08,0.018075084789295967,0.08518862361145897,0.08233058991534009,0.0825777970102543,0.08233058991534009
2005-06-09,0.017534188018600596,0.08092432919025745,0.07747683286685245,0.07769606999279197,0.07747683286685245
2005-06-10,0.017539032925047254,0.08096880163624441,0.07751965433836469,0.07774129980028999,0.07751965433836469
2005-06-13,0.017529209893847122,0.08088512315725563,0.07743284627464206,0.077653929209943,0.07743284627464206
2005-06-15,0.0175288946960814,0.08088335600570097,0.07743006161511029,0.07765218447644719,0.07743006161511029
2005-06-16,0.017532769417540745,0.0809204840191184,0.07746429686906031,0.07769016578233212,0.07746429686906031
2005-06-17,0.017489092167622507,0.08055140410211242,0.07707882290159392,0.07730194250586529,0.07707882290159392
2005-06-20,0.017489158223600403,0.0805517968517019,0.07707940515327266,0.07730233476364683,0.07707940515327266
2005-06-21,0.01748976750799145,0.08055532850350793,0.07708477580586556,0.07730405812209329,0.07708477580586556
2005-06-22,0.01738020799144988,0.07951765858088658,0.07612205071616668,0.07636383710999607,0.07612205071616668
2005-06-23,0.01731505422474888,0.07893875527713931,0.07555239790711049,0.07581183238202976,0.07555239790711049
2005-06-24,0.017176124883109718,0.07779722171219655,0.07434485503204558,0.0745828014000589,0.07434485503204558
2005-06-27,0.017172227379943086,0.07775996119884977,0.07431111908349368,0.0745436774676139,0.07431111908349368
2005-06-28,0.01717335568876677,0.07777272641059596,0.07432088469445029,0.0745570424086841,0.07432088469445029
2005-06-29,0.01717048300922919,0.07774782071342404,0.07429602266609754,0.07453280604521417,0.07429602266609754
2005-06-30,0.017036989434827704,0.07653883590236274,0.07314527026861256,0.07340373149922931,0.07314527026861256
2005-07-01,0.017024408124966566,0.0764377031461653,0.07303727894536775,0.07330472289467975,0.07303727894536775
2005-07-04,0.017000246799427455,0.07623229549470067,0.07283011459284375,0.07310605588829043,0.07283011459284375
2005-07-05,0.01694924499430881,0.0757987092582364,0.07239378028102977,0.07265083176051675,0.07239378028102977
2005-07-06,0.016918439514528923,0.07554082810475285,0.07213086609290698,0.07240126842662567,0.07213086609290698
2005-07-07,0.016922223423981565,0.07557048757331994,0.0721631346940099,0.07243056187387456,0.0721631346940099
2005-07-08,0.016801093417257974,0.07459201610300183,0.07113373848388817,0.07138690584156038,0.07113373848388817
2005-07-11,0.01683484971783979,0.07486886062487699,0.07141986558560712,0.0716770135819608,0.07141986558560712
2005-07-12,0.0168445688256962,0.07495449662904745,0.0715023537287513,0.07176427839054855,0.0715023537287513
2005-07-13,0.01681668593117867,0.07472480609974058,0.07126583327839146,0.07154202900074187,0.07126583327839146
2005-07-14,0.016820977873162987,0.07476431199587509,0.07130221474557859,0.07158208907109455,0.07130221474557859
2005-07-15,0.016767407711439048,0.07431770447715735,0.07084878226312967,0.07111572777382594,0.07084878226312967
2005-07-19,0.01676630662831168,0.0743056794525748,0.07083947756455117,0.07110361073243474,0.07083947756455117
2005-07-20,0.016706607879784726,0.07379849561950205,0.07033590820591905,0.07061859416250188,0.07033590820591905
2005-07-21,0.0166892681134383,0.07365831339769649,0.07018998088088156,0.07048177923776619,0.07018998088088156
2005-07-22,0.016682682909929587,0.0735935033314687,0.07013460108646069,0.0704152652761112,0.07013460108646069
2005-07-25,0.016686220089084686,0.07362579955394366,0.0701643450970661,0.07044800103785605,0.0701643450970661
2005-07-26,0.016686744656106388,0.07362954280549029,0.07016875669895997,0.07045171892817319,0.07016875669895997
2005-07-28,0.016674770226785436,0.07351992766331913,0.07006808645325469,0.0703382483561497,0.07006808645325469
2005-07-29,0.016677989757466302,0.07354640407448643,0.07009514627223802,0.07036410638350139,0.07009514627223802
2005-08-01,0.016670452960456546,0.07348694852222498,0.0700318084805122,0.07030557970529104,0.0700318084805122
2005-08-02,0.016693606048870414,0.07369077530047377,0.07022647369455048,0.07052039118019438,0.07022647369455048
2005-08-03,0.016689193291253925,0.07367019624102619,0.07018935152363442,0.07051808115385005,0.07018935152363442
2005-08-04,0.016685247090679454,0.07364328845593524,0.07015616256021084,0.07049145100791125,0.07015616256021084
2005-08-09,0.016712914952224416,0.073864934989191,0.07038902460247219,0.07070663965850066,0.07038902460247219
2005-08-10,0.016617777901577202,0.07306019243513959,0.0695899366813092,0.06994586086518528,0.0695899366813092
2005-08-11,0.01657681566761248,0.07270720216431875,0.06924728605485667,0.06957915893711021,0.06924728605485667
2005-08-12,0.016565370032277458,0.07262034891007316,0.06915169404518157,0.06949392876391972,0.06915169404518157
2005-08-15,0.01662664192639548,0.0731281883228283,0.06966419588064014,0.06997961324705596,0.06966419588064014
2005-08-16,0.016617956479697292,0.073070051390585,0.06959143234540054,0.06992330602642341,0.06959143234540054
2005-08-17,0.016589347902165364,0.07282297481828659,0.06935202888240775,0.0696682028491857,0.06935202888240775
2005-08-18,0.016588910537551762,0.07281993509274604,0.06934837211136977,0.06966518663496588,0.06934837211136977
2005-08-19,0.01659602076872961,0.07287793142121998,0.06940783214973835,0.06972144426599244,0.06940783214973835
2005-08-22,0.016584964121280604,0.07278412158557258,0.06931538079584955,0.06962459962372827,0.06931538079584955
2005-08-23,0.016579535275720127,0.07274554284537801,0.0692700094696297,0.06958650339802112,0.0692700094696297
2005-08-24,0.016585042638753603,0.07278488525282593,0.06931603711097732,0.06962535235828868,0.06931603711097732
2005-08-25,0.016575865700432894,0.07271329001616424,0.0692393495771345,0.06955512540196307,0.0692393495771345
2005-08-26,0.016421818649956663,0.07149695297225242,0.06795838419856025,0.06824792236857592,0.06795838419856025
2005-08-29,0.016444072774221316,0.0716846288557727,0.06814269740977946,0.0684270048807782,0.06814269740977946
2005-08-30,0.016443971851257188,0.07168417001201816,0.06814186098172456,0.06842654673331564,0.06814186098172456
2005-08-31,0.016441561700122415,0.07166574530403039,0.06812188768701093,0.06840835318268276,0.06812188768701093
2005-09-02,0.016457307723217185,0.0718071155624981,0.06825243032915933,0.06855496192047761,0.06825243032915933
2005-09-05,0.016457663759588303,0.07180866940850464,0.06825538349876388,0.06855651165678399,0.06825538349876388
2005-09-06,0.018963029898949667,0.08896737483662942,0.09061831874301168,0.09131258217210292,0.09061831874301168
2005-09-07,0.02121453667804845,0.12058779991592261,0.11341425474899428,0.11405304460269775,0.11341425474899428
2005-09-08,0.021214351690652177,0.12058482937418737,0.11341227684897857,0.11405006111345518,0.11341227684897857
2005-09-09,0.021163912133911854,0.12005186343094143,0.11287361655660923,0.11348946297167889,0.11287361655660923
2005-09-12,0.02106198397395246,0.11903017620075369,0.11178900656759562,0.11239305960063826,0.11178900656759562
2005-09-13,0.021060005210221094,0.11900832495335477,0.11176800250254398,0.11237091097054741,0.11176800250254398
2005-09-14,0.02095501766708373,0.11796145612793024,0.11065641688780341,0.11125065703243898,0.11065641688780341
2005-09-15,0.020951466528199274,0.11792396671692082,0.11061891531992815,0.11121386475516354,0.11061891531992815
2005-09-16,0.020961716661168306,0.11803243143584813,0.11072717847654144,0.11132010353179934,0.11072717847654144
2005-09-19,0.020953622670042808,0.11794755998148151,0.11064168435563004,0.11123712111419565,0.11064168435563004
2005-09-20,0.020946425042038058,0.11787412948895766,0.1105656859545132,0.11116079484597485,0.1105656859545132
2005-09-21,0.020950736652128873,0.11791959832847981,0.11061120829924774,0.11120544314511842,0.11061120829924774
2005-09-22,0.02096043625552122,0.11802710238549696,0.11071365178148566,0.11130708651548571,0.11071365178148566
2005-09-23,0.020964661968678203,0.11807127453839919,0.11075829696815744,0.11135058048976758,0.11075829696815744
2005-09-26,0.02094941139270261,0.11791451270799003,0.11059721510057588,0.11118981098141303,0.11059721510057588
2005-09-27,0.020951342558556425,0.11793462298606235,0.11061760626150638,0.11121010936324235,0.11061760626150638
2005-09-28,0.02095118674154816,0.11793299238050196,0.1106159609215643,0.11120848478286521,0.1106159609215643
2005-09-29,0.020960409198903796,0.11802860400575077,0.1107133659539437,0.11130602770352369,0.1107133659539437
2005-09-30,0.02094850075285855,0.11790916765737156,0.11058760031571385,0.11118043028689407,0.11058760031571385
2005-10-03,0.02095089277796151,0.11793449405016071,0.11061285686479722,0.11120601353043948,0.11061285686479722
2005-10-04,0.020938925292537734,0.1178078448226765,0.11048652528643206,0.11108268423277096,0.11048652528643206
2005-10-05,0.02093992322719635,0.11781772957589942,0.11049705695974106,0.11109250712236086,0.11049705695974106
2005-10-06,0.020936385267232727,0.11778041207468419,0.1104597214706159,0.11105591859079389,0.1104597214706159
2005-10-07,0.020934857287419853,0.11776335612212332,0.1104435989104483,0.11103868634808986,0.1104435989104483
2005-10-11,0.020917979538559575,0.11758908494087839,0.11026559072985045,0.11085972104266502,0.11026559072985045
2005-10-13,0.021069398262721386,0.1193276490835769,0.11186772487459808,0.11246102783580135,0.11186772487459808
2005-10-14,0.021105996282349507,0.11969602829420037,0.1122566959257789,0.11284448806422509,0.1122566959257789
2005-10-17,0.021119756644123345,0.1198511246644933,0.11240311841816203,0.11299078170256699,0.11240311841816203
2005-10-18,0.021120067963817626,0.11985421608335217,0.11240643224066145,0.11299388402110414,0.11240643224066145
2005-10-19,0.021191715816300336,0.12066566480249119,0.11317038244818613,0.11376099360059597,0.11317038244818613
2005-10-20,0.021204443304351547,0.12079525427379054,0.11330636079355971,0.1138941594696506,0.11330636079355971
2005-10-21,0.021183360628048528,0.12058479884862994,0.11308116140948504,0.11367647715059621,0.11308116140948504
2005-10-24,0.021141923804074078,0.12017254223800866,0.11263919741859309,0.1132469242567579,0.11263919741859309
2005-10-25,0.021145591879421378,0.12020808511598302,0.11267828609462492,0.1132829065563683,0.11267828609462492
2005-10-26,0.021144313957430924,0.1201988107570714,0.11266466720806287,0.11327343300297435,0.11266466720806287
2005-10-27,0.021144742348701596,0.12020489374526849,0.11266923250622962,0.11327948609595356,0.11266923250622962
2005-10-28,0.021140391037228964,0.12015483943072369,0.11262286556815158,0.11323021825351137,0.11262286556815158
2005-10-31,0.02115193312137566,0.12022941679530996,0.11274587724232947,0.11333599907989478,0.11274587724232947
2005-11-01,0.021151589058228788,0.12022457053319799,0.11274220936142232,0.11333120821910844,0.11274220936142232
2005-11-02,0.021123827892226374,0.11990218129634664,0.11244645841474103,0.11303328598719746,0.11244645841474103
2005-11-03,0.021124147030339203,0.11990577269061292,0.11244985611536591,0.11303692366770568,0.11244985611536591
2005-11-04,0.021124787389815113,0.11991285060347621,0.11245667385075268,0.11304404729398124,0.11245667385075268
2005-11-07,0.02111981906438095,0.1198603644577614,0.11240378284267163,0.11299078248447608,0.11240378284267163
2005-11-08,0.02111644450863284,0.11982456987186076,0.11236786562891483,0.11295541324350059,0.11236786562891483
2005-11-09,0.02114410027195014,0.12011033756656958,0.11266239003019105,0.11325121278101215,0.11266239003019105
2005-11-10,0.021145221597899437,0.12012281454337156,0.11267433989891674,0.11326378252911236,0.11267433989891674
2005-11-11,0.021118536206971045,0.1198266411661104,0.11239012802433704,0.11299425286996342,0.11239012802433704
2005-11-14,0.021100152663757008,0.11963143166636636,0.1121945434933307,0.11279338616576205,0.1121945434933307
2005-11-15,0.021106794258602384,0.11970077343101028,0.11226518449649259,0.11286142251063436,0.11226518449649259
2005-11-16,0.021097946881872758,0.11961006789728676,0.11217108738284176,0.1127725345785479,0.11217108738284176
2005-11-17,0.021060933504385912,0.11922611916353706,0.11177785585919359,0.11237155426870897,0.11177785585919359
2005-11-18,0.02104816908065717,0.11909647954498205,0.11164240625527899,0.11223554638648164,0.11164240625527899
2005-11-21,0.021046850834500183,0.1190819887836688,0.11162842237252467,0.1122209377908847,0.11162842237252467
2005-11-22,0.021028178516143418,0.11889048887616067,0.11143044151011249,0.1120210192471385,0.11143044151011249
2005-11-23,0.021035128328538655,0.11896324378262114,0.11150410919711853,0.11209523990919015,0.11150410919711853
2005-11-24,0.021035134704489918,0.11896328670120779,0.11150417679308111,0.11209528280999959,0.11150417679308111
2005-11-25,0.021035074756759354,0.11896255774581954,0.11150354124565856,0.11209455260826721,0.11150354124565856
2005-11-28,0.021027828368278812,0.11887396337208461,0.11142673060321936,0.11202648039519585,0.11142673060321936
2005-11-29,0.021027857483001587,0.11887304277126427,0.11142703916200732,0.11202031357477457,0.11142703916200732
2005-11-30,0.021030359360322277,0.11889993747621425,0.11145355573572228,0.11204753561961245,0.11145355573572228
2005-12-01,0.02102938460365479,0.11888854710756774,0.11144322423572517,0.11203601806234367,0.11144322423572517
2005-12-02,0.021005306095528937,0.11864265503908776,0.11118816681005,0.11178036223461979,0.11118816681005
2005-12-05,0.02107127664048082,0.11930951179121074,0.11188767221343753,0.11248304816605338,0.11188767221343753
2005-12-06,0.021069599708968653,0.11929269632566374,0.11186986403783532,0.11246638003587202,0.11186986403783532
2005-12-07,0.020959577200198188,0.11805538287104203,0.11070457685558907,0.1113171412234894,0.11070457685558907
2005-12-08,0.02098467649174828,0.11831969723971744,0.11096987516075991,0.11157300691806063,0.11096987516075991
2005-12-09,0.02097141100452663,0.11817887978836208,0.11082962003923674,0.11142878683558136,0.11082962003923674
2005-12-12,0.020966649784909724,0.1181305484855791,0.11077930160716985,0.11138112060272734,0.11077930160716985
2005-12-13,0.0209515640841113,0.11797348804404173,0.1106199454677969,0.11122793041977662,0.1106199454677969
2005-12-14,0.020955333846656588,0.11800992206616681,0.11065975618945746,0.11126384141267219,0.11065975618945746
2005-12-15,0.02095542221221918,0.11801210189392564,0.110660689463277,0.11126603639362696,0.110660689463277
2005-12-16,0.02098468904078957,0.11831653786828686,0.11097000788293575,0.11158177832410081,0.11097000788293575
2005-12-19,0.020988595072762156,0.11835754742550401,0.11101132302835072,0.11162408951263683,0.11101132302835072
2005-12-20,0.020983949653161353,0.1183048405719665,0.11096218804769545,0.1115705850325042,0.11096218804769545
2005-12-21,0.02098665080712603,0.11833417202394224,0.11099075704926141,0.11160042420951052,0.11099075704926141
2005-12-23,0.020990793127172936,0.1183805348688157,0.11103457581915818,0.11164743897109494,0.11103457581915818
2005-12-26,0.020991759345699273,0.11839526583900123,0.1110447980277937,0.11166245814420192,0.1110447980277937
2005-12-27,0.020992390321319533,0.1184037822797536,0.11105147375346276,0.11167102451045888,0.11105147375346276
2005-12-28,0.02099830348924274,0.11846302597506675,0.11111404485543863,0.11172932128242949,0.11111404485543863
2005-12-29,0.02099359278961261,0.11842209881492352,0.11106419643045079,0.11169064516690533,0.11106419643045079
2005-12-30,0.0209920531979912,0.11840115391084587,0.11104790696175772,0.11166943730495843,0.11104790696175772
2006-01-02,0.020973939524939988,0.11821213216451221,0.11085634707735165,0.1114599020885219,0.11085634707735165
2006-01-03,0.021002396909696214,0.11850811708123198,0.11115737034000911,0.11176681929925542,0.11115737034000911
2006-01-04,0.021003626881278478,0.11852503112274962,0.1111703902263269,0.11178399392054092,0.1111703902263269
2006-01-05,0.021003104366983702,0.11852821905373984,0.11116485904870328,0.11179875177204981,0.11116485904870328
2006-01-06,0.020995147475533892,0.1184363973350391,0.11108064681489313,0.11170485115723365,0.11108064681489313
2006-01-09,0.021001565208781908,0.11850628136252654,0.1111485667871171,0.1117762808394289,0.1111485667871171
2006-01-10,0.02100792730424273,0.11857156359842712,0.1112159184243275,0.11184010504747605,0.1112159184243275
2006-01-11,0.02100657315994046,0.11855652603363973,0.1112015812128306,0.1118248176670864,0.1112015812128306
2006-01-12,0.021004552107821067,0.118540700083096,0.11118018473104295,0.11180927041258079,0.11118018473104295
2006-01-13,0.021005900588534174,0.11854887599134217,0.11119446060291585,0.11181711971467179,0.11119446060291585
2006-01-16,0.020986077714181657,0.11834184357347821,0.11098469537206934,0.11160215509687973,0.11098469537206934
2006-01-17,0.020985856083753415,0.11833833817385367,0.11098235120313857,0.11159863653417004,0.11098235120313857
2006-01-18,0.02111574115910673,0.11980788367797969,0.1123603802239953,0.11295173056965335,0.1123603802239953
2006-01-19,0.021124732475182238,0.11990524229851221,0.1124560891813008,0.11305172085217437,0.1124560891813008
2006-01-20,0.021097951341277867,0.11961808510019965,0.11217113480133,0.11277422722312863,0.11217113480133
2006-01-23,0.021102110297009525,0.11966324247606458,0.11221536286476316,0.11281753357303415,0.11221536286476316
2006-01-24,0.021109160254514467,0.11974110017817709,0.11229035495599486,0.1128967836908501,0.11229035495599486
2006-01-25,0.02110688087737912,0.119724243006325,0.11226610593371183,0.11288156212348471,0.11226610593371183
2006-02-03,0.021102362406506144,0.11967497411798608,0.11221804418215199,0.11283126544365861,0.11221804418215199
2006-02-06,0.021081026535497455,0.11945271563482893,0.11199123930716764,0.11263216640376988,0.11199123930716764
2006-02-07,0.021094178255121672,0.11960142685506372,0.1121310177772297,0.11278464094108355,0.1121310177772297
2006-02-08,0.021110426565599808,0.11976175294226676,0.1123038276649587,0.1129401009537438,0.1123038276649587
2006-02-09,0.021097444388235985,0.11961618034312924,0.11216574424810694,0.1127907998264343,0.11216574424810694
2006-02-10,0.021097438668106986,0.11961612954011933,0.11216568342534304,0.11279074931583594,0.11216568342534304
2006-02-13,0.021096854081892887,0.11961073574561418,0.11215946754247551,0.11278539592173333,0.11215946754247551
2006-02-14,0.021097582498085292,0.11962448215078271,0.11216721279040574,0.11279941806799353,0.11216721279040574
2006-02-15,0.021092248737092343,0.11957073461989028,0.11211050511041813,0.11274667799104682,0.11211050511041813
2006-02-16,0.0211121187842158,0.11979487090595356,0.11232183300882707,0.1129875604202791,0.11232183300882707
2006-02-17,0.02111258683150982,0.11979824330232051,0.11232681332494653,0.1129909195538748,0.11232681332494653
2006-02-20,0.02110407754951388,0.1196983883441521,0.11223628648240574,0.1128890095012645,0.11223628648240574
2006-02-21,0.021095594379283024,0.1195989234314641,0.11214607375823984,0.11278740643505392,0.11214607375823984
2006-02-22,0.021086984013457676,0.11949797104780571,0.11205454548552253,0.11267200929784042,0.11205454548552253
2006-02-23,0.021093004486028622,0.1195577880248897,0.11211853923840114,0.11273091060804295,0.11211853923840114
2006-02-24,0.02108810409270347,0.11950530050785008,0.1120664498246236,0.1126770767931617,0.1120664498246236
2006-02-27,0.018848367062141203,0.10239029546186282,0.08952575710912078,0.08996530695112136,0.08952575710912078
2006-03-01,0.01630519357709044,0.0708257126523782,0.06699655307177063,0.06728207262101507,0.06699655307177063
2006-03-02,0.016305206370956043,0.07082567012235291,0.0669966582094653,0.06728203007344258,0.0669966582094653
2006-03-03,0.01633382566469197,0.07105847214794865,0.06723205293282664,0.06750774563034115,0.06723205293282664
2006-03-06,0.01631861615126702,0.0709426908821666,0.067106902739283,0.06739736096418351,0.067106902739283
2006-03-07,0.016337016830753684,0.07108607023109373,0.06725832596993894,0.06753675479419072,0.06725832596993894
2006-03-08,0.016342612887430996,0.071125774013985,0.06730441098908327,0.06757533497639315,0.06730441098908327
2006-03-13,0.01634518726895335,0.07115363181630663,0.06732561700800298,0.06760447972637107,0.06732561700800298
2006-03-14,0.016357260114353688,0.07124863231988075,0.06742510952905376,0.06769765500964474,0.06742510952905376
2006-03-15,0.016389374244178176,0.07151393771770118,0.0676901202051642,0.0679718388589115,0.0676901202051642
2006-03-16,0.01636770258005988,0.07132992063475604,0.0675112253128233,0.0677815022342753,0.0675112253128233
2006-03-17,0.016366239355541545,0.07131684279814508,0.06749915524200499,0.0677683003884143,0.06749915524200499
2006-03-20,0.01636537785858579,0.07131064338948169,0.06749204929848109,0.0677621370905317,0.06749204929848109
2006-03-21,0.01637077229106428,0.07135384923274377,0.06753655072228125,0.06780455864866533,0.06753655072228125
2006-03-22,0.016395946630548122,0.07156362976620355,0.06774442060976915,0.06800716236494173,0.06774442060976915
2006-03-23,0.016396119994172634,0.07156151193929823,0.06774585321755351,0.06800452675620844,0.06774585321755351
2006-03-24,0.01638705773003815,0.07149141972933774,0.06767098658399599,0.06793839352548625,0.06767098658399599
2006-03-27,0.016383235946901928,0.07145870500640483,0.0676394258631486,0.06790519282267998,0.0676394258631486
2006-03-28,0.01639055396444033,0.07152397012932069,0.06769986533383011,0.0679718834970503,0.06769986533383011
2006-03-29,0.016391413149764222,0.07153165492572035,0.0677069631116584,0.06797964530664016,0.0677069631116584
2006-03-30,0.016395945159642506,0.07157832755208215,0.06774440845485714,0.0680309354800818,0.06774440845485714
2006-03-31,0.016382843287720095,0.07148335294204067,0.06763618365587884,0.06794260202706824,0.06763618365587884
2006-04-03,0.01638460043927042,0.07149913021173256,0.06765069315174421,0.06795861255743554,0.06765069315174421
2006-04-04,0.01637345200882788,0.0714149227400481,0.06755866253271821,0.06787592955523171,0.06755866253271821
2006-04-06,0.016387509697137485,0.0715397705819032,0.06767471946659132,0.06800361493862096,0.06767471946659132
2006-04-07,0.016388708875280454,0.07155349352372858,0.06768462420687148,0.06801744061109337,0.06768462420687148
2006-04-10,0.016388155254674498,0.07155685226271641,0.06768005142813147,0.06802096683640703,0.06768005142813147
2006-04-11,0.016398799106902364,0.07163996230450043,0.06776799426143253,0.06810215300121822,0.06776799426143253
2006-04-12,0.016403621873198937,0.07169029047289138,0.06780786026084043,0.06815332547382169,0.06780786026084043
2006-04-13,0.01640085021642425,0.07166645713253686,0.06778494773103903,0.06812884013995928,0.06778494773103903
2006-04-14,0.01641478109108385,0.07179689932546326,0.06790014964358737,0.06826268794717064,0.06790014964358737
2006-04-17,0.016400091728915246,0.07169188605973878,0.06777867819664224,0.06816006089572504,0.06777867819664224
2006-04-18,0.016400203961116196,0.07169510929011783,0.06777960587148527,0.06816329596450613,0.06777960587148527
2006-04-19,0.016391891077594593,0.07162295343554181,0.06771091146113076,0.06808908965044194,0.06771091146113076
2006-04-20,0.016396890647784188,0.07167379340720945,0.06775222177467893,0.06814066245997888,0.06775222177467893
2006-04-21,0.016396940322942255,0.07167975822195022,0.06775263229244068,0.06814666780387707,0.06775263229244068
2006-04-24,0.01639665860336483,0.07168175873306645,0.06775030416553506,0.06814868198104415,0.06775030416553506
2006-04-25,0.01640600297194552,0.07175150424165044,0.06782754724590227,0.06821707817106604,0.06782754724590227
2006-04-26,0.016440873794407986,0.07205062641005122,0.0681161874431601,0.0685273164022969,0.0681161874431601
2006-04-27,0.016442193210020585,0.07205973026459112,0.06812712082402304,0.06853631585449124,0.06812712082402304
2006-04-28,0.016441955665335618,0.07205725951136488,0.06812515233741723,0.06853381753812063,0.06812515233741723
2006-05-02,0.01644202271530228,0.07205611466108347,0.06812570796457007,0.06853267023397444,0.06812570796457007
2006-05-03,0.016442732002693274,0.0720805524482584,0.06813158579952318,0.06855803948690242,0.06813158579952318
2006-05-04,0.016441159741150024,0.07210565248161843,0.06811855687577109,0.06859266453794693,0.06811855687577109
2006-05-05,0.01633923989920737,0.0712894683619637,0.0672766316419302,0.06782570225588255,0.0672766316419302
2006-05-08,0.016354725168529406,0.07142745645338833,0.06740421290520855,0.06796812607970157,0.06740421290520855
2006-05-09,0.016356836886236483,0.07144382331369437,0.0674216204565825,0.06798393548947121,0.0674216204565825
2006-05-10,0.01639796427030338,0.07173912695970308,0.06776109451695687,0.0682643149608343,0.06776109451695687
2006-05-11,0.016401069953879976,0.0717734226113636,0.06778676409928025,0.06829905231136499,0.06778676409928025
2006-05-12,0.016401724015391562,0.07175910572178973,0.06779217077062222,0.06828418581552637,0.06779217077062222
2006-05-15,0.016487712803963467,0.0724488302429484,0.06850485772350717,0.06893664048969567,0.06850485772350717
2006-05-16,0.016515262664909828,0.0726586978897763,0.06873398302452305,0.06914054845617801,0.06873398302452305
2006-05-17,0.01651975411068272,0.072702293086025,0.0687713735211095,0.06918484966485014,0.0687713735211095
2006-05-18,0.01655465945230499,0.07296711086036703,0.06906230089461134,0.06943896445368145,0.06906230089461134
2006-05-19,0.016553880501787337,0.07295831691491972,0.06905580183619865,0.06943009779143944,0.06905580183619865
2006-05-22,0.016583814287814424,0.07319769511054347,0.0693057698758449,0.06966186899904234,0.0693057698758449
2006-05-23,0.016554940312023588,0.0729455778692123,0.06906464428113525,0.0693741584299593,0.06906464428113525
2006-05-24,0.016559396180000314,0.07298843652488413,0.06910182766524466,0.0694175872784476,0.06910182766524466
2006-05-25,0.01655919610344988,0.07298476970059684,0.06910015784931244,0.06941390637053757,0.06910015784931244
2006-05-26,0.016559419058505363,0.07298564970689767,0.06910201860790804,0.0694147847281143,0.06910201860790804
2006-05-30,0.016556881465424854,0.07297089355989292,0.06908084161275252,0.06940019685295776,0.06908084161275252
2006-06-01,0.016556883094234386,0.07296975456686527,0.06908085520462838,0.06939905542488285,0.06908085520462838
2006-06-02,0.01658306579511501,0.07318952169025714,0.06929951393360857,0.06962733863567125,0.06929951393360857
2006-06-05,0.01672321008615415,0.07441441565965382,0.07047577040758325,0.07076898133442432,0.07047577040758325
2006-06-06,0.01671506261230789,0.07436155652073913,0.07040711616961003,0.07072012563962385,0.07040711616961003
2006-06-07,0.016762132572581957,0.07474952989468422,0.07080421027196487,0.07109176373595717,0.07080421027196487
2006-06-08,0.01682218779014834,0.07530121188843784,0.07131247251584802,0.07159191603807817,0.07131247251584802
2006-06-09,0.016850439946242964,0.07554845380149815,0.07155220624824903,0.07184750297545814,0.07155220624824903
2006-06-12,0.016829476470315314,0.0753778784399128,0.071374282122754,0.07168143164643456,0.071374282122754
2006-06-13,0.016886071083770562,0.07585373002899873,0.07185512795483039,0.07213603243909125,0.07185512795483039
2006-06-14,0.016989166177762343,0.07670972599578682,0.07273520538873723,0.07304501021728954,0.07273520538873723
2006-06-15,0.016989164429606025,0.0766972490464727,0.07273519042008003,0.07303146646924834,0.07273519042008003
2006-06-16,0.01703368397379141,0.07707289500318834,0.07311689020918757,0.07342550507990867,0.07311689020918757
2006-06-19,0.017033837610340715,0.07707363102235407,0.07311820918133538,0.07342623947883957,0.07311820918133538
2006-06-20,0.01712176674775464,0.07784009307533325,0.07387503393425815,0.07415163106724341,0.07387503393425815
2006-06-21,0.01711703805018331,0.07780131709829022,0.07383423388607865,0.07411361178663226,0.07383423388607865
2006-06-22,0.017204124027327423,0.07852717769898254,0.0745874346540115,0.07488469469426598,0.0745874346540115
2006-06-23,0.01720772000156973,0.07854301366839919,0.07461861816841057,0.07489724644398665,0.07461861816841057
2006-06-26,0.017224910381516075,0.0787002950988143,0.0747677794881176,0.0750585559973358,0.0747677794881176
2006-06-27,0.017223751442363076,0.07868760854757689,0.07475771866457263,0.07504577019198624,0.07475771866457263
2006-06-28,0.017228275635684843,0.07872147677946087,0.07479699730754126,0.07507924763330853,0.07479699730754126
2006-06-29,0.01724010865509356,0.07882596097317261,0.07489977930273682,0.07518694004536976,0.07489977930273682
2006-06-30,0.017254625151377115,0.0789502930655582,0.075025966456863,0.0753170237637175,0.075025966456863
2006-07-03,0.017254757867441267,0.07894896977746932,0.07502712060413463,0.07531569221081479,0.07502712060413463
2006-07-04,0.017252608013369967,0.07892915964803073,0.0750084257822754,0.07529549502712073,0.0750084257822754
2006-07-05,0.01725977630401347,0.07897664681943879,0.0750707692722754,0.07533712278514478,0.0750707692722754
2006-07-06,0.017260266131508824,0.07897986841228294,0.07507503030648868,0.0753403311661166,0.07507503030648868
2006-07-07,0.017256933975252953,0.07895209448781194,0.0750460460970124,0.07531311736900421,0.0750460460970124
2006-07-10,0.017252922374645298,0.07891805941004681,0.07501115927731515,0.07527743626128638,0.07501115927731515
2006-07-11,0.01726010111913115,0.07897549944039914,0.07507359484194334,0.07533401170454637,0.07507359484194334
2006-07-12,0.01725574430834488,0.07893966947467088,0.07503569933201414,0.0752987786572185,0.07503569933201414
2006-07-13,0.01725804347908824,0.07895892668129832,0.07505569631097722,0.07531763642615359,0.07505569631097722
2006-07-14,0.01732809944872867,0.07957984692790782,0.07566628368726776,0.07590585977948468,0.07566628368726776
2006-07-17,0.017381777265764696,0.08006483951184137,0.07613579759099692,0.07636671319404062,0.07613579759099692
2006-07-18,0.017386792244103364,0.08011109178149392,0.07617973722398245,0.07641360199800881,0.07617973722398245
2006-07-19,0.017386478625373184,0.08010767387366748,0.07617698902562077,0.07641017064397607,0.07617698902562077
2006-07-20,0.01746547706407993,0.08077918028386341,0.07687080804712731,0.0771207197076115,0.07687080804712731
2006-07-21,0.017461899020354263,0.08074973969653053,0.07683931518405639,0.07709169368460535,0.07683931518405639
2006-07-25,0.01746743665548091,0.0807926143525956,0.07688805851493599,0.07713390364604421,0.07688805851493599
2006-07-26,0.017463268839153494,0.08076037990729262,0.07685137115423446,0.0771020504036703,0.07685137115423446
2006-07-27,0.017482739904279062,0.08093424893171393,0.0770228410292892,0.07728095172218045,0.0770228410292892
2006-07-28,0.017438968105379846,0.08055080866814315,0.07663763736227479,0.07688198087379261,0.07663763736227479
2006-07-31,0.017430706656074983,0.08047287748196244,0.07656504270159445,0.0768023699285147,0.07656504270159445
2006-08-01,0.017429560117732338,0.08046157111560906,0.07655497060620671,0.07679097918948963,0.07655497060620671
2006-08-02,0.017429875209235404,0.08046438397407567,0.07655773855199878,0.07679384893475293,0.07655773855199878
2006-08-04,0.01743510853964423,0.08050649541864521,0.07660371846687214,0.07683532003590848,0.07660371846687214
2006-08-07,0.017435148369513577,0.08050677393496868,0.07660406846407189,0.07683559780391025,0.07660406846407189
2006-08-08,0.017465331607580063,0.08077041368243514,0.07686952765700927,0.07710806305316245,0.07686952765700927
2006-08-09,0.01748724602681571,0.08096729690689522,0.07706255094780023,0.07731074992116466,0.07706255094780023
2006-08-10,0.017485036334866335,0.0809522489943995,0.07704307689916218,0.07729587473816096,0.07704307689916218
2006-08-11,0.017481780463093993,0.08091832390243163,0.07701438733627333,0.07726147299035116,0.07701438733627333
2006-08-14,0.017488256499191644,0.08098213112102666,0.07707145707614273,0.07732652654194756,0.07707145707614273
2006-08-15,0.017484003620633876,0.08094979757289189,0.0770339764167973,0.07729457406280626,0.0770339764167973
2006-08-16,0.017498467831156564,0.08109085545213374,0.07716148686238132,0.0774434821074839,0.07716148686238132
2006-08-17,0.017505039309819722,0.08115733295745726,0.0772194531120601,0.07751108626349992,0.0772194531120601
2006-08-18,0.017475110600261842,0.08088410389194722,0.07695563160382872,0.07722816368983265,0.07695563160382872
2006-08-21,0.017558263372318843,0.08165224746805722,0.0776897383882318,0.07792408607222151,0.0776897383882318
2006-08-22,0.017567765945861222,0.08173988223436693,0.07777385288279742,0.07801338610456235,0.07777385288279742
2006-08-23,0.01754243073176251,0.08152167375855043,0.0775496927466288,0.07780164863521916,0.0775496927466288
2006-08-24,0.01754772144707865,0.08156300620632775,0.07759647705203454,0.07784240972704813,0.07759647705203454
2006-08-25,0.0175475465721806,0.08156285041239106,0.07759493045711746,0.07784225771106801,0.07759493045711746
2006-08-28,0.017565220728349776,0.08171481730550792,0.07775131876738345,0.07799051036926505,0.07775131876738345
2006-08-29,0.017512666076455373,0.08125052234727609,0.07728675522256857,0.07754895564012235,0.07728675522256857
2006-08-30,0.01753456264993722,0.08144554887630949,0.07748014360579247,0.07775046533896543,0.07748014360579247
2006-08-31,0.017545309289237206,0.08154679061447745,0.07757514526985833,0.07785381966806158,0.07757514526985833
2006-09-01,0.01754462602734937,0.08154495036014917,0.07756910341476533,0.07785201571503543,0.07756910341476533
2006-09-04,0.01754549571562109,0.0815729661201019,0.07757679381653328,0.07788726268067268,0.07757679381653328
2006-09-05,0.017539457972278263,0.0815142223877327,0.0775234116622515,0.07782747046997829,0.0775234116622515
2006-09-06,0.017548108580531314,0.0815813887701261,0.07759990091803741,0.07789353934098056,0.07759990091803741
2006-09-07,0.01754485412937014,0.08155525829384225,0.07757112041806088,0.07786780406076596,0.07757112041806088
2006-09-08,0.017543984583387885,0.08155410939075552,0.07756343155566225,0.07786674739243205,0.07756343155566225
2006-09-11,0.01754298257912623,0.08154225228855713,0.07755457191842466,0.07785480090670147,0.07755457191842466
2006-09-12,0.017517875478270398,0.08132013278807684,0.0773327422405912,0.07764246834108848,0.0773327422405912
2006-09-13,0.017537632542216092,0.08150673307134165,0.07750727590682081,0.07783427519375741,0.07750727590682081
2006-09-14,0.017540381117370107,0.08152793592068142,0.07753157237513364,0.07785520263740348,0.07753157237513364
2006-09-15,0.01753604275163353,0.08148916080234486,0.07749322443755396,0.07781492955339533,0.07749322443755396
2006-09-18,0.01763187868552205,0.0823288014913888,0.07834255278720362,0.07870559408840688,0.07834255278720362
2006-09-19,0.014893360445607315,0.06516995202810931,0.05589667071142069,0.05594937914062494,0.05589667071142069
2006-09-20,0.011479801911143594,0.03357110652548062,0.03321003468361222,0.033230162874559876,0.03321003468361222
2006-09-21,0.011480423202416507,0.03357738822322037,0.03321362946045899,0.03323648046719774,0.03321362946045899
2006-09-22,0.01148093607320418,0.033580005436925686,0.03321659706548425,0.0332390573545889,0.03321659706548425
2006-09-25,0.01147130491368301,0.03351702895355091,0.03316089077851737,0.03317493203714622,0.03316089077851737
2006-09-26,0.011470390462877655,0.033507246984298245,0.03315560405746041,0.03316508859103179,0.03315560405746041
2006-09-27,0.011472768505955131,0.03353715235662347,0.03316935313219145,0.03319586152535242,0.03316935313219145
2006-09-28,0.011483537841586271,0.03359404540967448,0.03323165362250426,0.03325158352516483,0.03323165362250426
2006-09-29,0.011464270039572105,0.03349261849745555,0.03312023086013811,0.033152345001797257,0.03312023086013811
2006-10-02,0.011470183373669436,0.03353219669349178,0.033154406869651896,0.03319256651296967,0.033154406869651896
2006-10-03,0.011451025527573253,0.03341113966355286,0.03304374837954984,0.033068599729137005,0.03304374837954984
2006-10-04,0.011464231214528938,0.03348364242481899,0.03312000652972527,0.03313901139314168,0.03312000652972527
2006-10-05,0.011439906154484418,0.03337865152868119,0.032979606111499436,0.03306109108330699,0.032979606111499436
2006-10-11,0.011429288698340171,0.03333122832584612,0.0329184173178016,0.033014331266291747,0.0329184173178016
2006-10-12,0.011435844800891092,0.0333587414870401,0.032956193670137086,0.0330415549545722,0.032956193670137086
2006-10-13,0.011452677696986747,0.03346532814406922,0.033053284260626536,0.033150870310790254,0.033053284260626536
2006-10-16,0.011464919921861272,0.03355389118014995,0.03312398598130225,0.03324114693100427,0.03312398598130225
2006-10-17,0.011459271538467155,0.03349367405080683,0.03309135585646549,0.03317855689174701,0.03309135585646549
2006-10-18,0.01146661791287951,0.03349841876272619,0.03313379824271225,0.033170245790377945,0.03313379824271225
2006-10-19,0.011469758131788275,0.033501087498786386,0.03315194860363426,0.0331723637615326,0.03315194860363426
2006-10-20,0.011471959632682502,0.03351617173989785,0.03316467616910201,0.03318765180473282,0.03316467616910201
2006-10-24,0.011480373836344399,0.033581904212314995,0.03321334382239969,0.033254778628543175,0.03321334382239969
2006-10-25,0.011475577866823657,0.03355937764894584,0.03318559961913832,0.033232498044429015,0.03318559961913832
2006-10-26,0.01222693192054021,0.03859604552565213,0.03767346177576032,0.037622672607059135,0.03767346177576032
2006-10-27,0.012230987970543295,0.03862702483319827,0.03769846081736485,0.03765399967382138,0.03769846081736485
2006-10-30,0.011993088165687777,0.037080892309374225,0.03624620926498997,0.03623958569670738,0.03624620926498997
2006-10-31,0.01193493620683886,0.03672651336738092,0.03589556096985092,0.035870376786636904,0.03589556096985092
2006-11-01,0.01185747857516148,0.03626879898122165,0.035431149136424214,0.0354320841792756,0.035431149136424214
2006-11-02,0.01185996248362168,0.03628754376897775,0.03544599494845427,0.03545102358572477,0.03544599494845427
2006-11-03,0.011771517663025345,0.035780497614828155,0.03491929427891125,0.03499922659185439,0.03491929427891125
2006-11-06,0.011769104520196116,0.03573382817304421,0.034904978944239766,0.034946690956765475,0.034904978944239766
2006-11-07,0.011772112404991047,0.03576994618111956,0.03492282287988751,0.03498377106358838,0.03492282287988751
2006-11-08,0.011773925773592505,0.03577716650926566,0.0349335826867606,0.034990949665005044,0.0349335826867606
2006-11-09,0.011772740844824698,0.03575465143363188,0.03492655160384975,0.03496789262576236,0.03492655160384975
2006-11-10,0.011770413164666704,0.03574705444272308,0.03491274176887373,0.03496034617541083,0.03491274176887373
2006-11-13,0.011780025918757044,0.03579666469616555,0.03496979068294011,0.03500916427232714,0.03496979068294011
2006-11-14,0.011788140441612537,0.03586093324045386,0.03501798427793761,0.035074624292346396,0.03501798427793761
2006-11-15,0.011719604286901157,0.03544649679119316,0.0346119794096711,0.034642010573081056,0.0346119794096711
2006-11-16,0.011720112477919905,0.035451011112423714,0.03461498119676365,0.03464655611166645,0.03461498119676365
2006-11-17,0.011695746377568334,0.03529270834364873,0.03447120179875751,0.034484193235301414,0.03447120179875751
2006-11-20,0.01171179173637756,0.035372023659869245,0.034565848550422995,0.03456189870472337,0.034565848550422995
2006-11-21,0.011749578219723425,0.03560521524776361,0.03478925226203257,0.03480270982983569,0.03478925226203257
2006-11-22,0.011754657631996934,0.03564514559807869,0.03481933796345687,0.03484315827068746,0.03481933796345687
2006-11-23,0.01175525716312888,0.03565246989355203,0.0348228898847658,0.0348505227326705,0.0348228898847658
2006-11-24,0.011712637874403473,0.03539346688057615,0.0345708432661815,0.034581798018341686,0.0345708432661815
2006-11-27,0.011714942986383113,0.03540940314399599,0.03458445207190013,0.034597953422997096,0.03458445207190013
2006-11-28,0.011687156524877309,0.0352272214033717,0.03442058616451953,0.03441011255212123,0.03442058616451953
2006-11-29,0.011687268117886411,0.035228315648833664,0.034421243486959775,0.03441121217006904,0.034421243486959775
2006-11-30,0.011686412147039677,0.03524596308920891,0.03441620167536009,0.034432106445361765,0.03441620167536009
2006-12-01,0.011689775193062123,0.03527049872964921,0.03443601270421131,0.034456928828864974,0.03443601270421131
2006-12-05,0.01168616086747639,0.035261436351272823,0.03441472166677521,0.034448151692559686,0.03441472166677521
2006-12-06,0.011679541231527797,0.03522174746520207,0.03437574421149738,0.03440687913233964,0.03437574421149738
2006-12-07,0.011682610148413897,0.035233241461852804,0.03439381172971549,0.03441828737953598,0.03439381172971549
2006-12-08,0.011704844276824309,0.03535866353129741,0.03452485164526611,0.0345398441264991,0.03452485164526611
2006-12-11,0.011693621472898385,0.0352801199370405,0.03445867735416041,0.03445986695788916,0.03445867735416041
2006-12-12,0.011774841536877797,0.03575107007020095,0.03493901709108283,0.03491101831952728,0.03493901709108283
2006-12-13,0.011775165682349212,0.03575188905458668,0.034940940765387195,0.03491183582359739,0.034940940765387195
2006-12-14,0.011739675948255543,0.03553860635483422,0.03473063782525252,0.03469081607489963,0.03473063782525252
2006-12-15,0.01172309119286429,0.03545841319834875,0.034632578513285495,0.034613682092326264,0.034632578513285495
2006-12-18,0.011746607007715367,0.035602770863763566,0.03477165960081436,0.0347624210524807,0.03477165960081436
2006-12-19,0.011749900930233417,0.03561896912977558,0.03479116331131563,0.03477845932742363,0.03479116331131563
2006-12-20,0.011742648800373835,0.03556883453644233,0.03474822981392811,0.03472759159594446,0.03474822981392811
2006-12-21,0.01162812473020593,0.034901977784319416,0.034073747754789135,0.034024905664510816,0.034073747754789135
2006-12-22,0.011627776378327901,0.03490098967668878,0.03407170624310888,0.03402391951838467,0.03407170624310888
2006-12-25,0.011616326408647714,0.03483987455206741,0.034004637886526065,0.033963811253248155,0.034004637886526065
2006-12-26,0.01157421732947976,0.034612405924164036,0.03375855171108746,0.03374526226426,0.03375855171108746
2006-12-28,0.011579373677092624,0.034649978591816344,0.033788637477943875,0.033783299821306345,0.033788637477943875
2006-12-29,0.011598950971107753,0.03477667089947628,0.0339029872348007,0.033912893147661494,0.0339029872348007
2007-01-02,0.011621177186448551,0.034919941125066356,0.03403304331810573,0.034059661805953184,0.03403304331810573
2007-01-03,0.01161465546282591,0.03489774187592276,0.03399485582307824,0.03403812561081512,0.03399485582307824
2007-01-04,0.011614931748449653,0.03489508124576096,0.03399647315932822,0.03403545123951954,0.03399647315932822
2007-01-05,0.011595109270494302,0.034750332238819515,0.033880532866665126,0.033875085261840104,0.033880532866665126
2007-01-08,0.011615119001936729,0.03484417567590292,0.03399756933614622,0.03395950525095248,0.03399756933614622
2007-01-09,0.011617184200566682,0.03486222353368382,0.034009660124973834,0.033977722273196065,0.034009660124973834
2007-01-10,0.011646169430084737,0.035014977625176635,0.03417958212334854,0.034124249282190905,0.03417958212334854
2007-01-11,0.01164320957650599,0.03498763252729925,0.03416221096909509,0.034096076581574375,0.03416221096909509
2007-01-12,0.011720419086677565,0.035436538382092014,0.034616792338973655,0.034565996206620445,0.034616792338973655
2007-01-15,0.011726455538597065,0.03547574993948732,0.03465245939367083,0.03460582420605891,0.03465245939367083
2007-01-16,0.01172205252267962,0.035451220616456586,0.03462644186680383,0.03458180281778073,0.03462644186680383
2007-01-17,0.011724259964169148,0.035464960112900956,0.03463948447026973,0.03459584756578826,0.03463948447026973
2007-01-18,0.011729982547763404,0.03550806706543072,0.03467330762385017,0.03463961867204171,0.03467330762385017
2007-01-19,0.011704851036902537,0.03536385411564649,0.03452489152461175,0.03449995986408558,0.03452489152461175
2007-01-22,0.011655923501884134,0.03506453555745351,0.03423685927580727,0.0341896101908446,0.03423685927580727
2007-01-23,0.011653570862017147,0.03504415080303383,0.034223039886685874,0.03416898728228043,0.034223039886685874
2007-01-24,0.011654592351230788,0.03505007960764375,0.03422903976408853,0.034175179853107224,0.03422903976408853
2007-01-25,0.011653352642073147,0.03504837256300569,0.03422175820572933,0.034173553206624324,0.03422175820572933
2007-01-26,0.011696708651899364,0.03528989991107426,0.034476874308429196,0.03440162262041985,0.034476874308429196
2007-01-29,0.011696919412015781,0.03529111950542119,0.03447811678026028,0.0344028077801425,0.03447811678026028
2007-01-30,0.011693697113013678,0.03526848664259394,0.034459123147067915,0.034379958022326074,0.034459123147067915
2007-01-31,0.011704256718008366,0.035323375329231035,0.03452138558090308,0.03443381229680631,0.03452138558090308
2007-02-01,0.011699849002097518,0.03530143234274037,0.03449538960131434,0.03441208572378007,0.03449538960131434
2007-02-02,0.01171176963073004,0.035372389287716716,0.034565718066589195,0.034485120285244975,0.034565718066589195
2007-02-05,0.01171251887444876,0.035375435017831525,0.034570140792848245,0.03448815541228781,0.034570140792848245
2007-02-06,0.011471792121961286,0.033902115113254944,0.033163707651352244,0.033131186031553045,0.033163707651352244
2007-02-07,0.011453510243635999,0.03378835725291132,0.03305809001907084,0.033014938924303155,0.03305809001907084
2007-02-08,0.011452779791829858,0.03378530572112021,0.033053873569956885,0.033011900870568434,0.033053873569956885
2007-02-09,0.011412952499930327,0.03356590060691064,0.0328243821609478,0.03279888535965411,0.0328243821609478
2007-02-12,0.011418535776444387,0.0335805028003843,0.032856505738040984,0.03281034230344507,0.032856505738040984
2007-02-13,0.011426313801118233,0.03361181047197423,0.032901283064569506,0.032839656447797336,0.032901283064569506
2007-02-14,0.011432663545620935,0.033650338593131046,0.03293786052833721,0.03287894353790227,0.03293786052833721
2007-02-26,0.011430083207363453,0.03363566100188298,0.03292299413606751,0.03286362858407629,0.03292299413606751
2007-02-27,0.011407688313579932,0.033497234141046134,0.03279410887026661,0.03272136022243492,0.03279410887026661
2007-03-01,0.011530008821604473,0.03423841410614706,0.0335011580634218,0.03341383185273354,0.0335011580634218
2007-03-02,0.011536610525177215,0.0342742293528213,0.03353953236722669,0.03344916952565492,0.03353953236722669
2007-03-05,0.011817606326368888,0.03604414126760723,0.03519326645982856,0.03507858618832903,0.03519326645982856
2007-03-06,0.011834015861584286,0.036144186414331425,0.03529107071588158,0.03518079165328734,0.03529107071588158
2007-03-07,0.011835264613290025,0.036151817468141834,0.03529851909358196,0.03518854215467146,0.03529851909358196
2007-03-08,0.011855546235974634,0.036276986369477085,0.03541960209143974,0.03531719432155643,0.03541960209143974
2007-03-09,0.011797456066030705,0.03593493966019817,0.03507335234674102,0.03496126117340642,0.03507335234674102
2007-03-12,0.011813004195732014,0.03603029578636434,0.03516586116835231,0.0350586283081253,0.03516586116835231
2007-03-13,0.011825749296029805,0.03610969752211575,0.035241783295962455,0.03513949034501302,0.035241783295962455
2007-03-14,0.011865317537651751,0.03634541696881416,0.03547801158786516,0.03536798733172807,0.03547801158786516
2007-03-15,0.01186873768882269,0.03637081989220335,0.035498467450172204,0.035404186480611555,0.035498467450172204
2007-03-16,0.0118582407198081,0.0363141637317386,0.035435703988166554,0.03534845751762333,0.035435703988166554
2007-03-20,0.011855564319495311,0.03629749270918636,0.03541971014408996,0.035331479684729813,0.03541971014408996
2007-03-21,0.011849098953330594,0.03625603797116872,0.035381088793466686,0.0352894341703599,0.035381088793466686
2007-03-22,0.011858788089516062,0.03631404184962009,0.0354389754479161,0.03534922115808707,0.0354389754479161
2007-03-23,0.011861284433913372,0.03632648403235238,0.035453897242393305,0.03536157602698663,0.035453897242393305
2007-03-26,0.011828179513709961,0.03613929903207869,0.0352562693133541,0.03518218519198224,0.0352562693133541
2007-03-27,0.011821863993434925,0.036093491593590404,0.03521863000637684,0.03513539394893016,0.03521863000637684
2007-03-28,0.011817844618516718,0.03606956008289444,0.03519468575970595,0.03511230778979761,0.03519468575970595
2007-03-29,0.01181072338898356,0.036037140993603084,0.035152283116712986,0.03508112145763065,0.035152283116712986
2007-03-30,0.011802419185491695,0.035980647955868084,0.03510286885477573,0.03502368557972753,0.03510286885477573
2007-04-02,0.011787907826109514,0.035905088430844584,0.03501660227104719,0.03495012385444411,0.03501660227104719
2007-04-03,0.011744685128502476,0.035646353090960925,0.03476028244945214,0.034682546456134083,0.03476028244945214
2007-04-04,0.011780075259532667,0.035866053267480325,0.03497008362630392,0.03491022129466356,0.03497008362630392
2007-04-09,0.011786706797871534,0.03590967351950741,0.035009467199025736,0.034954485061595084,0.035009467199025736
2007-04-10,0.011786657836444286,0.035909487789462013,0.0350091763442602,0.034954299839043856,0.0350091763442602
2007-04-11,0.011781971943024404,0.03589603076661113,0.03498134544228599,0.034942412491952235,0.03498134544228599
2007-04-13,0.011781244234074654,0.035891680912523066,0.03497702435713516,0.03493826120963378,0.03497702435713516
2007-04-16,0.011782903265995107,0.03591473676778836,0.034986875962701135,0.034962220842999825,0.034986875962701135
2007-04-17,0.011790937971342024,0.035944635023697075,0.035034606997496866,0.03498940668201532,0.035034606997496866
2007-04-18,0.011791418706667554,0.03594803689997292,0.03503746388921928,0.03499284154174481,0.03503746388921928
2007-04-19,0.011823580871899346,0.036123224209249294,0.03522886028785472,0.035158883308403666,0.03522886028785472
2007-04-20,0.011823187543271404,0.03612059220606639,0.03522651644820876,0.035156221927833575,0.03522651644820876
2007-04-23,0.011841904436732257,0.036231034804860784,0.03533813657355217,0.03527130380813044,0.03533813657355217
2007-04-24,0.011830477045727745,0.036159870966585794,0.035269967156631755,0.03519857736368921,0.035269967156631755
2007-04-25,0.011839536856500112,0.03620330603302546,0.035324007510058986,0.03524035721564746,0.035324007510058986
2007-04-26,0.011839812207578787,0.03620630968095587,0.03532565058390438,0.03524337130197994,0.03532565058390438
2007-04-27,0.011822181732617187,0.036093560210962536,0.03522052319159493,0.03512770056444414,0.03522052319159493
2007-04-30,0.011839674367505422,0.036190991063935446,0.035324828060398356,0.03522271996817719,0.035324828060398356
2007-05-02,0.011858518680644312,0.036304898680010925,0.035437365255395904,0.0353394575176784,0.035437365255395904
2007-05-03,0.011860000300302537,0.03632414489765995,0.03544622099504042,0.035363671795218,0.03544622099504042
2007-05-04,0.011898780344089484,0.03655454867810132,0.03567840536657635,0.03560314369887513,0.03567840536657635
2007-05-07,0.011893336947710572,0.036520663970944944,0.035645768865447916,0.03556852232677074,0.035645768865447916
2007-05-08,0.011874514570289192,0.036399011991381375,0.035533032262562596,0.0354433694217904,0.035533032262562596
2007-05-09,0.011880121495482685,0.036426879128730175,0.0355665962603523,0.03547078136300151,0.0355665962603523
2007-05-10,0.011883541525179188,0.03644924635423179,0.035587076913525834,0.03549339833609501,0.035587076913525834
2007-05-11,0.01189682171852697,0.03652071690962741,0.035666660484608585,0.035561435054350596,0.035666660484608585
2007-05-14,0.011889689041625712,0.036476395745988474,0.03562390578765175,0.03551641446840178,0.03562390578765175
2007-05-15,0.011906940732676627,0.03657575434678016,0.0357273598780914,0.035613571281750474,0.0357273598780914
2007-05-16,0.011906597472302157,0.03657334311971098,0.035725299968592895,0.035611150117018125,0.035725299968592895
2007-05-18,0.011896799892876606,0.03651949056337098,0.0356665296181695,0.03555898551522618,0.0356665296181695
2007-05-21,0.011902242941490095,0.036550725164520945,0.035699173533639196,0.03559197248138785,0.035699173533639196
2007-05-22,0.011900179698843123,0.03654240104834415,0.03568679776991901,0.035583894776822396,0.03568679776991901
2007-05-23,0.011900952228411824,0.036547335000079506,0.03569143131362097,0.035588886175537224,0.03569143131362097
2007-05-24,0.011900986429264312,0.03654802713572286,0.035691636453362395,0.03558957946425974,0.035691636453362395
2007-05-25,0.011913810800013134,0.03661867362100819,0.03576859972018442,0.03565696262468895,0.03576859972018442
2007-05-28,0.01188205209711539,0.03642911198357117,0.035578156833718184,0.03546204225701543,0.035578156833718184
2007-05-29,0.011876166859157312,0.03639342089033406,0.03554292149516971,0.03542577740113566,0.03554292149516971
2007-05-30,0.011855029499835405,0.036268473894039616,0.03541651455937586,0.03529492568576282,0.03541651455937586
2007-05-31,0.01184271854915837,0.03619531222394493,0.03534299562391409,0.03522631745965005,0.03534299562391409
2007-06-01,0.011784500969888935,0.03584535621817591,0.03499636470354694,0.034890193230408574,0.03499636470354694
2007-06-04,0.011780317917325317,0.03581966206443711,0.03497152433878048,0.03486412346219462,0.03497152433878048
2007-06-05,0.011776792384667013,0.03580075829407955,0.034950595395630835,0.03484538300811288,0.034950595395630835
2007-06-06,0.011671496730847346,0.03516499548065885,0.03432840665642143,0.03424809590733979,0.03432840665642143
2007-06-07,0.011635219699671394,0.034961000165936895,0.03411534103982457,0.0340500900973922,0.03411534103982457
2007-06-08,0.011629651063941964,0.03492009804932042,0.0340826935349997,0.03400836393049994,0.0340826935349997
2007-06-11,0.011577524729109012,0.034623948203889504,0.033777847870988933,0.03372248530037131,0.033777847870988933
2007-06-12,0.01158196312102233,0.03465331912701805,0.03380375117365377,0.03375222134296241,0.03380375117365377
2007-06-13,0.011537537144186125,0.03440459705371743,0.03354492036507558,0.03351116312123015,0.03354492036507558
2007-06-14,0.011512396673966021,0.034282703721496166,0.03339888984904347,0.03340320384811887,0.03339888984904347
2007-06-15,0.01156639139622263,0.034600247443136334,0.03371291530251445,0.0337342730368721,0.03371291530251445
2007-06-20,0.011728974713511543,0.035541636626435225,0.03466734965320868,0.03473621689160794,0.03466734965320868
2007-06-21,0.011740153263298365,0.03562390786768199,0.03473346205872529,0.03482002727941805,0.03473346205872529
2007-06-22,0.011748225697020378,0.03565780970854082,0.03478124337108875,0.034853462505995664,0.03478124337108875
2007-06-25,0.01176702239663199,0.03578636523313444,0.03489262965287539,0.034984983653470525,0.03489262965287539
2007-06-26,0.011752134863287677,0.03566148288939941,0.03480439380891522,0.03484715717315695,0.03480439380891522
2007-06-27,0.011550119405318205,0.03444561094127341,0.033618125085831264,0.0337144040743958,0.033618125085831264
2007-06-28,0.011540775992272625,0.034382655309258936,0.03356375664696168,0.03365025933590246,0.03356375664696168
2007-06-29,0.011468784517818706,0.03398194690731415,0.033146320615671826,0.03326561749349946,0.033146320615671826
2007-07-02,0.011241316976676765,0.03268025310839762,0.03184453625727055,0.03206314821619671,0.03184453625727055
2007-07-03,0.011217162276208961,0.03253746056826412,0.031707831841762964,0.03191443973594699,0.031707831841762964
2007-07-04,0.011222724776970528,0.032589597494546485,0.0317392869577463,0.03196744023045123,0.0317392869577463
2007-07-05,0.011132092361901826,0.032124806090766844,0.031228717049186068,0.03152405498919458,0.031228717049186068
2007-07-06,0.01098227256531903,0.031267777410728725,0.03039379829613768,0.03061405174565024,0.03039379829613768
2007-07-09,0.01106624169590691,0.031777040773776744,0.03086034972860162,0.031150029958827985,0.03086034972860162
2007-07-10,0.010990813509571703,0.03132825903446568,0.030441091363750332,0.030681575305757214,0.030441091363750332
2007-07-11,0.011019676512816714,0.03146635974076217,0.030601184152675327,0.030816456129573178,0.030601184152675327
2007-07-12,0.010877918087608728,0.030722324238065868,0.029818933684022733,0.030113748001508733,0.029818933684022733
2007-07-13,0.010881128633733304,0.030773580253300126,0.0298365380066504,0.030166593407710163,0.0298365380066504
2007-07-16,0.010746187847885807,0.030004324815226413,0.029101099422036248,0.029350946858639093,0.029101099422036248
2007-07-17,0.01072422793680001,0.029910891247491134,0.028982284339791334,0.029259360747775798,0.028982284339791334
2007-07-18,0.010708707114084474,0.02978781997720159,0.028898454829921344,0.029131861516259627,0.028898454829921344
2007-07-19,0.010709358063726046,0.029787428343609368,0.028901968234547708,0.029131467297621727,0.028901968234547708
2007-07-20,0.010737905500171046,0.029983819002576517,0.029056258861712106,0.02933539954012271,0.029056258861712106
2007-07-23,0.01072095621023711,0.029854594462130124,0.028964603319579056,0.029201978762386893,0.028964603319579056
2007-07-24,0.010699229624311956,0.029733786516960903,0.02884732566754615,0.029075558460517847,0.02884732566754615
2007-07-25,0.010698664028142766,0.029732898196991542,0.02884427582074315,0.02907467181268064,0.02884427582074315
2007-07-26,0.010772399106577036,0.030090895666013584,0.02924323479286819,0.029417371761884636,0.02924323479286819
2007-07-27,0.01107256406918803,0.03183090553215839,0.030895622116700994,0.031006538276491746,0.030895622116700994
2007-07-30,0.011105725888737632,0.0319999015151774,0.03108096117397587,0.0311711000679131,0.03108096117397587
2007-07-31,0.011198884344415556,0.0325495560106428,0.031604582661018156,0.03175030679044111,0.031604582661018156
2007-08-02,0.011317071379127876,0.03319336078712837,0.03227517835926938,0.032337896990179554,0.03227517835926938
2007-08-03,0.01133483694853112,0.0333257255227658,0.032376589219746135,0.03247647398325526,0.032376589219746135
2007-08-06,0.01135166231791186,0.03341230373947923,0.032472779819734815,0.03256115953403438,0.032472779819734815
2007-08-07,0.011366317316441273,0.033491126085409884,0.03255667867318425,0.03263769855154408,0.03255667867318425
2007-08-08,0.011314294308549085,0.03323366407042033,0.032259340436517486,0.03242887731180505,0.032259340436517486
2007-08-09,0.011220659532681223,0.03274773083586113,0.0317276064877842,0.03196944835210669,0.0317276064877842
2007-08-10,0.011350573994168615,0.03344939454286322,0.032466553559268405,0.03263117610439978,0.032466553559268405
2007-08-13,0.011352513125678176,0.03345475349813831,0.03247764767571121,0.03263650909136401,0.03247764767571121
2007-08-15,0.01136458263859959,0.03350153341568857,0.03254674211448892,0.03260523582133529,0.03254674211448892
2007-08-16,0.011664198950021139,0.035325204187809545,0.03428549136070991,0.03428156312263464,0.03428549136070991
2007-08-17,0.011654534355488518,0.03527853014343768,0.03422869910290207,0.03423553578662225,0.03422869910290207
2007-08-20,0.011987841249204517,0.03715455594343792,0.036214501129664595,0.03628550400701122,0.036214501129664595
2007-08-21,0.011978255406169872,0.037064922352704366,0.036156607849010314,0.03618896433290583,0.036156607849010314
2007-08-22,0.01199614463957617,0.03718963042256068,0.03626468652583528,0.036316539274361015,0.03626468652583528
2007-08-23,0.012088493237528909,0.0377678339198565,0.0368251805259531,0.03692428739157619,0.0368251805259531
2007-08-24,0.012101070660568527,0.037828891536636544,0.03690184960528225,0.03698437814293412,0.03690184960528225
2007-08-27,0.012097745583258863,0.03780534760881993,0.03688157294570935,0.03696042035164901,0.03688157294570935
2007-08-28,0.012088051750790973,0.03775968274666208,0.03682249077270978,0.036915379732018916,0.03682249077270978
2007-08-29,0.012120742140559632,0.037940788826846095,0.037021922289560395,0.03709167236142061,0.037021922289560395
2007-08-30,0.01210338894230471,0.03783335136741739,0.03691599001995339,0.03697942643777,0.03691599001995339
2007-08-31,0.012196052085541531,0.03838626574694748,0.03748340899125696,0.03756966567609499,0.03748340899125696
2007-09-03,0.012196638196671746,0.038391957836955815,0.03748701179172908,0.037575400789660374,0.03748701179172908
2007-09-04,0.012196326141380893,0.0383907145446738,0.0374850935794266,0.037574163857111265,0.0374850935794266
2007-09-05,0.012208648862041236,0.038435814126774326,0.037560878973228434,0.03761559614998633,0.037560878973228434
2007-09-06,0.012236061580910328,0.038621473266350514,0.037729743158981095,0.0378064554321762,0.037729743158981095
2007-09-07,0.012203867545408857,0.03840438944740071,0.037531464532602664,0.03758283011546085,0.037531464532602664
2007-09-10,0.01220626062788728,0.038395283984919815,0.03754618522600962,0.03757171660607103,0.03754618522600962
2007-09-11,0.012210251244297012,0.03843443728239104,0.0375707393331119,0.037611556099602345,0.0375707393331119
2007-09-12,0.012044459728225492,0.03741045530261655,0.03655739055650112,0.03665088926922261,0.03655739055650112
2007-09-13,0.012046568686854468,0.03739416053711381,0.03657019391602985,0.03663173817398516,0.03657019391602985
2007-09-14,0.012092850369893802,0.037692029375975766,0.036851731577297445,0.036940336853310385,0.036851731577297445
2007-09-17,0.012125836591432,0.03788356817818345,0.03705305008661203,0.03712540248765511,0.03705305008661203
2007-09-19,0.01212911419917015,0.03791115139443768,0.03707308363664076,0.03715329025275099,0.03707308363664076
2007-09-20,0.012105012840323734,0.03779487488837863,0.03692589663782943,0.037041179423965176,0.03692589663782943
2007-09-21,0.012126017326994986,0.037932096367956025,0.03705415464607482,0.0371827862350364,0.03705415464607482
2007-09-26,0.012128724545591957,0.03794894333463339,0.037070701693916894,0.03720042426259204,0.037070701693916894
2007-09-27,0.01214234398320145,0.03803628370138662,0.037154002386409896,0.0372910022252064,0.037154002386409896
2007-09-28,0.012142452013478841,0.03803761743385359,0.03715466350670836,0.037292344035530556,0.03715466350670836
2007-10-01,0.012121137501696055,0.037894628444487655,0.03702433753242567,0.037145325549571034,0.03702433753242567
2007-10-02,0.012168085295192302,0.03820077391424148,0.037311699537270926,0.03746283687774582,0.037311699537270926
2007-10-03,0.012188396281950755,0.03836861225327315,0.037436364989319494,0.03763916555188229,0.037436364989319494
2007-10-04,0.01219539724838709,0.03840448628670051,0.03747938393958379,0.037674452181810814,0.03747938393958379
2007-10-05,0.012195174329525094,0.038396966431148594,0.03747801378573198,0.037666890913483575,0.03747801378573198
2007-10-09,0.012199562666007299,0.03843557825936178,0.037504990968943455,0.03770600141510266,0.037504990968943455
2007-10-11,0.012176391095893208,0.03832488691567182,0.037362654030277144,0.037598071099349706,0.037362654030277144
2007-10-12,0.012286329123154605,0.03895724024113306,0.03804037859726421,0.038180270947066,0.03804037859726421
2007-10-15,0.012290413207812581,0.03901193913474038,0.038065672718331035,0.03823688506326328,0.038065672718331035
2007-10-16,0.01227385047323744,0.03889789087950962,0.03796314617072651,0.03811976369134917,0.03796314617072651
2007-10-17,0.012148424376820437,0.03810708260667467,0.037191222139509914,0.0372772266712946,0.037191222139509914
2007-10-18,0.012177215757718083,0.038302487922537765,0.03736771506972443,0.037478243966156205,0.03736771506972443
2007-10-19,0.012174571038112461,0.03828851532013744,0.03735148535043578,0.037464502617842316,0.03735148535043578
2007-10-22,0.012263708326036484,0.03881242651525352,0.037900432560336345,0.03796472902632547,0.037900432560336345
2007-10-23,0.012297128222991916,0.03904954802818528,0.038107279358241486,0.0382110105318218,0.038107279358241486
2007-10-24,0.012578517594731463,0.040879136546127126,0.03987121443000418,0.039892652556634156,0.03987121443000418
2007-10-25,0.012592785116536486,0.04098387511128315,0.039961715721798234,0.03999956837362198,0.039961715721798234
2007-10-26,0.012607876351584965,0.041085299442687406,0.04005755361640756,0.04010406247289683,0.04005755361640756
2007-10-29,0.012651880733225889,0.041399732455690064,0.040337661694118655,0.04043590748297771,0.040337661694118655
2007-10-30,0.012652086345204877,0.041400705881147026,0.04033897279940296,0.040436872917682026,0.04033897279940296
2007-10-31,0.01264930633121871,0.04136370649207938,0.04032124756657445,0.04039907582064364,0.04032124756657445
2007-11-01,0.0126699351681824,0.04147338503774206,0.040452868805818186,0.040506238696168484,0.040452868805818186
2007-11-02,0.012849986162235115,0.04267789754643281,0.04161078038114775,0.041620986966757645,0.04161078038114775
2007-11-05,0.012805019113610231,0.04237496724327644,0.041320065653980685,0.041307115300023095,0.041320065653980685
2007-11-06,0.012809284075881257,0.042409323026299184,0.04134759515122954,0.041341889692981165,0.04134759515122954
2007-11-07,0.012812257481820504,0.04242666584214655,0.0413667933286773,0.041358923220117166,0.0413667933286773
2007-11-08,0.012959716159171552,0.04339759328351522,0.04232446921742565,0.042257607873577074,0.04232446921742565
2007-11-09,0.012953554480047513,0.04335570164721336,0.042284232564224866,0.04221466380745892,0.042284232564224866
2007-11-12,0.013061038459096497,0.0440764986919642,0.04298886285875945,0.042895863832835904,0.04298886285875945
2007-11-13,0.01302649045800126,0.043856577855036855,0.042761742320404264,0.042682423437454944,0.042761742320404264
2007-11-14,0.013072632575065841,0.044172638332789727,0.04306521805555349,0.0430119067197845,0.04306521805555349
2007-11-16,0.013172240590845161,0.04483002527999519,0.04372399639014343,0.04363449141549977,0.04372399639014343
2007-11-19,0.013167252313436593,0.04478556879513115,0.043690886438396734,0.04358835744190136,0.043690886438396734
2007-11-20,0.013168521782754494,0.04479277372051746,0.04369931141760566,0.043595507691657515,0.04369931141760566
2007-11-21,0.012554889967050733,0.04024143149055373,0.03972156604535729,0.039669827508634736,0.03972156604535729
2007-11-22,0.012550923550347474,0.04021111966155069,0.039696471855600046,0.039639169012405134,0.039696471855600046
2007-11-23,0.012529685387815598,0.0400798336254341,0.039562240011245205,0.03951228265277279,0.039562240011245205
2007-11-26,0.012590223235584196,0.04046513248983885,0.03994545772270473,0.039914322826224646,0.03994545772270473
2007-11-27,0.012628675965883863,0.04069976927029062,0.04018983107612576,0.04014162064781543,0.04018983107612576
2007-11-28,0.0126489495425876,0.040812702285339814,0.04031897298179361,0.04025127262496972,0.04031897298179361
2007-11-29,0.012647103731342261,0.04080121438791898,0.0403072066634155,0.04023916781709609,0.0403072066634155
2007-11-30,0.01263627181923554,0.04075010811030061,0.040238192103380775,0.04019093534092402,0.040238192103380775
2007-12-03,0.01262948173683398,0.04070170432063283,0.040194959853137806,0.040141751594657105,0.040194959853137806
2007-12-04,0.012640604009820953,0.040786047884986465,0.04026578717274159,0.040227928621309,0.04026578717274159
2007-12-05,0.012638618646085484,0.040782463551981174,0.040253139682857285,0.040224510686573456,0.040253139682857285
2007-12-06,0.012638611175895114,0.04078224011294962,0.040253092098776144,0.04022428666827049,0.040253092098776144
2007-12-07,0.012640538552339103,0.04081611292384574,0.04026537015307913,0.040260701238366975,0.04026537015307913
2007-12-10,0.012712658899375468,0.041256810071099936,0.04072614746555131,0.04067794844106851,0.04072614746555131
2007-12-11,0.012715123098247915,0.04127473026227321,0.04074193756170661,0.04069612464738476,0.04074193756170661
2007-12-12,0.012766375370781624,0.04158971154106747,0.04107104570714031,0.04099978018743759,0.04107104570714031
2007-12-13,0.013040001823307487,0.04347863459988044,0.042850495183069374,0.042734561852315334,0.042850495183069374
2007-12-14,0.013030590765307905,0.04341896757447007,0.04278866651461777,0.04267620048715855,0.04278866651461777
2007-12-17,0.013126074828057305,0.04407725575349826,0.04341804777872342,0.04327520580735244,0.04341804777872342
2007-12-18,0.013121951362189282,0.04404926079764646,0.04339077310301861,0.04324678061763005,0.04339077310301861
2007-12-19,0.013238309453956603,0.044790215716203494,0.044163714974076625,0.04403038904585555,0.044163714974076625
2007-12-24,0.013251885924153403,0.044881815112392115,0.04425434509778733,0.04412436959694077,0.04425434509778733
2007-12-25,0.013255974724636308,0.044909970544283695,0.04428165820684955,0.04415308328217142,0.04428165820684955
2007-12-26,0.013253682045717498,0.04489775703075152,0.04426634211778155,0.04414096328884867,0.04426634211778155
2007-12-27,0.013316736894896474,0.04531592251811625,0.04468854134503004,0.04457696680942566,0.04468854134503004
2007-12-28,0.013303615781225036,0.04522317021682154,0.04460052059932387,0.044482330843933826,0.04460052059932387
2007-12-31,0.013307260372889934,0.04524870423670298,0.044624961015235456,0.04450835883240831,0.044624961015235456
2008-01-02,0.013380222291979276,0.04574099987219066,0.045115647842860346,0.04497862965402545,0.045115647842860346
2008-01-03,0.013401022612221052,0.04587912815515654,0.04525602657742151,0.04510363102449115,0.04525602657742151
2008-01-04,0.013399011318409555,0.04586694517903806,0.04524244308633857,0.045091532652629385,0.04524244308633857
2008-01-07,0.013682276764713756,0.04798542424389319,0.047175583761488935,0.04700952177371832,0.047175583761488935
2008-01-08,0.01369567843428381,0.048077914575967474,0.04726804515937727,0.04710384161061748,0.04726804515937727
2008-01-09,0.01367714038058513,0.04793471008049655,0.04714017058553856,0.04699263642707943,0.04714017058553856
2008-01-10,0.013677521461026803,0.047936874029258905,0.04714279751584589,0.046994791579032844,0.04714279751584589
2008-01-11,0.013675194150519467,0.04791605219764772,0.047126755633709265,0.046973304033487755,0.047126755633709265
2008-01-14,0.013726238652233094,0.04825950070453183,0.04747922613959056,0.04733167704937037,0.04747922613959056
2008-01-15,0.013908982666507676,0.04944373534853359,0.048751869301937166,0.04861727824057724,0.048751869301937166
2008-01-16,0.014176961182065798,0.051485290561964256,0.05064852954616572,0.050483785963154955,0.05064852954616572
2008-01-17,0.014179752660195456,0.051502990931190144,0.05066847714708867,0.05050132703242623,0.05066847714708867
2008-01-18,0.014184457465511923,0.05153878673585261,0.05070210606491107,0.05053755504563049,0.05070210606491107
2008-01-21,0.014211508463213875,0.051731038393864316,0.050895677145599894,0.050724584003518466,0.050895677145599894
2008-01-22,0.014870388368938777,0.0572917910968789,0.05572436946125356,0.05553886601382503,0.05572436946125356
2008-01-23,0.014865478271262734,0.05725723427656529,0.055687575946812895,0.05550382267062255,0.055687575946812895
2008-01-24,0.014951955982126893,0.05786780549308526,0.05633736889824796,0.05614824114602485,0.05633736889824796
2008-01-25,0.015020887529732595,0.05835746928264904,0.056858019669580796,0.05666679170384205,0.056858019669580796
2008-01-28,0.015135254114478695,0.05930144955828265,0.05772713111168075,0.057538936645973184,0.05772713111168075
2008-01-29,0.01514406796963451,0.05936565910198002,0.0577943842565653,0.05760450587167532,0.0577943842565653
2008-01-30,0.015144878678404972,0.05937238390645086,0.05780057224626859,0.057611191397571655,0.05780057224626859
2008-01-31,0.01512375167771273,0.059204580088855874,0.05763942193189789,0.05744765214615152,0.05763942193189789
2008-02-01,0.0151870659910094,0.059643751469992,0.05812303730064912,0.05792866161389204,0.05812303730064912
2008-02-12,0.01527109580654963,0.06032126479786719,0.05876800451747006,0.05857064096423277,0.05876800451747006
2008-02-13,0.015246699392035228,0.060128251582770645,0.05858038427247402,0.0583831471195279,0.05858038427247402
2008-02-14,0.015629160234404527,0.06280606673182851,0.06155620370743833,0.0613650312249495,0.06155620370743833
2008-02-15,0.015577000878191161,0.06240951126996716,0.06114602500251039,0.06094591637118914,0.06114602500251039
2008-02-18,0.015571402426628246,0.062364839660665514,0.061102080530065016,0.060900567735608535,0.061102080530065016
2008-02-19,0.015591159524837736,0.0625181200920892,0.061257232342892494,0.061059653912482886,0.061257232342892494
2008-02-20,0.01562993849497668,0.06283172441610549,0.06156233429390198,0.06135826633358438,0.06156233429390198
2008-02-21,0.015730217829702433,0.06357929683913544,0.06235481774841186,0.06215195459975456,0.06235481774841186
2008-02-22,0.015726144885520692,0.0635498104043885,0.062322531506017936,0.06212327220881715,0.062322531506017936
2008-02-25,0.01577666869306664,0.06394316720683028,0.06272362531279883,0.06253316360555372,0.06272362531279883
2008-02-27,0.0157924674492379,0.06407316751348574,0.06284931109008014,0.06266629588891524,0.06284931109008014
2008-02-29,0.015766812929495423,0.06386882351455415,0.06264528226833342,0.0624557414986293,0.06264528226833342
2008-03-03,0.01586593213095814,0.06468866182701613,0.06343540620081081,0.06323000080479763,0.06343540620081081
2008-03-04,0.01590932025929153,0.06500972565888441,0.06378283072040139,0.06359744430839429,0.06378283072040139
2008-03-05,0.0158981633044051,0.06492788908913669,0.06369340230629031,0.06351743634517416,0.06369340230629031
2008-03-06,0.015961807033113076,0.0654330033819826,0.0642043795081092,0.06404604743188533,0.0642043795081092
2008-03-07,0.015980852945453573,0.06558489271590931,0.06435769053778145,0.06419276066670436,0.06435769053778145
2008-03-10,0.016090401458953584,0.06649665376487683,0.0652430568157945,0.06505177811689669,0.0652430568157945
2008-03-11,0.016083113017254763,0.06643762755499888,0.06518396413009898,0.06499096343743768,0.06518396413009898
2008-03-12,0.01609220683438823,0.06651682154556003,0.06525769844178428,0.0650716802013504,0.06525769844178428
2008-03-13,0.01616590176885186,0.06713006553219128,0.06585676776004226,0.06564888078833209,0.06585676776004226
2008-03-14,0.016181280224293788,0.067252994255872,0.06598212508367456,0.06576910256766458,0.06598212508367456
2008-03-17,0.01622533361648023,0.06762020408894939,0.06634188564345302,0.06612259200504078,0.06634188564345302
2008-03-18,0.01623621729497818,0.06770969214197123,0.06643091751653665,0.06621382053466988,0.06643091751653665
2008-03-19,0.016237376184951025,0.06772243173100458,0.0664404011136469,0.06623050467245738,0.0664404011136469
2008-03-20,0.016300880393519082,0.06822983910512832,0.06696111280416134,0.06676864284272695,0.06696111280416134
2008-03-21,0.01637824992768869,0.0688438120499426,0.06759826181484632,0.06741820428468236,0.06759826181484632
2008-03-24,0.01656702744852176,0.07029724795597864,0.0691655324169785,0.06900822129048872,0.0691655324169785
2008-03-25,0.01660260363694451,0.07058967979088537,0.06946290477642175,0.06929038359510316,0.06946290477642175
2008-03-26,0.016508710985903105,0.06977785655541774,0.06867945968085162,0.06852974431461457,0.06867945968085162
2008-03-27,0.016550260541350094,0.07012291280083396,0.06902560324461562,0.06886064160193536,0.06902560324461562
2008-03-28,0.016365451582065038,0.06851582393517572,0.06749265738219859,0.0673984440429736,0.06749265738219859
2008-03-31,0.016434106291835313,0.06906975897573178,0.06806012210205793,0.06791774992331162,0.06806012210205793
2008-04-01,0.01643732159130942,0.06908360585834433,0.06808675635622397,0.06793067141154621,0.06808675635622397
2008-04-02,0.016514654015388267,0.06970188068529393,0.06872891690649091,0.06858913026943811,0.06872891690649091
2008-04-03,0.01652337172413499,0.06976930455919883,0.06880149690975382,0.06865521867078433,0.06880149690975382
2008-04-07,0.016542485280563814,0.0699288905336159,0.06896076245293295,0.06882132522810527,0.06896076245293295
2008-04-08,0.016546395889762814,0.06994347259352238,0.06899337066907145,0.06883262698940255,0.06899337066907145
2008-04-09,0.016516379653466095,0.06970416613396274,0.06874328080807206,0.06860055653851777,0.06874328080807206
2008-04-10,0.0165223598377715,0.06975344419182142,0.06879307040141877,0.06865214852411135,0.06879307040141877
2008-04-11,0.016544991045336552,0.06995113884049553,0.06898165562994721,0.06885565048253622,0.06898165562994721
2008-04-14,0.016545727615457643,0.06994512528305455,0.06898779778587925,0.06884911701594394,0.06898779778587925
2008-04-15,0.01654579357801036,0.06994259167725406,0.0689883478517845,0.06884657115123177,0.0689883478517845
2008-04-16,0.016562252842912566,0.07007961205763283,0.06912567124660647,0.06898952932864633,0.06912567124660647
2008-04-17,0.016565062436212585,0.07011562040019448,0.06914912596593654,0.06902630659517572,0.06914912596593654
2008-04-18,0.016562547573683126,0.0700816155543805,0.06912813149689023,0.06899149055075292,0.06912813149689023
2008-04-21,0.016561233757646326,0.07007884579405632,0.06911716482100186,0.06898886681594718,0.06911716482100186
2008-04-22,0.016545365080054122,0.06995495074996341,0.06898477461933314,0.06886794591237325,0.06898477461933314
2008-04-23,0.01655659224480401,0.0700307723263747,0.06907842818369747,0.06894137828694401,0.06907842818369747
2008-04-24,0.016559309358999064,0.0700499896687051,0.06910110306465257,0.06896039680630252,0.06910110306465257
2008-04-25,0.01655754486223192,0.07003116869158671,0.06908637754993532,0.06894140422727942,0.06908637754993532
2008-04-28,0.016568206201993785,0.07012687973316908,0.06917537510144989,0.06903919121793117,0.06917537510144989
2008-04-29,0.016553940869519248,0.0699887619247828,0.069056305494508,0.06889120785109418,0.069056305494508
2008-04-30,0.01655302003758397,0.0699806290658238,0.0690486230358934,0.06888291245397678,0.0690486230358934
2008-05-02,0.016554885040752074,0.07000172466528168,0.06906418311555422,0.06890421484487391,0.06906418311555422
2008-05-05,0.01659779403659299,0.07034935007852136,0.0694226652540528,0.06923598342657337,0.0694226652540528
2008-05-06,0.01656777870288192,0.07010769518134831,0.06917180536921227,0.06900179255492389,0.06917180536921227
2008-05-07,0.016570915542229725,0.07013491884411549,0.06919800096074308,0.06902966381682918,0.06919800096074308
2008-05-08,0.01658472686940931,0.07024932240131915,0.06931339766389259,0.06914000631403266,0.06931339766389259
2008-05-09,0.016590644103713033,0.07028954549274727,0.06936286688756914,0.06917939801035325,0.06936286688756914
2008-05-12,0.016564960309857123,0.0700895161364338,0.06914827333691972,0.06898790957256949,0.06914827333691972
2008-05-14,0.0166249755871334,0.0705882214867557,0.06965023294474096,0.06951044409613424,0.06965023294474096
2008-05-15,0.016618892245006737,0.07053759681690355,0.06959927002168856,0.06945751702475338,0.06959927002168856
2008-05-16,0.01661996987957425,0.07054772238334087,0.06960829649708472,0.069467791252114,0.06960829649708472
2008-05-19,0.016610957106138153,0.07048686902547566,0.06953282178745432,0.06940834042784214,0.06953282178745432
2008-05-20,0.016690053162222683,0.07114875922203828,0.07019658438857047,0.07003720782876607,0.07019658438857047
2008-05-21,0.016699866687059563,0.0712262269027122,0.07027915793612155,0.07011308767051992,0.07027915793612155
2008-05-22,0.016685474972143958,0.07111564856605831,0.0701580789116027,0.07000481901287692,0.0701580789116027
2008-05-23,0.016702902440768615,0.07124451707068527,0.0703047113863502,0.07012273536473787,0.0703047113863502
2008-05-26,0.016712242672036078,0.07131019875678202,0.07038336189251394,0.07018043435220075,0.07038336189251394
2008-05-27,0.016688966760401096,0.07111787750566997,0.0701874461055027,0.06998004231363184,0.0701874461055027
2008-05-28,0.016693532498047853,0.07114900547368551,0.07022585487037171,0.07000970898135707,0.07022585487037171
2008-05-29,0.016701688901065548,0.07122398888008433,0.07029449586128997,0.07008665419073183,0.07029449586128997
2008-05-30,0.01669748813613054,0.07119132225739816,0.07025913973416748,0.07005439417697654,0.07025913973416748
2008-06-02,0.016699218433683372,0.07120651508704529,0.07027370186655937,0.07006985224551127,0.07027370186655937
2008-06-03,0.016715709585448796,0.0713470416197393,0.07041256663015631,0.07020470924595587,0.07041256663015631
2008-06-04,0.016716129409046508,0.07135099615443509,0.07041610356983737,0.0702086984845741,0.07041610356983737
2008-06-05,0.016726668199983172,0.0714505868852767,0.07050492012622672,0.0703164990289517,0.07050492012622672
2008-06-06,0.01672666971814628,0.07144984882097576,0.07050493292470786,0.07031575969486256,0.07050493292470786
2008-06-09,0.016798808433417998,0.0720662525435112,0.07111439112523427,0.0709004984060781,0.07111439112523427
2008-06-10,0.016825881059942843,0.07231564292228793,0.07134378890772251,0.07110929308903478,0.07134378890772251
2008-06-11,0.016825876794894584,0.07231560560560961,0.07134375273907695,0.07110925539573698,0.07134375273907695
2008-06-12,0.016893664247782034,0.07291387612355134,0.07191976471263081,0.071677928977676,0.07191976471263081
2008-06-13,0.016897754216687225,0.07294861545459724,0.07195459258702785,0.07171309276266155,0.07195459258702785
2008-06-16,0.016886700668617225,0.07285483317768328,0.07186048618681232,0.07162214619708558,0.07186048618681232
2008-06-17,0.016891836919009976,0.07289932258232704,0.07190420693360396,0.07166724828215741,0.07190420693360396
2008-06-18,0.016890892864976522,0.07289091465066963,0.07189616996758091,0.07165877424449027,0.07189616996758091
2008-06-19,0.016928371832616477,0.07322040796748304,0.07221558277163738,0.0719743338871788,0.07221558277163738
2008-06-20,0.016973961898947416,0.07362805282574067,0.07260507640182347,0.07236057474443228,0.07260507640182347
2008-06-23,0.01697270264627942,0.07361753252562613,0.07259430404999316,0.07234994478291704,0.07259430404999316
2008-06-24,0.016978473508351747,0.07366904315246511,0.07264367779379813,0.07240040395021945,0.07264367779379813
2008-06-25,0.01699165904740764,0.07377793376892386,0.07275655225020418,0.07251160326584047,0.07275655225020418
2008-06-26,0.016988770255448662,0.07375818418827654,0.07273181532768913,0.07248937891363687,0.07273181532768913
2008-06-27,0.017220940612018284,0.07558437141174874,0.07473332048179047,0.07448315913910813,0.07473332048179047
2008-06-30,0.017894167678702295,0.08259313634980553,0.0806907117022055,0.08044712616462943,0.0806907117022055
2008-07-01,0.017893627570014482,0.08259037756602611,0.08068584071882436,0.08044432525694979,0.08068584071882436
2008-07-02,0.017902197107829292,0.08267977444293959,0.08076314264446802,0.08053069028364493,0.08076314264446802
2008-07-03,0.017902444406695004,0.08268317854181506,0.08076537396517092,0.08053408185592696,0.08076537396517092
2008-07-04,0.01797640123470318,0.0834423697614674,0.08143405234046158,0.08123502056549858,0.08143405234046158
2008-07-07,0.017970893952831083,0.08339655798589635,0.081384163424903,0.0811865876281716,0.081384163424903
2008-07-08,0.017982985296508033,0.0837364385297592,0.08149371556395488,0.08137886229332975,0.08149371556395488
2008-07-09,0.0179737485747458,0.08367689828248326,0.08141002073270052,0.08131755675141478,0.08141002073270052
2008-07-10,0.01797418964068724,0.08366287278655782,0.08141401629632591,0.08130421249525893,0.08141401629632591
2008-07-11,0.018021204456927405,0.08404902762365218,0.08184048013975179,0.08171157923098318,0.08184048013975179
2008-07-14,0.018024209524028223,0.08407899858004836,0.08186777649944955,0.08174042507962428,0.08186777649944955
2008-07-15,0.018227568757898077,0.0861767534658503,0.08372555423162333,0.08365502567587901,0.08372555423162333
2008-07-16,0.01823136494930085,0.08623264555076726,0.08376043231447809,0.08370981701004893,0.08376043231447809
2008-07-17,0.018562625999856842,0.08890214973738575,0.08683191317066144,0.08668004884071967,0.08683191317066144
2008-07-18,0.018604883806515676,0.08937227720535001,0.08722770876639521,0.08712344919650783,0.08722770876639521
2008-07-21,0.01890837360183419,0.09188186130154907,0.09009670125116809,0.08992134885416672,0.09009670125116809
2008-07-22,0.018925277695471608,0.09208404971860523,0.09025786623438022,0.09011458574483591,0.09025786623438022
2008-07-23,0.018999111531454817,0.09272185028348379,0.09096349222413416,0.09078777590706393,0.09096349222413416
2008-07-25,0.019003554216172926,0.09277191300680282,0.09100603835745,0.09083705254711147,0.09100603835745
2008-07-29,0.019070766214192368,0.09363772571323048,0.09165091924708804,0.09157631972962871,0.09165091924708804
2008-07-30,0.019086669802082852,0.09376756755814042,0.09180384296170284,0.09170918988119853,0.09180384296170284
2008-07-31,0.019074923085250807,0.09363673142416418,0.091690878058475,0.09158152870607647,0.091690878058475
2008-08-01,0.01907122497693707,0.09361039401453286,0.09165532877447899,0.09155491887222075,0.09165532877447899
2008-08-04,0.01906225699339034,0.09353796462260755,0.09156914970387883,0.09148115914714197,0.09156914970387883
2008-08-05,0.019102901119492945,0.09397688209393007,0.09196004945764345,0.09190124396763022,0.09196004945764345
2008-08-06,0.019251150872543817,0.09524629372616289,0.09339291609919603,0.0932664569674107,0.09339291609919603
2008-08-07,0.019250101117332344,0.09523410194148918,0.09338273104293503,0.09325445734025517,0.09338273104293503
2008-08-08,0.019348716306983683,0.09609108676186234,0.09434195132749035,0.09416397306641125,0.09434195132749035
2008-08-11,0.01935566487994523,0.09615281319940772,0.09440972426207579,0.09422878985632743,0.09440972426207579
2008-08-12,0.01935369058983369,0.09612778090423607,0.09439046554064831,0.09420401685907595,0.09439046554064831
2008-08-13,0.019335035973901727,0.09597433033062758,0.09420859126024263,0.09404609048477997,0.09420859126024263
2008-08-14,0.019341481356177522,0.09602581067198585,0.0942714110649434,0.09409831760421322,0.0942714110649434
2008-08-15,0.01936256859675059,0.0962522241677124,0.09447708379129577,0.094310187795558,0.09447708379129577
2009-04-23,0.021373490028811393,0.12599716095885716,0.11512017115494841,0.11532955501963338,0.11512017115494841
2009-04-24,0.021360826831382518,0.12582552609493802,0.11498380057591845,0.11516236998068918,0.11498380057591845
2009-04-27,0.021347515283507274,0.12585807644342994,0.11484053501245331,0.11513632568995696,0.11484053501245331
2009-04-28,0.021287924901723806,0.12513213637112675,0.114200288148601,0.1144561758809598,0.114200288148601
2009-04-29,0.02127600658555011,0.12502107508136684,0.11407245096954964,0.11434118807314103,0.11407245096954964
2009-04-30,0.021734113087535936,0.12918574213132317,0.11903766126885382,0.11912561971681168,0.11903766126885382
2009-05-04,0.022177639682995177,0.13333564653181096,0.12394562088100813,0.12390140471840022,0.12394562088100813
2009-05-05,0.022204701004536163,0.13360998234704252,0.12424828416861403,0.12419564083403337,0.12424828416861403
2009-05-06,0.02219807024526012,0.13354465113463893,0.12417408929860269,0.12412914410903327,0.12417408929860269
2009-05-07,0.0221372639093304,0.13280135568246026,0.12349473025461825,0.12342512801036154,0.12349473025461825
2009-05-08,0.022145308855273035,0.13290101319353348,0.12358450548244945,0.12352268675676081,0.12358450548244945
2009-05-11,0.022090256076532214,0.132216677479511,0.12297081220874563,0.12287873049606826,0.12297081220874563
2009-05-12,0.022047007778413768,0.13167222787248878,0.12248977909932217,0.12239396781274464,0.12248977909932217
2009-05-13,0.02204721585953543,0.1316739808945518,0.12249209124355157,0.12239572736976916,0.12249209124355157
2009-05-14,0.02190251109232544,0.13034318857497634,0.1208894380216586,0.1208663251684188,0.1208894380216586
2009-05-15,0.021960865053897966,0.13090791957260173,0.12153445766671025,0.12146806613468242,0.12153445766671025
2009-05-18,0.02195175102241061,0.1308155651614667,0.12143360198337613,0.12137323425536867,0.12143360198337613
2009-05-19,0.02194402318603257,0.1307379127165409,0.12134811870446205,0.1212898630949968,0.12134811870446205
2009-05-20,0.021941299957922135,0.13069457025891684,0.1213180022485655,0.12124764792254367,0.1213180022485655
2009-05-21,0.021943339692249077,0.13073047937356208,0.12134055952605732,0.12128247371813555,0.12134055952605732
2009-05-22,0.021944089994099535,0.1307436556742349,0.12134885758862311,0.12129554721184418,0.12134885758862311
2009-05-25,0.021929261196301418,0.13056279879419025,0.121184909147134,0.12111950301097993,0.121184909147134
2009-05-26,0.021913852816695306,0.13041368280658844,0.12101467020848977,0.12096632171362136,0.12101467020848977
2009-05-27,0.022094820421790517,0.13216362939362575,0.12302163454673516,0.12294394888999309,0.12302163454673516
2009-06-01,0.022096283019508528,0.13218881956962147,0.12303792226611167,0.12296868214106665,0.12303792226611167
2009-06-02,0.022097117440832,0.1321938840264693,0.12304721499686827,0.12297379390499837,0.12304721499686827
2009-06-03,0.02208780530317823,0.13207947723269892,0.12294352806399932,0.12286184161472291,0.12294352806399932
2009-06-04,0.022114009186407466,0.13243787069004026,0.12323540937872147,0.12319045290047677,0.12323540937872147
2009-06-05,0.022114091024088355,0.13244081535626512,0.12323632149905962,0.12319338748653598,0.12323632149905962
2009-06-08,0.022141879970787905,0.1327787753072205,0.12354623785747622,0.12351690366080516,0.12354623785747622
2009-06-09,0.022201496653766018,0.13353591918717467,0.12421242632413028,0.1242296807288864,0.12421242632413028
2009-06-10,0.022209563961096756,0.13360618313852463,0.12430271229819605,0.12430143910027941,0.12430271229819605
2009-06-11,0.02221256454376938,0.13361294749702196,0.12433630195000242,0.12431079466391659,0.12433630195000242
2009-06-12,0.02219583577626607,0.13348612872133658,0.12414909170335713,0.12416871059942705,0.12414909170335713
2009-06-15,0.02229013730551892,0.1346689542849997,0.12520625571691935,0.12525752019653402,0.12520625571691935
2009-06-16,0.02228676479507999,0.13464054170877304,0.12516837102786663,0.12522880143382598,0.12516837102786663
2009-06-17,0.02228246349231513,0.1346072762596321,0.12512006118016183,0.12519507379359615,0.12512006118016183
2009-06-18,0.0222649653865768,0.13445276267713457,0.12492362828369667,0.12503531930787992,0.12492362828369667
2009-06-19,0.02225444489065612,0.13434761178365529,0.12480559998259508,0.12492575741042439,0.12480559998259508
2009-06-22,0.022257355348146796,0.13437673491209767,0.12483824650760705,0.12495616702602416,0.12483824650760705
2009-06-23,0.022303141743212608,0.13497264632047346,0.12535239316769384,0.1255236615896135,0.12535239316769384
2009-06-24,0.02237953782104114,0.13573285884639064,0.1262126156970195,0.12632908946396268,0.1262126156970195
2009-06-25,0.022360843304566395,0.1355451310330834,0.1260018429494257,0.126132825812066,0.1260018429494257
2009-06-26,0.02233633715130596,0.13530993661369817,0.12572581324887633,0.125890238260393,0.12572581324887633
2009-06-29,0.02233655174062857,0.13531284740537308,0.12572822900276784,0.12589308770731242,0.12572822900276784
2009-06-30,0.022338817491151648,0.13532923856398238,0.12575373725955166,0.1259096123993339,0.12575373725955166
2009-07-01,0.022382422041394005,0.13576436860568863,0.12624514974264822,0.1263656178089141,0.12624514974264822
2009-07-02,0.022391212386998257,0.13584840014339417,0.12634433082423538,0.12645147774324858,0.12634433082423538
2009-07-03,0.022327016104095706,0.13503416822913672,0.12562090332436235,0.12568217200693185,0.12562090332436235
2009-07-06,0.02231789877882319,0.13495507550186814,0.12551832868725302,0.12560146529764132,0.12551832868725302
2009-07-07,0.02232738073294838,0.13504789020028962,0.12562500645929672,0.1256966165545005,0.12562500645929672
2009-07-08,0.02233395896872577,0.13513219057201786,0.125699042250615,0.12577855125127924,0.125699042250615
2009-07-09,0.022346838149858276,0.1352623944357415,0.12584405617458225,0.12591526301879075,0.12584405617458225
2009-07-10,0.022349672940144925,0.13527395401712705,0.12587598589392446,0.12592749269490705,0.12587598589392446
2009-07-13,0.02239219519168716,0.13581102609503248,0.12635542218665963,0.12642167245152441,0.12635542218665963
2009-07-14,0.022398710866129573,0.13587715470818307,0.1264289666130467,0.12649134882307816,0.1264289666130467
2009-07-15,0.02229144606226577,0.134414691887006,0.12522095902181982,0.12519170193178047,0.12522095902181982
2009-07-16,0.02228813244881235,0.13438101950337178,0.1251837337100621,0.1251570658282803,0.1251837337100621
2009-07-17,0.02228089964619239,0.13430732990497324,0.12510249923901146,0.12508097679542596,0.12510249923901146
2009-07-20,0.02225895396468794,0.13408332545877982,0.12485617996372841,0.12484539960818102,0.12485617996372841
2009-07-21,0.022258714869332452,0.13407953495700042,0.12485349768382888,0.1248416370863277,0.12485349768382888
2009-07-22,0.02225848171002629,0.13406957539793818,0.12485088202496487,0.12483177638879532,0.12485088202496487
2009-07-23,0.02224964366102511,0.13395332971203777,0.1247517540467339,0.12471801005988646,0.1247517540467339
2009-07-24,0.02214197801007369,0.13262249774475227,0.12354733193004389,0.12347993745160557,0.12354733193004389
2009-07-27,0.02215025840269226,0.1327052084495422,0.12363975472112186,0.1235642289001459,0.12363975472112186
2009-07-28,0.022176572809188593,0.13297656427456594,0.12393369615343319,0.1238461846301771,0.12393369615343319
2009-07-29,0.022177005916079698,0.13298182078978998,0.12393853703326213,0.12385133376249498,0.12393853703326213
2009-07-30,0.022095266191081327,0.13198853030807178,0.12302659858979487,0.12292525750313021,0.12302659858979487
2009-07-31,0.022091801535318704,0.13195313911281853,0.12298801915912928,0.12288929029675952,0.12298801915912928
2009-08-03,0.022029789672414757,0.13120768124679147,0.12229853151872963,0.12218395138390302,0.12229853151872963
2009-08-04,0.02204001599953659,0.1313284119841736,0.12241210092547686,0.12230199942434936,0.12241210092547686
2009-08-05,0.02201954411031884,0.1311402935222234,0.12218480135222183,0.12209692915694853,0.12218480135222183
2009-08-06,0.02196268478347655,0.1304587005729877,0.12155459977038481,0.12144985765074745,0.12155459977038481
2009-08-10,0.0219608613963437,0.13043372268917597,0.12153441718389357,0.12142525563080453,0.12153441718389357
2009-08-11,0.02196123146531755,0.1304344018856596,0.12153851324325991,0.12142607257394858,0.12153851324325991
2009-08-12,0.021920654816821213,0.129959309151364,0.12108980711475321,0.1209717305179849,0.12108980711475321
2009-08-13,0.02196912711145274,0.13046447272991973,0.1216259216018703,0.12150044041232468,0.1216259216018703
2009-08-14,0.021965715605838657,0.1304240745504121,0.12158815084329914,0.12146143648269349,0.12158815084329914
2009-08-17,0.021960448436040298,0.13040615617117612,0.12152984646902017,0.12141164949384489,0.12152984646902017
2009-08-18,0.0219548788764554,0.130341229925896,0.12146821003291652,0.12134946409224959,0.12146821003291652
2009-08-19,0.021944169480628044,0.1302176369772837,0.12134973669702087,0.12122887230937072,0.12134973669702087
2009-08-20,0.021918530916542667,0.12995450968064803,0.12106634337993805,0.12095512863185429,0.12106634337993805
2009-08-21,0.021919938661374552,0.12998073737291121,0.12108189515144255,0.12097918319962234,0.12108189515144255
2009-08-24,0.022014811492041604,0.13094950709380684,0.12213228510759203,0.12201176872670128,0.12213228510759203
2009-08-25,0.022010879777737795,0.13091610160574593,0.1220886648046867,0.12197568486452247,0.1220886648046867
2009-08-26,0.022013688725518853,0.13095320972729052,0.12211982780861703,0.12201208462733881,0.12211982780861703
2009-08-27,0.02201576082757271,0.13097998773212632,0.12214281865385503,0.12203857682062795,0.12214281865385503
2009-08-28,0.022024488754712877,0.13107079618665135,0.12223968243643145,0.12213261016915639,0.12223968243643145
2009-08-31,0.021981481630831756,0.13056184562244422,0.12176275474102166,0.12164594289520995,0.12176275474102166
2009-09-01,0.022097306816720282,0.13174633156767523,0.1230493240751727,0.12291955984244093,0.1230493240751727
2009-09-02,0.022069380623510854,0.13142374726473582,0.12273850539855986,0.12260825917558307,0.12273850539855986
2009-09-03,0.021913947070668377,0.1295593805103378,0.1210157112064459,0.12089827901189183,0.1210157112064459
2009-09-04,0.021923789730972552,0.12967113838997496,0.12112444415431017,0.12101361166440515,0.12112444415431017
2009-09-07,0.02186372197781782,0.12898144858645455,0.1204616293582751,0.12038174712112892,0.1204616293582751
2009-09-08,0.021878432251597163,0.12914688729967505,0.12062378104250718,0.12055193666203458,0.12062378104250718
2009-09-09,0.02181558211599034,0.12847330953436126,0.1199317450109984,0.1198343892503268,0.1199317450109984
2009-09-10,0.021825631401266112,0.12858170437477442,0.1200422628881112,0.11994718462597813,0.1200422628881112
2009-09-11,0.021825122486082982,0.12856914061468264,0.1200366648261963,0.11993316336985792,0.1200366648261963
2009-09-14,0.021839628998427604,0.12872560570472538,0.1201962874868179,0.12008575930414683,0.1201962874868179
2009-09-15,0.021812109129016446,0.12843509272275183,0.1198935623733429,0.11978044325657825,0.1198935623733429
2009-09-16,0.021830057800627235,0.12863117141827785,0.12009095874183895,0.11998223879293837,0.12009095874183895
2009-09-17,0.021825494487908242,0.1285784282384739,0.1200407568297117,0.11992869977516692,0.1200407568297117
2009-09-18,0.02178101547890084,0.12808165427704882,0.11955198409361373,0.11945390761838733,0.11955198409361373
2009-09-21,0.021755590878709884,0.12780327570396444,0.11927304508941479,0.11918493521025224,0.11927304508941479
2009-09-22,0.0217571228638234,0.12781754265466255,0.11928984361849974,0.11919909499098826,0.11928984361849974
2009-09-23,0.021564096068191388,0.12554565577841928,0.1171825802880232,0.11713206133445712,0.1171825802880232
2009-09-24,0.02157352744314606,0.12563361173816917,0.1172851057577244,0.11721340628188834,0.1172851057577244
2009-09-25,0.0215471326104564,0.12535052368624067,0.11699828878061361,0.11691872148364016,0.11699828878061361
2009-09-28,0.02155761456879665,0.12546028394890402,0.117112147965992,0.11702613533101723,0.117112147965992
2009-09-29,0.02159213722281655,0.12583627587534268,0.11748753824193288,0.11741846014559101,0.11748753824193288
2009-09-30,0.021562936786891126,0.12552497727435036,0.11716998120461658,0.11709296190612935,0.11716998120461658
2009-10-01,0.02143309616959447,0.12420832063297645,0.11576315807660144,0.11567077643528481,0.11576315807660144
2009-10-02,0.02128516866064529,0.12247216173400291,0.11417071803785332,0.11409842758939545,0.11417071803785332
2009-10-05,0.021283313782873427,0.12245458008677516,0.114150820286223,0.1140810021436635,0.114150820286223
2009-10-06,0.02130950235150272,0.12273296957656099,0.11443191239811239,0.11437040169928847,0.11443191239811239
2009-10-07,0.021293314968845973,0.1225716972260954,0.11425812611534496,0.1142146998081628,0.11425812611534496
2009-10-08,0.02085653150292559,0.11726455812953412,0.10961871639579696,0.10964600727951676,0.10961871639579696
2009-10-09,0.02085822446138808,0.11729269875162646,0.1096365129757753,0.10967451951041984,0.1096365129757753
2009-10-12,0.02079790368699692,0.11666630967080684,0.10900330503894723,0.10901402264884646,0.10900330503894723
2009-10-13,0.020738807040092535,0.11605342135872607,0.1083847255964403,0.1083693595014069,0.1083847255964403
2009-10-14,0.020649430924686955,0.11510904546038336,0.10745254737338134,0.10749680438405937,0.10745254737338134
2009-10-15,0.020644785845817724,0.11505683197828812,0.10740421002015832,0.10744340932031735,0.10740421002015832
2009-10-16,0.020643692827775773,0.11504938039186605,0.10739283749902535,0.10743599825007233,0.10739283749902535
2009-10-19,0.020644468213500095,0.11506267604310802,0.10740090509019039,0.10744939139495871,0.10740090509019039
2009-10-20,0.02058064739756935,0.11440232298449779,0.10673788792037567,0.1067536730746958,0.10673788792037567
2009-10-21,0.02051931230311329,0.11375964266168712,0.10610262870295949,0.1061455773894677,0.10610262870295949
2009-10-22,0.020541090473130977,0.1139741127221113,0.10632797225198874,0.10635361909833427,0.10632797225198874
2009-10-23,0.02026195872371715,0.11134796124357309,0.1034578367730476,0.10342238112726763,0.1034578367730476
2009-10-26,0.02025561365653577,0.11129365141423783,0.10339305091991527,0.1033695885727309,0.10339305091991527
2009-10-27,0.020255669080418197,0.1112941018839304,0.10339361673364326,0.1033700366036324,0.10339361673364326
2009-10-28,0.020263738682386578,0.11136550124681283,0.10347601455778863,0.10342781107132974,0.10347601455778863
2009-10-29,0.020263982012408886,0.11136807705242427,0.1034784996838062,0.10343024281202236,0.1034784996838062
2009-10-30,0.020183086495687726,0.11057733893487987,0.10265395908408789,0.10259275406927214,0.10265395908408789
2009-11-02,0.020185053392453352,0.11059339438562742,0.10267396787496054,0.10260825945433885,0.10267396787496054
2009-11-03,0.020149285235931326,0.1102404127436796,0.10231041127076787,0.10223813807954786,0.10231041127076787
2009-11-04,0.022241616106200398,0.12726703427079833,0.12466175072792943,0.12485900482709503,0.12466175072792943
2009-11-05,0.02418092438668843,0.15889804258567233,0.1473487102570753,0.14760988525144353,0.1473487102570753
2009-11-06,0.02412083084426409,0.15813029389950162,0.14661724911563567,0.14688858994778076,0.14661724911563567
2009-11-09,0.02407202953977204,0.15756787281570614,0.14602457675324176,0.14629325205447374,0.14602457675324176
2009-11-10,0.024075804526834988,0.15761372795298587,0.14607037963082078,0.14633989828406468,0.14607037963082078
2009-11-11,0.024046588911781075,0.15727760379789835,0.14571608644963252,0.14598475832856367,0.14571608644963252
2009-11-12,0.024029106543690303,0.1570635880472157,0.14550428624458106,0.1457769051697622,0.14550428624458106
2009-11-13,0.023957538919985488,0.15615886781975152,0.14463884511786007,0.14492488364231076,0.14463884511786007
2009-11-16,0.023974711141432774,0.1563618935690767,0.1448462671274155,0.1451359549710763,0.1448462671274155
2009-11-17,0.023974119814107377,0.15634884419748507,0.14483912205701635,0.14512025655337363,0.14483912205701635
2009-11-18,0.023918692991662945,0.15566161852729374,0.14417017635621535,0.1444677641030964,0.14417017635621535
2009-11-19,0.023909349598197092,0.15555168573503872,0.14405756354861948,0.14436043563132597,0.14405756354861948
2009-11-20,0.02390585032908024,0.15551496282406913,0.14401539934900925,0.14434982968310145,0.14401539934900925
2009-11-23,0.02396705059681503,0.1562676015667587,0.14475371760619354,0.1450538304191136,0.14475371760619354
2009-11-24,0.023960260499746772,0.15618411635445348,0.14467170897036283,0.14496835728735308,0.14467170897036283
2009-11-25,0.023913543047469094,0.1556409532829374,0.14410810035295565,0.14439636701068104,0.14410810035295565
2009-11-26,0.023855717479325793,0.15497273741773754,0.14341200462625936,0.14369153150581362,0.14341200462625936
2009-11-27,0.023784857991054783,0.15432834591357614,0.14256130635296993,0.14284483585372726,0.14256130635296993
2009-11-30,0.023768375396593915,0.15411394008695745,0.14236378858633955,0.1426425150596537,0.14236378858633955
2009-12-01,0.023768629866215415,0.15411211371922223,0.14236683696072117,0.14264515324961355,0.14236683696072117
2009-12-02,0.02373800229485506,0.15373546272915015,0.14200017374353716,0.14228319732823314,0.14200017374353716
2009-12-03,0.0237239257883652,0.15356983070539887,0.14183181301258854,0.14211318499101488,0.14183181301258854
2009-12-04,0.02367466240400113,0.15295559895498428,0.141243389265743,0.1415308691235731,0.141243389265743
2009-12-07,0.023691813030144962,0.1531594887141503,0.14144810517314735,0.1417433569082207,0.14144810517314735
2009-12-08,0.023627077703752664,0.15242295423880647,0.1406761778064299,0.140963067544755,0.1406761778064299
2009-12-09,0.02362079672913897,0.1523499452260932,0.14060139360606416,0.14089153437375232,0.14060139360606416
2009-12-10,0.023619757554365378,0.15234867846198244,0.1405890226256041,0.14087369162183844,0.1405890226256041
2009-12-11,0.023633281750003333,0.15250298552621705,0.14075006558131023,0.14103787820026265,0.14075006558131023
2009-12-14,0.02363333471379227,0.15250384604957873,0.14075069644292296,0.1410387403223676,0.14075069644292296
2009-12-15,0.02361205328893134,0.15225641874686016,0.14049732325087202,0.1407829151616545,0.14049732325087202
2009-12-16,0.023603461352074286,0.15216240527336974,0.14039509372531386,0.14068090648759282,0.14039509372531386
2009-12-17,0.023602811300129062,0.15215390008073038,0.14038736071991403,0.14067271937078324,0.14038736071991403
2009-12-18,0.023603419044489468,0.15216120815273607,0.14039459042862157,0.14067998391829556,0.14039459042862157
2009-12-21,0.023586058044282626,0.1519639067533119,0.1401881377852038,0.14047490291267806,0.1401881377852038
2009-12-22,0.02358785078221052,0.15198451885633882,0.14020944954000503,0.140495995770353,0.14020944954000503
2009-12-23,0.023591242297050043,0.15202321917676453,0.14024977170576697,0.1405356097621195,0.14024977170576697
2009-12-24,0.0235989966127759,0.15211327638529307,0.14034198556471172,0.14062762686099178,0.14034198556471172
2009-12-25,0.023598436247595018,0.1521069135280902,0.14033532071961521,0.14062133555463344,0.14033532071961521
2009-12-28,0.023594036301437218,0.15205470660336906,0.1402829943463714,0.1405719696866601,0.1402829943463714
2009-12-29,0.023592380893475158,0.15203559761261423,0.14026330992814853,0.1405530589401752,0.14026330992814853
2009-12-30,0.023593362619812666,0.15204787056421637,0.14027498344691333,0.14056542400445823,0.14027498344691333
2009-12-31,0.023599744998428363,0.15212173357015196,0.1403508869256928,0.14064196072624346,0.1403508869256928
2010-01-04,0.02359082486893131,0.15201773101775196,0.14024480853514015,0.14054007239476113,0.14024480853514015
2010-01-05,0.023587666204653652,0.15197854539299338,0.14020725523950434,0.1405003915281258,0.14020725523950434
2010-01-06,0.023614497468032385,0.15228964478679943,0.14052641164826238,0.14082377714366234,0.14052641164826238
2010-01-07,0.0235823390367888,0.15190209446214548,0.14014393204040532,0.14045140209430518,0.14014393204040532
2010-01-08,0.023585038518622183,0.1519363105475642,0.14017601856507278,0.14048605950183174,0.14017601856507278
2010-01-11,0.023579486803781746,0.15186823494008098,0.1401100338782888,0.14041670829141756,0.1401100338782888
2010-01-12,0.02356437559393935,0.15168930157610017,0.1399305088773256,0.1402432857585279,0.1399305088773256
2010-01-13,0.02357881587628166,0.15186140784911137,0.1401020606481532,0.14040956574619665,0.1401020606481532
2010-01-14,0.023586995260634076,0.15195836997602233,0.14019927904714394,0.14050946606917325,0.14019927904714394
2010-01-15,0.023545719737469516,0.1514839995388753,0.13970903132477633,0.14001162752713806,0.13970903132477633
2010-01-18,0.023532005333510204,0.15131978138934127,0.13954632930412086,0.13984171766548437,0.13954632930412086
2010-01-19,0.023544356262265937,0.1514658146639936,0.13969285137473433,0.13998291451775124,0.13969285137473433
2010-01-20,0.02354646101642732,0.1514898242663432,0.13971782825232915,0.1400063394681509,0.13971782825232915
2010-01-21,0.023498104277476808,0.15088962068131656,0.1391445479680638,0.1394381200344416,0.1391445479680638
2010-01-25,0.023573754884207473,0.15184310191974157,0.14004192367385532,0.14032901310304835,0.14004192367385532
2010-01-26,0.023618552160526232,0.15239993507562144,0.1405746735521936,0.14086042219164216,0.1405746735521936
2010-01-27,0.023597746313093276,0.15214438546973377,0.14032711502639106,0.1406128915060873,0.14032711502639106
2010-01-28,0.02362158185926001,0.15240675920616142,0.14061074064249782,0.14090031955033017,0.14061074064249782
2010-01-29,0.023645790852892548,0.15270626920331096,0.1408991031148017,0.14118290084927093,0.1408991031148017
2010-02-01,0.023651152191639237,0.1527717164804746,0.14096300399800454,0.14124644760971145,0.14096300399800454
2010-02-02,0.023652362969447963,0.15279148535874898,0.14097743705770535,0.14126205368902542,0.14097743705770535
2010-02-03,0.02367761270238184,0.15308004156142993,0.14127859450756647,0.14156081454888925,0.14127859450756647
2010-02-04,0.023675315933476687,0.15305369645918926,0.14125118730658362,0.1415338329702958,0.14125118730658362
2010-02-05,0.02375221717983961,0.15404889610587655,0.1421702908814835,0.14245258080054576,0.1421702908814835
2010-02-08,0.023751634982931966,0.15404229016165946,0.14216332141933427,0.14244592199287154,0.14216332141933427
2010-02-09,0.02374972560116499,0.15402063728007948,0.14214046546491918,0.14242333553853215,0.14214046546491918
2010-02-10,0.023759442231863784,0.1541320857557685,0.14225679598265661,0.14253717498082302,0.14225679598265661
2010-02-22,0.02371592212660594,0.15357974567969884,0.1417361305034398,0.14201797089904475,0.1417361305034398
2010-02-23,0.023668212011948565,0.15298965946157733,0.14116643348032165,0.14145554513729128,0.14116643348032165
2010-02-24,0.023671223020298938,0.15302338293282197,0.14120235341773607,0.14148859860815874,0.14120235341773607
2010-02-25,0.023632672820391092,0.15254273572832108,0.14074281260818428,0.14103432124829585,0.14074281260818428
2010-02-26,0.023630168123846402,0.1525110673418635,0.14071298108143412,0.14100221269743551,0.14071298108143412
2010-03-01,0.023676934725778784,0.15304592666718436,0.1412705039782149,0.14156433464616489,0.1412705039782149
2010-03-02,0.0236740704626086,0.15300884794764752,0.14123632629167637,0.1415265960047263,0.14123632629167637
2010-03-03,0.023673880836137463,0.15300603275517985,0.14123406372859643,0.1415237713414615,0.14123406372859643
2010-03-04,0.02364834629142323,0.15269317376274608,0.14092955914440586,0.14122444736107143,0.14092955914440586
2010-03-05,0.02362551154142678,0.1524161473586722,0.14065752848971066,0.1409734457589372,0.14065752848971066
2010-03-08,0.02363899882037412,0.15257955893575081,0.14081817083787157,0.14114135304410017,0.14081817083787157
2010-03-09,0.023633725620344007,0.15252478439685738,0.14075535264782157,0.14108759978767316,0.14075535264782157
2010-03-10,0.02362508856506379,0.15241589378039863,0.14065249204619115,0.14097640047205215,0.14065249204619115
2010-03-11,0.023620236375864006,0.15236149126038673,0.14059472274582568,0.1409229245139143,0.14059472274582568
2010-03-12,0.023453715809498857,0.1505301075656307,0.13861934988872962,0.13892391620008712,0.13861934988872962
2010-03-15,0.022955257345111047,0.14371189404573162,0.13278984762462923,0.13314497425591287,0.13278984762462923
2010-03-16,0.022956348291547978,0.1437307426329798,0.13280246957448016,0.13316404510626073,0.13280246957448016
2010-03-17,0.022976866670219094,0.14398470414656067,0.13303997329921832,0.13343568375537823,0.13303997329921832
2010-03-18,0.022977699548598695,0.1440024197019319,0.1330496184895095,0.13345360730024702,0.1330496184895095
2010-03-19,0.022899382253181978,0.14308436651133494,0.13214419030949112,0.13258938256412048,0.13214419030949112
2010-03-22,0.022883410297119513,0.1428744999577941,0.13195991764023146,0.13236592490854648,0.13195991764023146
2010-03-23,0.02277952811005122,0.14163627065921627,0.13076453903098664,0.13121418758531084,0.13076453903098664
2010-03-24,0.02277713478924837,0.14162052063839645,0.13073706304031227,0.13119870962780417,0.13073706304031227
2010-03-25,0.022775735210677547,0.14159713743492458,0.13072099682549804,0.1311750986275325,0.13072099682549804
2010-03-26,0.02273803203218912,0.14116816463062595,0.13028856137560835,0.13072355843185895,0.13028856137560835
2010-03-29,0.022727193969210933,0.14107249292903554,0.13016438711996275,0.13063418122609038,0.13016438711996275
2010-03-30,0.02254965682599098,0.13894658676690055,0.12813872978843036,0.12869173755592322,0.12813872978843036
2010-03-31,0.022544414067032146,0.13889487655251032,0.12807915261770084,0.12864097043613787,0.12807915261770084
2010-04-01,0.022294906368858336,0.1362993094402431,0.1252598381990323,0.1257462782357981,0.1252598381990323
2010-04-02,0.02224409026796915,0.13574552291079178,0.12468948706608911,0.12521766714908697,0.12468948706608911
2010-04-06,0.021997830621762006,0.13322338261672678,0.12194394712006,0.12240681691253334,0.12194394712006
2010-04-07,0.021973014895920157,0.13296842518276775,0.12166897267131493,0.12215997453239252,0.12166897267131493
2010-04-08,0.021917453332429792,0.1323438802566846,0.12105443966596792,0.12149924541102448,0.12105443966596792
2010-04-09,0.021911924151126826,0.13229618951139666,0.12099336984119324,0.12145240341297533,0.12099336984119324
2010-04-12,0.021788577197373,0.13090656514048557,0.11963500826404243,0.12016320256361135,0.11963500826404243
2010-04-13,0.021792469399520016,0.1309168934923226,0.1196777540773121,0.12016722228079749,0.1196777540773121
2010-04-14,0.021795105245687688,0.13096121036180292,0.11970670639299195,0.12021235527218352,0.11970670639299195
2010-04-15,0.02179781163849999,0.13100090908897777,0.11973643724133645,0.12025255903140453,0.11973643724133645
2010-04-16,0.02180235362493828,0.1310374847237033,0.11978634114388857,0.1202886157730417,0.11978634114388857
2010-04-19,0.02183530201057649,0.13141442261578018,0.12014866430105758,0.120638298243641,0.12014866430105758
2010-04-20,0.021715958014607944,0.13015668005922187,0.11883887378803817,0.11928485114780886,0.11883887378803817
2010-04-21,0.021727197973281,0.13029915238115214,0.1189619252060768,0.11943184089571941,0.1189619252060768
2010-04-22,0.02164784359760789,0.12944500219221933,0.11809454137147622,0.11852514823498393,0.11809454137147622
2010-04-23,0.02162407293722175,0.12918304170938494,0.11783533365936008,0.11825327837557362,0.11783533365936008
2010-04-26,0.021662208631995264,0.12960554686444453,0.1182513232696547,0.11869375882510372,0.1182513232696547
2010-04-27,0.0216607699626324,0.12959329182240398,0.11823561675426768,0.11868159619766272,0.11823561675426768
2010-04-28,0.021668605856132818,0.12965975213901287,0.11832117689660523,0.11874478911511568,0.11832117689660523
2010-04-29,0.021614281450127018,0.12906438118590868,0.11772864497653684,0.11817871376938552,0.11772864497653684
2010-04-30,0.019403226808120143,0.09744061616733546,0.09487427306297276,0.0954349498746917,0.09487427306297276
2010-05-03,0.01940916363846583,0.09748095965733528,0.09493233955247551,0.09547476531292004,0.09493233955247551
2010-05-04,0.019342561904888932,0.09686669267706244,0.09428194466320407,0.09488991655577039,0.09428194466320407
2010-05-05,0.019409999199202093,0.09752313822827746,0.09494051336608253,0.09550626899198389,0.09494051336608253
2010-05-06,0.019449010543290516,0.09785282098841092,0.09532253080048246,0.0958184982340082,0.09532253080048246
2010-05-07,0.018958030407212154,0.09358706314477877,0.09057054306403671,0.0909349784067569,0.09057054306403671
2010-05-10,0.018453947982322607,0.08937314278418923,0.0858181454258357,0.08609963890986336,0.0858181454258357
2010-05-11,0.018382572418925786,0.0887158580178029,0.08515558012173685,0.08540599508764782,0.08515558012173685
2010-05-12,0.018382889810080835,0.08871489728750484,0.0851585207179326,0.08540500017016141,0.0851585207179326
2010-05-13,0.018432378405602245,0.0891767389808816,0.08561764856920262,0.08588768865161543,0.08561764856920262
2010-05-14,0.018421170253173462,0.0890795423093376,0.08551355740109351,0.08579257169109288,0.08551355740109351
2010-05-17,0.018472843518288325,0.08955014314792507,0.08599397880809408,0.08623823054517138,0.08599397880809408
2010-05-18,0.018339092274757492,0.08826603710883443,0.08475322097644163,0.0850418453900349,0.08475322097644163
2010-05-19,0.01835254893371079,0.08837786389099456,0.08487764519579076,0.08515125959547243,0.08487764519579076
2010-05-20,0.018311919308354702,0.08799539794178765,0.08450224996643482,0.08478934794456892,0.08450224996643482
2010-05-21,0.018288199210935698,0.08778179272343918,0.08428347405547501,0.08452230961339144,0.08428347405547501
2010-05-24,0.01830528714593896,0.08794103589298614,0.08444105144881008,0.08468662200304593,0.08444105144881008
2010-05-25,0.018326834495695953,0.08816537668795316,0.08463996138342306,0.08484901353272493,0.08463996138342306
2010-05-26,0.018326605955521533,0.08816316147654923,0.08463785043393725,0.08484677024886603,0.08463785043393725
2010-05-27,0.018324643164308305,0.0881520179214374,0.08461972186900622,0.08483714914778301,0.08461972186900622
2010-05-28,0.018324519557257196,0.08815596064209998,0.08461858028508397,0.08484134400295862,0.08461858028508397
2010-05-31,0.01832625152723558,0.08817584100968619,0.08463457674995511,0.0848614218339506,0.08463457674995511
2010-06-01,0.01832873451624375,0.08819707321075398,0.08465751225967014,0.08488238457488764,0.08465751225967014
2010-06-02,0.018055667322026084,0.0859468530496649,0.08215379485580751,0.08235351104143011,0.08215379485580751
2010-06-03,0.01811149296754939,0.08643735519702284,0.08266259673342494,0.08286932359288547,0.08266259673342494
2010-06-04,0.018111908004901506,0.08643895610766286,0.08266638531765984,0.08287083063500324,0.08266638531765984
2010-06-07,0.018187678016808245,0.08716003058769803,0.08335949117405865,0.08355456226586759,0.08335949117405865
2010-06-08,0.018131580533435727,0.08662884467521499,0.08284606158539728,0.08304785544783132,0.08284606158539728
2010-06-09,0.01813818868270711,0.08668810813378763,0.08290645994975004,0.08310615916300683,0.08290645994975004
2010-06-10,0.018116055610637158,0.08647982788954972,0.08270425066369991,0.08291847560318466,0.08270425066369991
2010-06-11,0.018056311632352336,0.0859168186319967,0.08215965822068481,0.0824068414016724,0.08215965822068481
2010-06-14,0.01807067564719297,0.08604750262938428,0.08229042822320538,0.08254231914102328,0.08229042822320538
2010-06-15,0.01806743459811569,0.08601701530232574,0.08226091262521135,0.0825110965411208,0.08226091262521135
2010-06-17,0.018051744633170257,0.08588947764122509,0.08211810204390017,0.08238873248677557,0.08211810204390017
2010-06-18,0.0179024314538329,0.0844804328939999,0.08076525709371478,0.0810806914611667,0.08076525709371478
2010-06-21,0.017950935075841327,0.08492796429475077,0.08120348966446177,0.08154778197927634,0.08120348966446177
2010-06-22,0.017954893987479605,0.08495817010969231,0.08123931096161108,0.08157761325604626,0.08123931096161108
2010-06-23,0.017965431511173496,0.08504731338406737,0.08133469580443173,0.0816645798238288,0.08133469580443173
2010-06-24,0.017952574187763214,0.084922204490437,0.08121831983171979,0.08153637613358289,0.08121831983171979
2010-06-25,0.017952157616398123,0.08489434927553517,0.08121455069716829,0.08149669221285713,0.08121455069716829
2010-06-28,0.01788642755925022,0.08430921895092067,0.08062092128974105,0.08094008093710445,0.08062092128974105
2010-06-29,0.017803064951438574,0.08356558426494679,0.07987117865961542,0.0801506523375738,0.07987117865961542
2010-06-30,0.017831501790118907,0.08380743672996754,0.08012653893493547,0.08037592962902498,0.08012653893493547
2010-07-01,0.017838077828094476,0.08386079840497102,0.08018564919149125,0.08042851562185406,0.08018564919149125
2010-07-02,0.017835240916054925,0.08384531775178734,0.08016014627049736,0.08041423134064385,0.08016014627049736
2010-07-05,0.017878118704312475,0.08422900661451767,0.08054603635818287,0.08081428653383864,0.08054603635818287
2010-07-06,0.017858747731232978,0.08406106830333075,0.0803715873730104,0.0806360014565532,0.0803715873730104
2010-07-07,0.017849472002908883,0.08396874665254998,0.08028811999722227,0.08054175212222128,0.08028811999722227
2010-07-08,0.01787098840423626,0.08417162661194608,0.08048180108917541,0.08075076942444599,0.08048180108917541
2010-07-09,0.01787308673272815,0.0841986713913926,0.080500701797617,0.08077822168040974,0.080500701797617
2010-07-12,0.017861218421568223,0.08408240104467851,0.08039382712274795,0.08065937063096984,0.08039382712274795
2010-07-13,0.017846458622031006,0.08395593036406178,0.08026101350766193,0.08053592722022965,0.08026101350766193
2010-07-14,0.01784963107883411,0.08398360504706065,0.0802895510719211,0.08056519169099277,0.0802895510719211
2010-07-15,0.01784646563377223,0.08395130527087144,0.08026107657558815,0.08053247243302643,0.08026107657558815
2010-07-16,0.017736045308866025,0.08292711143226097,0.07927096040593343,0.07957424504489345,0.07927096040593343
2010-07-19,0.0177010563273088,0.08260370376523472,0.07895850356584486,0.07923838166091426,0.07895850356584486
2010-07-20,0.017666723800713366,0.08230110586969255,0.07865250872237442,0.07892210298471533,0.07865250872237442
2010-07-21,0.01766362682555248,0.08226220132541523,0.07862493558335903,0.07888162320021058,0.07862493558335903
2010-07-22,0.017655632615282694,0.08218611113642271,0.07855378348755017,0.0788041658145564,0.07855378348755017
2010-07-23,0.017658635435003785,0.08221244643777531,0.07858050616744558,0.07883159596973903,0.07858050616744558
2010-07-26,0.017658582171500407,0.08221593672026953,0.07858003212552327,0.07883514724538078,0.07858003212552327
2010-07-27,0.01766128958029629,0.08223496847533301,0.07860412970904875,0.07885396846343026,0.07860412970904875
2010-07-28,0.017668467949489088,0.08230390444507688,0.07866803943989503,0.07892407281555104,0.07866803943989503
2010-07-29,0.01766739947000846,0.08229753829608935,0.07865852501627951,0.07891774689481781,0.07865852501627951
2010-07-30,0.01766041057974725,0.08222637501874519,0.07859630566500266,0.07884489462619468,0.07859630566500266
2010-08-02,0.017667259490122576,0.0822850950281997,0.0786572785886142,0.0789069644049794,0.0786572785886142
2010-08-03,0.01766289741514597,0.08225530640252102,0.07861844216468848,0.07887806882880907,0.07861844216468848
2010-08-04,0.017650819858499305,0.08215383100594852,0.07851096330265274,0.07877869384540831,0.07851096330265274
2010-08-05,0.01765001093781842,0.0821426290480939,0.0785037672984877,0.0787674065366549,0.0785037672984877
2010-08-06,0.01764956855269323,0.0821380693734603,0.07849983206424688,0.07876280417160543,0.07849983206424688
2010-08-09,0.01763747945262143,0.0820440774625057,0.07839233172329407,0.07867182121399525,0.07839233172329407
2010-08-10,0.01761936409966042,0.08189139854365196,0.07823138180165343,0.07852295347936936,0.07823138180165343
2010-08-11,0.017638765318406857,0.08205168186934073,0.07840376257337381,0.07867911071089584,0.07840376257337381
2010-08-12,0.017646881463645857,0.0821143072578401,0.07847593119877587,0.07874057772682752,0.07847593119877587
2010-08-13,0.017658605528048422,0.08222305523446086,0.07858023999719602,0.07885191499787524,0.07858023999719602
2010-08-16,0.01765734307612843,0.08221807944552667,0.07856900465604134,0.078847066962929,0.07856900465604134
2010-08-17,0.01760018791657128,0.08171307633973274,0.07806118690405267,0.07831851494467904,0.07806118690405267
2010-08-18,0.017601402038674937,0.08171575504963723,0.0780719571392217,0.07832057549339512,0.0780719571392217
2010-08-19,0.017559973115296737,0.08135626317568559,0.07770486926410593,0.07797633239152718,0.07770486926410593
2010-08-20,0.017538822364996008,0.08117861767548722,0.07751779306762281,0.07780332952252565,0.07751779306762281
2010-08-23,0.017540951134985137,0.08120749988782938,0.07753661161342397,0.07783279802337618,0.07753661161342397
2010-08-24,0.017542264793737054,0.08121823439925821,0.0775482256315838,0.07784334389216808,0.0775482256315838
2010-08-25,0.017572176558940673,0.08148261479268373,0.07781291003268319,0.07809672142723845,0.07781291003268319
2010-08-26,0.017462932005332787,0.08055062218439785,0.07684840654416479,0.07710033305001535,0.07684840654416479
2010-08-27,0.017457703916143527,0.08051356399387305,0.07680239935798074,0.07706436363508454,0.07680239935798074
2010-08-30,0.017453667485587753,0.08048765178707386,0.07676688819176071,0.07703929345996963,0.07676688819176071
2010-08-31,0.017476503665226756,0.08068554677566563,0.07696790145089243,0.07723085837350982,0.07696790145089243
2010-09-01,0.017462383292873265,0.08056065827400824,0.07684357722733927,0.07710186122951439,0.07684357722733927
2010-09-02,0.017465386754417576,0.08059045794032131,0.076870013089309,0.07713200451963542,0.076870013089309
2010-09-03,0.017330118827975017,0.07947612226198238,0.075683920685117,0.07593026259703477,0.075683920685117
2010-09-06,0.01733572659395669,0.07952911252751742,0.07573290896818512,0.07598403285856442,0.07573290896818512
2010-09-07,0.0173337889389538,0.0795078801193404,0.07571598022300967,0.07596254316671042,0.07571598022300967
2010-09-08,0.01731885408542764,0.07937306931269039,0.07558556212174808,0.07582441448223431,0.07558556212174808
2010-09-09,0.017294833328439785,0.07916341271545034,0.07537603748434492,0.0756085516320161,0.07537603748434492
2010-09-10,0.017283609417986755,0.07906752089221634,0.07527823493740715,0.07550932448316744,0.07527823493740715
2010-09-13,0.017363394638628103,0.0797377251791398,0.07597484329093826,0.0762232059502044,0.07597484329093826
2010-09-14,0.017338563304629174,0.0795208762405743,0.0757576959220956,0.07599934457353674,0.0757576959220956
2010-09-15,0.017334932741552796,0.07949550003928943,0.0757259730748481,0.07597472275945943,0.0757259730748481
2010-09-16,0.017329789332387168,0.07945051532676961,0.07568104277283987,0.07593126678279374,0.07568104277283987
2010-09-17,0.017329537828046946,0.07944833555929745,0.07567884609609493,0.07592901078473235,0.07567884609609493
2010-09-20,0.017307208316088,0.07925033217280186,0.07548394384350934,0.07572528039376117,0.07548394384350934
2010-09-21,0.017307277874517864,0.07925248761402552,0.07548455059129545,0.07572744812855389,0.07548455059129545
2010-09-23,0.017306549977156253,0.07924456752943897,0.07547820137217538,0.07571948327656072,0.07547820137217538
2010-09-24,0.017310135894336456,0.0792743072971511,0.07550948277945964,0.07574880899412953,0.07550948277945964
2010-09-27,0.017316503591483873,0.079335657572093,0.07556504675173623,0.07581159892679377,0.07556504675173623
2010-09-28,0.017314062112355845,0.0793161884942242,0.07554374020129007,0.07579233130612142,0.07554374020129007
2010-09-29,0.017297600692499433,0.07918285234916067,0.07540016140872353,0.07566444789722417,0.07540016140872353
2010-09-30,0.01729350172421876,0.07914115549274336,0.07536443087516043,0.07562213688022301,0.07536443087516043
2010-10-01,0.017279812315810196,0.07902916190835221,0.07524516224474567,0.07551250128795918,0.07524516224474567
2010-10-04,0.01723418583900109,0.07863436445624777,0.07484832470637288,0.07510153299522776,0.07484832470637288
2010-10-05,0.01723111656005687,0.07860026237772277,0.07482166723237905,0.07506576248194939,0.07482166723237905
2010-10-06,0.017230460891813546,0.07859443358080062,0.07481597320116765,0.07505982220352853,0.07481597320116765
2010-10-07,0.017193956219719496,0.07828133491329833,0.07449929688237895,0.07475821619844304,0.07449929688237895
2010-10-08,0.017198501380689315,0.07831735622789152,0.07453868933487622,0.07479379455319932,0.07453868933487622
2010-10-11,0.017177505613956732,0.07813344787233528,0.0743568081776138,0.07459552004906009,0.0743568081776138
2010-10-12,0.017194828088983934,0.07828057867451277,0.07450685247844714,0.07473764235498083,0.07450685247844714
2010-10-13,0.017169462025518036,0.07806212845040128,0.07428718741391789,0.07452770600363182,0.07428718741391789
2010-10-14,0.01719448744385973,0.07827595438641108,0.07450390041117659,0.0747490490955262,0.07450390041117659
2010-10-15,0.017192701796845532,0.07825724000470409,0.07448842675896442,0.07473011977090893,0.07448842675896442
2010-10-18,0.01723992643585433,0.07867257927478324,0.07489819600544459,0.07512881504747938,0.07489819600544459
2010-10-19,0.01722430677181037,0.07853670086327524,0.07476253942989701,0.07498941444038852,0.07476253942989701
2010-10-20,0.01723615360911986,0.07863799440889307,0.07486541779176824,0.0750934405631098,0.07486541779176824
2010-10-21,0.01723621471620784,0.07863877067110514,0.07486594863129135,0.0750942181949952,0.07486594863129135
2010-10-22,0.017238976934923704,0.0786630476875155,0.07488994609223354,0.07511886260715517,0.07488994609223354
2010-10-25,0.01727478035940365,0.07898001046388316,0.0752013451893408,0.07542478857154433,0.0752013451893408
2010-10-26,0.017270669401906164,0.07894582472718989,0.07516555744066432,0.07539156079436819,0.07516555744066432
2010-10-27,0.01724875933878317,0.07875251044132837,0.07497496407926943,0.07520441147846592,0.07497496407926943
2010-10-28,0.017247350702623516,0.07874453038272464,0.07496271877734056,0.0751986461127679,0.07496271877734056
2010-10-29,0.017254479629200944,0.07880241674162394,0.0750247009531766,0.07525492212287274,0.0750247009531766
2010-11-01,0.017276851434581627,0.07899730290030191,0.07521937806413652,0.07545553082199966,0.07521937806413652
2010-11-02,0.017246618397874357,0.07873563573491424,0.07495635323279835,0.07520212863323039,0.07495635323279835
2010-11-03,0.01720375538572185,0.07836236812958677,0.07458423824168191,0.07484304093225658,0.07458423824168191
2010-11-04,0.01720735983556959,0.07839625816368123,0.07461549459271494,0.07487738252556767,0.07461549459271494
2010-11-05,0.017214670796397095,0.07847045026711033,0.0746789124383384,0.07495426061950643,0.0746789124383384
2010-11-08,0.017209098533203404,0.07842637121366901,0.0746305742260269,0.07491081096942268,0.0746305742260269
2010-11-09,0.014378803167285193,0.06127350915137314,0.05210099509192974,0.05216061734301517,0.05210099509192974
2010-11-10,0.01081173736754462,0.02963717642242719,0.02945720355599969,0.02940438113153576,0.02945720355599969
2010-11-11,0.010803760462966437,0.029585373304269053,0.0294137525155715,0.029351634853941613,0.0294137525155715
2010-11-12,0.010864597577855059,0.02991210391158841,0.02974594909324097,0.029660137687094912,0.02974594909324097
2010-11-15,0.010857582256009381,0.02986815071079303,0.029707547296394462,0.029615232304234927,0.029707547296394462
2010-11-16,0.010846950196625231,0.029810948536226886,0.02964939479915317,0.029555951094778113,0.02964939479915317
2010-11-17,0.01085068728799663,0.02982966366966812,0.029669828484716693,0.029574495708751876,0.029669828484716693
2010-11-18,0.010849396422066828,0.029824968118125614,0.029662769486235436,0.029569854745765622,0.029662769486235436
2010-11-19,0.010799152421543258,0.02955350543823649,0.02938866664197835,0.029289181609736085,0.02938866664197835
2010-11-22,0.010812862182216143,0.029633306621995703,0.029463333120043213,0.029373824751199887,0.029463333120043213
2010-11-23,0.010824921439497707,0.02969500211955256,0.02952908889116687,0.029434540918687496,0.02952908889116687
2010-11-24,0.010822282782943964,0.029682032699736224,0.029514694767769346,0.029421671470884654,0.029514694767769346
2010-11-25,0.0107636833066683,0.02936996701455772,0.029195933338214956,0.02909737948163147,0.029195933338214956
2010-11-26,0.01061838582016878,0.02855498724727766,0.028413029591342273,0.028329006172217792,0.028413029591342273
2010-11-29,0.010615178841403257,0.028536361677877972,0.028395869502413802,0.028310187692803614,0.028395869502413802
2010-11-30,0.010609829701980105,0.028506619664205077,0.028367258548864852,0.02827998214436147,0.028367258548864852
2010-12-01,0.01065274902123466,0.028739674311836425,0.028597227550772833,0.028520731943074223,0.028597227550772833
2010-12-02,0.010480918040083005,0.027799308235722825,0.02768211002666022,0.027641638386130554,0.02768211002666022
2010-12-03,0.010480341155488727,0.02779619246933368,0.027679062785328556,0.027638433022130385,0.027679062785328556
2010-12-06,0.010462314134629194,0.027695936944712396,0.027583924297018777,0.02753597164457046,0.027583924297018777
2010-12-07,0.010461587027421896,0.027688762252044252,0.02758009038934517,0.027528751226322826,0.02758009038934517
2010-12-08,0.010461582442826122,0.027687887178045822,0.02758006621642804,0.02752787451284111,0.02758006621642804
2010-12-09,0.010469945483846462,0.027745453161410166,0.027624179125548667,0.027588069174102337,0.027624179125548667
2010-12-10,0.010433772866523541,0.027542692906247973,0.027433631290011123,0.027376688479651246,0.027433631290011123
2010-12-13,0.010429679964663907,0.027527385250405684,0.027412112489658552,0.027361613477956376,0.027412112489658552
2010-12-14,0.010430314390432458,0.027526024570876828,0.02741544748738213,0.027360177143071526,0.02741544748738213
2010-12-15,0.010383705758272957,0.027294119533336908,0.02717097900914652,0.027136586948669758,0.02717097900914652
2010-12-16,0.010337505678536035,0.02704774107782179,0.02692973396074872,0.026882160086072776,0.02692973396074872
2010-12-17,0.010349479106107012,0.027115866720001824,0.026992152877471892,0.02695144455634528,0.026992152877471892
2010-12-20,0.010353181011612237,0.027133162552893164,0.02701146597892046,0.026968534290783067,0.02701146597892046
2010-12-21,0.0103317256702381,0.027032515061258533,0.02689962794191434,0.026870094467921893,0.02689962794191434
2010-12-22,0.010329763884140745,0.027018487553315207,0.026889413519328824,0.02685596129099549,0.026889413519328824
2010-12-23,0.010334832902505597,0.027054338750363144,0.02691581032292349,0.026892442289247753,0.02691581032292349
2010-12-24,0.01032694143498142,0.02700135985248503,0.0268747212891871,0.026838129078588985,0.0268747212891871
2010-12-27,0.010317530856465971,0.026949400965539605,0.026825763629480113,0.026785150180710857,0.026825763629480113
2010-12-28,0.010309168568674107,0.02689837635952491,0.026782297057489208,0.026733319152525192,0.026782297057489208
2010-12-29,0.010291993878987453,0.026804881182412865,0.026693134777289032,0.026637835053018616,0.026693134777289032
2010-12-30,0.010295591346124393,0.02682594603336874,0.026711798693930654,0.026659130037496467,0.026711798693930654
2010-12-31,0.010303822700481755,0.0268696838274749,0.026754528085226707,0.02670400915827427,0.026754528085226707
2011-01-03,0.010302868806034236,0.026867099390990745,0.026749574619857035,0.026701437468057324,0.026749574619857035
2011-01-04,0.010302550694063226,0.026860194177062646,0.026747922802543147,0.026694409967254973,0.026747922802543147
2011-01-05,0.01032323740709377,0.026958716825145196,0.02685544610193146,0.026779243903863895,0.02685544610193146
2011-01-06,0.01032392106231861,0.02696069303340419,0.026859003217448427,0.02678120957966522,0.026859003217448427
2011-01-07,0.010341024006389603,0.027045713394426574,0.02694806793018297,0.026864683444632963,0.02694806793018297
2011-01-10,0.010277866555475131,0.026723944732052106,0.026619904314902867,0.0265304980511874,0.026619904314902867
2011-01-11,0.010328686520894897,0.02698722370784462,0.026883804842222813,0.026802915423121118,0.026883804842222813
2011-01-12,0.010324986128664008,0.026967233852067715,0.02686454531639025,0.02678261409632117,0.02686454531639025
2011-01-13,0.010324169837627873,0.026961193002538505,0.026860297674718654,0.026776537238514662,0.026860297674718654
2011-01-14,0.010318659761621107,0.026934737761119112,0.02683163429757684,0.026750361282419734,0.02683163429757684
2011-01-17,0.010276250652865325,0.02671644952930255,0.026611534525089783,0.026538616938223056,0.026611534525089783
2011-01-18,0.010260346183278557,0.026634400307766495,0.026529225357781152,0.026453978194743946,0.026529225357781152
2011-01-19,0.010277732563526262,0.026725006342959753,0.02661921023513676,0.026547057218676423,0.02661921023513676
2011-01-20,0.010280726755889497,0.026739882945688284,0.02663472234257407,0.026561674642475594,0.02663472234257407
2011-01-21,0.010268970045271395,0.02667875995384683,0.02657383993925166,0.026502697097175995,0.02657383993925166
2011-01-24,0.010260992783151235,0.02664092179089983,0.026532569169762193,0.026465331402757905,0.026532569169762193
2011-01-25,0.010259231935702443,0.026642439553089065,0.0265234636574553,0.02646896813092632,0.0265234636574553
2011-01-26,0.010075298318920303,0.02567808942734759,0.02558093232624005,0.025570292837857,0.02558093232624005
2011-01-27,0.009972297804634657,0.025172559684187634,0.025060574323088943,0.025090942678581363,0.025060574323088943
2011-01-28,0.009984785244719595,0.025247884895358008,0.025123375968558875,0.02516761806121623,0.025123375968558875
2011-02-08,0.009905938244021976,0.024835918947665958,0.02472815834858305,0.024735229797236885,0.02472815834858305
2011-02-09,0.009845760131041718,0.024537010304909512,0.024428626124618675,0.024449641351995316,0.024428626124618675
2011-02-10,0.009891253662042916,0.024763123891900107,0.024654898549733104,0.024665575511651244,0.024654898549733104
2011-02-11,0.010079302532804656,0.025747270032902503,0.025601269566046195,0.025582874315988463,0.025601269566046195
2011-02-14,0.010035794704311103,0.025526986031048332,0.02538072818746385,0.025353602102126907,0.02538072818746385
2011-02-15,0.010037753674409487,0.025546814771328807,0.025390637704686532,0.025373946042357876,0.025390637704686532
2011-02-16,0.009793495190297985,0.02429083694983586,0.024169962106682222,0.0242027839608856,0.024169962106682222
2011-02-17,0.009796471809004966,0.024298211498405775,0.02418465669596652,0.02421006824440014,0.02418465669596652
2011-02-18,0.009814232362068928,0.024385696537797097,0.02427242752788362,0.024301634724482324,0.02427242752788362
2011-02-21,0.00979401782019782,0.02427424806210804,0.024172541835712817,0.024187795282191477,0.024172541835712817
2011-02-22,0.009816263316281633,0.024362571556527962,0.024282474424633275,0.024269692758822514,0.024282474424633275
2011-02-23,0.009860165778536505,0.02457014839931132,0.024500163033416043,0.024471414795614793,0.024500163033416043
2011-02-24,0.009849824235472149,0.02452527662497761,0.024448797442363016,0.02442713820062231,0.024448797442363016
2011-02-25,0.009833062772844204,0.024460939924625502,0.024365659120663026,0.02436708541471977,0.024365659120663026
2011-03-01,0.009841467833762513,0.02451352229908693,0.02440733125899152,0.02442053787814563,0.02440733125899152
2011-03-02,0.009743737875547219,0.02402363323952006,0.023924987802418106,0.02390194751957106,0.023924987802418106
2011-03-03,0.009771118358427294,0.024170741954824243,0.02405963800154751,0.024053043847295008,0.02405963800154751
2011-03-04,0.009780693628454653,0.024225794242617504,0.02410681589913075,0.024108922275166533,0.02410681589913075
2011-03-07,0.009776745858327196,0.02420735361876597,0.02408735941373613,0.02409092053947698,0.02408735941373613
2011-03-08,0.00973798545728775,0.024007394620960687,0.023896746913119625,0.023885154927863417,0.023896746913119625
2011-03-09,0.009705379076161223,0.02383783192027808,0.023736984519020995,0.023711059448273994,0.023736984519020995
2011-03-10,0.009734299085219271,0.023968476249463327,0.023878657827486185,0.023838459726673936,0.023878657827486185
2011-03-11,0.009760587370250722,0.024090476373058556,0.02400780458469907,0.023957808702868483,0.02400780458469907
2011-03-14,0.009758825623523877,0.024083382367951628,0.02399913874268724,0.02395075699869134,0.02399913874268724
2011-03-15,0.009861082500635622,0.024593795987287198,0.024504718917254205,0.02443880890154751,0.024504718917254205
2011-03-16,0.009822420095985208,0.02440457116698988,0.024312944008587543,0.02425509700336176,0.024312944008587543
2011-03-17,0.009818571315275621,0.02438240473521261,0.024293894353634618,0.024232720362425797,0.024293894353634618
2011-03-18,0.009753115897627196,0.02406705971787597,0.023971063967562184,0.023903310217556803,0.023971063967562184
2011-03-21,0.009756083753478598,0.024082230459380016,0.023985654891632038,0.023918726720825553,0.023985654891632038
2011-03-22,0.009758925591410755,0.02410097430902139,0.023999630432070325,0.02393778589989834,0.023999630432070325
2011-03-23,0.009736759071812665,0.023998990546382548,0.02389072826007661,0.023837928601654568,0.02389072826007661
2011-03-24,0.009729998211122045,0.023974058022805056,0.02385756202748643,0.023813710410539563,0.02385756202748643
2011-03-25,0.009748368538255362,0.024068404656915676,0.023947733667727043,0.02391011119276061,0.023947733667727043
2011-03-28,0.009751311971976193,0.024079837466650267,0.023962197464051167,0.02392146707840978,0.023962197464051167
2011-03-29,0.009735387189995209,0.02399694845966907,0.023883996462258947,0.02383697758106397,0.023883996462258947
2011-03-30,0.009725540561980207,0.023947263571861943,0.023835707084126013,0.023786135325310487,0.023835707084126013
2011-03-31,0.009725499378428827,0.023947125324748353,0.023835505216274512,0.023785997442336948,0.023835505216274512
2011-04-01,0.009726435992586204,0.023958659733764626,0.023840096393704848,0.02379788531090997,0.023840096393704848
2011-04-06,0.009802998757353852,0.024327310849769246,0.024216893728443652,0.024184848005211063,0.024216893728443652
2011-04-07,0.009803731331946989,0.02433329858887545,0.024220513303307767,0.02419086515609685,0.024220513303307767
2011-04-08,0.009787918789406385,0.024245090441199352,0.02414244526545967,0.024100589631075697,0.02414244526545967
2011-04-11,0.009787577208758943,0.02424183221540105,0.02414076023958921,0.02409731961078522,0.02414076023958921
2011-04-12,0.009841248124254413,0.024507196027912792,0.02440624149007153,0.024352771485612656,0.02440624149007153
2011-04-13,0.009846118379497563,0.024533390920036535,0.024430403880056087,0.02437931865942873,0.024430403880056087
2011-04-14,0.009842962997874025,0.02451374995674438,0.02441474798553434,0.02435949201653223,0.02441474798553434
2011-04-15,0.00984236199370899,0.024510771853110153,0.02441176658303221,0.02435661689284284,0.02441176658303221
2011-04-18,0.009833477264164532,0.02446108041941969,0.024367713326419876,0.02430614660477079,0.024367713326419876
2011-04-19,0.009833940052044382,0.02445633596456996,0.02437000699069507,0.02430048743680434,0.02437000699069507
2011-04-20,0.009892133791275962,0.02474896262857168,0.024659286358014943,0.02460610489854413,0.024659286358014943
2011-04-21,0.009831360326496733,0.024428915059904577,0.024357222759092318,0.0243565096680608,0.024357222759092318
2011-04-22,0.009830360976140082,0.024417756372168142,0.02435227122414688,0.0243452394076627,0.02435227122414688
2011-04-25,0.009800724828598983,0.024259034356716086,0.024205660205810976,0.024182178828722103,0.024205660205810976
2011-04-26,0.009803874466663101,0.024272348542311806,0.024221220548638355,0.024195369866544636,0.024221220548638355
2011-04-27,0.009844419401871916,0.02447600054474225,0.024421973526707958,0.02440600196129178,0.024421973526707958
2011-04-28,0.009759107988666148,0.024052685227330145,0.024000527561080755,0.023964712805881153,0.024000527561080755
2011-04-29,0.009760422070432243,0.024057737040195537,0.02400699142623117,0.023969737831859378,0.02400699142623117
2011-05-03,0.009735406310019063,0.023945621457169636,0.023884090277332064,0.023860171089939278,0.023884090277332064
2011-05-04,0.009737937752870766,0.02395703504522642,0.023896512783054005,0.023871410986513977,0.023896512783054005
2011-05-05,0.00974370248938119,0.023995973707730905,0.023924814026796446,0.023911210184144355,0.023924814026796446
2011-05-06,0.00973975368339118,0.023978105951330236,0.023905426056909283,0.02389364305624797,0.023905426056909283
2011-05-09,0.009745007044433325,0.024008826440568926,0.023931220898605894,0.023924719646825715,0.023931220898605894
2011-05-10,0.009581669176548853,0.023207508675214095,0.023135712820624245,0.023166920595699997,0.023135712820624245
2011-05-11,0.009498333847940297,0.022815143737520027,0.02273502316350594,0.022790458145188625,0.02273502316350594
2011-05-12,0.009499489702312909,0.022825466204951184,0.02274055676029595,0.022800847263107132,0.02274055676029595
2011-05-13,0.00948959745714186,0.022762102530359873,0.022693219894445497,0.022736133636752337,0.022693219894445497
2011-05-16,0.009519588810233135,0.022897126896211484,0.02283688792121081,0.022867672499930353,0.02283688792121081
2011-05-17,0.009518644548178983,0.022894109236816063,0.02283235769671352,0.02286466785551733,0.02283235769671352
2011-05-18,0.009427564178213154,0.022459886257925554,0.02239749951625062,0.0224099881894905,0.02239749951625062
2011-05-19,0.009444293790470557,0.022533071936246762,0.022477060670581618,0.022481775789978203,0.022477060670581618
2011-05-20,0.009329649350751661,0.02199900010279565,0.021934673966011183,0.021971607168491086,0.021934673966011183
2011-05-23,0.009364982155259244,0.022149756709332502,0.022101128473617667,0.022118580644731767,0.022101128473617667
2011-05-24,0.009338301583818182,0.02203821086608132,0.021975376870525972,0.022009448740410748,0.021975376870525972
2011-05-25,0.009303732821374797,0.021885497539946508,0.02181297999170471,0.02186077388483082,0.02181297999170471
2011-05-26,0.009222897774632527,0.021537185487987498,0.021435584527053048,0.02153263976016398,0.021435584527053048
2011-05-27,0.009190053158896525,0.02136166706444964,0.021283183419962687,0.021351524976204406,0.021283183419962687
2011-05-30,0.00902982780246115,0.020630990833913898,0.02054752311580929,0.020659012587536246,0.02054752311580929
2011-05-31,0.009152634067002405,0.02120004561159583,0.021110219011842152,0.021257335147657902,0.021110219011842152
2011-06-01,0.009149741169883038,0.02118468074396873,0.02109687639591486,0.021241678513197415,0.02109687639591486
2011-06-02,0.009161777971106684,0.021219799742781598,0.021152420249147638,0.021275887067296106,0.021152420249147638
2011-06-03,0.009162168489224923,0.021221986964804374,0.02115422351908642,0.02127810547495232,0.02115422351908642
2011-06-07,0.00915371428152862,0.02119262722993881,0.021115202257260976,0.021249061344186443,0.021115202257260976
2011-06-08,0.009097343808805402,0.020950123054313596,0.020855939422653715,0.02101434706471275,0.020855939422653715
2011-06-09,0.008985791239833965,0.02042519204488591,0.020347599939880962,0.020464506156521595,0.020347599939880962
2011-06-10,0.009111759992369352,0.020989840518641723,0.02092209087995277,0.021002683617640655,0.02092209087995277
2011-06-13,0.008994735664366389,0.02044647441600017,0.02038812795729981,0.020491957703609426,0.02038812795729981
2011-06-14,0.009045558161184412,0.020703732414064924,0.02061917485673722,0.020758465258017417,0.02061917485673722
2011-06-15,0.00903426339202143,0.020658599771436748,0.02056771458917748,0.020714162187991353,0.02056771458917748
2011-06-16,0.009076880398917377,0.02081346270087525,0.020762218959615122,0.02085139466768063,0.020762218959615122
2011-06-17,0.009031270323081837,0.02058404086046517,0.02055408859944183,0.020614242956638662,0.02055408859944183
2011-06-20,0.009013756702955197,0.020478652688870613,0.020474448094817577,0.020500508424821262,0.020474448094817577
2011-06-21,0.00901590254839782,0.0204890714220331,0.020484197688075988,0.02051115767885131,0.020484197688075988
2011-06-22,0.009008023496727401,0.020448485339812583,0.020448410804033427,0.020469952999063817,0.020448410804033427
2011-06-23,0.009026911871282812,0.020527745210573045,0.020534254758840454,0.020547637248469364,0.020534254758840454
2011-06-24,0.008943497949910695,0.02013994482548548,0.020156511206174316,0.020139363797074095,0.020156511206174316
2011-06-27,0.008946843259413065,0.020154166133016044,0.020171593085743258,0.020153316432965626,0.020171593085743258
2011-06-28,0.008921322603938853,0.020045309094047892,0.02005667924489468,0.02004687150258945,0.02005667924489468
2011-06-29,0.00898287875268795,0.0203275143582701,0.020334411892744143,0.02033920246500434,0.020334411892744143
2011-06-30,0.00893948263474454,0.020147666375342876,0.020138416143778596,0.020164621561009677,0.020138416143778596
2011-07-01,0.008979312692045409,0.0203349033159419,0.020318270218224993,0.020357635103524785,0.020318270218224993
2011-07-04,0.008975522344063236,0.020333583748092687,0.02030112033989216,0.020357130641068533,0.02030112033989216
2011-07-05,0.008891404462248802,0.019968711800932792,0.019922382474447074,0.020005954292269756,0.019922382474447074
2011-07-06,0.0088991646055328,0.020030204288179643,0.019957172930444675,0.020070730897140093,0.019957172930444675
2011-07-07,0.008898526508353275,0.02001061829258044,0.019954311053006213,0.020050554010452915,0.019954311053006213
2011-07-08,0.008819293990912124,0.01963549696806527,0.019600546517530952,0.019658685296265993,0.019600546517530952
2011-07-11,0.008764903341066718,0.01937382794463488,0.019359529705717114,0.019385390372897243,0.019359529705717114
2011-07-12,0.008825303665539241,0.01963198382004222,0.019627268166823055,0.019635282475603394,0.019627268166823055
2011-07-13,0.008780539600888626,0.01942433658702608,0.019428664672058893,0.019421518649614,0.019428664672058893
2011-07-14,0.008776181919234996,0.019403025663875556,0.01940938500803583,0.01939990676243225,0.01940938500803583
2011-07-15,0.008780439161639233,0.019427792254382265,0.019428220191554463,0.01942493736936933,0.019428220191554463
2011-07-18,0.008781284857395431,0.019431010030021567,0.019431962864174018,0.01942812502230383,0.019431962864174018
2011-07-19,0.008702783499631902,0.019079837852670145,0.019086087041649255,0.019063232056178714,0.019086087041649255
2011-07-20,0.008853655584521706,0.019733989628291232,0.01975357873675176,0.019752452808692145,0.01975357873675176
2011-07-21,0.008843031325868833,0.019696340681356506,0.019706199163634967,0.019715407883828,0.019706199163634967
2011-07-22,0.008848494660072273,0.019731254695179556,0.01973055615283054,0.01975093723393956,0.01973055615283054
2011-07-25,0.008858676944574073,0.01975838818450673,0.019775991616498716,0.019774912806442863,0.019775991616498716
2011-07-26,0.008886003857972375,0.0198971155979622,0.019898188270102785,0.01991855916941407,0.019898188270102785
2011-07-27,0.008886731111409958,0.019902201902595118,0.019901445441318416,0.019923673127495434,0.019901445441318416
2011-07-28,0.008862412215722692,0.019774640465953425,0.01979267227091048,0.01978944947788437,0.01979267227091048
2011-07-29,0.008919388091674871,0.0200184451661429,0.0200479819503377,0.020025416226425286,0.0200479819503377
2011-08-01,0.008924537149559006,0.020052291356346258,0.020071135560132413,0.02006030251329828,0.020071135560132413
2011-08-02,0.008952501842063707,0.02016346396667576,0.020197116886502824,0.02016555238555047,0.020197116886502824
2011-08-03,0.009011681679416426,0.02042546044357768,0.020465022486164677,0.020419226614681624,0.020465022486164677
2011-08-04,0.009046169910968743,0.020579786015369292,0.020621963894645292,0.02056937823522241,0.020621963894645292
2011-08-05,0.009704986711358372,0.024121293473788052,0.023735065301045934,0.02365002404676178,0.023735065301045934
2011-08-08,0.009762752423626096,0.024416142655687353,0.024018456391024335,0.023933776161226147,0.024018456391024335
2011-08-09,0.009779609470931292,0.02450185245817503,0.024101471873790116,0.02401784196981032,0.024101471873790116
2011-08-10,0.009867348781737593,0.024914532381837037,0.024535872139075505,0.02444786960023804,0.024535872139075505
2011-08-11,0.009865821512099329,0.02490714813907264,0.024528277395367674,0.02444044506139468,0.024528277395367674
2011-08-12,0.00988032458145806,0.024983423687567757,0.024600445086411026,0.024514267951735537,0.024600445086411026
2011-08-15,0.009957321183559962,0.02535005634817654,0.024985357778448136,0.024895562895810838,0.024985357778448136
2011-08-16,0.009929511345367136,0.02520743634095972,0.024845989280559217,0.024756862559181754,0.024845989280559217
2011-08-17,0.00992679108046395,0.025193601042807205,0.02483237765110502,0.024743348557074153,0.02483237765110502
2011-08-18,0.009970719943108473,0.02543066866272453,0.025052644558343058,0.024964650025124515,0.025052644558343058
2011-08-19,0.010207808378125632,0.02673478537233756,0.026258236674902024,0.026178624174254796,0.026258236674902024
2011-08-22,0.010220354824259722,0.02679428537891193,0.026322824488909782,0.026239073880121845,0.026322824488909782
2011-08-23,0.010451986378107217,0.027905289065704067,0.02752949285053098,0.0274316182662699,0.02752949285053098
2011-08-24,0.010478503831310479,0.028052600530539623,0.02766935872078267,0.02757397947368273,0.02766935872078267
2011-08-25,0.010482566360986599,0.02807540666064591,0.02769081777314693,0.02759656932821859,0.02769081777314693
2011-08-26,0.01050912912325722,0.028209473970918136,0.02783133232218185,0.027734812915558345,0.02783133232218185
2011-08-29,0.010539912037151884,0.02836326054721136,0.027994615929226592,0.02789464631153266,0.027994615929226592
2011-08-30,0.010487417731185552,0.028074097008572833,0.02771645452843305,0.027618690998077608,0.02771645452843305
2011-08-31,0.010486856866877893,0.028072624745812562,0.027713490070488775,0.02761830361615998,0.027713490070488775
2011-09-01,0.010505358357993513,0.02816944024992455,0.027811363665925765,0.02771753596731183,0.027811363665925765
2011-09-02,0.010501518472592128,0.028148085714668897,0.027791036338008814,0.027695982691708823,0.027791036338008814
2011-09-05,0.010609847556921166,0.02875937421410831,0.02836735402563872,0.028267503262681216,0.02836735402563872
2011-09-06,0.010671398176770059,0.029103207108178493,0.02869744223988718,0.028595005506161113,0.02869744223988718
2011-09-07,0.010733002782199713,0.029421126619814074,0.02902973187812211,0.0289259822961402,0.02902973187812211
2011-09-08,0.010715217564619838,0.02932726731828028,0.028933603639198648,0.028830085224272883,0.028933603639198648
2011-09-09,0.010718277058828876,0.029343339681066116,0.02895012870367398,0.02884653995584711,0.02895012870367398
2011-09-13,0.010858851419903367,0.0301520271001621,0.029714492848203412,0.02961085873897548,0.029714492848203412
2011-09-14,0.010930043553502933,0.030562851979297673,0.030105394724530696,0.0300053380003705,0.030105394724530696
2011-09-15,0.01103759132417423,0.03112241827183808,0.03070076240435053,0.030592351494586667,0.03070076240435053
2011-09-16,0.011123430051489122,0.03157451674693116,0.031180135419813564,0.031068513212337792,0.031180135419813564
2011-09-19,0.011029887347337527,0.03111580019503135,0.030657920553529033,0.03055794978334013,0.030657920553529033
2011-09-20,0.011030217718598957,0.03111751614673225,0.03065975713576298,0.030559684549742595,0.03065975713576298
2011-09-21,0.011029230794290206,0.031112369935513834,0.03065427084225728,0.03055447518444669,0.03065427084225728
2011-09-22,0.011148708497462419,0.03182944008846744,0.031322012692670466,0.031228102664772113,0.031322012692670466
2011-09-23,0.011319678900684657,0.03290950857022901,0.032290052864480556,0.032225316924258174,0.032290052864480556
2011-09-26,0.011389611833144842,0.03334498335024233,0.03269026094284768,0.03264312384386067,0.03269026094284768
2011-09-27,0.011620067365628083,0.03455606350833976,0.034026543326597165,0.03394347024194248,0.034026543326597165
2011-09-28,0.011620361741949484,0.03455701904848987,0.034028267367468334,0.033944427652949916,0.034028267367468334
2011-09-29,0.011629064355108345,0.03459537194520529,0.03407925471936337,0.033984583561410986,0.03407925471936337
2011-09-30,0.011615120007306528,0.034520691848959895,0.033997575221601364,0.03390857279442831,0.033997575221601364
2011-10-03,0.01172781759853588,0.03523824639113715,0.03466050981738104,0.034588948688664856,0.03466050981738104
2011-10-04,0.011733465412909535,0.0352689797900243,0.03469390107017797,0.0346204254321483,0.03469390107017797
2011-10-05,0.011748149796395864,0.03536498849396569,0.034780793956916155,0.03471450305457892,0.034780793956916155
2011-10-06,0.011817817578943833,0.03574503713547503,0.03519452470695686,0.03510986038519695,0.03519452470695686
2011-10-07,0.011824365558533338,0.03577890536735903,0.03523353645718101,0.03514412629052929,0.03523353645718101
2011-10-11,0.011954355615118095,0.03649049168861038,0.036012467779521794,0.03589889395310666,0.036012467779521794
2011-10-12,0.011948712022038566,0.03646181560124559,0.03597847318437346,0.03586972301209284,0.03597847318437346
2011-10-13,0.011946436457798896,0.03645080114830959,0.035964770698137104,0.03585862421796317,0.035964770698137104
2011-10-14,0.011947622084325338,0.03645840817780355,0.03597190971440435,0.03586608749890244,0.03597190971440435
2011-10-17,0.01195399377772797,0.03647798588461945,0.036010287743965676,0.035892326605494254,0.036010287743965676
2011-10-18,0.01194315354311144,0.0364094235914956,0.035945006971692506,0.03582616732892994,0.035945006971692506
2011-10-19,0.011938379976560966,0.036385712362517475,0.03591627894911746,0.03580186658017684,0.03591627894911746
2011-10-20,0.011915370626536866,0.03627469964445812,0.03577796640626986,0.03567991391243425,0.03577796640626986
2011-10-21,0.011917983846947526,0.03628648072102533,0.03579366142197774,0.0356918203489278,0.03579366142197774
2011-10-24,0.012022712238495693,0.03681575187621723,0.036425493611557884,0.03629893424364758,0.036425493611557884
2011-10-25,0.012021629475512196,0.036808589900578254,0.03641893296211891,0.03629181044831103,0.03641893296211891
2011-10-26,0.012117897275184369,0.03745054574638318,0.03700454546172403,0.036889407436959884,0.03700454546172403
2011-10-27,0.012118461182949085,0.03745343241068458,0.03700798956354622,0.036892306792739124,0.03700798956354622
2011-10-28,0.012113279601526689,0.03742405422914469,0.03697634876160017,0.03686251083921581,0.03697634876160017
2011-10-31,0.01206622760652827,0.037120941861438994,0.03668964986044133,0.036570321923538665,0.03668964986044133
2011-11-01,0.012070525172807234,0.03714561952072981,0.03671578964273803,0.03659542064592203,0.03671578964273803
2011-11-02,0.012067354177784241,0.03712516579651787,0.03669650128672587,0.03657522443814279,0.03669650128672587
2011-11-03,0.012108774724187648,0.03740272585489399,0.03694885118092366,0.03683950743690889,0.03694885118092366
2011-11-04,0.012142813505555829,0.037587178363118506,0.03715687579733868,0.03703416689763789,0.03715687579733868
2011-11-07,0.012108985142558159,0.03739242733143969,0.036950135338038946,0.036833720363659624,0.036950135338038946
2011-11-08,0.01211232737821774,0.03741540872616314,0.036970535578315,0.036856482990886626,0.036970535578315
2011-11-09,0.012112201446667272,0.037413215680477535,0.036969766818931486,0.036854302648315546,0.036969766818931486
2011-11-10,0.012265195004670605,0.03844157668707682,0.037909622142654385,0.03781583868308083,0.037909622142654385
2011-11-11,0.01225453136792104,0.03838053563879146,0.0378437318399349,0.03775316405645088,0.0378437318399349
2011-11-14,0.012354802480871334,0.03895220968377755,0.03846556837401881,0.03835343037110045,0.03846556837401881
2011-11-15,0.01235814978837052,0.03897892890456933,0.03848641428033419,0.03837973025061214,0.03848641428033419
2011-11-16,0.01238194268114959,0.0391393606392402,0.038634751148937024,0.03853614704750784,0.038634751148937024
2011-11-17,0.012382916151621508,0.03914108835706029,0.03864082632935838,0.03853796020469073,0.03864082632935838
2011-11-18,0.012385776522864619,0.039160358690566,0.03865867993873478,0.03855608449979547,0.03865867993873478
2011-11-21,0.012454009452160849,0.03962018099934045,0.03908579256149696,0.03899610323690783,0.03908579256149696
2011-11-22,0.012436377232510952,0.03952674556691599,0.03897519662466782,0.038900109605971095,0.03897519662466782
2011-11-23,0.012520850484269767,0.04010521698777175,0.039506467606058485,0.03945053750401989,0.039506467606058485
2011-11-24,0.012520069033841242,0.04010213911267252,0.0395015364102619,0.0394474485877028,0.0395015364102619
2011-11-25,0.012530330688253691,0.04017974389427481,0.03956631516356204,0.039523682247226855,0.03956631516356204
2011-11-28,0.012558149143187617,0.040340630349829265,0.03974219169544106,0.03969206929729424,0.03974219169544106
2011-11-29,0.01256398801382577,0.04035598258096662,0.03977915629251252,0.03970979284618406,0.03977915629251252
2011-11-30,0.01258901972602861,0.04053241141006003,0.03993782125090904,0.03988159765054844,0.03993782125090904
2011-12-01,0.012925458031157026,0.04246305640789522,0.042101001259430816,0.041996485047012505,0.042101001259430816
2011-12-02,0.012934669064609706,0.04252799122920825,0.04216102728036478,0.04205994887653014,0.04216102728036478
2011-12-05,0.01293509634922112,0.042535283277655656,0.04216381282603566,0.04206716346955233,0.04216381282603566
2011-12-06,0.012988276727530567,0.04291997788618884,0.042511223752429855,0.0424364125842665,0.042511223752429855
2011-12-07,0.012966076345530226,0.042786620808189846,0.04236602222112585,0.04229766641063351,0.04236602222112585
2011-12-08,0.012961469293841564,0.04277577026107232,0.04233592093630983,0.042285225509480884,0.04233592093630983
2011-12-09,0.012968049280580355,0.042854064118568846,0.04237891614017728,0.0423577098739667,0.04237891614017728
2011-12-12,0.012989679562681523,0.042979326881317115,0.042520407335568805,0.042486015414873485,0.042520407335568805
2011-12-13,0.012992692752178197,0.043005127082018535,0.042540136368030966,0.0425115458375914,0.042540136368030966
2011-12-14,0.012992972170324248,0.043005804764613464,0.04254196610634274,0.04251222463732246,0.04254196610634274
2011-12-15,0.013046646652415943,0.043431512522987936,0.042894177195995024,0.04291249861938903,0.042894177195995024
2011-12-16,0.013045164817845761,0.04340359190285176,0.04288443393143973,0.04288533405612613,0.04288443393143973
2011-12-19,0.01310022626158557,0.043819171506961574,0.04324721388239354,0.04328406493245582,0.04324721388239354
2011-12-20,0.013106058083815915,0.043843375611432145,0.04328572714108183,0.043308642701567424,0.04328572714108183
2011-12-21,0.013464846969036227,0.04596089726339092,0.04568813018269015,0.04563910401924051,0.04568813018269015
2011-12-22,0.013464489926310757,0.04596405003661602,0.04568570722188241,0.045642218385590655,0.04568570722188241
2011-12-23,0.013498972651000569,0.046177343708279084,0.04592001018338025,0.04586408213417578,0.04592001018338025
2011-12-26,0.013496204867346456,0.04615326185505714,0.045901181546989314,0.04584024766332451,0.045901181546989314
2011-12-27,0.013495021185475731,0.04615104635578149,0.04589313039270258,0.04583798477817788,0.04589313039270258
2011-12-28,0.013498585292532816,0.04618295329561278,0.04591737483474538,0.045869534285978036,0.04591737483474538
2011-12-29,0.013490953699170019,0.04613981723578903,0.0458654695917136,0.045825813990580916,0.0458654695917136
2011-12-30,0.013492460711069913,0.04613869356717748,0.04587571700202083,0.04582496293226984,0.04587571700202083
2012-01-02,0.013519396310274604,0.0463553218349812,0.04605906730175518,0.04603446233848288,0.04605906730175518
2012-01-03,0.013547106068199803,0.0465184138471193,0.04624806887141009,0.04620191880771232,0.04624806887141009
2012-01-04,0.013552255728094924,0.04654826735514295,0.04628323610055978,0.046232177655345624,0.04628323610055978
2012-01-05,0.01354957922272495,0.046532866907295245,0.04626495647245072,0.04621658890915098,0.04626495647245072
2012-01-06,0.013533929268288104,0.04644637065881474,0.04615814484263439,0.04612814471482998,0.04615814484263439
2012-01-09,0.013534961981387861,0.046460259078879074,0.04616518935107894,0.04614192168185849,0.04616518935107894
2012-01-10,0.013585172737143072,0.04676247019229729,0.04650834341109988,0.04645527589368559,0.04650834341109988
2012-01-11,0.01354908021635011,0.046488386170690676,0.04626154882669066,0.04619009211358724,0.04626154882669066
2012-01-12,0.01354988245235067,0.04648950946997371,0.046267027247075196,0.04619123990385998,0.046267027247075196
2012-01-13,0.013540019567780831,0.04640835650745867,0.04619969673376373,0.04611164869342431,0.04619969673376373
2012-01-16,0.013571488422300583,0.04665271097920437,0.04641469509515297,0.04634795040860784,0.04641469509515297
2012-01-17,0.013543887864290845,0.046480443515667824,0.046226098417082175,0.046168544820447216,0.046226098417082175
2012-01-18,0.013541330024862571,0.04647255950000545,0.046208639948245624,0.04616047046469368,0.046208639948245624
2012-01-30,0.013659404299709743,0.04720261584339214,0.047017990107378116,0.046931703578071304,0.047017990107378116
2012-01-31,0.013661126712465462,0.04721028104647795,0.04702984852961743,0.04693941823549565,0.04702984852961743
2012-02-01,0.013668272016748471,0.04724899043470293,0.047079058300804985,0.046978762987669204,0.047079058300804985
2012-02-02,0.013678085289791095,0.047311219148564565,0.04714668433308948,0.04704286458417509,0.04714668433308948
2012-02-03,0.01365900512568975,0.047191939924277615,0.04701524209795196,0.04692070962334893,0.04701524209795196
2012-02-06,0.01365549033655565,0.0471577916664665,0.046991048915604725,0.046887147412188385,0.046991048915604725
2012-02-07,0.013641475752777016,0.047047760503587666,0.046894644899828024,0.046779511433705886,0.046894644899828024
2012-02-08,0.013711779736255198,0.04749325386779263,0.04737925169096582,0.04724447108892439,0.04737925169096582
2012-02-09,0.013701135968381694,0.04742789062374292,0.04730572395966881,0.047178015534052445,0.04730572395966881
2012-02-10,0.01369731328079798,0.04741876910295334,0.047279330560305824,0.047166332569318625,0.047279330560305824
2012-02-13,0.01369242027893506,0.04738812051935426,0.047245558019937996,0.04713512512905252,0.047245558019937996
2012-02-14,0.013681318131020402,0.04732561945854813,0.04716897338215127,0.04707117453299199,0.04716897338215127
2012-02-15,0.013719009020735405,0.04755357046253911,0.047429224544776896,0.04730867766433039,0.047429224544776896
2012-02-16,0.013725740018677003,0.047603481880402254,0.047475776643198464,0.04735699617488995,0.047475776643198464
2012-02-17,0.013691161997231359,0.04732965303176717,0.04723687504227691,0.04709784345149861,0.04723687504227691
2012-02-20,0.013543459025973483,0.04623381658012568,0.04622317116183209,0.046071202727435305,0.04622317116183209
2012-02-21,0.013534014520798143,0.04617642659244342,0.046158726360392095,0.046012506286321565,0.046158726360392095
2012-02-22,0.013535013552918612,0.04618283136919493,0.04616554115317801,0.04601903017427236,0.04616554115317801
2012-02-23,0.01353718063177681,0.046201004859634937,0.04618032538325301,0.04603700363168988,0.04618032538325301
2012-02-24,0.0135371154929168,0.046197269039433775,0.04617988095887915,0.04603338411978229,0.04617988095887915
2012-02-29,0.013572838729823084,0.04642374675293315,0.04642393169881795,0.04627369027758597,0.04642393169881795
2012-03-01,0.013573187085693692,0.046426946952625614,0.046426314731136994,0.04627687905818032,0.046426314731136994
2012-03-02,0.01355235996355027,0.046277374801822535,0.046283948066573356,0.04613167846001289,0.046283948066573356
2012-03-05,0.013549499469528435,0.046256784292545206,0.046264411840437336,0.04611193172926944,0.046264411840437336
2012-03-06,0.013552276026545485,0.04627774950580624,0.046283374745919224,0.046132706262019776,0.046283374745919224
2012-03-07,0.013542831776756649,0.04622064705779222,0.046218889718449466,0.04607430292582768,0.046218889718449466
2012-03-08,0.01353872933258468,0.046194381364602244,0.04619089236912918,0.04604751438297662,0.04619089236912918
2012-03-09,0.01353250374265058,0.04614434253619934,0.04614842170130269,0.045998840260793844,0.04614842170130269
2012-03-12,0.013524768475873248,0.04611099624775436,0.046095679306145644,0.04595890518244157,0.046095679306145644
2012-03-13,0.013545132859330903,0.04624123719527051,0.04623459729258529,0.04609346965338184,0.04623459729258529
2012-03-14,0.013569603002461482,0.046390192196930774,0.04640179966239174,0.04624924258238292,0.04640179966239174
2012-03-15,0.01357210634396193,0.04640968503213322,0.046418921794176546,0.0462685541603854,0.046418921794176546
2012-03-16,0.013574719163377711,0.046429359279445664,0.04643679609187267,0.04628804699558785,0.04643679609187267
2012-03-19,0.013556517978809997,0.04629831227925155,0.046312353286869265,0.0461601606564476,0.046312353286869265
2012-03-20,0.013546891485258823,0.046229495821303174,0.046246603766171256,0.04609322803318436,0.046246603766171256
2012-03-21,0.013546831859171838,0.04622877274269474,0.046246196662009624,0.04609250618273517,0.046246196662009624
2012-03-22,0.013503573414990682,0.0458994642463607,0.04595131673345887,0.045790572051545325,0.04595131673345887
2012-03-23,0.013502871792366838,0.045894599078168494,0.0459465417535562,0.045785752056152776,0.0459465417535562
2012-03-26,0.013541338490118203,0.04616684076324461,0.046208697722197094,0.04604922688403973,0.046208697722197094
2012-03-27,0.013556618218094696,0.04626665417623513,0.04631303817281661,0.046152229598999825,0.04631303817281661
2012-03-28,0.013553082174087454,0.04624337325382041,0.04628888117722691,0.04612860180923964,0.04628888117722691
2012-03-29,0.01357531565568957,0.04640499763272532,0.0464408771782058,0.046284900871192886,0.0464408771782058
2012-03-30,0.013576940594565233,0.046415347018417596,0.04645199560890504,0.04629533746827534,0.04645199560890504
2012-04-02,0.013575799576888111,0.04641060778459882,0.046444188206262525,0.04629034590689758,0.046444188206262525
2012-04-03,0.01356918943657247,0.046377208416499976,0.046398971295328655,0.046253720614501996,0.046398971295328655
2012-04-05,0.013584838513152613,0.0464908562796193,0.04650605503196549,0.046364693772043934,0.04650605503196549
2012-04-06,0.013584943841326831,0.04649146906565024,0.04650677619134496,0.04636530983374927,0.04650677619134496
2012-04-09,0.013599519626096523,0.04660683705751384,0.0466066273832673,0.04647666643786749,0.0466066273832673
2012-04-10,0.013599506085370269,0.046606132077783774,0.04660653457303779,0.04647596264049356,0.04660653457303779
2012-04-11,0.013597730429150323,0.046595086485560155,0.04659436475160784,0.0464647695168318,0.04659436475160784
2012-04-12,0.013526062529818366,0.04614390915234301,0.046104500625260225,0.04599373769207607,0.046104500625260225
2012-04-13,0.013544911825819376,0.04626161479468188,0.046233088365043834,0.04611421197639552,0.046233088365043834
2012-04-16,0.013544541974318345,0.04625867365222602,0.046230563558106015,0.04611129747019865,0.046230563558106015
2012-04-17,0.013583446352659512,0.04654816563156733,0.04649652373352591,0.046391183513486894,0.04649652373352591
2012-04-18,0.01354307359662379,0.046245938654948165,0.046220540295779246,0.04609939110527006,0.046220540295779246
2012-04-19,0.01353761198539988,0.04621324784002928,0.046183268443345096,0.046066309389446725,0.046183268443345096
2012-04-20,0.013561479491363996,0.04639137543430932,0.04634625895066093,0.0462397499079166,0.04634625895066093
2012-04-23,0.013543250876878125,0.046254566853667745,0.04622175036714315,0.0461061161566924,0.04622175036714315
2012-04-24,0.013543821968455312,0.04625538891730313,0.04622564860532961,0.04610696160793623,0.04622564860532961
2012-04-25,0.013544903687265544,0.04625284086049297,0.046233032806119526,0.046105195364036775,0.046233032806119526
2012-04-26,0.01349927474983538,0.04597850685986504,0.045922065530428845,0.045817490950985015,0.045922065530428845
2012-04-27,0.013416129809466932,0.045467188264475655,0.04535811984424574,0.04528196097975354,0.04535811984424574
2012-04-30,0.01341675149021366,0.045472857970861535,0.04536232357863792,0.04528759155985082,0.04536232357863792
2012-05-02,0.013512414581179128,0.04606084524041304,0.0460115076490429,0.045905656453329696,0.0460115076490429
2012-05-03,0.013513125958525076,0.04606632457495391,0.04601635243908299,0.045911064029739865,0.04601635243908299
2012-05-04,0.013476069026893295,0.045836181002466836,0.04576431797723338,0.04567362191672937,0.04576431797723338
2012-05-07,0.013541345384564321,0.046324451220346896,0.04620874477566348,0.046141005983730415,0.04620874477566348
2012-05-08,0.013540919764237314,0.046318597925380844,0.04620584003150121,0.04613518090878918,0.04620584003150121
2012-05-09,0.013545039956189777,0.046358604443661466,0.04623396306852394,0.04617454489439893,0.04623396306852394
2012-05-10,0.01354141509338466,0.04632652948513516,0.046209220528299164,0.04614283018695961,0.046209220528299164
2012-05-11,0.013546824873206652,0.04638989788548892,0.04624614896462327,0.046202987547617896,0.04624614896462327
2012-05-14,0.013544702653180413,0.04636740036512749,0.04623166043069427,0.04618071738620563,0.04623166043069427
2012-05-15,0.01353888386969045,0.04633583819554132,0.046191946862114995,0.04614879756878429,0.046191946862114995
2012-05-16,0.013590740251375116,0.04673273604718381,0.04654647158624763,0.04653034007343196,0.04654647158624763
2012-05-17,0.0136127307932698,0.04685601301307335,0.04669722279180903,0.04665710213020241,0.04669722279180903
2012-05-18,0.013677858574576995,0.047363393901269035,0.047145121426904614,0.04714163520566958,0.047145121426904614
2012-05-21,0.013683005234893448,0.04738442809126303,0.047180607329046616,0.04716309132966079,0.047180607329046616
2012-05-22,0.013678006052761827,0.047314446422163536,0.04714613809400608,0.04709814998190451,0.04714613809400608
2012-05-23,0.013721713964589426,0.04765193930917688,0.047447929399754125,0.04742354091630763,0.047447929399754125
2012-05-24,0.013715920672845683,0.04762461804461704,0.04740787293575648,0.047395827601634494,0.04740787293575648
2012-05-25,0.01371282179026139,0.047600448775426796,0.04738645332576983,0.04737225034412909,0.04738645332576983
2012-05-28,0.013727407044486765,0.04768624615548295,0.04748730944958627,0.047459677447523746,0.04748730944958627
2012-05-29,0.013802267869442728,0.04812052941568579,0.04800665478164248,0.04792737893762883,0.04800665478164248
2012-05-30,0.01381964741387035,0.04826122884658035,0.04812762897021076,0.048064694208845876,0.04812762897021076
2012-05-31,0.013819009265093884,0.048251203719232305,0.04812318430132516,0.0480547438605301,0.04812318430132516
2012-06-01,0.013856014810379205,0.04856801376924014,0.04838126489921286,0.04835325692154069,0.04838126489921286
2012-06-04,0.013975718745682304,0.04950196863461731,0.04922082004352077,0.049231292619565575,0.04922082004352077
2012-06-05,0.014002850064333069,0.04966402431805189,0.04941211210089655,0.04939767112772159,0.04941211210089655
2012-06-06,0.013917534678935669,0.04912457513210178,0.04881183842792299,0.04882945139232808,0.04881183842792299
2012-06-07,0.013912858902389963,0.04909815705361159,0.04877904599512854,0.04880269959702302,0.04877904599512854
2012-06-08,0.013936341410690528,0.04928300767056004,0.04894384620266257,0.04898114647157775,0.04894384620266257
2012-06-11,0.013997625788886183,0.04966819959946828,0.049375248986874266,0.04938313850434403,0.049375248986874266
2012-06-12,0.014004277584217977,0.04972931198283259,0.04942218724526918,0.049443306477175264,0.04942218724526918
2012-06-13,0.014004713314863512,0.0497231207819106,0.049425262747941866,0.049437199446533076,0.049425262747941866
2012-06-14,0.014005357125237686,0.04972518005021609,0.0494298071077724,0.04943926463774986,0.0494298071077724
2012-06-15,0.01395848878541847,0.049309079659664024,0.0490995311115086,0.049053719088170744,0.0490995311115086
2012-06-18,0.013976463308233553,0.049383791496069585,0.04922606470481249,0.04914143184213077,0.04922606470481249
2012-06-19,0.01393714595063807,0.04914655537615781,0.04894949738684556,0.04889465850684166,0.04894949738684556
2012-06-20,0.013954235183803225,0.049244054944642124,0.049069611250352745,0.04899479116827929,0.049069611250352745
2012-06-21,0.01391412739499909,0.048936846209109985,0.04878794117339458,0.048699519272155725,0.04878794117339458
2012-06-22,0.01393088689782281,0.04906716610322148,0.04890554165950268,0.048826600380032864,0.04890554165950268
2012-06-25,0.013924236715232113,0.04901586636674615,0.04885886076165813,0.048776640102114605,0.04885886076165813
2012-06-26,0.013916282707766053,0.04897616522948478,0.04880305694942205,0.048735887032608255,0.04880305694942205
2012-06-27,0.013929210371632578,0.049056282154054054,0.048893771197453535,0.048817604108487594,0.048893771197453535
2012-06-28,0.013919095250569082,0.04897094652152473,0.04882278557379252,0.048733903506196496,0.04882278557379252
2012-06-29,0.013940069358203354,0.04908930950867485,0.04897003449530306,0.04885803312968695,0.04897003449530306
2012-07-02,0.01394434406307003,0.04910390937975456,0.04900007230001765,0.04887428898754133,0.04900007230001765
2012-07-03,0.013965113648883103,0.049234477963321976,0.049146148605007725,0.04900816924493806,0.049146148605007725
2012-07-04,0.013922772215845983,0.04895886341260591,0.048848583715931884,0.04872249729378081,0.048848583715931884
2012-07-05,0.013920979411239971,0.048951113589756456,0.04883600427757813,0.048714653794999535,0.04883600427757813
2012-07-06,0.013893157263780903,0.04878297917282087,0.04864099432654931,0.04854021646900869,0.04864099432654931
2012-07-09,0.013887301687129584,0.048749970516826224,0.048600001333636754,0.04850680642280862,0.048600001333636754
2012-07-10,0.01390210818937105,0.04886628217781913,0.04870369025146236,0.04862056985548893,0.04870369025146236
2012-07-11,0.013885152562330005,0.048760032184141655,0.04858496034315324,0.04851186373637126,0.04858496034315324
2012-07-12,0.013925576080200806,0.049071509785517886,0.04886826062969614,0.04881188272463105,0.04886826062969614
2012-07-13,0.013923722552790157,0.049055733867310325,0.04885525253122346,0.04879629893071308,0.04885525253122346
2012-07-16,0.01391862505347587,0.049010765320693206,0.04881948709157003,0.04875192748345478,0.04881948709157003
2012-07-17,0.013893390392274066,0.04879810614178631,0.048642626741217596,0.048548246453190405,0.048642626741217596
2012-07-18,0.013915588828043913,0.048972661993129885,0.0487981903326575,0.048718279489308514,0.0487981903326575
2012-07-19,0.013975697114309998,0.04935802977579368,0.049220667677395066,0.04911986995884554,0.049220667677395066
2012-07-20,0.013971187425023582,0.049333343232385196,0.04918890767241454,0.04909491916492778,0.04918890767241454
2012-07-23,0.01401296803956926,0.04965585114443538,0.049483544866053365,0.049405622246443126,0.049483544866053365
2012-07-24,0.014013383454052855,0.04965997304884684,0.04948647878924123,0.04940971698487304,0.04948647878924123
2012-07-25,0.013912402044627377,0.04903061154372973,0.04877584252414071,0.04874497423711857,0.04877584252414071
2012-07-26,0.013911723088007968,0.04902715677414199,0.04877108189790832,0.048741497780812715,0.04877108189790832
2012-07-27,0.013965582564606747,0.04936962320722682,0.04914944908494969,0.04909898992692727,0.04914944908494969
2012-07-30,0.013961136600808327,0.04931406703096458,0.04911816046698033,0.04904593774266494,0.04911816046698033
2012-07-31,0.013977577177002312,0.049419907915160544,0.04923391126224209,0.049156663925545574,0.04923391126224209
2012-08-01,0.013977179642113112,0.0494177446366138,0.0492311107884711,0.04915448625214855,0.0492311107884711
2012-08-03,0.013973007485345256,0.04938496324407465,0.04920172442274967,0.049122395075097414,0.04920172442274967
2012-08-06,0.013965994774117911,0.04929240189905115,0.049152350527733576,0.04904171550387389,0.049152350527733576
2012-08-07,0.013957121798826081,0.049237739851912765,0.049089914724631076,0.04898621671012822,0.049089914724631076
2012-08-08,0.013935502321816928,0.04906565044870026,0.04893795269026398,0.048818930107034725,0.04893795269026398
2012-08-09,0.01396778123585432,0.04923610058201472,0.04916492598847638,0.049016321404197094,0.04916492598847638
2012-08-10,0.013945506904499827,0.049068903299584105,0.049008245031509995,0.04885339798964965,0.049008245031509995
2012-08-13,0.013447785045508778,0.04517644283643449,0.0455724165028128,0.04540753764272991,0.0455724165028128
2012-08-14,0.013405747856718716,0.044883123459428645,0.04528794705067545,0.04512533669852324,0.04528794705067545
2012-08-15,0.013394724677969346,0.04480833306892705,0.04521349959804745,0.04505209565902035,0.04521349959804745
2012-08-16,0.013332011229237805,0.04440277808666973,0.044791115900963775,0.04462923948718735,0.044791115900963775
2012-08-17,0.013335327862682995,0.04442507028658532,0.044813404239722854,0.044651322663915055,0.044813404239722854
2012-08-20,0.013321041131261521,0.04432764670065903,0.044717434478831836,0.044555987610070714,0.044717434478831836
2012-08-21,0.01328284257690462,0.04408401047006008,0.04446134454455321,0.04430058674068196,0.04446134454455321
2012-08-22,0.013279822231392447,0.04406373029649511,0.044441126981341034,0.04428049824090265,0.044441126981341034
2012-08-23,0.013271775068785886,0.044009637355484854,0.04438728339606454,0.04422720986479636,0.04438728339606454
2012-08-24,0.01322192107672156,0.04366708896976773,0.04405443763368156,0.043897659547298566,0.04405443763368156
2012-08-27,0.013035326221800597,0.04235906749146897,0.042819771886608085,0.042679753212162,0.042819771886608085
2012-08-28,0.013053706271561487,0.042476533115709814,0.04294061035089933,0.0427916222423403,0.04294061035089933
2012-08-29,0.01286913840631471,0.0413497972334729,0.041734910276862845,0.04158378375430354,0.041734910276862845
2012-08-30,0.012843484244588565,0.0411808268613935,0.04156868206033067,0.041419389174070904,0.04156868206033067
2012-08-31,0.012841974419931936,0.04117239607326334,0.041558909364550915,0.04141128429273359,0.041558909364550915
2012-09-03,0.012823326215190799,0.04105491060357733,0.04143829919574229,0.04128997289313051,0.04143829919574229
2012-09-04,0.012793077159128115,0.040864106891783714,0.04124303144625018,0.04109362093814942,0.04124303144625018
2012-09-05,0.012811469129374435,0.04098845392663278,0.04136170279573437,0.04121246681008787,0.04136170279573437
2012-09-06,0.012807008989384179,0.04096199436133924,0.04133290877205013,0.04118536166371435,0.04133290877205013
2012-09-07,0.01282490168732479,0.04107192122190155,0.04144848202896566,0.041299728980790054,0.04144848202896566
2012-09-10,0.012833914636332943,0.04112813766223865,0.041506759952955594,0.041356798004898485,0.041506759952955594
2012-09-11,0.01271082089158152,0.04029242227551627,0.040714371869942034,0.04056746377391495,0.040714371869942034
2012-09-12,0.012680357481818063,0.04008566642070863,0.04051944939840823,0.04038166050133034,0.04051944939840823
2012-09-13,0.012624735374190305,0.039740292623446055,0.04016475370361967,0.040022896231428066,0.04016475370361967
2012-09-14,0.012720041185501864,0.04032433795119637,0.04077346083573764,0.04063678535427529,0.04077346083573764
2012-09-17,0.012709956608320354,0.040258510150321725,0.040708835240317334,0.04056980685617424,0.040708835240317334
2012-09-18,0.012589388259406628,0.03945953180187775,0.03994015958001353,0.039815115636283344,0.03994015958001353
2012-09-19,0.012526975140742852,0.039065552402124684,0.039545126756550926,0.039437676564061316,0.039545126756550926
2012-09-20,0.012444753434512457,0.03855840246251557,0.039027715787544014,0.03890232859692171,0.039027715787544014
2012-09-21,0.01235837495369648,0.03803741170187247,0.038487816737030424,0.03835586613504071,0.038487816737030424
2012-09-24,0.012312633570317817,0.03775198755275074,0.03820343825010315,0.038079889097363796,0.03820343825010315
2012-09-25,0.012312992691313317,0.037751040190128045,0.038205666832116465,0.03807874196368757,0.038205666832116465
2012-09-26,0.012319868795434648,0.037790204003985695,0.038248350118454545,0.03811703606359922,0.038248350118454545
2012-09-27,0.012192337379527093,0.03697412612948295,0.037460578875605825,0.03734683627244221,0.037460578875605825
2012-09-28,0.012002551085737022,0.03576618942321416,0.0363034306065632,0.036218784970305784,0.0363034306065632
2012-10-01,0.011931357901173644,0.03533738992514002,0.03587403994420649,0.03580761425730715,0.03587403994420649
2012-10-02,0.011720108461852044,0.03414374415626155,0.03461495747410913,0.0345248781771961,0.03461495747410913
2012-10-03,0.011724111901354313,0.03416344998658084,0.03463860956862042,0.03454439557705331,0.03463860956862042
2012-10-04,0.011712008301338441,0.034088217416198344,0.034567126889556384,0.034467820313059366,0.034567126889556384
2012-10-05,0.011711995621184131,0.03408810373634093,0.03456705204052034,0.03446770631267994,0.03456705204052034
2012-10-08,0.0116044473504698,0.0334353187077466,0.03393512597407604,0.03385100744875125,0.03393512597407604
2012-10-09,0.011596011058076158,0.03337781166935551,0.03388580305967419,0.0337918944348215,0.03388580305967419
2012-10-11,0.011650592711997431,0.033704812910591464,0.03420555025629361,0.03410377934833696,0.03420555025629361
2012-10-12,0.011586043904296487,0.03333197950965505,0.03382757616477602,0.03371559119116869,0.03382757616477602
2012-10-15,0.011581037605449599,0.03330163792112077,0.03379834886874712,0.033684865212223566,0.03379834886874712
2012-10-16,0.011449187478818661,0.03257470686543057,0.03303314126913478,0.03291540765421293,0.03303314126913478
2012-10-17,0.011448366828881782,0.03257015819091435,0.033028405968257464,0.03291089141518911,0.033028405968257464
2012-10-18,0.011451794614120738,0.03259097571121962,0.03304818717076919,0.032931914426799214,0.03304818717076919
2012-10-19,0.011453856916050643,0.03260287328425915,0.03306009123984702,0.03294356211129393,0.03306009123984702
2012-10-22,0.011435222322684842,0.03249679445456398,0.03295260601144589,0.03283317217807107,0.03295260601144589
2012-10-23,0.011416263260291387,0.032387246637964225,0.032843428840726295,0.03272588208195239,0.032843428840726295
2012-10-24,0.01163700380563771,0.03376154255853704,0.03412580410825149,0.03400224815896563,0.03412580410825149
2012-10-25,0.011630987790777345,0.03372514239191793,0.03409052900128134,0.03396699921641477,0.03409052900128134
2012-10-26,0.011651466106110897,0.033850073279283105,0.03421067893030646,0.034088568672067,0.03421067893030646
2012-10-29,0.011476695127078057,0.03290523507411791,0.03319206182205409,0.03308253046489935,0.03319206182205409
2012-10-30,0.011491346713196836,0.03298479968873071,0.03327686441929073,0.03316353374557651,0.03327686441929073
2012-10-31,0.011365072433477655,0.03221239965951819,0.03254954759738481,0.032432424448133185,0.03254954759738481
2012-11-01,0.011364521839119936,0.03220972287913089,0.03254639387122216,0.03242973165092516,0.03254639387122216
2012-11-02,0.011371651864880443,0.03224918581204754,0.03258724546628179,0.03246981235126116,0.03258724546628179
2012-11-05,0.01137182286930988,0.03225019080308257,0.03258822555348171,0.03247080568600918,0.03258822555348171
2012-11-06,0.011374964959819843,0.032267588564925176,0.03260623661495657,0.03248858882265169,0.03260623661495657
2012-11-07,0.011377889972976795,0.032283282856487225,0.032623007819765806,0.03250456507167078,0.032623007819765806
2012-11-08,0.011330993564936238,0.032004410186267276,0.032354636622493854,0.032236978855904146,0.032354636622493854
2012-11-09,0.01129126891556944,0.03178714932989056,0.032128173938373576,0.03201156521689574,0.032128173938373576
2012-11-12,0.011293243359984136,0.03179894665051077,0.03213941108813209,0.03202322797684741,0.03213941108813209
2012-11-13,0.011338011867528001,0.032064429723506996,0.03239472930326786,0.03227937455586648,0.03239472930326786
2012-11-14,0.011338587209280755,0.0320674883534971,0.032398017095421214,0.03228244733016997,0.032398017095421214
2012-11-15,0.01116365984562036,0.031010488830455877,0.03140607988947653,0.031291752903911375,0.03140607988947653
2012-11-16,0.011155366193074868,0.030964648665772296,0.03135943311520262,0.0312452522261479,0.03135943311520262
2012-11-19,0.011053759933802067,0.030428014482976745,0.03079077338588022,0.03068051021587658,0.03079077338588022
2012-11-20,0.011048707539095074,0.03039848163199394,0.03076263244768299,0.030651377146010624,0.03076263244768299
2012-11-21,0.011030710797129131,0.030295128729699992,0.0306624983338551,0.030551170832408454,0.0306624983338551
2012-11-22,0.011033006210883869,0.03030758764633753,0.03067526096444931,0.03056377336601122,0.03067526096444931
2012-11-23,0.01111711870677832,0.03071387741110028,0.03114476274183132,0.03103881084200621,0.03114476274183132
2012-11-26,0.01105002271111194,0.030333120692626947,0.030769956482854594,0.030679730974616633,0.030769956482854594
2012-11-27,0.011048486230446351,0.030329336183595013,0.03076140009205938,0.03067621455256228,0.03076140009205938
2012-11-28,0.010942075009293927,0.029732194664028044,0.030171709388271704,0.03010729041357571,0.030171709388271704
2012-11-29,0.010968009198048351,0.029882005652662386,0.030314900893655253,0.03026083890953457,0.030314900893655253
2012-11-30,0.010963893044855216,0.02987424084122106,0.030292151576154194,0.030255645889924812,0.030292151576154194
2012-12-03,0.010909032029590959,0.029565236291932834,0.029989758915305642,0.029935434033939112,0.029989758915305642
2012-12-04,0.010896308522127366,0.029488211041274193,0.029919843931165136,0.02985701358401663,0.029919843931165136
2012-12-05,0.01086730204630112,0.02934216113775434,0.029760759948916207,0.02971593975119731,0.029760759948916207
2012-12-06,0.010478217210683738,0.027400178262601077,0.02766784505039576,0.02758950185658153,0.02766784505039576
2012-12-07,0.010464913296763979,0.027338326108982625,0.02759763139781446,0.027529760822523494,0.02759763139781446
2012-12-10,0.010465640297951866,0.027341816570346178,0.027601465965220735,0.027533215103929753,0.027601465965220735
2012-12-11,0.01039006681272824,0.026945722052702653,0.02720427906998511,0.027152478065474356,0.02720427906998511
2012-12-12,0.010382865678322275,0.026907455706452976,0.027166582722908835,0.027113114314623432,0.027166582722908835
2012-12-13,0.01039407645899554,0.026979356096522078,0.027225280009732206,0.02718836558388174,0.027225280009732206
2012-12-14,0.010378526462654468,0.026899264095419706,0.027143880507076803,0.027110890995130976,0.027143880507076803
2012-12-17,0.010389069458581066,0.02693877903938449,0.027199056582235915,0.02714293624722204,0.027199056582235915
2012-12-18,0.01038320278933411,0.026913134891143525,0.02716834684143778,0.027117564716834783,0.02716834684143778
2012-12-19,0.010384239054343146,0.0269202597420313,0.027173770025911852,0.027124732223651124,0.027173770025911852
2012-12-20,0.01031370523886774,0.026543676609905115,0.02680587397007046,0.02676790845627415,0.02680587397007046
2012-12-21,0.010316203044642295,0.026548515320258426,0.02681885940508831,0.026772388003235545,0.02681885940508831
2012-12-24,0.010234896025070087,0.026130170156304144,0.026397780354286856,0.026370845693594172,0.026397780354286856
2012-12-25,0.01028305378159869,0.026381546542658174,0.026646781158963285,0.026631595478324388,0.026646781158963285
2012-12-26,0.009826991094656096,0.024242181634191035,0.024335578001561452,0.024279020867047973,0.024335578001561452
2012-12-27,0.009825736659039696,0.0242370981657416,0.024329365424984734,0.024273964747339935,0.024329365424984734
2012-12-28,0.009776649704835558,0.023997141745960515,0.024086885621667425,0.024024833932853915,0.024086885621667425
2013-01-01,0.013581340263000362,0.04115576002528093,0.046482106441527477,0.04678082105497011,0.046482106441527477
2013-01-02,0.016578225502897,0.07278882085193317,0.06925906532787594,0.06953380015753816,0.06925906532787594
2013-01-03,0.016581395501367203,0.07282422496439428,0.06928555454673566,0.06957067994814903,0.06928555454673566
2013-01-04,0.016586883460167737,0.07286481803230127,0.0693314251361389,0.06961074728651834,0.0693314251361389
2013-01-07,0.016588203255003046,0.07286993221335217,0.069342458781782,0.06961553682467159,0.069342458781782
2013-01-08,0.016565216183465615,0.07267836671974923,0.06915040957564768,0.06943041549855983,0.06915040957564768
2013-01-09,0.016547201719886006,0.07252619590212665,0.06900009095916679,0.0692739909130169,0.06900009095916679
2013-01-10,0.016549284422267774,0.07254406422458709,0.06901746135205693,0.06929222285072797,0.06901746135205693
2013-01-11,0.016548620525429193,0.07253596116938123,0.06901192400625342,0.0692840644905752,0.06901192400625342
2013-01-14,0.016547327610479945,0.07252780280922846,0.06900114086423509,0.06927596143536935,0.06900114086423509
2013-01-15,0.016556152098249042,0.07259898988803495,0.06907475541968974,0.069345692872763,0.06907475541968974
2013-01-16,0.016522981813119734,0.07232200153472501,0.06879824985516475,0.06905724479232808,0.06879824985516475
2013-01-17,0.016529892053355054,0.07237734900042259,0.06885580748648379,0.06911175822004553,0.06885580748648379
2013-01-18,0.016546780843642975,0.07251863583151963,0.06899658098446264,0.06925659227850743,0.06899658098446264
2013-01-21,0.0165465842154606,0.07251562895637395,0.06899494119823113,0.06925356855303683,0.06899494119823113
2013-01-22,0.01651648336788863,0.07226780935646418,0.06874414415611893,0.06901376962768954,0.06874414415611893
2013-01-23,0.01650529909435599,0.07217082613459531,0.06865107434492546,0.06891482010143211,0.06865107434492546
2013-01-24,0.016508123116511415,0.07219317888482947,0.06867456846513444,0.06893687951677169,0.06867456846513444
2013-01-25,0.01641789762540121,0.07147642689618022,0.06792593533441499,0.06817884795091549,0.06792593533441499
2013-01-28,0.016419472356530677,0.07148972337977515,0.06793896626165252,0.06819229873753975,0.06793896626165252
2013-01-29,0.016437313611609668,0.07163433329600404,0.06808669024913493,0.06834162599968534,0.06808669024913493
2013-01-30,0.016422104690961392,0.07150903494491952,0.06796075166518582,0.06821337096220853,0.06796075166518582
2013-01-31,0.01642121254207338,0.07150104003678764,0.06795336778069092,0.06820533064986917,0.06795336778069092
2013-02-01,0.01642184664699693,0.07150641007395417,0.06795861591896603,0.0682107534275892,0.06795861591896603
2013-02-04,0.016427709908668146,0.07155540139969702,0.0680071525165251,0.06826050091507693,0.0680071525165251
2013-02-05,0.016373312819420588,0.07112245829801597,0.06755751391601585,0.06780799697762036,0.06755751391601585
2013-02-06,0.01637953179968812,0.07117374640715007,0.06760884361820257,0.0678600477116211,0.06760884361820257
2013-02-18,0.01637251542492243,0.07111711013529057,0.06755093385750938,0.06780465138010007,0.06755093385750938
2013-02-19,0.016370103117893872,0.07109664158053529,0.06753102957480063,0.0677839866381128,0.06753102957480063
2013-02-20,0.016376034180064662,0.07114726883894375,0.06757997285759482,0.0678357598044905,0.06757997285759482
2013-02-21,0.016349011073415486,0.07093006056905042,0.06735712109582287,0.0676087834109875,0.06735712109582287
2013-02-22,0.016333346556466722,0.070799478363404,0.06722810885287812,0.0674814878392599,0.06722810885287812
2013-02-25,0.01632467593705547,0.07072896674164911,0.06715675120136924,0.06740952474575462,0.06715675120136924
2013-02-26,0.01633884322323848,0.07084671492023671,0.06727336506413861,0.06752473329640277,0.06727336506413861
2013-02-27,0.01633756223965245,0.07083652982860653,0.06726281686349843,0.06751465842743212,0.06726281686349843
2013-03-01,0.016334164394769698,0.07080884430526599,0.06723484147179126,0.06748654283766442,0.06723484147179126
2013-03-04,0.016348456572190882,0.0709288368795514,0.06735255213778844,0.06760343759661121,0.06735255213778844
2013-03-05,0.016355737994754174,0.07098779090061054,0.0674125616689674,0.06766344734075319,0.0674125616689674
2013-03-06,0.016294618695334866,0.07050974793773543,0.06690967880344185,0.06716256650473573,0.06690967880344185
2013-03-07,0.01629433657190501,0.07050736229349731,0.0669073618882673,0.0671601908112665,0.0669073618882673
2013-03-08,0.016297224505963985,0.07052963659141348,0.06693108070264385,0.06718352153208171,0.06693108070264385
2013-03-11,0.016275198325064872,0.07034585045759997,0.066750284291089,0.06700475790627158,0.066750284291089
2013-03-12,0.01627748310424794,0.07036458397151385,0.06676902696468744,0.06702318652545967,0.06676902696468744
2013-03-13,0.016276133325840988,0.0703542964614204,0.066757954042219,0.06701300949295587,0.066757954042219
2013-03-14,0.01627262908805791,0.07032502540579777,0.0667292112742521,0.06698340430286598,0.0667292112742521
2013-03-15,0.01627652274806644,0.07035683777311486,0.06676114857761772,0.06701427417046932,0.06676114857761772
2013-03-18,0.01628161732373609,0.07039994138368895,0.06680294779449897,0.06705586685991341,0.06680294779449897
2013-03-19,0.016258673757409445,0.07021800255296433,0.06661480703216839,0.0668687906867421,0.06661480703216839
2013-03-20,0.016237459892617958,0.07005479329875958,0.06644108614862294,0.06669905770146715,0.06644108614862294
2013-03-21,0.016235255943345232,0.07003545966193564,0.06642305095757352,0.0666799057410138,0.06642305095757352
2013-03-22,0.016233756733108493,0.0700227689663598,0.06641078413277582,0.06666735526600814,0.06641078413277582
2013-03-25,0.016239731529662387,0.070069168344272,0.06645967779918868,0.06671459185018033,0.06645967779918868
2013-03-26,0.016233368602193446,0.0700159846786252,0.06640760855601935,0.06666217549724901,0.06640760855601935
2013-03-27,0.016234308799098984,0.07002350453417715,0.06641530111049469,0.0666697367655762,0.06641530111049469
2013-03-28,0.016212091223265074,0.06984909049645552,0.06623363926153004,0.06649027028762221,0.06623363926153004
2013-03-29,0.016223848903722596,0.06994141500563317,0.06632974485920687,0.06658465374616947,0.06632974485920687
2013-04-01,0.016191870915877028,0.0696724791111451,0.06606852430661894,0.06632447272049957,0.06606852430661894
2013-04-02,0.016172512297272075,0.06951942413450685,0.06591063880936496,0.0661672302067908,0.06591063880936496
2013-04-03,0.016171812104787683,0.06951385270536192,0.06590493170164446,0.06616160515820348,0.06590493170164446
2013-04-08,0.01620300884963652,0.06978200577501814,0.06615944893691264,0.06641592957112438,0.06615944893691264
2013-04-09,0.016202196544459885,0.06977653686433526,0.06615281556205757,0.06641032002563843,0.06615281556205757
2013-04-10,0.0162010985061295,0.06976662309885454,0.06614384938693851,0.06640051636661583,0.06614384938693851
2013-04-11,0.016205770688550558,0.06980022630460414,0.06618200490969088,0.06643735180954972,0.06618200490969088
2013-04-12,0.016190654882069864,0.06967514563175024,0.06605860098859376,0.06631502276635859,0.06605860098859376
2013-04-15,0.016198731296106078,0.0697413890869412,0.06612452169206852,0.06638010377998915,0.06612452169206852
2013-04-16,0.01618103692224017,0.06959496380239472,0.0659801408814827,0.06623729397212473,0.0659801408814827
2013-04-17,0.016181486531707902,0.06959840590028454,0.06598380760671274,0.06624072333328618,0.06598380760671274
2013-04-18,0.01617990048893908,0.06958518782864578,0.06597087331765672,0.06622739739691415,0.06597087331765672
2013-04-19,0.016287451789909705,0.07041725715333892,0.06685083362377547,0.06710971995411201,0.06685083362377547
2013-04-22,0.016272454989780215,0.07029437832734811,0.0667277834313946,0.06698404160603194,0.0667277834313946
2013-04-23,0.016275161811507104,0.07031624938325141,0.06674998478166627,0.06700563563228829,0.06674998478166627
2013-04-24,0.016248180704654988,0.07009238268117009,0.0665288508052029,0.06679245119855108,0.0665288508052029
2013-04-25,0.016248144147384513,0.0700920517063138,0.06652855143501478,0.06679211838772944,0.06652855143501478
2013-04-26,0.016249490414129025,0.07010398717704117,0.0665395765571555,0.06680414452241529,0.0665395765571555
2013-04-29,0.016227545789190556,0.0699259760886818,0.06635997706974958,0.06663082020884976,0.06635997706974958
2013-04-30,0.01624083282364727,0.07003824189460464,0.06646869200302594,0.06674553496109939,0.06646869200302594
2013-05-02,0.01624119714036313,0.07004163579560628,0.06647167410713915,0.06674895239630192,0.06647167410713915
2013-05-03,0.01623784415969713,0.07001234560448043,0.06644423090456175,0.06671930110351942,0.06644423090456175
2013-05-06,0.01623225577605314,0.0699731537316211,0.06639850414996104,0.0666811646393887,0.06639850414996104
2013-05-07,0.016232866065594976,0.06998175225558342,0.06640349705729333,0.06668986358212334,0.06640349705729333
2013-05-08,0.016251497772342565,0.0701415412285033,0.06655601732080274,0.06685414538091919,0.06655601732080274
2013-05-09,0.016181132868155347,0.06958376120787638,0.06598092334601811,0.06626675566729676,0.06598092334601811
2013-05-10,0.01618173995984512,0.06958844149476051,0.06598587444826819,0.06627136715444537,0.06598587444826819
2013-05-13,0.016182494956765554,0.06959165474226586,0.06599203204248713,0.06627453217047531,0.06599203204248713
2013-05-14,0.016123486290466466,0.06911009613648153,0.06551163616003274,0.06581389462648497,0.06551163616003274
2013-05-15,0.01612348866684768,0.06911084058263403,0.06551165547107132,0.0658146403589378,0.06551165547107132
2013-05-16,0.016136349470529478,0.06922826973496227,0.06561620710723434,0.06593693743008039,0.06561620710723434
2013-05-17,0.016140192100841666,0.06925465871140868,0.06564746186512206,0.06596305735828109,0.06564746186512206
2013-05-20,0.016125482491112945,0.06914197386526091,0.06552785876393992,0.0658528096461753,0.06552785876393992
2013-05-21,0.016125488490022162,0.06914102019048977,0.06552790751854298,0.06585185410602516,0.06552790751854298
2013-05-22,0.016125687407387942,0.06914175698827081,0.0655295241789191,0.06585258964054364,0.0655295241789191
2013-05-23,0.01613568712630438,0.06922589201969054,0.0656108205575722,0.06593165164138164,0.0656108205575722
2013-05-24,0.01612059728785224,0.06909334383445462,0.06548816154311146,0.06579571179306823,0.06548816154311146
2013-05-27,0.016065048832081878,0.06865165379335664,0.06503762008224818,0.06537814593160762,0.06503762008224818
2013-05-28,0.016063855982168775,0.06863247749851256,0.06502796219199661,0.06535852908223341,0.06502796219199661
2013-05-29,0.01606331733612374,0.06862797915764113,0.0650236012879354,0.06535390983763188,0.0650236012879354
2013-05-30,0.016040363791863962,0.06844091186818588,0.06483790418498578,0.06517529840503408,0.06483790418498578
2013-05-31,0.016039442996905972,0.0684359495537854,0.06483046037605099,0.06517035812535991,0.06483046037605099
2013-06-03,0.016034425593187813,0.06839839426436875,0.06478990663407604,0.06513348348427465,0.06478990663407604
2013-06-04,0.016025391984303375,0.06831504875128117,0.06471692343914486,0.06504849614948338,0.06471692343914486
2013-06-05,0.015951341264653838,0.06772631065285102,0.06412021261164498,0.06443010868631642,0.06412021261164498
2013-06-06,0.015953009784670458,0.06773969647291496,0.06413362733982743,0.06444301429611156,0.06413362733982743
2013-06-07,0.015953602860955436,0.06774586442116749,0.06413839594976155,0.06444921874735735,0.06413839594976155
2013-06-10,0.015908514912065082,0.06739526078032596,0.06377637337026407,0.06411598854968521,0.06377637337026407
2013-06-11,0.015792872752754747,0.06645137266101786,0.06285253710574523,0.06322812158239627,0.06285253710574523
2013-06-13,0.015849255095451806,0.06688924582247877,0.06330211954433766,0.06363314225099692,0.06330211954433766
2013-06-14,0.01584633028150879,0.066856515778297,0.06327875821444695,0.06359968409153223,0.06327875821444695
2013-06-17,0.015850322909012022,0.0668916989813271,0.06331064955262775,0.06363536036251169,0.06331064955262775
2013-06-18,0.015821325228583077,0.06667436120677814,0.06307921166112704,0.06342537153086932,0.06307921166112704
2013-06-19,0.015771009579320972,0.066269176240799,0.06267863527406053,0.06300314862740836,0.06267863527406053
2013-06-20,0.015810172770408287,0.06658274382268474,0.06299031388360023,0.0633035648048011,0.06299031388360023
2013-06-21,0.015829127658379953,0.06672560082773062,0.06314144317117289,0.0634429010145459,0.06314144317117289
2013-06-24,0.015831089282755433,0.06673756906736851,0.06315709374540063,0.06345475884295386,0.06315709374540063
2013-06-25,0.015819396611985,0.06663700031129244,0.0630638339101552,0.06334930967428556,0.0630638339101552
2013-06-26,0.015808533673596234,0.06655293944974722,0.06297725370112496,0.06326147340921097,0.06297725370112496
2013-06-27,0.015821459846091564,0.06666221783519691,0.06308028509869491,0.06337462476861355,0.06308028509869491
2013-06-28,0.015830442527880535,0.06673293601985267,0.06315193347838921,0.06344799977477908,0.06315193347838921
2013-07-01,0.015834950794800528,0.06677802423698284,0.06318790800178598,0.06349498681572595,0.06318790800178598
2013-07-02,0.015816880529720072,0.0666395373322728,0.06304377484224236,0.06335980375936064,0.06304377484224236
2013-07-03,0.015827989921854163,0.06672644058368274,0.06313236677151186,0.06344421139599808,0.06313236677151186
2013-07-04,0.01582544817062003,0.06671137737808505,0.06311209206984718,0.06342931680385326,0.06311209206984718
2013-07-05,0.015863493525952378,0.06701006831853189,0.06341590756567911,0.06374195556742655,0.06341590756567911
2013-07-08,0.015909460816527447,0.06737198874254713,0.06378395775510078,0.06409033544280457,0.06378395775510078
2013-07-09,0.015904209900610443,0.06733027584699214,0.06374186092579416,0.06404701394595935,0.06374186092579416
2013-07-10,0.01589768299675585,0.06727500897720415,0.06368955381566571,0.06399078617807302,0.06368955381566571
2013-07-11,0.015957479337179045,0.06773690124640944,0.06416956899271704,0.06447985759172281,0.06416956899271704
2013-07-12,0.015956571047284967,0.06772860181885215,0.06416226421593732,0.06447147557428393,0.06416226421593732
2013-07-15,0.015956454562185148,0.06773160728814775,0.06416132743315996,0.0644745314601618,0.06416132743315996
2013-07-16,0.01595151574045715,0.06769700461335755,0.06412161531334916,0.0644403323185569,0.06412161531334916
2013-07-17,0.01595145082921361,0.06769905564302521,0.06412109345631853,0.06444239572855699,0.06412109345631853
2013-07-18,0.015942449082097757,0.0676288649075137,0.06404874404929045,0.06437408560962228,0.06404874404929045
2013-07-19,0.01600366611656377,0.068119321351194,0.06454156695095371,0.06484290195613476,0.06454156695095371
2013-07-22,0.015963410316810634,0.06780337040435225,0.06421727817359975,0.06453864178560229,0.06421727817359975
2013-07-23,0.01599183460384412,0.06804308927169161,0.06444617104716997,0.06478646007144846,0.06444617104716997
2013-07-24,0.015993057459604658,0.06805003886666539,0.06445602750036647,0.0647933731695803,0.06445602750036647
2013-07-25,0.015987924339501407,0.0680038201981494,0.06441465862077661,0.06474646572422861,0.06441465862077661
2013-07-26,0.015965566465804583,0.06783235304972046,0.064234626768654,0.06457951056296105,0.064234626768654
2013-07-29,0.01592365881702651,0.0674855778419326,0.06389785335050865,0.06421573171215567,0.06389785335050865
2013-07-30,0.0159303927940792,0.06754702212301245,0.06395190847255992,0.06427817655734878,0.06395190847255992
2013-07-31,0.015893261479770014,0.06725126263461839,0.06365413163701401,0.06399383082678328,0.06365413163701401
2013-08-01,0.015899241708470953,0.06729491742831392,0.06370204349990435,0.06403680903058696,0.06370204349990435
2013-08-02,0.015899003253119874,0.06730490760678848,0.06370013271956451,0.06404757682139237,0.06370013271956451
2013-08-05,0.015899402682872484,0.06730923421603649,0.06370333342937745,0.06405193185104269,0.06370333342937745
2013-08-06,0.015878446009761984,0.06712860109422647,0.06353551201660142,0.06384996354553175,0.06353551201660142
2013-08-07,0.01590074162876632,0.06729629773564189,0.06371406325488511,0.06401109629294671,0.06371406325488511
2013-08-08,0.015868147121902706,0.06703283924491148,0.06345311945675199,0.06373809909207556,0.06345311945675199
2013-08-09,0.015867965673917944,0.06702985551339359,0.06345166832641681,0.0637350989026462,0.06345166832641681
2013-08-12,0.015863984569796808,0.06700255478351255,0.0634198336205493,0.06370824481996157,0.0634198336205493
2013-08-13,0.015856266760146658,0.06694158671280123,0.06335814128337082,0.06364516010949489,0.06335814128337082
2013-08-14,0.015857323909904526,0.06694797878935865,0.0633665898390747,0.06365151082556608,0.0633665898390747
2013-08-15,0.015863455935311303,0.06699247111860611,0.06341560702131398,0.06369519316280911,0.06341560702131398
2013-08-16,0.015810065909206812,0.0665796451465996,0.06298946238147278,0.06326393325326067,0.06298946238147278
2013-08-19,0.015810954894958647,0.06658615946483556,0.06299654626198503,0.06327040908085435,0.06299654626198503
2013-08-20,0.015819956549480603,0.06665578291082047,0.06306829835731846,0.06333840926255034,0.06306829835731846
2013-08-22,0.015825980038041153,0.06670280381415505,0.06311633432944823,0.06338408799004716,0.06311633432944823
2013-08-23,0.015844844874907525,0.0668514745097918,0.06326689549569059,0.06353710404373031,0.06326689549569059
2013-08-26,0.01584639592768411,0.06686411106420137,0.06327928250202472,0.06354988366834877,0.06327928250202472
2013-08-27,0.015854104103614097,0.06692568235469987,0.0633408594659148,0.06361014880196261,0.0633408594659148
2013-08-28,0.01585386915722144,0.06692511768454436,0.06333898214808291,0.06360967109337966,0.06333898214808291
2013-08-29,0.015861138121189104,0.06698149475237415,0.06339707702985843,0.06366820060024747,0.06339707702985843
2013-08-30,0.015865731999423316,0.06701988977318263,0.0634338058731363,0.06370709417682222,0.0634338058731363
2013-09-02,0.01587333806314061,0.06708289818144941,0.06349464103922065,0.0637711379507821,0.06349464103922065
2013-09-03,0.015875847214445606,0.06710688368955146,0.06351471624365791,0.06379570581637822,0.06351471624365791
2013-09-04,0.015876014607969478,0.06710647746861864,0.06351605563777998,0.06379527524470159,0.06351605563777998
2013-09-05,0.01585776182234961,0.06696652115459058,0.06337008972362095,0.06366043715436201,0.06337008972362095
2013-09-06,0.01585648515956919,0.06695519639663958,0.06335988664714078,0.06364901328031441,0.06335988664714078
2013-09-09,0.015856509749835324,0.066959274236466,0.06336008316454891,0.06365322338113032,0.06336008316454891
2013-09-10,0.015855650914275397,0.06695173985619227,0.06335321981067128,0.06364561529597187,0.06335321981067128
2013-09-11,0.01584967688563566,0.06690190484637383,0.06330548885952142,0.06359495364982533,0.06330548885952142
2013-09-12,0.015849112982235597,0.06689910639239492,0.06330098434556457,0.06359216986739127,0.06330098434556457
2013-09-13,0.015834467377999848,0.06678240306696498,0.06318405000052524,0.06347918719912449,0.06318405000052524
2013-09-16,0.01585004065857916,0.06691437549207256,0.06330839479741034,0.0636148904773584,0.06330839479741034
2013-09-17,0.015822032875884028,0.06668682946321544,0.06308485453003987,0.06338028432085327,0.06308485453003987
2013-09-18,0.015817228184348286,0.06664269038137903,0.06304654627380692,0.06333520914689832,0.06304654627380692
2013-09-23,0.01582413372378572,0.06670200838194777,0.06310160844327962,0.06339547391672103,0.06310160844327962
2013-09-24,0.015800283497759166,0.06651018722079804,0.06291153756960927,0.06319819614447816,0.06291153756960927
2013-09-25,0.015802597126256836,0.06652548487745645,0.06292996313556477,0.06321332037820943,0.06292996313556477
2013-09-26,0.01573710275905336,0.06602593547288335,0.062409413618749236,0.06268213513856435,0.062409413618749236
2013-09-27,0.015737536970669146,0.06602952969423792,0.062412857615600906,0.0626857535247743,0.062412857615600906
2013-09-30,0.015738322326268855,0.06603563275118134,0.062419086990674236,0.06269178384735807,0.062419086990674236
2013-10-01,0.015735864078138498,0.06601545122236525,0.06239958940798369,0.06267141976194714,0.06239958940798369
2013-10-02,0.015730557210081875,0.06597519661148205,0.06235750839519403,0.06263200124793906,0.06235750839519403
2013-10-03,0.01578349654385858,0.06638233283859894,0.06277792831379894,0.06305681333986053,0.06277792831379894
2013-10-04,0.015783894818221306,0.06638444827569984,0.06278109657943369,0.0630589173226262,0.06278109657943369
2013-10-07,0.01579369846894384,0.06646160579482123,0.06285910965463559,0.06313447863086183,0.06285910965463559
2013-10-08,0.01579394948187078,0.06646799694293803,0.06286110773944335,0.06314256315357632,0.06286110773944335
2013-10-09,0.015793454728088657,0.06646146426729327,0.06285716948654287,0.06313590019933778,0.06285716948654287
2013-10-11,0.01579549437128507,0.06647893657490067,0.06287340589319117,0.06315352852074678,0.06287340589319117
2013-10-14,0.015802301011342064,0.06653169653757918,0.06292760474777173,0.06320540551467833,0.06292760474777173
2013-10-15,0.015808847692127172,0.06658427575019736,0.0629797556689244,0.063259063195932,0.0629797556689244
2013-10-16,0.015808555146580243,0.06658203448711766,0.0629774247872621,0.06325685139061067,0.0629774247872621
2013-10-17,0.015811549991369373,0.06660746347643647,0.06300128850865236,0.06328255000612101,0.06300128850865236
2013-10-18,0.015820148795836073,0.06667833946860649,0.06306983119644317,0.06335465436026368,0.06306983119644317
2013-10-21,0.015811320592258635,0.06661125301266832,0.06299946043553785,0.06328866971968329,0.06299946043553785
2013-10-22,0.01580833308681312,0.06659013335842162,0.06297565553587486,0.06326774285197004,0.06297565553587486
2013-10-23,0.01575868065663617,0.06619023969351456,0.06258067604153542,0.06288464202607223,0.06258067604153542
2013-10-24,0.01580756350999659,0.06658165983924072,0.06296952415888908,0.06326060843771339,0.06296952415888908
2013-10-25,0.015815523416222613,0.06664024387791315,0.06303295679412962,0.0633182116387256,0.06303295679412962
2013-10-28,0.015818769046195825,0.0666668020369935,0.06305883044249455,0.06334524470065722,0.06305883044249455
2013-10-29,0.01582025568211272,0.06668203563253666,0.06307068344154979,0.06336065470999852,0.06307068344154979
2013-10-30,0.015818501700076634,0.06666703297231802,0.0630566990009025,0.06334548316537536,0.0630566990009025
2013-10-31,0.015810919990144032,0.06661060518620315,0.06299626811555352,0.06328989368671217,0.06299626811555352
2013-11-01,0.01580874487786846,0.06659395647423806,0.06297893648261013,0.06327353816731461,0.06297893648261013
2013-11-04,0.015811468849541193,0.06661295926118738,0.0630006418893629,0.06329237635594044,0.0630006418893629
2013-11-05,0.015657365490125974,0.06531783427156654,0.06177857971102973,0.06209350215043283,0.06177857971102973
2013-11-06,0.015644044263881645,0.06521979986141009,0.06167350247443262,0.061997380652785886,0.06167350247443262
2013-11-07,0.01562645219254726,0.06508705854436174,0.06153487404774319,0.061867849001386935,0.06153487404774319
2013-11-08,0.015628279827758905,0.06509637117191013,0.06154926885443345,0.06187706145634621,0.06154926885443345
2013-11-11,0.015620180826615617,0.06502390506846353,0.06148549236215488,0.06180311901222911,0.06148549236215488
2013-11-12,0.015621163528226418,0.06503545130344637,0.061493228993848986,0.06181475638187377,0.061493228993848986
2013-11-13,0.01564479756754351,0.06521546245291032,0.06167944211421267,0.06198999572163051,0.06167944211421267
2013-11-14,0.01563998307291183,0.06517500549759112,0.06164148577128407,0.06194891268063758,0.06164148577128407
2013-11-15,0.015639706571484183,0.06517914434163152,0.06163930625381564,0.061953352740254736,0.06163930625381564
2013-11-18,0.015635616359049937,0.06514562933209321,0.06160706972970228,0.06191915808294626,0.06160706972970228
2013-11-19,0.01563730858459635,0.06515971117213937,0.06162040578201246,0.06193347699790577,0.06162040578201246
2013-11-20,0.015634182598830274,0.06513602982613848,0.06159577171445896,0.06191029120522108,0.06159577171445896
2013-11-21,0.015670335864843458,0.06541440322688788,0.061880975381483794,0.062176590748610656,0.061880975381483794
2013-11-22,0.015668096584446064,0.06539977554349258,0.061863291146041666,0.062162085149619184,0.061863291146041666
2013-11-25,0.015652837767988405,0.06528910465789294,0.061742855208122976,0.06206580766701106,0.061742855208122976
2013-11-26,0.015659764034035323,0.06534811868448218,0.0617975088196199,0.06212581769514634,0.0617975088196199
2013-11-27,0.015661149433626863,0.06536681985868198,0.06180844359876254,0.062144866541946245,0.06180844359876254
2013-11-28,0.01566478416803801,0.06540262219756479,0.061837136683866006,0.062181131160614744,0.061837136683866006
2013-11-29,0.015661798885558017,0.06537664036792434,0.06181356997157991,0.06215475973794307,0.06181356997157991
2013-12-02,0.01566217212463081,0.06537572562384286,0.06181651618671374,0.06215381875803923,0.06181651618671374
2013-12-03,0.01565388872364075,0.06531865072118256,0.061751146507376,0.06209761482431275,0.061751146507376
2013-12-04,0.015652033986887817,0.06529841623126698,0.06173651431752621,0.062077185328980766,0.06173651431752621
2013-12-05,0.015546918286455906,0.06449384891543465,0.06091008038784573,0.06122105978577433,0.06091008038784573
2013-12-06,0.015535848597055152,0.06440286163387124,0.06082337309091637,0.06112829046608736,0.06082337309091637
2013-12-09,0.015543329827817254,0.06446351783677845,0.06088196573835101,0.0611901568898811,0.06088196573835101
2013-12-10,0.01554392481081275,0.06446934393257545,0.060886626828098436,0.061196016343239706,0.060886626828098436
2013-12-11,0.015525360623558122,0.06432023630895733,0.060741279267865315,0.061043172487032935,0.060741279267865315
2013-12-12,0.015525137930509391,0.06431108045177406,0.06073953675585804,0.06103186206239265,0.06073953675585804
2013-12-13,0.015525119210746795,0.06431096711720911,0.0607393902799906,0.061031749034491344,0.0607393902799906
2013-12-16,0.015533346154740014,0.06437264013673043,0.060803780376270045,0.061092445935524,0.060803780376270045
2013-12-17,0.015532891553320492,0.06436899551337202,0.0608002214418182,0.061088741458825674,0.0608002214418182
2013-12-18,0.01553350270135899,0.06437347539492824,0.06080500595562801,0.06109317904642264,0.06080500595562801
2013-12-19,0.015534288182947038,0.06437974188953752,0.0608111555564137,0.06109955659936562,0.0608111555564137
2013-12-20,0.015532571180503397,0.06436890052306986,0.06079771340430598,0.061088828558363215,0.06079771340430598
2013-12-23,0.015538128674037834,0.06441584250002674,0.0608412275581211,0.061136440254964015,0.0608412275581211
2013-12-24,0.015529837807006855,0.06434740046601743,0.06077631730260875,0.0610668313236734,0.06077631730260875
2013-12-25,0.015514749906198045,0.06422782301296118,0.0606582810922718,0.06094457126377319,0.0606582810922718
2013-12-26,0.015503485229667137,0.06414271706451465,0.06057022967515978,0.060861014136552295,0.06057022967515978
2013-12-27,0.01548829892707603,0.0640310884673487,0.06045162572092505,0.060754710260200795,0.06045162572092505
2013-12-30,0.015496971334568777,0.06410252710758634,0.06051934237720049,0.060827392951071424,0.06051934237720049
2013-12-31,0.015496737944536976,0.06409762675465702,0.06051751950425634,0.06082243896209473,0.06051751950425634
2014-01-02,0.015477851905038064,0.06395405289570878,0.06037010269776119,0.06068244447775675,0.06037010269776119
2014-01-03,0.015494058454038714,0.06407806084905462,0.06049659353904648,0.060803182674313665,0.06049659353904648
2014-01-06,0.015494524096373918,0.06408121843083184,0.06050022979722423,0.06080631888035038,0.06050022979722423
2014-01-07,0.015458356737890887,0.06379923949383424,0.060218119845045937,0.06051462512791078,0.060218119845045937
2014-01-08,0.015458030563814404,0.0637987389964781,0.06021557864577871,0.060514148039108456,0.06021557864577871
2014-01-09,0.015460578377397225,0.0638167348592373,0.06023542990843794,0.06053198264487014,0.06023542990843794
2014-01-10,0.015455501784375502,0.06377441144181369,0.06019587892252225,0.06048910311839357,0.06019587892252225
2014-01-13,0.012220524533601115,0.046651332703184806,0.03763398740883938,0.037769103366858896,0.03763398740883938
2014-01-14,0.007729154373998478,0.015017241023662406,0.015054436488949151,0.015015099177390683,0.015054436488949151
2014-01-15,0.007738986327056949,0.015055490055681464,0.01509276116133435,0.015054433015709703,0.01509276116133435
2014-01-16,0.007728830995427682,0.015020810304744114,0.01505317679608268,0.015020311704305678,0.01505317679608268
2014-01-17,0.007723097098437817,0.015002480828053277,0.015030849655558454,0.01500218655297883,0.015030849655558454
2014-01-20,0.007712381227816727,0.014966822038775113,0.014989167699201321,0.01496710343422869,0.014989167699201321
2014-01-21,0.0077149709962165205,0.014971387015169424,0.014999235923060456,0.0149714120936454,0.014999235923060456
2014-01-22,0.007702574105254659,0.014920425175667662,0.014951071257428783,0.014919660642681937,0.014951071257428783
2014-01-23,0.007704317263720979,0.01492615659239624,0.014957839134017414,0.01492536001891133,0.014957839134017414
2014-01-24,0.0077055287992245465,0.014931855968625618,0.014962543867071078,0.014931091435639879,0.014962543867071078
2014-01-27,0.007767746656317969,0.015178476153313289,0.015205147805418222,0.015167481992555396,0.015205147805418222
2014-02-05,0.00800960474061826,0.01618839016250942,0.016166749561435493,0.01611365696654199,0.016166749561435493
2014-02-06,0.007997860672608022,0.016144823381372214,0.016119375385289413,0.01607101774398325,0.016119375385289413
2014-02-07,0.007989572672287736,0.01611203519311616,0.016085984414413283,0.016037088192436807,0.016085984414413283
2014-02-10,0.007989254997774123,0.016111174669754452,0.01608470524570362,0.016036229263375334,0.01608470524570362
2014-02-11,0.007996460675084164,0.016141243716423045,0.016113732598698208,0.016066723967015695,0.016113732598698208
2014-02-12,0.00802236038866518,0.016249087855153943,0.016218283083817286,0.016176872345996685,0.016218283083817286
2014-02-13,0.008015955153868631,0.01622470640474029,0.016192395331265937,0.016152801168365344,0.016192395331265937
2014-02-14,0.008033170274951646,0.0163008132956263,0.016262019815924407,0.01623074662437539,0.016262019815924407
2014-02-17,0.00802854217472047,0.01627917974631718,0.016243287341718853,0.016208910417760333,0.016243287341718853
2014-02-18,0.007984684248662298,0.016101613224575914,0.016066306002810622,0.016026102828481284,0.016066306002810622
2014-02-19,0.007984105621496512,0.01609825881999112,0.01606397752895348,0.0160227361028408,0.01606397752895348
2014-02-20,0.008003663916517178,0.016173483044634104,0.016142776294316888,0.016096672217635152,0.016142776294316888
2014-02-21,0.008022197665337143,0.01624947285547257,0.016217625156198658,0.016174276562562637,0.016217625156198658
2014-02-24,0.008017087089687793,0.01622380821854129,0.01619696872171695,0.01614756645759341,0.01619696872171695
2014-02-25,0.00801752102074272,0.016229068506834837,0.016198722116148947,0.016153082355360865,0.016198722116148947
2014-02-26,0.008009332781657176,0.016195261224299623,0.016165651725046724,0.016118671910732435,0.016165651725046724
2014-02-27,0.00800743121557469,0.01618526399304948,0.01615797657738431,0.016108571017947756,0.01615797657738431
2014-03-03,0.008016899628015143,0.01622093525294603,0.01619621127070867,0.01614380413971541,0.01619621127070867
2014-03-04,0.008006306064803624,0.016175363426910422,0.016153436074434445,0.016097025828383404,0.016153436074434445
2014-03-05,0.008018995138109457,0.016229713158671957,0.016204679322305824,0.016154322866412274,0.016204679322305824
2014-03-06,0.008066209092366723,0.01642325238566597,0.01639605973868846,0.0163540219071108,0.01639605973868846
2014-03-07,0.008067325470999078,0.016428073201509172,0.016400598544267685,0.016358899686511913,0.016400598544267685
2014-03-10,0.00804650261317469,0.016344621570300935,0.016316043484564433,0.016277576406755853,0.016316043484564433
2014-03-11,0.008051568483056451,0.01636689061541724,0.016336594269411687,0.01630009381133604,0.016336594269411687
2014-03-12,0.008071421380028058,0.016441353956202817,0.01641725645968146,0.016372848316315025,0.01641725645968146
2014-03-13,0.00809736463129844,0.016553224821862667,0.016522963120995136,0.01649624438247474,0.016522963120995136
2014-03-14,0.00810862955691833,0.01658966466737259,0.016568968069415047,0.016529530867497533,0.016568968069415047
2014-03-17,0.00810519264025971,0.016572205169875412,0.016554925229401486,0.016511877137584355,0.016554925229401486
2014-03-18,0.00811263030064247,0.016606109896628196,0.01658532213951539,0.01654619613455184,0.01658532213951539
2014-03-19,0.008102778136103897,0.016561131024810577,0.016545063407776683,0.016500440168460584,0.016545063407776683
2014-03-20,0.008143001312198785,0.016722309883596242,0.016709734533358726,0.016657472058791527,0.016709734533358726
2014-03-21,0.0081327126367007,0.016682611156421348,0.016667535737450112,0.016618268906853084,0.016667535737450112
2014-03-24,0.008133439470120038,0.016685923195757693,0.016670515078754843,0.016621602897077113,0.016670515078754843
2014-03-25,0.008149825031251145,0.016756571695259126,0.016737751306081947,0.016693476453644204,0.016737751306081947
2014-03-26,0.008155793822531288,0.01678893834161907,0.01676227716466116,0.0167281818260379,0.01676227716466116
2014-03-27,0.008114482950607672,0.016626751847222676,0.016592898056037052,0.016570162859413193,0.016592898056037052
2014-03-28,0.008114374944894524,0.016626184506758485,0.016592456348075667,0.016569592526984755,0.016592456348075667
2014-03-31,0.008105008839594852,0.016595634559211814,0.016554174409057498,0.016539648598554363,0.016554174409057498
2014-04-01,0.00812014651170778,0.016662865099045687,0.016616068401643206,0.01660801507865775,0.016616068401643206
2014-04-02,0.008119516888832322,0.0166660124048732,0.016613491736024395,0.016611276262494257,0.016613491736024395
2014-04-03,0.008109904719006321,0.016618358914544745,0.01657417974694297,0.016562795282250006,0.01657417974694297
2014-04-07,0.008111951987762354,0.016624506054536636,0.016582548793043925,0.016568912053451193,0.016582548793043925
2014-04-08,0.008115646353455921,0.01664133292888187,0.016597656365059322,0.016585939571818892,0.016597656365059322
2014-04-09,0.008115081282955294,0.01664452151677548,0.01659534514570078,0.01658924041192955,0.01659534514570078
2014-04-10,0.008094285759011688,0.016555558909824325,0.016510400411031936,0.016498328433133855,0.016510400411031936
2014-04-11,0.008093417653731632,0.016552921689768907,0.016506859148069177,0.01649570210945986,0.016506859148069177
2014-04-14,0.008092000165870776,0.016548125960662324,0.016501077604482068,0.01649093835008142,0.016501077604482068
2014-04-15,0.008095606998648568,0.01656460006324509,0.016515790874495055,0.01650760730385846,0.016515790874495055
2014-04-16,0.007982396399099319,0.016109098940812194,0.016057100372633148,0.016070985844344743,0.016057100372633148
2014-04-17,0.007981861944696977,0.016107313558215264,0.016054950266258854,0.016069214457749253,0.016054950266258854
2014-04-18,0.007990370429974261,0.016146093705100506,0.01608919694126818,0.01610853608784865,0.01608919694126818
2014-04-21,0.007967063216101715,0.016043682253887276,0.015995472264918972,0.01600401990912413,0.015995472264918972
2014-04-22,0.00796883873246564,0.016054172564446467,0.01600260246749923,0.01601457850504212,0.01600260246749923
2014-04-23,0.007950499947422779,0.01598709885497368,0.01592903325232034,0.015948645806849515,0.01592903325232034
2014-04-24,0.007950362694814262,0.015986292061135166,0.015928483278731764,0.015947834791117194,0.015928483278731764
2014-04-25,0.008025645919851892,0.01628212204213883,0.0162315700925705,0.01623358490652331,0.0162315700925705
2014-04-28,0.008043195337962088,0.016361896240608964,0.016302633793643,0.01631482866854253,0.016302633793643
2014-04-29,0.007829146407746308,0.0155316054352998,0.015446474435429583,0.015434291664614727,0.015446474435429583
2014-04-30,0.007838247792058755,0.01556371267948839,0.015482408369327915,0.015466025806677108,0.015482408369327915
2014-05-02,0.00783466533498869,0.015558019240504817,0.015468259189640912,0.015460888731312197,0.015468259189640912
2014-05-05,0.007820534902730344,0.015495063880090282,0.015412513073535524,0.015396848334715413,0.015412513073535524
2014-05-06,0.007827193553191376,0.015524170914943985,0.015438769647618401,0.01542631465392938,0.015438769647618401
2014-05-07,0.007826702825088325,0.015517315375141977,0.015436833832285885,0.015419337718893603,0.015436833832285885
2014-05-08,0.007838390747092645,0.01556944918653888,0.015482973115035116,0.015472251777209026,0.015482973115035116
2014-05-09,0.00782316729215775,0.015498642029204979,0.015422890513233879,0.01539845110987434,0.015422890513233879
2014-05-12,0.007828800156800276,0.015515674963448356,0.015445108197569241,0.015415212131326614,0.015445108197569241
2014-05-13,0.007833572851865563,0.015536393321878922,0.01546394563362226,0.015436153897536761,0.01546394563362226
2014-05-14,0.007836637150408698,0.015549163730669668,0.015476046220445771,0.01544911996869748,0.015476046220445771
2014-05-15,0.007834431974760594,0.015537550900905639,0.0154673377405221,0.015437419680504619,0.0154673377405221
2014-05-16,0.007792987270293445,0.015372070960221751,0.015304123949928831,0.015267503049369385,0.015304123949928831
2014-05-19,0.007784503353029048,0.01533590516884939,0.015270820098236762,0.015230898310695129,0.015270820098236762
2014-05-20,0.007780519409007115,0.015325265364511745,0.01525519353303198,0.015220665850757847,0.01525519353303198
2014-05-21,0.007785123207904865,0.015342084016885957,0.015273252127289251,0.01523729227850125,0.015273252127289251
2014-05-22,0.01222815202108021,0.03249499268761663,0.037680980866363296,0.037987532878106745,0.037680980866363296
2014-05-23,0.015487712091915393,0.06413133318464664,0.06044704491219969,0.06074377426827013,0.06044704491219969
2014-05-26,0.015469662947416854,0.06399071248191249,0.060306238870083836,0.06059911695782296,0.060306238870083836
2014-05-27,0.015465977363712176,0.06396495139237232,0.06027750686534407,0.060573625912779226,0.06027750686534407
2014-05-28,0.015476378039165711,0.06405073361654659,0.060358605857215024,0.06066111361253545,0.060358605857215024
2014-05-29,0.01547961056266213,0.06407312437762193,0.06038382247926361,0.060683293965918685,0.06038382247926361
2014-05-30,0.015482690855753071,0.06409499175684258,0.06040785646597458,0.06070494919247557,0.06040785646597458
2014-06-03,0.015421505835513123,0.06361458576680142,0.05993135624316086,0.06024497257389616,0.05993135624316086
2014-06-04,0.015421974406253824,0.06362317302841267,0.059934998235961295,0.06025371978558573,0.059934998235961295
2014-06-05,0.015412852667195446,0.06354715971388392,0.05986411888984979,0.06017636345366064,0.05986411888984979
2014-06-06,0.015411432011454243,0.06354048395044365,0.059853083634206494,0.06016979935488037,0.059853083634206494
2014-06-09,0.015404010134481269,0.06348061444908273,0.059795449112246817,0.06010872883237582,0.059795449112246817
2014-06-10,0.015388079861442342,0.06336834271482862,0.0596718364591761,0.060000592590388535,0.0596718364591761
2014-06-11,0.015388247550838409,0.06336895021557966,0.05967313699684284,0.060001199145244904,0.05967313699684284
2014-06-12,0.015386224372636696,0.06335500241617903,0.05965744691217011,0.05998739599836654,0.05965744691217011
2014-06-13,0.015386600086553702,0.06335739990331325,0.05966036048033067,0.059989778646346636,0.05966036048033067
2014-06-16,0.015386588624505846,0.06335801216689152,0.05966027159394272,0.05999039186920993,0.05966027159394272
2014-06-17,0.015370745454072328,0.06325009367952464,0.05953747358509906,0.05988701989712868,0.05953747358509906
2014-06-18,0.01537056450462314,0.06324834004733712,0.05953607180407676,0.05988525302004784,0.05953607180407676
2014-06-19,0.015368661585000987,0.06323290712224391,0.059521331246399835,0.0598694695367438,0.059521331246399835
2014-06-20,0.015369034269030567,0.06323536195274818,0.059524218019384255,0.05987190327446973,0.059524218019384255
2014-06-23,0.015291123390782622,0.0626332982664953,0.058922250547139135,0.05929837734363427,0.058922250547139135
2014-06-24,0.01528887244695067,0.06262235984144474,0.05890490441618009,0.05928754298263647,0.05890490441618009
2014-06-25,0.015285649196572096,0.06258746642455756,0.05888006998288762,0.05925210853516075,0.05888006998288762
2014-06-26,0.015297244403388083,0.06268184629340773,0.05896943295692098,0.05934880174551116,0.05896943295692098
2014-06-27,0.015296525809629417,0.06267857627311724,0.058963892864854046,0.05934554351971286,0.058963892864854046
2014-06-30,0.015255469901361484,0.06238666972316287,0.05864779920165924,0.05906925976698002,0.05864779920165924
2014-07-01,0.015243216011443359,0.06232088558730564,0.05855361986162384,0.05900846493337905,0.05855361986162384
2014-07-02,0.015247660465421736,0.06237404657671691,0.05858776971653381,0.05906284559193395,0.05858776971653381
2014-07-03,0.015246889370119759,0.062395634464364746,0.05858184413709707,0.05908669475473066,0.05858184413709707
2014-07-04,0.015227232015968444,0.06222569884874546,0.05843088590676987,0.05891224023618319,0.05843088590676987
2014-07-07,0.015211392696707791,0.06208484676272186,0.05830938987891069,0.05876789767494614,0.05830938987891069
2014-07-08,0.015189536742229177,0.06190445543346412,0.0581419506637696,0.05858237846039596,0.0581419506637696
2014-07-09,0.015180556218971191,0.0618257538127035,0.05807322035357092,0.0585022087719998,0.05807322035357092
2014-07-10,0.015185395738427941,0.061876022202075776,0.0581102534206317,0.05855328047997832,0.0581102534206317
2014-07-11,0.015165115395394823,0.061736113876047605,0.05795514268882154,0.0584166420155601,0.05795514268882154
2014-07-14,0.015168290177607678,0.06176670317295391,0.057979410781851606,0.0584476174798568,0.057979410781851606
2014-07-15,0.017803737399357162,0.07854109550989241,0.07987721247708778,0.08080379602377874,0.07987721247708778
2014-07-16,0.020158717948607432,0.10981365121044584,0.10240622515153987,0.1032097860044926,0.10240622515153987
2014-07-17,0.02016402379984721,0.1098358021077458,0.10246013966180277,0.10322477266613217,0.10246013966180277
2014-07-18,0.020163702633472717,0.10982857581270342,0.10245687578056088,0.10321750736267851,0.10245687578056088
2014-07-21,0.020104845975596336,0.10922934501143114,0.10185961758901796,0.10258782083579716,0.10185961758901796
2014-07-22,0.02011118243459491,0.10930013325387426,0.10192383404722484,0.10265995941507591,0.10192383404722484
2014-07-24,0.020112190141138565,0.10931256481095172,0.10193404845287445,0.10267252518945219,0.10193404845287445
2014-07-25,0.02012550572799514,0.10943548228185829,0.10206906716350644,0.10279276171889748,0.10206906716350644
2014-07-28,0.02012617884647536,0.109437406479324,0.10207589488999869,0.10279465354841434,0.10207589488999869
2014-07-29,0.02012069189539676,0.10938905264755508,0.10202024507207019,0.10274697577389029,0.10202024507207019
2014-07-30,0.02007302853404681,0.10892454678829669,0.10153747158122167,0.10230447097736162,0.10153747158122167
2014-07-31,0.020100606182757386,0.10918346719414634,0.10181666096640472,0.10255456402826003,0.10181666096640472
2014-08-01,0.02008359923744857,0.10899152694262025,0.10164444149927207,0.10235372957774024,0.10164444149927207
2014-08-04,0.020084753866370115,0.10901219543682028,0.10165612914391266,0.10237472715746661,0.10165612914391266
2014-08-05,0.020127614771867777,0.10943727103774276,0.1020904608539869,0.10278260674728334,0.1020904608539869
2014-08-06,0.020131098116058222,0.10948109655219025,0.10212580006230744,0.10282709242924457,0.10212580006230744
2014-08-07,0.02012541719594905,0.10943097390833562,0.10206816916237242,0.10277767203776324,0.10206816916237242
2014-08-08,0.020120029941635045,0.10936853559986931,0.10201353242277728,0.10271423514433277,0.10201353242277728
2014-08-11,0.020117798552565343,0.10935837612303115,0.10199090628760325,0.10270484423034595,0.10199090628760325
2014-08-12,0.02011196201569556,0.10930828910612507,0.10193173606243681,0.10265547159886952,0.10193173606243681
2014-08-13,0.02011724481291824,0.10936481179861263,0.10198529179344723,0.10271338995593128,0.10198529179344723
2014-08-14,0.020118938947991848,0.10938502111102277,0.10200246950704187,0.10273384817008548,0.10200246950704187
2014-08-15,0.02009731853080717,0.10918018768149101,0.10178335745643875,0.10253475466703094,0.10178335745643875
2014-08-18,0.0200762480149367,0.10897829983384799,0.10157004505802694,0.10233880540790655,0.10157004505802694
2014-08-19,0.02008841107604606,0.10912244604328067,0.10169315340917291,0.1024870736741639,0.10169315340917291
2014-08-20,0.020088925183772314,0.10913513159759097,0.10169835858987877,0.10249986067909339,0.10169835858987877
2014-08-21,0.020089087746426957,0.1091298625602442,0.10170000451387771,0.1024945445291176,0.10170000451387771
2014-08-22,0.02009429911620615,0.1091846993384247,0.10175277595683392,0.10255126238371684,0.10175277595683392
2014-08-25,0.02009358073460897,0.10917949018840573,0.1017455006580387,0.10254608660363276,0.1017455006580387
2014-08-26,0.020087374611585083,0.10912712746893694,0.10168265993411053,0.10249448418470963,0.10168265993411053
2014-08-27,0.020093378302403247,0.10919475882136392,0.10174345060407937,0.10256360661331868,0.10174345060407937
2014-08-28,0.020092122676801296,0.10918942700499948,0.10173073520222749,0.10255832099298912,0.10173073520222749
2014-08-29,0.020083174503534522,0.10911026214569142,0.10164014233113361,0.10248065100995846,0.10164014233113361
2014-09-01,0.02008068487566659,0.10911509326640345,0.10161494407910787,0.10248790287100976,0.10161494407910787
2014-09-02,0.020091738416317517,0.10918549276336889,0.10172684405261175,0.10254709702258749,0.10172684405261175
2014-09-03,0.020094446581140905,0.10921703920825648,0.101754269417386,0.10257921645068147,0.101754269417386
2014-09-04,0.020086598234961325,0.1091463032982326,0.10167480002049337,0.10250990110722982,0.10167480002049337
2014-09-05,0.020086343403050266,0.10913879717135652,0.10167222020892576,0.10250235368109079,0.10167222020892576
2014-09-09,0.02007078880139422,0.10896919841460856,0.10151481390376325,0.10232781118492382,0.10151481390376325
2014-09-10,0.02007676038128478,0.10900631529926044,0.10157522946669661,0.10236311311281227,0.10157522946669661
2014-09-11,0.020073440495116092,0.10895578578518073,0.10154163935436358,0.10231145276111808,0.10154163935436358
2014-09-12,0.020080822866321343,0.10900966473082457,0.10161634064112067,0.1023631143436764,0.10161634064112067
2014-09-15,0.02008027005417603,0.10900653767625201,0.10161074585305692,0.10235999831928727,0.10161074585305692
2014-09-16,0.02008491179080379,0.1090356890818398,0.10165772777438102,0.1023875966407313,0.10165772777438102
2014-09-17,0.02008935861169178,0.1090871586649276,0.10170274701614697,0.10243987015621701,0.10170274701614697
2014-09-18,0.020088794503291724,0.10907982052091435,0.10169703547806191,0.10243246774934718,0.10169703547806191
2014-09-19,0.020088651039200853,0.10907784548800555,0.10169558294484596,0.10243047832872741,0.10169558294484596
2014-09-22,0.020113829357416846,0.10931703776163856,0.1019506651176595,0.10266209572675576,0.1019506651176595
2014-09-23,0.02011460921010573,0.10932132525430646,0.1019585709261681,0.10266635933692946,0.1019585709261681
2014-09-24,0.020109470297543716,0.1092733265201088,0.10190648050324383,0.10261922272592194,0.10190648050324383
2014-09-25,0.0201049454333614,0.1092094194785162,0.10186062538136675,0.10255021113400895,0.10186062538136675
2014-09-26,0.0201080993841949,0.10923713640105634,0.10189258653285414,0.1025776280037209,0.10189258653285414
2014-09-29,0.02010779185456954,0.10923441108621107,0.10188946990320667,0.10257492925922959,0.10188946990320667
2014-09-30,0.020102839191970347,0.10917655824835189,0.10183928418171119,0.10251612413454461,0.10183928418171119
2014-10-01,0.020103495602984647,0.10918513987429804,0.1018459349357242,0.10252476168040812,0.1018459349357242
2014-10-02,0.02010125628403792,0.10916643182942663,0.10182324705753663,0.10250621442738558,0.10182324705753663
2014-10-03,0.020122587686605183,0.10939786201006614,0.10203947087168887,0.10275136535489675,0.10203947087168887
2014-10-06,0.020122352430301884,0.1093915957427792,0.10203708496697758,0.10274506241176347,0.10203708496697758
2014-10-07,0.02012765347811917,0.10944169659980052,0.10209085350288119,0.10279419157930059,0.10209085350288119
2014-10-08,0.02013193424441109,0.10947876444090421,0.10213428365816556,0.1028308121422085,0.10213428365816556
2014-10-09,0.020132671836461207,0.10948726406932555,0.10214176776920884,0.1028394156206911,0.10214176776920884
2014-10-13,0.02018459421481393,0.11004415801669923,0.1026692965914084,0.10332019521518276,0.1026692965914084
2014-10-14,0.020190866290788412,0.11011383296794333,0.10273311255626895,0.10339113341158751,0.10273311255626895
2014-10-15,0.02018674067007354,0.11007288086068301,0.10269113371796189,0.10335118682314323,0.10269113371796189
2014-10-16,0.020181699929888476,0.11001584428831407,0.10263985503913525,0.10329321449023515,0.10263985503913525
2014-10-17,0.0201917294583234,0.11011448422574452,0.10274189650656748,0.1033897607346373,0.10274189650656748
2014-10-20,0.02022721795275474,0.1104706765817068,0.10310336721927738,0.10376072276999802,0.10310336721927738
2014-10-21,0.020223270580078823,0.11043224691375658,0.10306312958468059,0.10372301476129783,0.10306312958468059
2014-10-22,0.020239211382853835,0.11059373701965398,0.10322567070475974,0.10389059276420626,0.10322567070475974
2014-10-23,0.02023881948546987,0.11059008718867841,0.1032216731696896,0.10388698715521057,0.1032216731696896
2014-10-24,0.020331526949858802,0.11157055255995055,0.10416948900443436,0.10480619987149019,0.10416948900443436
2014-10-27,0.020325651182114313,0.1115088517621774,0.10410928818620022,0.1047433327492804,0.10410928818620022
2014-10-28,0.02035414567053973,0.11180038169822251,0.10440139398634289,0.10504511899671318,0.10440139398634289
2014-10-29,0.020363432886060504,0.11190038669855588,0.10449668852408278,0.10514715460722975,0.10449668852408278
2014-10-30,0.020361681982097625,0.11188379280261991,0.10447871947129993,0.10513076713395934,0.10447871947129993
2014-10-31,0.020327608165154488,0.1115430386801708,0.10412933673644595,0.10480641982823054,0.10412933673644595
2014-11-03,0.02032243578963619,0.11150184210738852,0.10407635189881924,0.10476638341992141,0.10407635189881924
2014-11-04,0.02031832508663916,0.11145402779869532,0.10403425225024025,0.10471788957457615,0.10403425225024025
2014-11-05,0.020317633637529836,0.11144053180798988,0.10402717163047874,0.10470420632935123,0.10402717163047874
2014-11-06,0.02032142947857588,0.11147157447688018,0.10406604500528864,0.1047347543657679,0.10406604500528864
2014-11-07,0.020321523698329777,0.11147392684518577,0.10406701000628825,0.10473711396657064,0.10406701000628825
2014-11-10,0.020337770300588587,0.11165306795282412,0.1042334750014748,0.10492259077682985,0.1042334750014748
2014-11-11,0.020336681386609372,0.11164326187368341,0.10422231367475694,0.10491289376859327,0.10422231367475694
2014-11-12,0.020348496205105888,0.11176312736458864,0.1043434470479206,0.10502843822071647,0.1043434470479206
2014-11-13,0.020357221591514187,0.1118611617747451,0.10443295067335487,0.1051284432210498,0.10443295067335487
2014-11-14,0.020356216886018068,0.11185472988066592,0.104422642609473,0.10512204919104716,0.104422642609473
2014-11-17,0.0203637765371471,0.11192712638462417,0.10450021550342542,0.10519298961002184,0.10450021550342542
2014-11-18,0.020364054001969906,0.11192952457216819,0.10450306323957692,0.10519536721007919,0.10450306323957692
2014-11-19,0.02038252613083343,0.11212514627266448,0.1046927376114751,0.10539703880578255,0.1046927376114751
2014-11-20,0.0203748720858231,0.11207097302409827,0.10461412395344066,0.1053505448932823,0.10461412395344066
2014-11-21,0.020374481160459552,0.11206433534190222,0.10461010960459614,0.10534386925726477,0.10461010960459614
2014-11-24,0.020373317002084383,0.11204955396136546,0.10459815550818999,0.10532893288619068,0.10459815550818999
2014-11-25,0.020371180959244544,0.11202186973510919,0.10457622344592044,0.10530094688505605,0.10457622344592044
2014-11-26,0.020368205978841175,0.11198389911738854,0.10454568132871835,0.1052625039494703,0.10454568132871835
2014-11-27,0.020371668857639844,0.11203819024827727,0.10458123279542393,0.10531907960620737,0.10458123279542393
2014-11-28,0.020338417057792005,0.11171290263016567,0.10424010452100457,0.10500521650600605,0.10424010452100457
2014-12-01,0.020350513374775406,0.1118219073564784,0.10436413544346199,0.10511195378383276,0.10436413544346199
2014-12-02,0.0203582903564046,0.11187510653607236,0.10444391653139051,0.10515344986777349,0.10444391653139051
2014-12-03,0.02037596185787733,0.11205885059399115,0.10462531505168528,0.10534412035462981,0.10462531505168528
2014-12-04,0.020374785933812777,0.11204503093023815,0.10461323926587113,0.10533011079770521,0.10461323926587113
2014-12-05,0.020373645141035523,0.1120217707000076,0.10460152491587578,0.10530628772894696,0.10460152491587578
2014-12-08,0.020379157351562933,0.11206648316069774,0.10465813369865991,0.10535006944821372,0.10465813369865991
2014-12-09,0.02037941823827964,0.1120685874538139,0.10466081330814266,0.10535216107392519,0.10466081330814266
2014-12-10,0.020398877856164756,0.11225780782136104,0.10486078288326367,0.1055362492391249,0.10486078288326367
2014-12-11,0.02039885125591101,0.11225763755127008,0.10486050940531712,0.10553607938690873,0.10486050940531712
2014-12-12,0.020394603960836685,0.11222065117535479,0.1048168474212826,0.10549955032828862,0.1048168474212826
2014-12-15,0.020395840134039455,0.11222932417804965,0.10482955428287023,0.1055081642623048,0.10482955428287023
2014-12-16,0.02039691876692942,0.11222670196451427,0.10484064238654883,0.10550299835733924,0.10484064238654883
2014-12-17,0.020421100391042262,0.1124676081740339,0.10508937797761865,0.10573625514897084,0.10508937797761865
2014-12-18,0.02042146340318676,0.11247240619416804,0.10509311421697942,0.10574107808352398,0.10509311421697942
2014-12-19,0.020466950825927525,0.11294036544152215,0.10556181117995572,0.10623522396461453,0.10556181117995572
2014-12-22,0.020480191284295835,0.11308653991462111,0.10569843523041945,0.10638502791219853,0.10569843523041945
2014-12-23,0.020474573001016377,0.11303323050717552,0.10564045117263508,0.10633264035067319,0.10564045117263508
2014-12-24,0.020477227398596413,0.11306259818102317,0.10566784416732457,0.106362584869333,0.10566784416732457
2014-12-25,0.020475641406898403,0.11305028662478075,0.10565147653802089,0.10635035925789946,0.10565147653802089
2014-12-26,0.020472910427230203,0.11301813640297378,0.10562329546307057,0.10631777330160881,0.10562329546307057
2014-12-29,0.020483904510496927,0.11313967585851642,0.1057367666867794,0.10644213017880313,0.1057367666867794
2014-12-30,0.020483220800098692,0.11311927722471195,0.10572970825509012,0.10642077864109163,0.10572970825509012
2014-12-31,0.020483053021994126,0.11311852890963689,0.10572797619765932,0.1064200316190018,0.10572797619765932
2015-01-05,0.02048551854756198,0.11313810315550454,0.10575343048095148,0.10643942258946389,0.10575343048095148
2015-01-06,0.02054759687498311,0.11378467812684293,0.10639534180887757,0.10705432371224442,0.10639534180887757
2015-01-07,0.020542487081915663,0.11372746494460981,0.10634243142868932,0.1069961872810632,0.10634243142868932
2015-01-08,0.020585679554817937,0.11416407474744689,0.1067900910888796,0.10745531738190267,0.1067900910888796
2015-01-09,0.020588406623724718,0.11418916769574292,0.10681838680056562,0.107480126279032,0.10681838680056562
2015-01-12,0.020591622953734588,0.11421961576107459,0.10685176383892983,0.10751016158387737,0.10685176383892983
2015-01-13,0.020577285338420872,0.11408238547405804,0.10670301731849521,0.10737646789406621,0.10670301731849521
2015-01-14,0.020579627271710095,0.11410409378748784,0.1067273067779135,0.10739790985995529,0.1067273067779135
2015-01-15,0.020580227427772782,0.11411333247356198,0.10673353176667048,0.10740720496561748,0.10673353176667048
2015-01-16,0.02058255901346137,0.11413131722843553,0.10675771735674022,0.10742498848138327,0.10675771735674022
2015-01-19,0.020591847953408293,0.11424061399216877,0.1068540989383439,0.10753740027294557,0.1068540989383439
2015-01-20,0.020596530875298457,0.1142967252046065,0.1069027051924749,0.10759436166737592,0.1069027051924749
2015-01-21,0.020598221161668064,0.11431546358413676,0.1069202521862975,0.10761348550873216,0.1069202521862975
2015-01-22,0.020599747018709286,0.11433927733921222,0.10693609346317516,0.10763758935637999,0.10693609346317516
2015-01-23,0.020614213458543033,0.11449012289426287,0.10708634072162292,0.10779464542737466,0.10708634072162292
2015-01-26,0.020613889951210183,0.1144835594750423,0.10708297964799225,0.10778804824854822,0.10708297964799225
2015-01-27,0.020617157766822117,0.11452300199692486,0.10711693298427245,0.10782803745942841,0.10711693298427245
2015-01-28,0.020616842860110816,0.11451649427062678,0.1071136607986626,0.1078214964028515,0.1071136607986626
2015-01-29,0.020630654975952598,0.1146531548331587,0.10725722903367302,0.10795452687621773,0.10725722903367302
2015-01-30,0.020632934080511273,0.11466971155942415,0.10728092813022234,0.10797090305186945,0.10728092813022234
2015-02-02,0.02063222979845384,0.11466798144808417,0.10727360442696406,0.10796922792408618,0.10727360442696406
2015-02-03,0.02063623065146705,0.11471448856615854,0.10731521190613813,0.10801648273482017,0.10731521190613813
2015-02-04,0.020613040678038073,0.11449892708714898,0.10707415639060197,0.10781528298680407,0.10707415639060197
2015-02-05,0.02051615330163237,0.11347665167393003,0.10606996166661237,0.10685692982439265,0.10606996166661237
2015-02-06,0.020518778039833024,0.11348981418177459,0.10609710356647935,0.10686973884176304,0.10609710356647935
2015-02-09,0.020511079795728828,0.11339075280901095,0.10601750738546234,0.10676815956176233,0.10601750738546234
2015-02-10,0.020512898625728467,0.11340417049486287,0.10603631052741203,0.10678147948637176,0.10603631052741203
2015-02-11,0.02052021720230311,0.11348455406628638,0.1061119871354835,0.1068640057002126,0.1061119871354835
2015-02-12,0.020510936941711275,0.11337585258836763,0.10601603062516778,0.10675300156750728,0.10601603062516778
2015-02-13,0.020513115094669958,0.11341100810324839,0.10603854850356847,0.1067887420571412,0.10603854850356847
2015-02-24,0.02051680172041591,0.1134506187793064,0.10607666651438502,0.10682962336127583,0.10607666651438502
2015-02-25,0.020521581234938368,0.11351096804195401,0.10612609468830798,0.10689092132283382,0.10612609468830798
2015-02-26,0.022571484733355095,0.13065875891375933,0.12838692461315668,0.1296359972405049,0.12838692461315668
2015-03-02,0.02450290057452349,0.1622958438569418,0.15129881841437584,0.15239298436312113,0.15129881841437584
2015-03-03,0.024496138017383828,0.1622226662941422,0.15121531599721275,0.15232108906673583,0.15121531599721275
2015-03-04,0.02448990141705056,0.1621338674925511,0.15113832839704744,0.15223057870102452,0.15113832839704744
2015-03-05,0.02448858141513742,0.16211988599500313,0.15112203617090508,0.15221678146773737,0.15112203617090508
2015-03-06,0.024487591713344397,0.162103455009198,0.15110982127570222,0.1522001964138353,0.15110982127570222
2015-03-09,0.02449597489987973,0.16218775655540998,0.1512133021464755,0.1522822918424258,0.1512133021464755
2015-03-10,0.02449617206388746,0.16218954717978956,0.15121573633746227,0.15228407200881028,0.15121573633746227
2015-03-11,0.024492543169078937,0.16215516602708463,0.15117093706407722,0.15225013362981876,0.15117093706407722
2015-03-12,0.024495568525040392,0.1622106054619754,0.15120828509596726,0.15230703006007296,0.15120828509596726
2015-03-13,0.0244890780084097,0.1621129760281199,0.15112816530889786,0.15220713859868226,0.15112816530889786
2015-03-16,0.02447939659914794,0.16197017442679013,0.15100869618031068,0.152057264936683,0.15100869618031068
2015-03-17,0.024479076582078256,0.16196553134707525,0.15100474795843552,0.1520525668285102,0.15100474795843552
2015-03-18,0.02448399304706536,0.16204553050120812,0.15106541071324373,0.15213548989956818,0.15106541071324373
2015-03-19,0.02449060025200508,0.16213267925292013,0.15114695417728485,0.15222480993099638,0.15114695417728485
2015-03-20,0.024482827515805706,0.162047192067665,0.15105102847851065,0.1521409312845301,0.15105102847851065
2015-03-23,0.024463822863011193,0.161802354556278,0.15081661452634287,0.1518879024405742,0.15081661452634287
2015-03-24,0.02445586538293727,0.16171202946207663,0.15071851661034408,0.15179954497242604,0.15071851661034408
2015-03-25,0.02445687688425752,0.16172182614323805,0.1507309843867959,0.15180926168149012,0.1507309843867959
2015-03-26,0.0244679594606042,0.16183712766437,0.1508676221217742,0.1519205417031538,0.1508676221217742
2015-03-27,0.02447529298900917,0.1619201108396765,0.15095807165825603,0.1520018904783259,0.15095807165825603
2015-03-30,0.024460869582728317,0.1617562599384498,0.15078020346729734,0.151842175833516,0.15078020346729734
2015-03-31,0.02446153887202294,0.1617693685138965,0.1507884547648473,0.15185537984848746,0.1507884547648473
2015-04-01,0.024464656998609086,0.1617967779649095,0.15082689939901733,0.15188236350118473,0.15082689939901733
2015-04-02,0.0244708019434897,0.1618749101266423,0.15090267723488981,0.15196299960214876,0.15090267723488981
2015-04-07,0.024464775704152845,0.1617920964682129,0.15082836306413586,0.15187860602324066,0.15082836306413586
2015-04-08,0.02447164321013812,0.1618649173006409,0.15091305299388338,0.15195011930574107,0.15091305299388338
2015-04-09,0.024471608438555423,0.1618642245628855,0.1509126241316342,0.1519494233138107,0.1509126241316342
2015-04-10,0.02447539767282932,0.16191550898134488,0.150959362993271,0.15200163032383202,0.150959362993271
2015-04-13,0.024470976034127692,0.1618556289466298,0.1509048243518387,0.1519406599363869,0.1509048243518387
2015-04-14,0.02447292150468385,0.16187016957872205,0.15092881951755313,0.15195487550216968,0.15092881951755313
2015-04-15,0.02448546716071845,0.16201736971838462,0.15108360172381266,0.15209837824238148,0.15108360172381266
2015-04-16,0.024502369049296313,0.16223818937402207,0.1512922544350343,0.15232622508374383,0.1512922544350343
2015-04-17,0.02450876256433477,0.16230245995974413,0.15137121949360424,0.15238860841430613,0.15137121949360424
2015-04-20,0.02450846313239604,0.16229381355218,0.15136752080822802,0.15237988507916772,0.15136752080822802
2015-04-21,0.024507864363826844,0.16228313384202722,0.15136012475028493,0.15236913522294696,0.15136012475028493
2015-04-22,0.024515239378099477,0.1623834779234151,0.15145123436491084,0.15247154193214169,0.15145123436491084
2015-04-23,0.024569499159623347,0.16305048945556808,0.15212239281659254,0.1531746234526466,0.15212239281659254
2015-04-24,0.02457477856969335,0.16312058039178085,0.1521877749208638,0.1532463285182668,0.1521877749208638
2015-04-27,0.024578470111720208,0.16317707240102367,0.15223350064424634,0.15330369577146677,0.15223350064424634
2015-04-28,0.02457828452503853,0.1631753240933454,0.15223120168882462,0.1533019592902014,0.15223120168882462
2015-04-29,0.024586604423311006,0.16325724227704436,0.15233428150123082,0.15338060186181152,0.15233428150123082
2015-04-30,0.02458903493723591,0.1632812381654235,0.15236440106444127,0.1534043643744122,0.15236440106444127
2015-05-04,0.02458865360082685,0.16327513677245728,0.1523596752471667,0.1533982131433968,0.1523596752471667
2015-05-05,0.02459136650491908,0.16330406785988594,0.15239329725797252,0.15342680107528833,0.15239329725797252
2015-05-06,0.0245913346454747,0.16330341236959472,0.15239290239072253,0.15342614259954554,0.15239290239072253
2015-05-07,0.02457891261347202,0.16314972221945548,0.1522389822056949,0.15327909439890935,0.1522389822056949
2015-05-08,0.024573128006580458,0.1630695888918141,0.1521673322470028,0.15319749382068723,0.1521673322470028
2015-05-11,0.02457458433447633,0.16309133605207926,0.15218536919349693,0.1532194752124028,0.15218536919349693
2015-05-12,0.024571950769112266,0.163062915621978,0.15215275267911857,0.1531914103127517,0.15215275267911857
2015-05-13,0.024572509988870023,0.16307061546633328,0.1521596782825855,0.15319923315298725,0.1521596782825855
2015-05-14,0.024589537802974747,0.16327146604775727,0.15237063307970888,0.1533944072269756,0.15237063307970888
2015-05-15,0.024587704671378156,0.16324117081407202,0.15234791569374162,0.15336373525437788,0.15234791569374162
2015-05-18,0.024587711059915876,0.1632478671233057,0.1523479948618092,0.15337055124127957,0.1523479948618092
2015-05-19,0.02460072986640584,0.1634118239419686,0.15250936930988782,0.1535402620846996,0.15250936930988782
2015-05-20,0.02460137827909364,0.16341932647557023,0.15251740893422722,0.15354761385121452,0.15251740893422722
2015-05-21,0.0261871904952698,0.1911445107992916,0.17281377440095833,0.17387911262396927,0.17281377440095833
2015-05-22,0.027837314987864625,0.20828029669929826,0.19527885864486533,0.1966120309258028,0.19527885864486533
2015-05-25,0.02783549982296799,0.20824822174077207,0.19525339269940165,0.19657958954290988,0.19525339269940165
2015-05-26,0.027836293249445792,0.20826541985943964,0.1952645239110236,0.19659694056194513,0.1952645239110236
2015-05-27,0.027836380445720576,0.20826725037584093,0.1952657472323615,0.19659878140470216,0.1952657472323615
2015-05-28,0.027837660358928987,0.20829121271486956,0.19528370423328978,0.1966229800767889,0.19528370423328978
2015-05-29,0.027839602761919376,0.2083066568164471,0.19531095744925017,0.19663793974243005,0.19531095744925017
2015-06-01,0.0278433411043727,0.2083555252285484,0.19536341425132145,0.19668581789718367,0.19536341425132145
2015-06-02,0.026191186621723702,0.19119792263887322,0.17286652067679759,0.1739308427478203,0.17286652067679759
2015-06-03,0.024416713070796604,0.15960222418392783,0.15023632104976567,0.15121471470501793,0.15023632104976567
2015-06-04,0.024447260563380653,0.15996693401135242,0.15061247436156439,0.15156439773463723,0.15061247436156439
2015-06-05,0.024447825356569315,0.15997110828477806,0.15061943349565904,0.15156855003402075,0.15061943349565904
2015-06-08,0.024444196904262017,0.15992504146321118,0.15057472809817188,0.15152135053335547,0.15057472809817188
2015-06-09,0.024447817941258207,0.15996740407609022,0.1506193421264045,0.1515628938488867,0.1506193421264045
2015-06-10,0.02444688853265,0.15996389691777924,0.15060789044980916,0.15155976811627336,0.15060789044980916
2015-06-11,0.024447364352572203,0.15997170830480473,0.15061375319442938,0.15156762774820542,0.15061375319442938
2015-06-12,0.024446490008678788,0.1599566873756113,0.1506029801835968,0.15155248269519717,0.1506029801835968
2015-06-15,0.02444703990084087,0.15996146159609387,0.150609755498153,0.15155723612050223,0.150609755498153
2015-06-16,0.024450717818639323,0.15999942807150813,0.15065507566537506,0.1515946072821539,0.15065507566537506
2015-06-17,0.024451001719166702,0.16000325409587088,0.15065857423781462,0.15159848137810528,0.15065857423781462
2015-06-18,0.024448481996459392,0.15996657125542582,0.15062752452666214,0.15156130399172751,0.15062752452666214
2015-06-22,0.024463146248594893,0.160153633831232,0.15080827214379589,0.1517536172792752,0.15080827214379589
2015-06-23,0.024462989155037074,0.16015640992867025,0.15080633527666432,0.15175646680069194,0.15080633527666432
2015-06-24,0.024462417395090585,0.16015295229006565,0.15079928593253086,0.15175304093427833,0.15079928593253086
2015-06-25,0.024472229935539467,0.16028129734129123,0.15092028958051434,0.15188436464369137,0.15092028958051434
2015-06-26,0.024468779120776305,0.160232393998738,0.15087773021865727,0.15183477007924548,0.15087773021865727
2015-06-29,0.024514821956754022,0.16080231421994673,0.15144607688397996,0.1523780239517935,0.15144607688397996
2015-06-30,0.02451693367440768,0.16082905828847013,0.1514721692724169,0.15240540532411243,0.1514721692724169
2015-07-01,0.024522426875643266,0.16090562268918202,0.15154005380756033,0.15248364893721753,0.15154005380756033
2015-07-02,0.02452231009802142,0.16090553422258874,0.15153861052096784,0.1524835621191358,0.15153861052096784
2015-07-03,0.024522230140144177,0.1609031527230299,0.15153762230364126,0.1524811732522112,0.15153762230364126
2015-07-06,0.024533012734173704,0.16103104253024386,0.15167091588141254,0.15260606321737766,0.15167091588141254
2015-07-07,0.024525438529847517,0.16093487782110857,0.15157727804049495,0.15250756133080912,0.15157727804049495
2015-07-08,0.024600881214319564,0.16190324777454987,0.1525112458433074,0.1534183505274982,0.1525112458433074
2015-07-09,0.024597485144839917,0.1618560115144643,0.15246914141355633,0.15336916734468875,0.15246914141355633
2015-07-13,0.024608558535540167,0.1619903755244662,0.1526064506056709,0.15350852187155806,0.1526064506056709
2015-07-14,0.02460331858566288,0.16192318702711167,0.15254146792776135,0.15344021819337844,0.15254146792776135
2015-07-15,0.024597440537782046,0.16184946809120035,0.15246858841445032,0.1533651094668555,0.15246858841445032
2015-07-16,0.024599417902389942,0.1618754992504995,0.15249310300637856,0.15339140830050377,0.15249310300637856
2015-07-17,0.02459941268909574,0.161875442125391,0.152493038371408,0.15339135142650923,0.152493038371408
2015-07-20,0.024603597552646943,0.16192460742488896,0.1525449271582189,0.15343970850524075,0.1525449271582189
2015-07-21,0.024610592998841087,0.1620120882760915,0.15263168451416068,0.15352890516515572,0.15263168451416068
2015-07-22,0.02461908051518209,0.16211575893325464,0.15273697960408064,0.15362791554059477,0.15273697960408064
2015-07-23,0.024626604839056807,0.16220892634512835,0.15283035580656215,0.1537192955949221,0.15283035580656215
2015-07-24,0.02462679817577863,0.16221093605214434,0.1528327554744145,0.15372048048631382,0.1528327554744145
2015-07-27,0.022743227781936458,0.14525978438904918,0.13034811130514368,0.13116606967491462,0.13034811130514368
2015-07-28,0.02068829877367634,0.11362327598471361,0.10785743794952227,0.10840965996767749,0.10785743794952227
2015-07-29,0.02067791742237762,0.11351203564282902,0.10774921976952032,0.10830169485347863,0.10774921976952032
2015-07-30,0.020705056626677557,0.11378568945437449,0.1080322412183089,0.10858463287440251,0.1080322412183089
2015-07-31,0.0207077748597887,0.1138136845832239,0.10806060879021162,0.10861233408910254,0.10806060879021162
2015-08-03,0.020717967962825636,0.11392632318158355,0.10816701752018469,0.10871844381322278,0.10816701752018469
2015-08-04,0.02071612041587763,0.11390767260008133,0.10814772656145576,0.108699624267757,0.10814772656145576
2015-08-05,0.020708256657902976,0.11382182297027849,0.1080656372400149,0.10861691110247333,0.1080656372400149
2015-08-06,0.02071868406886865,0.11393286774361594,0.1081744951254891,0.10872551929681765,0.1081744951254891
2015-08-07,0.020720653348760047,0.11395381824059636,0.1081950597502692,0.10874627260185607,0.1081950597502692
2015-08-10,0.020717695419511798,0.11392446236581427,0.10816417168090635,0.10871647826149736,0.10816417168090635
2015-08-11,0.020692542479493887,0.1136528548347798,0.10790169119494608,0.10845360721941079,0.10790169119494608
2015-08-12,0.020715029756496042,0.11389649234244584,0.10813633936875415,0.1086879356830742,0.10813633936875415
2015-08-13,0.020712544455249986,0.11387135036038593,0.10811039344829815,0.10866250892339822,0.10811039344829815
2015-08-14,0.020674579044892453,0.11345879513848232,0.10771443110824354,0.10826701640071824,0.10771443110824354
2015-08-17,0.020673780235758766,0.1134523224414235,0.10770610768758535,0.108259384859655,0.10770610768758535
2015-08-18,0.02067669672815828,0.11348363281573517,0.10773649847223431,0.10829034775189493,0.10773649847223431
2015-08-19,0.020698605850994395,0.11372150159170413,0.10796493561205449,0.10852104513961516,0.10796493561205449
2015-08-20,0.020696640605918845,0.11370403187642752,0.10794443495738335,0.1085032066592571,0.10794443495738335
2015-08-21,0.020760704978316568,0.11441959171312854,0.10861373154156798,0.10918191656472942,0.10861373154156798
2015-08-24,0.020889540553694182,0.11592604329528644,0.10996597194519733,0.11056559765615034,0.10996597194519733
2015-08-25,0.021069252824419432,0.11763645517267884,0.11186618047398517,0.11243025170749468,0.11186618047398517
2015-08-26,0.02107280318957898,0.11767008997220663,0.11190388463521596,0.11246428006423043,0.11190388463521596
2015-08-27,0.0210729831943456,0.11767220842736725,0.11190579641871135,0.112466378561115,0.11190579641871135
2015-08-28,0.02112951136030121,0.11822788311997459,0.11250697508192466,0.11305770116081393,0.11250697508192466
2015-08-31,0.021134584831209922,0.11827878024165744,0.11256101034887735,0.1131095448875012,0.11256101034887735
2015-09-01,0.021141405871126007,0.11835594693929843,0.11263367863633565,0.11318532329787685,0.11263367863633565
2015-09-02,0.021129329310693067,0.11823484155015435,0.11250503639416772,0.11306072736658745,0.11250503639416772
2015-09-03,0.021129305171379106,0.11823336690607181,0.1125047793303675,0.11305925993339984,0.1125047793303675
2015-09-04,0.02114421223673399,0.11840289002271559,0.11266358320023694,0.11322443373174657,0.11266358320023694
2015-09-07,0.02113530393289401,0.11831744941899491,0.11256867022862285,0.11313730680962876,0.11256867022862285
2015-09-08,0.02113623321891737,0.11832596315401239,0.11257856938048548,0.11314588382725603,0.11257856938048548
2015-09-09,0.021319184970225804,0.12009430708620117,0.11453592724426485,0.11507363343811904,0.11453592724426485
2015-09-10,0.021322537548695286,0.12014213258442286,0.11457195309391113,0.11511752989147891,0.11457195309391113
2015-09-11,0.021302071690495188,0.1199094691790498,0.11435212109336312,0.1148918340171626,0.11435212109336312
2015-09-14,0.021297472079173815,0.11986289004975059,0.11430274387472342,0.11484452008304659,0.11430274387472342
2015-09-15,0.021301858875825187,0.11991245371686782,0.11434983627452422,0.11489319726484216,0.11434983627452422
2015-09-16,0.02131547419593696,0.12005022246947941,0.11449605892980888,0.11503425809897129,0.11449605892980888
2015-09-17,0.021342287144681393,0.12032362105273398,0.11478429158264024,0.11531750991576922,0.11478429158264024
2015-09-18,0.021335898924503084,0.12025258091211066,0.11471558689498618,0.11524776315579155,0.11471558689498618
2015-09-21,0.021377710135059156,0.12072618791934697,0.11516563563588995,0.11570066387412661,0.11516563563588995
2015-09-22,0.021372499411954814,0.1206642324853136,0.11510950024073023,0.11564078265511012,0.11510950024073023
2015-09-23,0.021419965958265383,0.121205211670809,0.11562136529661846,0.11615744502775026,0.11562136529661846
2015-09-24,0.021416854608579814,0.12117009135091356,0.1155877786539117,0.1161230511821023,0.1155877786539117
2015-09-25,0.02141309738838046,0.12113167279516182,0.11554722642059503,0.11608394820098145,0.11554722642059503
2015-09-30,0.02141318791446121,0.12113256382076837,0.11554820339832694,0.11608484542642777,0.11554820339832694
2015-10-01,0.021447620708614553,0.12148375985051668,0.11592010938326915,0.1164498488454146,0.11592010938326915
2015-10-02,0.02142847912418415,0.12126838342350979,0.11571328882905016,0.11624167554535544,0.11571328882905016
2015-10-05,0.021428603121272326,0.12126893874347675,0.11571462799570853,0.11624228001614009,0.11571462799570853
2015-10-06,0.02143318368163683,0.12131605500914236,0.11576410340815736,0.11629047129622469,0.11576410340815736
2015-10-07,0.021446062906570678,0.1214479034039919,0.11590327077653186,0.11643023526072277,0.11590327077653186
2015-10-08,0.021443900848486342,0.12142481182863699,0.11587990266712773,0.11640742019834953,0.11587990266712773
2015-10-12,0.02145871970794213,0.12158362221515619,0.11604011617901402,0.11657073541813995,0.11604011617901402
2015-10-13,0.021459913407458182,0.12159593444269337,0.11605302663081207,0.11658294322118634,0.11605302663081207
2015-10-14,0.02146056231799292,0.12160138120964525,0.11606004522112331,0.116588219908693,0.11606004522112331
2015-10-15,0.02147997224547042,0.12180858816680057,0.11627008033187727,0.11680152387267168,0.11627008033187727
2015-10-16,0.021450667192228465,0.12149931697761723,0.11595304299392015,0.11648017088405652,0.11595304299392015
2015-10-19,0.02145141197526862,0.12150795090391196,0.11596109508463988,0.11648886168869244,0.11596109508463988
2015-10-20,0.02144491520973201,0.12143871402305731,0.11589086586485403,0.11642076282600154,0.11589086586485403
2015-10-21,0.021445856595310137,0.1214488473425282,0.11590104080686504,0.11643070146614644,0.11590104080686504
2015-10-22,0.021444018702814392,0.12142818597205877,0.11588117640791668,0.11640985097459533,0.11588117640791668
2015-10-23,0.02136080299984298,0.12048798950813218,0.11498354400912143,0.1155284500169502,0.11498354400912143
2015-10-26,0.021394079647001574,0.12085287942105431,0.11534207427344624,0.11587434199297772,0.11534207427344624
2015-10-27,0.021392251546942777,0.12083331548450381,0.11532236341441426,0.11585514140927941,0.11532236341441426
2015-10-28,0.021396733394406762,0.12088070230629865,0.11537069038773302,0.11590183974704699,0.11537069038773302
2015-10-29,0.021391695083980932,0.12082595899601845,0.11531636387863552,0.1158485132437429,0.11531636387863552
2015-10-30,0.021356003645189064,0.12045397598366973,0.1149318807067188,0.11546159514170506,0.1149318807067188
2015-11-02,0.021354154336628337,0.12043470334901937,0.11491197667300078,0.11544253212653623,0.11491197667300078
2015-11-03,0.02135486944406314,0.12044205627427068,0.11491967314119135,0.11545023633518456,0.11491967314119135
2015-11-04,0.021388205253937007,0.12079099463110046,0.11527874164410372,0.11581356880514693,0.11527874164410372
2015-11-05,0.021299282737102652,0.11978953583826568,0.11432218016898983,0.11487306749243431,0.11432218016898983
2015-11-06,0.02133627283053924,0.1201909331102744,0.11471960765140016,0.11525820539256688,0.11471960765140016
2015-11-09,0.021313260970029495,0.11994866991693658,0.11447228348049882,0.11500498773334511,0.11447228348049882
2015-11-10,0.02131689791753618,0.11999084936925723,0.11451135448031789,0.11504180531295682,0.11451135448031789
2015-11-11,0.021329274203844523,0.12012696039094115,0.11464436039182244,0.11517452226517293,0.11464436039182244
2015-11-12,0.021323906269523733,0.12007091012253929,0.11458666260504126,0.11511757199268102,0.11458666260504126
2015-11-13,0.02133188091902708,0.12016134582015012,0.11467238417297503,0.11520550171735579,0.11467238417297503
2015-11-16,0.02133661314024815,0.12021492142458401,0.11472326719474572,0.11525828807093372,0.11472326719474572
2015-11-17,0.021372470111909878,0.1205801614446542,0.11510918462848922,0.11563823821259511,0.11510918462848922
2015-11-18,0.02139049243838385,0.12078182828301459,0.11530339802265228,0.11583312360203137,0.11530339802265228
2015-11-19,0.021410442547189896,0.12098819119561544,0.11551857661676289,0.11604564347721895,0.11551857661676289
2015-11-20,0.021390484079068208,0.1207819229839294,0.11530330790249135,0.11583331994829828,0.11530330790249135
2015-11-23,0.021391917578486717,0.12079569298842424,0.11531876269656179,0.11584736720357953,0.11531876269656179
2015-11-24,0.021382679533052742,0.12069215580530118,0.11521918397133463,0.11574766643607683,0.11521918397133463
2015-11-25,0.021373223067959555,0.12059412139514472,0.11511729540681513,0.11564766143574345,0.11511729540681513
2015-11-26,0.02139087294100438,0.1207767560904332,0.11530750018490472,0.11583535787734153,0.11530750018490472
2015-11-27,0.02140012235703252,0.12088008345227799,0.11540723969778269,0.11593516717229126,0.11540723969778269
2015-11-30,0.021412752141483717,0.12102078065417546,0.1155435004766991,0.11607230772882135,0.1155435004766991
2015-12-01,0.021428659505450115,0.12118251941464683,0.11571523694653042,0.1162425579619526,0.11571523694653042
2015-12-02,0.021416589427160695,0.12105827183392215,0.11558491627827597,0.11611539655924019,0.11558491627827597
2015-12-03,0.021416796687430493,0.121060277267409,0.1155871534483849,0.11611740939869078,0.1155871534483849
2015-12-04,0.021426063735497464,0.12116604440734963,0.11568720421379508,0.11622085718541274,0.11568720421379508
2015-12-07,0.021440044522179638,0.12130949535722352,0.11583822829648736,0.11636782702902984,0.11583822829648736
2015-12-08,0.02146333806149149,0.12157392320301627,0.11609006994695106,0.11662385980262333,0.11609006994695106
2015-12-09,0.021467404240366694,0.12163361654328464,0.11613406009446711,0.11667804558763514,0.11613406009446711
2015-12-10,0.02146823495348135,0.12164452677728882,0.11614304822850534,0.11668888410256903,0.11614304822850534
2015-12-11,0.021470591867431516,0.12167151401268067,0.11616855141472973,0.11671499230700122,0.11616855141472973
2015-12-14,0.021455430569244562,0.12149791500080309,0.11600454622974186,0.11654739840564785,0.11600454622974186
2015-12-15,0.021431003604326277,0.12125188815421906,0.11574055470313876,0.11629343441543474,0.11574055470313876
2015-12-16,0.02145164378322823,0.12146042912872579,0.11596360129263364,0.11650865752982476,0.11596360129263364
2015-12-17,0.02146356327530862,0.12157792161860126,0.11609250621524059,0.11662932196531993,0.11609250621524059
2015-12-18,0.021460715564079563,0.12154551862321084,0.11606170275562636,0.11659752623985414,0.11606170275562636
2015-12-21,0.02146051670414209,0.1215431030441958,0.11605955185660795,0.11659512490591245,0.11605955185660795
2015-12-22,0.02144445176445645,0.12135921315959844,0.11588585689248103,0.11641639605121006,0.11588585689248103
2015-12-23,0.021444711684949824,0.12136132225525564,0.11588866613115713,0.11641851492241179,0.11588866613115713
2015-12-24,0.02144700998329539,0.12138476547175586,0.11591350778034017,0.11644219456995235,0.11591350778034017
2015-12-25,0.021450285516871094,0.12141749355071466,0.11594891668633303,0.11647553338587677,0.11594891668633303
2015-12-28,0.021444284380743833,0.12135085008205496,0.11588404781575791,0.11641008255710414,0.11588404781575791
2015-12-29,0.02142702768075243,0.12115763135217789,0.11569761383839619,0.11622368397719902,0.11569761383839619
2015-12-30,0.021431488011432128,0.1212073205936833,0.11574578695280807,0.11627253506304822,0.11574578695280807
2015-12-31,0.021380509531089803,0.12068873674309832,0.11519579932787352,0.1157287888185581,0.11519579932787352
2016-01-04,0.021401586187553903,0.12094795281484988,0.1154230286185111,0.11596848665493216,0.1154230286185111
2016-01-05,0.02140701101191435,0.12101041357048298,0.11548155035698401,0.11602980430956947,0.11548155035698401
2016-01-06,0.021410161452986742,0.12105891761381882,0.11551554338762576,0.11607530994596872,0.11551554338762576
2016-01-07,0.02144168889071133,0.12142687576197131,0.11585599766648554,0.11642954640543474,0.11585599766648554
2016-01-08,0.021441453518951794,0.12142481002788091,0.1158534541093533,0.11642746816366581,0.1158534541093533
2016-01-11,0.021449946966448644,0.12155356383402066,0.11594525666559177,0.11654551815966073,0.11594525666559177
2016-01-12,0.021447932479294222,0.12152693507601864,0.11592347952436373,0.11651917281833948,0.11592347952436373
2016-01-13,0.021461303777758747,0.12165630172693087,0.11606806507999295,0.11665153336710063,0.11606806507999295
2016-01-14,0.021464880563275168,0.12169897060103702,0.11610675659410837,0.11669339612765085,0.11610675659410837
2016-01-15,0.021409824532809933,0.1210523956296986,0.11551190780447892,0.11607849500487032,0.11551190780447892
2016-01-18,0.02141463184651395,0.12109910354991021,0.11556378719467582,0.11612589049845135,0.11556378719467582
2016-01-19,0.02136408668425037,0.12059704817924988,0.11501889836274531,0.11560010526402043,0.11501889836274531
2016-01-20,0.021411608993749644,0.12115245865907859,0.1155311639247076,0.11612861217399806,0.1155311639247076
2016-01-21,0.021408918731409165,0.12111865885476508,0.11550213391451672,0.11609524715075571,0.11550213391451672
2016-01-22,0.021425815521218625,0.1212853741632563,0.11568452382882181,0.11626666745175238,0.11568452382882181
2016-01-25,0.021454077711127627,0.12155888535922343,0.11598991750964602,0.11655125613769363,0.11598991750964602
2016-01-26,0.02146074239078631,0.12164275657868695,0.11606199291885053,0.11663329967539902,0.11606199291885053
2016-01-27,0.02146128569786138,0.12164084779099638,0.11606786951891782,0.11663174938494208,0.11606786951891782
2016-01-28,0.021451191558360217,0.12153985435225423,0.11595871205691309,0.11652808935612355,0.11595871205691309
2016-01-29,0.02150604705637918,0.12208791872256208,0.11655253511778128,0.11710614186310643,0.11655253511778128
2016-02-01,0.021509016632825454,0.12211794495457112,0.11658472472081284,0.11713693474272109,0.11658472472081284
2016-02-02,0.02150698096624688,0.12210249382148475,0.11656265803119141,0.11712112769724639,0.11656265803119141
2016-02-03,0.02148484837869543,0.12189213104947905,0.11632287488359397,0.11690173280587582,0.11632287488359397
2016-02-15,0.021484988536216967,0.12189284923416671,0.11632439256514637,0.11690245220937523,0.11632439256514637
2016-02-16,0.021523777239717476,0.12228102560464704,0.11674479263957498,0.11730851196737582,0.11674479263957498
2016-02-17,0.021525687278204635,0.12230606763700402,0.11676551362536333,0.11733330523628008,0.11676551362536333
2016-02-18,0.021536873333498036,0.12239454436772995,0.11688690207175098,0.1174333419663247,0.11688690207175098
2016-02-19,0.02153535480544797,0.12237575568958986,0.1168704196623258,0.11741472279166816,0.1168704196623258
2016-02-22,0.021534795086138515,0.12237158744740634,0.11686434464929783,0.11741053204197424,0.11686434464929783
2016-02-23,0.021529484681340274,0.12231921445185473,0.11680671508230452,0.11735737887771673,0.11680671508230452
2016-02-24,0.021524600811010743,0.1222856154099104,0.1167537268984878,0.11731971650800169,0.1167537268984878
2016-02-25,0.02154040330451712,0.12243821524612791,0.11692522157935552,0.11747705875973227,0.11692522157935552
2016-02-26,0.02153905199351444,0.12241829507392188,0.11691055171638824,0.11745742996249967,0.11691055171638824
2016-03-01,0.02154742772092812,0.1224990868298832,0.11700149362993265,0.117540171355694,0.11700149362993265
2016-03-02,0.02155276254018329,0.1225499795213689,0.11705943642460907,0.11759220582511248,0.11705943642460907
2016-03-03,0.02155010425962619,0.12252267631259806,0.11703056238739122,0.11756404842436596,0.11703056238739122
2016-03-04,0.02155072578542966,0.12252832730894722,0.11703731303345326,0.11756972638375783,0.11703731303345326
2016-03-07,0.021546519341900088,0.12248634274526565,0.1169916289292204,0.11752719239791523,0.1169916289292204
2016-03-08,0.021533702751957942,0.12235727894417475,0.11685248926083963,0.11739512231195115,0.11685248926083963
2016-03-09,0.02152769472336852,0.12229755756843341,0.11678729330584231,0.11733445323355012,0.11678729330584231
2016-03-10,0.019315921912106505,0.1051435615105184,0.09402241950727824,0.09458311710728312,0.09402241950727824
2016-03-11,0.016860845775461014,0.07352876175208412,0.07164060630649814,0.0718486270741069,0.07164060630649814
2016-03-14,0.016867074893083648,0.07357615478892501,0.07169355029312098,0.07189672861978469,0.07169355029312098
2016-03-15,0.016891966306993134,0.07380269637782044,0.07190530848058099,0.07211657814652314,0.07190530848058099
2016-03-16,0.016900280606634503,0.07386461837628586,0.07197611011491255,0.07217990245521128,0.07197611011491255
2016-03-17,0.016914872811918235,0.07398108809130888,0.07210045640532942,0.07229898977314,0.07210045640532942
2016-03-18,0.016908342818063783,0.07391668349650454,0.07204479832699862,0.072237110425137,0.07204479832699862
2016-03-21,0.016908093340833586,0.07391434699933574,0.07204267234642994,0.07223478705157187,0.07204267234642994
2016-03-22,0.016908790101063192,0.07392189437495572,0.07204861003581678,0.0722422687114906,0.07204861003581678
2016-03-23,0.01689951681156483,0.07384828572287233,0.0719696044530193,0.07216736375444474,0.0719696044530193
2016-03-24,0.016898689230077417,0.07383999261542934,0.0719625558190731,0.07215911820613893,0.0719625558190731
2016-03-25,0.016894012030479785,0.07379820755133021,0.07192272590647092,0.07211813439806687,0.07192272590647092
2016-03-28,0.01689239688234248,0.0737857453110275,0.07190897425250464,0.07210557808277865,0.07190897425250464
2016-03-29,0.016883316941720378,0.073720599000197,0.07183169052055474,0.07203722128669525,0.07183169052055474
2016-03-30,0.016902192747840203,0.07387130627684768,0.07199239816065577,0.07219426044239309,0.07199239816065577
2016-03-31,0.016902065292212987,0.07386989529474924,0.07199131240784219,0.07219285421968637,0.07199131240784219
2016-04-01,0.016916020819940814,0.07399967290554152,0.07211024361592912,0.07231940829487625,0.07211024361592912
2016-04-06,0.01697769258946192,0.07456511265772126,0.07263699550689208,0.07285811103616387,0.07263699550689208
2016-04-07,0.016978058499842453,0.0745686289451008,0.07264012654686629,0.07286158758888661,0.07264012654686629
2016-04-08,0.016973584679721092,0.07451003944168008,0.07260184937367496,0.07280838075421478,0.07260184937367496
2016-04-11,0.016966018244859066,0.07443639418008668,0.07253713532139246,0.07273652794829187,0.07253713532139246
2016-04-12,0.016965939604347762,0.0744364969056201,0.07253646287791073,0.07273662890431279,0.07253646287791073
2016-04-13,0.017000949127282238,0.07471838095444955,0.07283613234956655,0.07302881868881354,0.07283613234956655
2016-04-14,0.01699854337905857,0.07469412026957839,0.07281552020645346,0.07300501082415316,0.07281552020645346
2016-04-15,0.016980014409114685,0.0745445309024636,0.07265686411210306,0.07285169391328937,0.07265686411210306
2016-04-18,0.016983903759356437,0.0745817135803111,0.07269015270058458,0.07288838347917283,0.07269015270058458
2016-04-19,0.016977244876587458,0.07452154780112763,0.07263316458710299,0.0728293951118455,0.07263316458710299
2016-04-20,0.017002161870389717,0.07474941490149847,0.07284652408326736,0.07305043676798795,0.07284652408326736
2016-04-21,0.01699720335106069,0.0747097682862641,0.0728040402828418,0.07301001152263062,0.0728040402828418
2016-04-22,0.016998163379084608,0.07471721754402391,0.07281226468203736,0.07301753816335038,0.07281226468203736
2016-04-25,0.016995686768789618,0.07469248112858595,0.07279104892318825,0.07299305626141439,0.07279104892318825
2016-04-26,0.01698090940739601,0.07455466436884897,0.07266452364415196,0.07285908981938018,0.07266452364415196
2016-04-27,0.016952758500027202,0.07433018541080369,0.07242379723158163,0.0726276062148519,0.07242379723158163
2016-04-28,0.01697131890860468,0.07449842224967129,0.0725824677053858,0.07278944849826524,0.0725824677053858
2016-04-29,0.01698947981938319,0.07466499553245953,0.07273789098237363,0.07295173019621917,0.07273789098237363
2016-05-03,0.01701056862991485,0.07486078431289744,0.07291858016848687,0.07314215248292284,0.07291858016848687
2016-05-04,0.017009723207522396,0.07487674938585204,0.07291133226632454,0.07315356604224202,0.07291133226632454
2016-05-05,0.01692407429983012,0.07420981415598255,0.07217892130835493,0.07245057878237222,0.07217892130835493
2016-05-06,0.01691825803114539,0.07418595766537339,0.0721293186117207,0.07242371214644464,0.0721293186117207
2016-05-09,0.016910214611125508,0.0741288003535559,0.0720607502649693,0.07236568067466631,0.0720607502649693
2016-05-10,0.016913815004825878,0.07414953182285366,0.07209143878040321,0.07238668162323822,0.07209143878040321
2016-05-11,0.01690153802247672,0.07403165997386973,0.071986820856357,0.07227149965591714,0.071986820856357
2016-05-12,0.016899408901627416,0.07400836318306048,0.0719686853485498,0.07224843507329103,0.0719686853485498
2016-05-13,0.01691086542225885,0.07412473991986218,0.07206629707109699,0.07236218213636306,0.07206629707109699
2016-05-16,0.01691598397316547,0.07415018694249592,0.07210992947265854,0.07238885158058529,0.07210992947265854
2016-05-17,0.01692332878797535,0.07420437780934941,0.07217256243101064,0.07244388816639039,0.07217256243101064
2016-05-18,0.016908284653348284,0.07406157829766702,0.07204430265950058,0.07230453004823295,0.07204430265950058
2016-05-19,0.016910426374899246,0.07408636986338318,0.07206255508558379,0.0723290683734312,0.07206255508558379
2016-05-20,0.016911698990057362,0.07409599418289314,0.07207340180803742,0.07233885028421444,0.07207340180803742
2016-05-23,0.01704564232799762,0.07513261732176196,0.07321958843825407,0.07344609680736855,0.07321958843825407
2016-05-24,0.01705302632662438,0.07521322550915743,0.07328303813792914,0.07352400421931417,0.07328303813792914
2016-05-25,0.017045556426426373,0.07511962260207339,0.07321885045939433,0.07343842813566834,0.07321885045939433
2016-05-26,0.01704634602043323,0.07512340685860558,0.07322563398738162,0.07344224643067002,0.07322563398738162
2016-05-27,0.01705129598068782,0.07516241814293423,0.07326816704449719,0.07348191814332748,0.07326816704449719
2016-05-30,0.01703367038794323,0.0750213815026115,0.0731167735750437,0.07333568752448066,0.0731167735750437
2016-05-31,0.017028525989772413,0.07497150634013283,0.07307261574085734,0.07328650943783274,0.07307261574085734
2016-06-01,0.014493612621225428,0.04729680578003473,0.05293633131716455,0.05300703319108803,0.05293633131716455
2016-06-02,0.010970697103340471,0.030137185497208313,0.030329761123177236,0.030250046068471828,0.030329761123177236
2016-06-03,0.010972002456379124,0.030142704516515406,0.03033697915150296,0.030255591110695798,0.03033697915150296
2016-06-06,0.0109703748384474,0.03013460118827091,0.030327979272202033,0.030247397121891617,0.030327979272202033
2016-06-07,0.011002820161541986,0.030301704597585244,0.030507636979823175,0.030419065534442048,0.030507636979823175
2016-06-08,0.01100375665011951,0.030306515004074552,0.030512830424592435,0.03042395078698966,0.030512830424592435
2016-06-13,0.011091289023442032,0.030828650517624456,0.03100020643478448,0.030921264009973068,0.03100020643478448
2016-06-14,0.011087379491906383,0.03079509772224215,0.030978355967381657,0.030889418063657886,0.030978355967381657
2016-06-15,0.011087783523762459,0.030795502475968156,0.0309806137543942,0.030889836095623492,0.0309806137543942
2016-06-16,0.011114796008431483,0.03095596917511123,0.031131749957879196,0.031045214228465845,0.031131749957879196
2016-06-17,0.01107279788636165,0.030688068643562105,0.030896926964118186,0.030794778007050834,0.030896926964118186
2016-06-20,0.011081454551563799,0.030731942627332032,0.03094525601455026,0.030839359362193567,0.03094525601455026
2016-06-21,0.011076209941031886,0.03070419254533513,0.030915971517769023,0.030811162337474655,0.030915971517769023
2016-06-22,0.011067113090978577,0.0306489212540966,0.030865210026464366,0.03075697941859443,0.030865210026464366
2016-06-23,0.011064231752862917,0.03063518261738886,0.030849140518827124,0.030743048050596956,0.030849140518827124
2016-06-24,0.011183602670416109,0.03135284492035148,0.031518388109814055,0.03142305003924067,0.031518388109814055
2016-06-27,0.011203421020487766,0.031456282182695666,0.0316301939257014,0.03152864113303658,0.0316301939257014
2016-06-28,0.01120580460172529,0.031466766867692175,0.03164365430655601,0.03153926652648472,0.03164365430655601
2016-06-29,0.011220549221936044,0.03154029033353456,0.03172698266015617,0.03161593378392358,0.03172698266015617
2016-06-30,0.011241288250754223,0.0316524298478902,0.031844373507209325,0.03173096655086992,0.031844373507209325
2016-07-01,0.011267794604086346,0.03179612008487134,0.0319947252004491,0.03187825000247482,0.0319947252004491
2016-07-04,0.011233323323071706,0.0316090187473997,0.03179926332592803,0.031685899757954585,0.03179926332592803
2016-07-05,0.011233195523200405,0.03160990448581433,0.0317985397789373,0.03168668258067711,0.0317985397789373
2016-07-06,0.011289894759592826,0.03194978108944216,0.03212035436803575,0.032014248622495536,0.03212035436803575
2016-07-07,0.011293490116751013,0.03196910338391523,0.03214081559232251,0.032034269693118636,0.03214081559232251
2016-07-11,0.011363548820232905,0.03234565009853815,0.0325408209310338,0.0324258681729743,0.0325408209310338
2016-07-12,0.011281958920542986,0.03184910339133232,0.0320752144653745,0.031957379964422765,0.0320752144653745
2016-07-13,0.011268555724171167,0.03177490162091804,0.03199904772340519,0.03188186952283395,0.03199904772340519
2016-07-14,0.01125296550855399,0.03168934193002319,0.031910566649649856,0.03179469009345937,0.031910566649649856
2016-07-15,0.01127776517723013,0.03182523760269268,0.03205137282297162,0.031933828051427,0.03205137282297162
2016-07-18,0.011293690380688049,0.03191359878772073,0.03214195548854113,0.03202387419614085,0.03214195548854113
2016-07-19,0.011270906138597006,0.031782410968017594,0.032012397946636045,0.03189571714777682,0.032012397946636045
2016-07-20,0.011267775450433913,0.03176435379192445,0.0319946164275531,0.031877498009109405,0.0319946164275531
2016-07-21,0.011108859765994057,0.030821308713998546,0.031098504855731426,0.030992290515552294,0.031098504855731426
2016-07-22,0.011104724416781661,0.030798785725750566,0.031075355901912037,0.030970094075590045,0.031075355901912037
2016-07-25,0.011069230221246047,0.030602037936435084,0.030877020138118598,0.03076670658750688,0.030877020138118598
2016-07-26,0.011075016776151525,0.030635258596366552,0.030909311141193503,0.030800313537427283,0.030909311141193503
2016-07-27,0.011077397986325588,0.030648954221038378,0.030922604029157447,0.030814148374130976,0.030922604029157447
2016-07-28,0.011088903849933019,0.0307115403773585,0.030986874725450954,0.030874821657739946,0.030986874725450954
2016-07-29,0.011098094706460088,0.0307626122652142,0.031038261940616468,0.030925132023371063,0.031038261940616468
2016-08-01,0.011109354928962326,0.03082567866004023,0.0311012772682902,0.030991562134817296,0.0311012772682902
2016-08-02,0.011093362441622727,0.030736025604044367,0.03101179794582385,0.030900186852956937,0.03101179794582385
2016-08-03,0.011076960691834474,0.03064284211059355,0.030920162658448408,0.03080986008415675,0.030920162658448408
2016-08-04,0.011060685234773278,0.030553878417502702,0.030829366981408365,0.03072270523707038,0.030829366981408365
2016-08-05,0.011071747461285355,0.0306191254487638,0.030891065145312632,0.030790444834579385,0.030891065145312632
2016-08-08,0.011040785997236766,0.030451925236467656,0.030718536770068423,0.03062967231032708,0.030718536770068423
2016-08-09,0.0117523576639105,0.034101594680618436,0.03480571348643991,0.03476438904052376,0.03480571348643991
2016-08-10,0.01221839458313041,0.0371894502231387,0.03762086987964579,0.0375290014508492,0.03762086987964579
2016-08-11,0.012188823696676012,0.0370021479395196,0.03743899062337997,0.03733083216806805,0.03743899062337997
2016-08-12,0.012185540154502123,0.036986835418021655,0.03741882199195987,0.037315904378104746,0.03741882199195987
2016-08-15,0.012154231793935943,0.036801113886324135,0.03722678832618228,0.03713534490678248,0.03722678832618228
2016-08-16,0.012160192410014412,0.036833227887717535,0.03726331042104017,0.03716708720212848,0.03726331042104017
2016-08-17,0.012154897885422223,0.03679819795268574,0.03723086873647049,0.03713160757496038,0.03723086873647049
2016-08-18,0.015365645863533233,0.053841835178376485,0.05949797434648602,0.05977507009447222,0.05949797434648602
2016-08-19,0.017994633967843697,0.08435291486447505,0.0815993266124419,0.08183567811253345,0.0815993266124419
2016-08-22,0.018000238377829623,0.08440048587990187,0.08165016257798999,0.08188251140639399,0.08165016257798999
2016-08-23,0.01801082736878397,0.08450222763657143,0.08174625543205069,0.08198633717413578,0.08174625543205069
2016-08-24,0.020294745796996735,0.10136124901730148,0.1037929301551086,0.10445288462065089,0.1037929301551086
2016-08-25,0.02210333576608489,0.12729215493669205,0.12311647790104846,0.12365867434073569,0.12311647790104846
2016-08-26,0.022101604857140883,0.12727859168278705,0.12309719618982076,0.12364523938909328,0.12309719618982076
2016-08-29,0.02209748561961829,0.1272386596386123,0.12305131541872777,0.12360581612294765,0.12305131541872777
2016-08-30,0.022094232419493286,0.12720785946851237,0.1230150867640602,0.12357536270683635,0.1230150867640602
2016-08-31,0.02207933422833526,0.1270447387294042,0.12284924399156731,0.12341813740587886,0.12284924399156731
2016-09-01,0.022080876484764273,0.12705982145050487,0.1228664067965248,0.12343303041241405,0.1228664067965248
2016-09-02,0.022016415903079543,0.12634578072660707,0.1221500874427782,0.12275584481486347,0.1221500874427782
2016-09-05,0.021899029743601577,0.12501213450622806,0.12085101093520893,0.12155207187323769,0.12085101093520893
2016-09-06,0.021737667196980483,0.12333477871890822,0.1190765961420037,0.11972113451627375,0.1190765961420037
2016-09-07,0.021751567962088464,0.12349487019154509,0.11922893861995702,0.11988634020491218,0.11922893861995702
2016-09-08,0.021751696007292497,0.12349600585255352,0.11923034235680342,0.11988746433018485,0.11923034235680342
2016-09-09,0.021714465891749066,0.12307350324411757,0.11882254329891126,0.1194156277568278,0.11882254329891126
2016-09-12,0.021756164683046336,0.1235160401297496,0.11927933683238984,0.1198350353850636,0.11927933683238984
2016-09-13,0.021748137154010982,0.1234367044252643,0.11919133035675757,0.11975709434259169,0.11919133035675757
2016-09-14,0.02174943246195854,0.12343908782284826,0.11920552872915857,0.1197587209663703,0.11920552872915857
2016-09-19,0.02187216648597883,0.12472919589470127,0.12055470003117462,0.12114685761397932,0.12055470003117462
2016-09-20,0.021855810173281278,0.12456113087185593,0.12037446245928736,0.12098313708316955,0.12037446245928736
2016-09-21,0.021856920581524476,0.12458259610512307,0.1203866942813812,0.12100484983478954,0.1203866942813812
2016-09-22,0.02185650846446876,0.12457641665608266,0.12038215448886341,0.12099861969666025,0.12038215448886341
2016-09-23,0.021688829193071656,0.1228517348095804,0.1185421385650918,0.11911523218448097,0.1185421385650918
2016-09-26,0.021692455964102682,0.12289071087741121,0.11858178673014258,0.11915285219408592,0.11858178673014258
2016-09-29,0.02170583018366308,0.12304678808602532,0.11872805211842884,0.11931292653020424,0.11872805211842884
2016-09-30,0.021723040654746832,0.12322053476432776,0.1189164048125215,0.11948193971021241,0.1189164048125215
2016-10-03,0.021720306928715943,0.1232068153291447,0.1188864767355617,0.11946989405306459,0.1188864767355617
2016-10-04,0.021709844619766258,0.12308652903458653,0.11877197306042728,0.11934646279509643,0.11877197306042728
2016-10-05,0.021685859008807252,0.12281232309587556,0.1185096731993664,0.11906222396135199,0.1185096731993664
2016-10-06,0.02168559795607757,0.12281475375764817,0.11850681999558418,0.11906472287748379,0.11850681999558418
2016-10-07,0.02164057867108147,0.12232827482611103,0.11801529059525508,0.11859904667654429,0.11801529059525508
2016-10-11,0.02163941206593816,0.1223060146754768,0.11800256694898646,0.11857640990111398,0.11800256694898646
2016-10-12,0.021599303260559123,0.12188764690247961,0.1175655351380832,0.11818512015714867,0.1175655351380832
2016-10-13,0.021602004618732972,0.12191462223144167,0.11759494409403569,0.11821155976589247,0.11759494409403569
2016-10-14,0.021602590062525087,0.12191073605750315,0.11760131814719593,0.11820745803050904,0.11760131814719593
2016-10-17,0.021602354714811572,0.12190495756447634,0.11759875576458452,0.1182016516556901,0.11759875576458452
2016-10-18,0.02157420729174143,0.12159718913012024,0.11729249790729133,0.11788073258160733,0.11729249790729133
2016-10-19,0.021572949391806616,0.12159713473733932,0.11727882065628525,0.1178813551087366,0.11727882065628525
2016-10-20,0.021573798273892334,0.12160858908036781,0.11728805053457517,0.1178929245769878,0.11728805053457517
2016-10-21,0.021569137127334364,0.1215478351818898,0.11723737445727393,0.11783120044287101,0.11723737445727393
2016-10-24,0.02155041618315532,0.12133510541730133,0.11703395029213509,0.11761204619009989,0.11703395029213509
2016-10-25,0.021557145883631824,0.12142068485812087,0.11710705573934249,0.11769941051010825,0.11710705573934249
2016-10-26,0.021545984960390063,0.12128254727350819,0.11698582591416541,0.11755649867077746,0.11698582591416541
2016-10-27,0.02154758710220683,0.12129824649128967,0.11700322450165192,0.11757197771057865,0.11700322450165192
2016-10-28,0.0215458356475017,0.12128347621487551,0.11698420450478707,0.11755732031403103,0.11698420450478707
2016-10-31,0.02152756315874976,0.12107626925772022,0.11678586583959791,0.11734401635005236,0.11678586583959791
2016-11-01,0.021525872937082937,0.12106181180960413,0.11676752783726678,0.1173296682214068,0.11676752783726678
2016-11-02,0.021539050123454175,0.1211929690124243,0.11691053141560916,0.11745750188057538,0.11691053141560916
2016-11-03,0.021545122911522656,0.12125264207801753,0.11697646496069986,0.11751626357738729,0.11697646496069986
2016-11-04,0.02154121809932244,0.12121337588246962,0.11693406745504932,0.11747759482334053,0.11693406745504932
2016-11-07,0.0215583068650044,0.12140629572487369,0.11711966991119536,0.11767598784055706,0.11711966991119536
2016-11-08,0.02155716056116339,0.12139285514043043,0.11710721520786412,0.11766232396156658,0.11710721520786412
2016-11-09,0.021616850505554765,0.12208303962082875,0.11775663289643483,0.1182981486860986,0.11775663289643483
2016-11-10,0.021685984015519518,0.12282522077877946,0.11851103948578474,0.11908540841331136,0.11851103948578474
2016-11-11,0.021750780923709214,0.12355060594226444,0.11922031063938054,0.1197700523701682,0.11922031063938054
2016-11-14,0.02174551531651313,0.12350057546639823,0.11916259396793821,0.11972073361527176,0.11916259396793821
2016-11-15,0.021746157976446218,0.12350625853057925,0.11916963745761197,0.11972637793570776,0.11916963745761197
2016-11-16,0.021746131001708097,0.12350580364471923,0.11916934181294941,0.11972592098922563,0.11916934181294941
2016-11-17,0.02172521544314659,0.12327202344026288,0.11894021648488606,0.11948448302457151,0.11894021648488606
2016-11-18,0.021692655535640655,0.12291638560405052,0.1185839686553662,0.11911461000823671,0.1185839686553662
2016-11-21,0.021692070112916448,0.12291313706350895,0.11857756825748811,0.11911139123568809,0.11857756825748811
2016-11-22,0.02166939124109736,0.12267854068942541,0.11832975422345625,0.11889778804870205,0.11832975422345625
2016-11-23,0.021665775767825482,0.12265231827463116,0.11829027158466685,0.1188724983798995,0.11829027158466685
2016-11-24,0.021655147188304184,0.1225415194175606,0.11817424073627389,0.11876468205380897,0.11817424073627389
2016-11-25,0.02164074741578,0.12239637344351391,0.11801713107582436,0.11862298799351051,0.11801713107582436
2016-11-28,0.02164289456288091,0.12242487297338114,0.11804055103511499,0.11865182867541217,0.11804055103511499
2016-11-29,0.021631843506851847,0.1223154710727018,0.11792003668324195,0.11854473471189331,0.11792003668324195
2016-11-30,0.021625868655663585,0.12226180170850379,0.1178549051682272,0.11849185439292981,0.1178549051682272
2016-12-01,0.02159407484361322,0.12190867848687419,0.11750862522459546,0.11812419057569112,0.11750862522459546
2016-12-02,0.021583503096854872,0.12179551202333593,0.11739359669484985,0.1180154750383677,0.11739359669484985
2016-12-05,0.021565889226663863,0.12158877490157437,0.11720206969045759,0.11780256816879213,0.11720206969045759
2016-12-06,0.021579091476203637,0.12174503710987736,0.11734561161246784,0.11796281173936177,0.11734561161246784
2016-12-07,0.02157757075909949,0.12172207039757396,0.11732907308571422,0.11793962330369126,0.11732907308571422
2016-12-08,0.02157894469267835,0.12176440270223243,0.11734401522051713,0.11798806498266959,0.11734401522051713
2016-12-09,0.02272409578076598,0.13226763274207481,0.1301289013214634,0.13103568505570606,0.1301289013214634
2016-12-12,0.02363666483777314,0.14530901318540446,0.14079036501261175,0.14147824174443574,0.14079036501261175
2016-12-13,0.023619374322951876,0.14512261578647118,0.14058446053874502,0.14129691213672785,0.14058446053874502
2016-12-14,0.023605322608917,0.14497663253135776,0.14041723637870412,0.14115456112279653,0.14041723637870412
2016-12-15,0.023575996769587663,0.14460861817138762,0.14006856116726119,0.1407718910795271,0.14006856116726119
2016-12-16,0.02358460562467015,0.1446997849195354,0.14017087286274818,0.14086127680129873,0.14017087286274818
2016-12-19,0.023588655182219698,0.1447364432443449,0.14021901263302639,0.1408974400878017,0.14021901263302639
2016-12-20,0.023578502355200745,0.14462757626134953,0.1400983348751802,0.14079086433301347,0.1400983348751802
2016-12-21,0.02356769983376257,0.14448405218959212,0.1399699918144917,0.1406438198522152,0.1399699918144917
2016-12-22,0.02355895290834272,0.14438122889780824,0.1398661140586525,0.14054535975934654,0.1398661140586525
2016-12-23,0.02354632553777974,0.14424135857241815,0.1397162204754368,0.14040909625729253,0.1397162204754368
2016-12-26,0.02354556453173703,0.1442429168958295,0.1397071894977846,0.14041081482371137,0.1397071894977846
2016-12-27,0.023532792311279412,0.1441066127558551,0.1395556631193845,0.14027765499363903,0.1395556631193845
2016-12-28,0.023537317781117742,0.14419016164918014,0.139609342738989,0.14036547092774326,0.139609342738989
2016-12-29,0.023540159102397294,0.14421358508861987,0.13964305082267692,0.14038865783407578,0.13964305082267692
2016-12-30,0.023526909249251323,0.1440498424452703,0.13948589562327188,0.14021903848857523,0.13948589562327188
2017-01-03,0.023517141246667195,0.1439202987672382,0.13937009496875527,0.14008643227791437,0.13937009496875527
2017-01-04,0.023514540971256853,0.14389639621232622,0.13933927654640715,0.1400627681376565,0.13933927654640715
2017-01-05,0.023519680455820997,0.14397406138205804,0.1394001929234699,0.1401419032914448,0.1394001929234699
2017-01-06,0.02351958543887558,0.1439722377244695,0.1393990666025752,0.14014006714771704,0.1393990666025752
2017-01-09,0.02352064922085775,0.14397716196274865,0.13941167682220035,0.14014494060945695,0.13941167682220035
2017-01-10,0.02351944682832636,0.14395360939366858,0.13939742353583862,0.1401211500523864,0.13939742353583862
2017-01-11,0.023516747437842964,0.14391144287809232,0.13936542733393398,0.14007843052742103,0.13936542733393398
2017-01-12,0.02352350830337532,0.14401061192208436,0.13944557161053986,0.14017981801163037,0.13944557161053986
2017-01-13,0.023523783114143243,0.14401358333644332,0.13944882974431522,0.14018272375762975,0.13944882974431522
2017-01-16,0.023525088542067567,0.14402779590853543,0.1394643073098539,0.14019660510033194,0.1394643073098539
2017-01-17,0.02352550824384473,0.14403417487623388,0.139469283609064,0.1402030561281447,0.139469283609064
2017-01-18,0.023490106647570314,0.14363234648582385,0.1390498477991852,0.1398170999061564,0.1390498477991852
2017-01-19,0.023483874486337326,0.14356837385125998,0.1389760749442914,0.1397542835017921,0.1389760749442914
2017-01-20,0.023473607411422823,0.14347067832705213,0.13885458171621232,0.13965876148419526,0.13885458171621232
2017-01-23,0.023444499040824844,0.1431707424732328,0.13851042288935975,0.13937368341042722,0.13851042288935975
2017-01-24,0.023447979973423634,0.14322401538319574,0.1385515567381871,0.13942780030059898,0.1385515567381871
2017-02-02,0.023427636392591617,0.14300079955124545,0.13831124502975775,0.13921213258107223,0.13831124502975775
2017-02-03,0.023427570045324097,0.14300048746943023,0.13831046163359886,0.1392118212375623,0.13831046163359886
2017-02-06,0.023420075950282053,0.14290094106301832,0.13822198929427892,0.13910960930736074,0.13822198929427892
2017-02-07,0.023413129394287895,0.14283841621999888,0.1381400062644843,0.13904807319575505,0.1381400062644843
2017-02-08,0.0234552773392947,0.14330520557508858,0.13863780883593435,0.13949532547559884,0.13863780883593435
2017-02-09,0.02345274974390055,0.14326818718800932,0.13860793057860687,0.139457696379239,0.13860793057860687
2017-02-10,0.023461046157945593,0.14338208796119123,0.13870601307996394,0.13957425979439028,0.13870601307996394
2017-02-13,0.023409000268897424,0.14280291033172937,0.13809128598448842,0.13902229708990668,0.13809128598448842
2017-02-14,0.023408626075785838,0.14281136299734137,0.1380868712385021,0.13903084132106397,0.1380868712385021
2017-02-15,0.0234018541474166,0.14272517871237272,0.1380069879393138,0.13894162039709848,0.1380069879393138
2017-02-16,0.02338319425197486,0.1424607371196706,0.13778699090324872,0.138665946908632,0.13778699090324872
2017-02-17,0.023373953273309565,0.1423694858750515,0.13767810628896043,0.13857646186859976,0.13767810628896043
2017-02-20,0.0233748426043821,0.1423621129254694,0.13768858322846841,0.13856884168277858,0.13768858322846841
2017-02-21,0.02337347882933791,0.14233913208187138,0.1376725171715479,0.13854559252065765,0.1376725171715479
2017-02-22,0.023323882091883807,0.14173542179817,0.1370888759106967,0.13791104455372616,0.1370888759106967
2017-02-23,0.02331917235927651,0.14165760124668045,0.13703351747945472,0.13783158527236156,0.13703351747945472
2017-02-24,0.024321881491175344,0.15164688505810964,0.149071587656236,0.15017452198523668,0.149071587656236
2017-03-01,0.025292398607152624,0.16667659527946074,0.1612057676803802,0.1620790673046892,0.1612057676803802
2017-03-02,0.02529263105924496,0.16668347662607197,0.16120873084656884,0.16208598950609882,0.16120873084656884
2017-03-03,0.025264545273128124,0.16629190558016393,0.16085090646020103,0.1616754966884264,0.16085090646020103
2017-03-06,0.025261785078854296,0.16626734379788277,0.16081576191329683,0.16165118433591796,0.16081576191329683
2017-03-07,0.025245056638684395,0.1660411209401013,0.16060284694197652,0.16141732915847665,0.16060284694197652
2017-03-08,0.025246487917837783,0.16607059437956112,0.16062105835075333,0.16144713753422854,0.16062105835075333
2017-03-09,0.02525741023626863,0.16619321119060093,0.1607600665044782,0.16156706228338616,0.1607600665044782
2017-03-10,0.025257607563293434,0.16619301826470395,0.1607625784349771,0.16156686757744101,0.1607625784349771
2017-03-13,0.025252653070441815,0.1661573846003924,0.1606995147482158,0.16153339406812475,0.1606995147482158
2017-03-14,0.02524346039458309,0.1660328498863455,0.16058253775860704,0.16140492888779068,0.16058253775860704
2017-03-15,0.025243969510016374,0.16603109196188207,0.16058901514890436,0.16140312407424343,0.16058901514890436
2017-03-16,0.025249348361528156,0.16610269858215523,0.16065745735581474,0.16147722840212655,0.16065745735581474
2017-03-17,0.025245542080738693,0.1660456928333956,0.16060902352748774,0.161419218281952,0.16060902352748774
2017-03-20,0.0252396966775183,0.16595529876948356,0.16053465667002834,0.16132706656602674,0.16053465667002834
2017-03-21,0.025250821256813383,0.16611053386813196,0.16067620148417172,0.1614864352486875,0.16067620148417172
2017-03-22,0.025259008257507435,0.1661995374728367,0.16078040953451286,0.16157378293621305,0.16078040953451286
2017-03-23,0.025258896158660747,0.1662029788431593,0.16077898245880967,0.1615772417760044,0.16077898245880967
2017-03-24,0.025259282103331088,0.1662041648317658,0.1607838957586669,0.16157842189234864,0.1607838957586669
2017-03-27,0.025259285138042133,0.16619899468677374,0.1607839343925989,0.16157322436456925,0.1607839343925989
2017-03-28,0.025258088489926205,0.16617716297059526,0.16076870060956555,0.1615511813550487,0.16076870060956555
2017-03-29,0.02525637161045313,0.1661391367775123,0.1607468453451763,0.1615123757668963,0.1607468453451763
2017-03-30,0.025237381960180657,0.16591391535247574,0.16050521294742112,0.1612938407272319,0.16050521294742112
2017-03-31,0.025233442758504327,0.16584649235053156,0.16045511162857204,0.16122506740478715,0.16045511162857204
2017-04-05,0.025236756435068283,0.16588993569471827,0.16049725659146602,0.16127009001638332,0.16049725659146602
2017-04-06,0.025235782383222403,0.16586300424805767,0.16048486754832625,0.16124260602775864,0.16048486754832625
2017-04-07,0.025237178437453014,0.16587699913813642,0.1605026242219285,0.16125647639811364,0.1605026242219285
2017-04-10,0.025236024391389295,0.16586917072290708,0.16048794562486443,0.16124871251611617,0.16048794562486443
2017-04-11,0.025237666033450804,0.16588504699266424,0.1605088262776311,0.16126445672983192,0.1605088262776311
2017-04-12,0.02523774416102229,0.16588915029278894,0.16050982004497807,0.16126857670440714,0.16050982004497807
2017-04-13,0.025236615603195744,0.1658893423814624,0.16049546531007267,0.16126918257402403,0.16049546531007267
2017-04-14,0.025248386192628397,0.1660223016489756,0.1606452133436913,0.16139910617649444,0.1606452133436913
2017-04-17,0.025243587054761353,0.16597277823515594,0.16058414922261136,0.16135028276058427,0.16058414922261136
2017-04-18,0.025224088039046865,0.1657093712827356,0.16033616358519998,0.16107811236666097,0.16033616358519998
2017-04-19,0.025234499859732893,0.1658295387968084,0.16046855575905655,0.1611956695784394,0.16046855575905655
2017-04-20,0.025222569070451388,0.16569177004419677,0.1603168536094501,0.16106107898934857,0.1603168536094501
2017-04-21,0.025182134118525813,0.1652044624543802,0.15980324944838228,0.1606023499564915,0.15980324944838228
2017-04-24,0.02518035350812865,0.16519242959893307,0.15978065110417033,0.160590463444477,0.15978065110417033
2017-04-25,0.025180147764836132,0.16518964312323267,0.15977804004766347,0.16058759611571238,0.15977804004766347
2017-04-26,0.025179646133608756,0.16518109320422514,0.15977167401226713,0.16057895924345394,0.15977167401226713
2017-04-27,0.025179614674948853,0.16518091275170255,0.1597712747850827,0.16057877918793917,0.1597712747850827
2017-04-28,0.025157748299479723,0.1648863699536922,0.15949389947399367,0.16027383581872923,0.15949389947399367
2017-05-02,0.025162260158512074,0.16495139503727307,0.1595511127437303,0.16034010889866487,0.1595511127437303
2017-05-03,0.025163348825080742,0.16497285711739187,0.1595649192713585,0.16036177122586717,0.1595649192713585
2017-05-04,0.025159374202155832,0.16493535745652388,0.15951451578151432,0.16032476336089793,0.15951451578151432
2017-05-05,0.025161995949789857,0.16496417418846998,0.1595477621246648,0.1603531176050777,0.1595477621246648
2017-05-08,0.025145316478298388,0.16478700196203563,0.15933630908003368,0.16018354029250229,0.15933630908003368
2017-05-09,0.025144590867473778,0.16477512487859025,0.15932711337294672,0.16017151685591574,0.15932711337294672
2017-05-10,0.025144580676756418,0.164774957053287,0.15932698422729788,0.16017134702856792,0.15932698422729788
2017-05-11,0.025145002147319698,0.1647850118511228,0.15933232551315546,0.16018147098329497,0.15933232551315546
2017-05-12,0.025145302203378045,0.16477638258068839,0.1593361281706006,0.16017268305957286,0.1593361281706006
2017-05-15,0.025145016620383497,0.1647807297444628,0.15933250893151932,0.16017707393222996,0.15933250893151932
2017-05-16,0.025122817667433267,0.1645238755899759,0.15905130382287647,0.1599282595315594,0.15905130382287647
2017-05-17,0.025108633150771144,0.1643620697392233,0.1588717515924009,0.15977071547443977,0.1588717515924009
2017-05-18,0.025094235619222076,0.16419405521656355,0.15868960665088455,0.15960777699376397,0.15868960665088455
2017-05-19,0.025083397644257814,0.16407751203086068,0.15855256301974952,0.15949372321355235,0.15855256301974952
2017-05-22,0.025083553780839693,0.16408166880415315,0.15855453690962187,0.15949790731752037,0.15855453690962187
2017-05-23,0.025077041288217913,0.16402696151793356,0.15847221594228844,0.1594444825084624,0.15847221594228844
2017-05-24,0.025077199078647604,0.16402739094659374,0.1584742102347913,0.15944491137485917,0.1584742102347913
2017-05-25,0.025081090383466387,0.16408503867744317,0.15852339589554976,0.15950383071009772,0.15852339589554976
2017-05-26,0.025080272345704712,0.16407917949463025,0.15851305535554958,0.15949800234692108,0.15851305535554958
2017-05-31,0.025083889790850817,0.16411308307185063,0.15855878481396657,0.1595315035585514,0.15855878481396657
2017-06-01,0.025073547278955853,0.16401937401478606,0.15842805883380867,0.15944068941631862,0.15842805883380867
2017-06-02,0.0250708931794201,0.16397746601312763,0.15839452057310113,0.15939802871880238,0.15839452057310113
2017-06-05,0.025074338667264186,0.1640265075538619,0.1584380598193663,0.15944841072597693,0.1584380598193663
2017-06-06,0.025073946891748383,0.16402413657806686,0.15843310880801503,0.15944604848215985,0.15843310880801503
2017-06-07,0.025070950527987246,0.1639988420194169,0.15839524521494955,0.15942100644980287,0.15839524521494955
2017-06-08,0.025069799975157073,0.16397951229779067,0.15838070744018515,0.15940138958034547,0.15838070744018515
2017-06-09,0.024989133189481823,0.16294866068895744,0.15736310794553882,0.15829986809022564,0.15736310794553882
2017-06-12,0.02498991206609284,0.16295779412399738,0.15737291767790523,0.15830871166000657,0.15737291767790523
2017-06-13,0.024982732031842675,0.1628495522602767,0.15728249874326422,0.1581981325310699,0.15728249874326422
2017-06-14,0.024985698716504124,0.16287081900161904,0.15731985536868281,0.15821909121251254,0.15731985536868281
2017-06-15,0.024982646747970808,0.16281956591086552,0.15728142491054187,0.15816708762045226,0.15728142491054187
2017-06-16,0.02498485504363414,0.1628497224492783,0.1573092313509554,0.15819812263741756,0.1573092313509554
2017-06-19,0.024992552619311603,0.16296682622584682,0.15740617698012294,0.15831780269838608,0.15740617698012294
2017-06-20,0.024996495208747988,0.16302060272173902,0.15745584272568222,0.1583732326153956,0.15745584272568222
2017-06-21,0.024996402499517203,0.16302218295054824,0.1574546747553032,0.1583748168246316,0.1574546747553032
2017-06-22,0.024996436538589926,0.16302295319738994,0.15745510358619388,0.15837559271262738,0.15745510358619388
2017-06-23,0.024996337339430186,0.16301359633710813,0.1574538538574211,0.158366174179665,0.1574538538574211
2017-06-26,0.02501714383410116,0.1632783066770541,0.1577160863752586,0.1586451142512869,0.1577160863752586
2017-06-27,0.025016106529923494,0.16325104686293906,0.15770300765095316,0.1586175395430599,0.15770300765095316
2017-06-28,0.024978333579716613,0.1627839585699266,0.15722712140173883,0.1581740344047953,0.15722712140173883
2017-06-29,0.024976223816469984,0.16274661519450923,0.15720056254486142,0.15813620539287443,0.15720056254486142
2017-06-30,0.02497762178695377,0.16275386149069343,0.15721816071329114,0.15814338428072502,0.15721816071329114
2017-07-03,0.024959358867860812,0.16255239457065934,0.15698833796385486,0.1579475338159964,0.15698833796385486
2017-07-04,0.02495510384248245,0.16246458635754307,0.15693481636284878,0.15785671810497762,0.15693481636284878
2017-07-05,0.02495776740063713,0.1625021794982745,0.15696831871332495,0.1578952500549017,0.15696831871332495
2017-07-06,0.024959491841618144,0.16250622286069594,0.15699001071393426,0.15789901370566836,0.15699001071393426
2017-07-07,0.02496269037641281,0.1625284214926997,0.15703024952882047,0.1579208000223964,0.15703024952882047
2017-07-10,0.02496303641790115,0.1625478460950307,0.15703460317476767,0.1579404979545409,0.15703460317476767
2017-07-11,0.024918339826139665,0.16203829720537338,0.1564727622421265,0.15747507742005798,0.1564727622421265
2017-07-12,0.02491184524875327,0.16193433178577782,0.1563912084918534,0.15736895893584524,0.1563912084918534
2017-07-13,0.024914921342563377,0.16198160406497242,0.15642983298754223,0.1574171121245575,0.15642983298754223
2017-07-14,0.024908026090704444,0.1618678850251294,0.15634326046127373,0.1573008060267184,0.15634326046127373
2017-07-17,0.024899315297957095,0.16173989472764813,0.15623392738138422,0.1571697655448111,0.15623392738138422
2017-07-18,0.024889548828115473,0.16159995832036686,0.15611138949852035,0.15702627086178061,0.15611138949852035
2017-07-19,0.02489006477993377,0.1616125489285486,0.1561178618368235,0.15703895660672074,0.1561178618368235
2017-07-20,0.02488894435506655,0.1616037598910341,0.15610380687961894,0.15703022227762192,0.15610380687961894
2017-07-21,0.02486403786548362,0.16130670148941278,0.15579153550200325,0.15674487317158803,0.15579153550200325
2017-07-24,0.02485411629996363,0.16116432744716636,0.15566722845713368,0.15659884954340583,0.15566722845713368
2017-07-25,0.02482605900085962,0.16079109053380272,0.15531596778956905,0.1562105729407134,0.15531596778956905
2017-07-26,0.024822719950574317,0.1607256448201508,0.15527419128764933,0.15614361296085433,0.15527419128764933
2017-07-27,0.024829724027915605,0.1608299813944053,0.15536182921621727,0.15625013050221376,0.15536182921621727
2017-07-28,0.02484096260498674,0.16094961388708887,0.1555025026318721,0.1563671698974202,0.1555025026318721
2017-07-31,0.02483958844793448,0.16089821082394498,0.15548529887421556,0.15631097784247028,0.15548529887421556
2017-08-01,0.02483538115355785,0.1608401135457916,0.1554326315747091,0.15625153135470266,0.1554326315747091
2017-08-02,0.02484007285465733,0.16091002352790995,0.15549136329502034,0.15632267281131748,0.15549136329502034
2017-08-03,0.024841510736520824,0.1609228213834867,0.1555093652295152,0.15633537472382553,0.1555093652295152
2017-08-04,0.024840185172369744,0.16090081435250048,0.15549276944819965,0.15631312298521272,0.15549276944819965
2017-08-07,0.024841835431544883,0.16094012179339337,0.1555134304772056,0.15635328904397564,0.1555134304772056
2017-08-08,0.024839806544405565,0.160921581796509,0.15548802926920038,0.15633491192495366,0.15548802926920038
2017-08-09,0.024845833974614165,0.16097171495338783,0.15556349740531106,0.15638315734142175,0.15556349740531106
2017-08-10,0.024849441005501845,0.16099862025770967,0.15560866900805098,0.15640929582285373,0.15560866900805098
2017-08-11,0.024843261972363955,0.1609285593272768,0.15553129168773128,0.15634072124603368,0.15553129168773128
2017-08-14,0.024841944882872655,0.1609136972489659,0.15551480084204808,0.15632615645277176,0.15551480084204808
2017-08-15,0.024836628451150627,0.16084233083621025,0.15544824443076719,0.1562528383576305,0.15544824443076719
2017-08-16,0.024838214391747944,0.16085604835141976,0.15546809733094952,0.15626645482266022,0.15546809733094952
2017-08-17,0.02483612869905205,0.16085542278081771,0.155441988766481,0.15626786242547844,0.155441988766481
2017-08-18,0.02483926294168751,0.16088139595959816,0.15548122383854518,0.15629347729050294,0.15548122383854518
2017-08-21,0.024832868061314215,0.1607836632463744,0.15540117670996118,0.15619366592960018,0.15540117670996118
2017-08-22,0.024836882287300986,0.16083793002450875,0.15545142188181785,0.15624929267873658,0.15545142188181785
2017-08-23,0.024517667631617755,0.15726209470717528,0.15148123857580817,0.15218714184071142,0.15148123857580817
2017-08-24,0.024305115380467732,0.1544145567923716,0.14886613568177798,0.14967350459688517,0.14886613568177798
2017-08-25,0.02429692400731963,0.15433149508502747,0.14876581008680115,0.14959203764594484,0.14876581008680115
2017-08-28,0.02429689621768775,0.15432211426487835,0.14876546978489852,0.1495825540417905,0.14876546978489852
2017-08-29,0.02429797485318755,0.154326795457882,0.14877867865546587,0.14958715997970953,0.14877867865546587
2017-08-30,0.02429581120566428,0.15431748967961623,0.14875218341960306,0.14957845297112954,0.14875218341960306
2017-08-31,0.024296167548147042,0.15432453518964281,0.14875654689696363,0.1495855476513658,0.14875654689696363
2017-09-01,0.02239065345232636,0.1371652778042549,0.12633802322958795,0.1268289238638094,0.12633802322958795
2017-09-04,0.020339338343143786,0.10663597602929184,0.10424954842769352,0.10475027992540151,0.10424954842769352
2017-09-05,0.020332931876281164,0.10658445838675604,0.10418388590874364,0.10469952852445358,0.10418388590874364
2017-09-06,0.020326923159624567,0.10650067140201647,0.10412231889459497,0.10461350632988936,0.10412231889459497
2017-09-07,0.018007104538443335,0.08935915902419646,0.08171246509232348,0.08187447397920321,0.08171246509232348
2017-09-08,0.01574821017296824,0.06345538577256526,0.06249754316029904,0.06269613399355164,0.06249754316029904
2017-09-11,0.015749007054677702,0.06345665255980326,0.06250386824848858,0.062697382995725,0.06250386824848858
2017-09-12,0.015749754168936814,0.06346925482374471,0.06250979860824951,0.06271008146034299,0.06250979860824951
2017-09-13,0.015803414704755492,0.06388174029842975,0.0629364749152815,0.06310627819859776,0.0629364749152815
2017-09-14,0.015815084601239173,0.06400202648442566,0.06302945903797681,0.0632334043807265,0.06302945903797681
2017-09-15,0.01581084656547874,0.06397633351488585,0.06299568301751193,0.06320796991198502,0.06299568301751193
2017-09-18,0.015820719522443634,0.06406681334677466,0.06307438188437293,0.06330025109279988,0.06307438188437293
2017-09-19,0.01579318039317466,0.06382254445193841,0.06285498582670185,0.06304678084328974,0.06285498582670185
2017-09-20,0.015793743335780975,0.06380705079133955,0.06285946679624455,0.06302974732762909,0.06285946679624455
2017-09-21,0.015774686442622792,0.06364987868916902,0.06270786455549297,0.0628675135109206,0.06270786455549297
2017-09-22,0.015797126866425065,0.06381942468980789,0.06288640274295001,0.0630323413195486,0.06288640274295001
2017-09-25,0.015768216030501464,0.06359331227654921,0.06265643246970996,0.06281486592398303,0.06265643246970996
2017-09-26,0.015712528886550253,0.0631518871676307,0.06221465813069039,0.06239447542854118,0.06221465813069039
2017-09-27,0.015714735510520654,0.06317645564535368,0.06223213386573595,0.06241928928584106,0.06223213386573595
2017-09-28,0.01571180661976636,0.06315622946820154,0.062208938548747386,0.06239935543286593,0.062208938548747386
2017-09-29,0.015542168928687096,0.06187508306054415,0.060872871781977346,0.06102023925678865,0.060872871781977346
2017-10-02,0.015554156472101852,0.06198187302413685,0.06096680945677423,0.06112933996129044,0.06096680945677423
2017-10-03,0.015551874655613196,0.06195774223129877,0.06094892293658383,0.06110497033270976,0.06094892293658383
2017-10-05,0.015553299951620398,0.06197161401677778,0.06096009512503892,0.06111898090581375,0.06096009512503892
2017-10-06,0.015548875684252348,0.061932525775956954,0.06092541883117215,0.0610792696856631,0.06092541883117215
2017-10-11,0.015555813195388101,0.06201483107388245,0.060979797690792266,0.06117333050063109,0.060979797690792266
2017-10-12,0.015547612434815715,0.06194841050538069,0.060915519610655534,0.0611046521397344,0.060915519610655534
2017-10-13,0.015523376953652364,0.061772295057445026,0.06072575847538671,0.060933232582958075,0.06072575847538671
2017-10-16,0.015521025171734114,0.061751683998811424,0.0607073600401642,0.0609122333468855,0.0607073600401642
2017-10-17,0.015520784131801935,0.061739830214346925,0.060705474496630676,0.0609002058311624,0.060705474496630676
2017-10-18,0.015519452265548237,0.061740179502157266,0.06069505645290284,0.060900729827847,0.06069505645290284
2017-10-19,0.015519910266986781,0.06174488490512642,0.060698638903221074,0.060905480352991787,0.060698638903221074
2017-10-20,0.015522022010849,0.0617569728281831,0.060715158160930774,0.06091748024290941,0.060715158160930774
2017-10-23,0.015520878010357814,0.0617505380115384,0.060706208861527,0.06091108579867635,0.060706208861527
2017-10-24,0.01550738145074353,0.06162933043192509,0.06060067762363386,0.060787113682168825,0.06060067762363386
2017-10-25,0.015498626045349006,0.06157083812341213,0.06053226714197978,0.06072951346333716,0.06053226714197978
2017-10-26,0.01549678895508345,0.061560004231313914,0.0605179179154359,0.06071876145911548,0.0605179179154359
2017-10-27,0.015496715986668469,0.06156035602248505,0.060517348005609456,0.060719113667966895,0.060517348005609456
2017-10-30,0.015497920899069198,0.06157061057867508,0.06052675915283907,0.06072959632048808,0.06052675915283907
2017-10-31,0.015495581746852175,0.061548653799667175,0.060508489525691336,0.060707349476290556,0.060508489525691336
2017-11-01,0.015494585413632755,0.06153298264644136,0.06050070863937095,0.06069153337670599,0.06050070863937095
2017-11-02,0.015496663264830558,0.06154502398468739,0.06051693623057432,0.06070348728062161,0.06051693623057432
2017-11-03,0.015497078720168088,0.06154452584511319,0.060520181112489815,0.06070298063962801,0.060520181112489815
2017-11-06,0.015486996662295185,0.06145669665783374,0.060441460535721435,0.060613402488398666,0.060441460535721435
2017-11-07,0.01548481311204259,0.06145450308125405,0.060424418152951305,0.060611831263202576,0.060424418152951305
2017-11-08,0.015482854228047621,0.06144112159299597,0.06040913131183697,0.060598642524837515,0.06040913131183697
2017-11-09,0.0155010082826892,0.06156903510237827,0.060550876960559795,0.06072371092719628,0.060550876960559795
2017-11-10,0.015505319453000087,0.061611351368914796,0.060584562697574895,0.06076658316139011,0.060584562697574895
2017-11-13,0.015506988684318629,0.06162014618532041,0.06059760791000767,0.06077532604490157,0.06059760791000767
2017-11-14,0.015487905924306378,0.06148296969719835,0.06044855793988148,0.060641405768012996,0.06044855793988148
2017-11-15,0.015493938425511116,0.061527425334776176,0.06049565623924954,0.0606846796817177,0.06049565623924954
2017-11-16,0.01549334642678076,0.06153236790510391,0.06049103344206051,0.06068975969105181,0.06049103344206051
2017-11-17,0.015479179100428677,0.061418510376670066,0.06038045637703328,0.06057185399059792,0.06038045637703328
2017-11-20,0.015480046543852911,0.06141246903903022,0.06038722393196282,0.0605654407927933,0.06038722393196282
2017-11-21,0.015345492822240875,0.060363110369693274,0.05934200578927644,0.05958959139145262,0.05934200578927644
2017-11-22,0.015247234615333793,0.059613275209743855,0.05858449718058833,0.05879520790534132,0.05858449718058833
2017-11-23,0.01514505663531982,0.05883840621345049,0.057801930602735314,0.058061776615851574,0.057801930602735314
2017-11-24,0.01514533906346007,0.05883824226664375,0.057804086427486724,0.05806161153793957,0.057804086427486724
2017-11-27,0.015164428592128848,0.05897128412013325,0.05794989342049528,0.058191402119875474,0.05794989342049528
2017-11-28,0.015171517907210207,0.05901252678691721,0.05800408881341759,0.05823207498299751,0.05800408881341759
2017-11-29,0.015170989912283125,0.05900583734890802,0.05800005159948628,0.05822534251344422,0.05800005159948628
2017-11-30,0.015213365607015868,0.0593086028203596,0.05832451625936879,0.05851738389994976,0.05832451625936879
2017-12-01,0.015214924139037814,0.05932454561903683,0.058336466972282244,0.0585334741118049,0.058336466972282244
2017-12-04,0.015194731645516655,0.059160842005580916,0.05818172718437485,0.05836506845027867,0.05818172718437485
2017-12-05,0.015201914322388576,0.0591995346726322,0.05823674616444122,0.05840255215751408,0.05823674616444122
2017-12-06,0.015237665961841585,0.059468038495074094,0.05851098891909574,0.0586612811284901,0.05851098891909574
2017-12-07,0.015237440963884527,0.05946792939730425,0.05850926099622229,0.058661173190870525,0.05850926099622229
2017-12-08,0.015234215882008203,0.05943684926056855,0.05848449605198701,0.05862974359096182,0.05848449605198701
2017-12-11,0.015239749115153122,0.05948910132520274,0.058526988179388215,0.05868280804007464,0.058526988179388215
2017-12-12,0.015246828437491273,0.059534778843515324,0.05858137590537772,0.058727863897777524,0.05858137590537772
2017-12-13,0.015245141051361754,0.05951779862124665,0.05856841007033067,0.0587107385586257,0.05856841007033067
2017-12-14,0.015236889563548956,0.05947571550709002,0.058505026500090346,0.05867301170447495,0.058505026500090346
2017-12-15,0.01524600864169078,0.05953797637492461,0.05857507643463251,0.058734260615992545,0.05857507643463251
2017-12-18,0.01522709743288597,0.05938323082675406,0.058429853050111835,0.05857553744808633,0.058429853050111835
2017-12-19,0.015231022938337866,0.059407738528300474,0.05845998305653991,0.05859980428623984,0.05845998305653991
2017-12-20,0.01521319341043992,0.059264825404113264,0.05832319594335006,0.058453115327367744,0.05832319594335006
2017-12-21,0.013419371075335392,0.04876197640381916,0.04538003905450213,0.045405875823895506,0.04538003905450213
2017-12-22,0.011736942982875366,0.035550998555780255,0.03471446930698336,0.034788760151775094,0.03471446930698336
2017-12-25,0.011737119907774969,0.035552511028395295,0.034715515899830844,0.0347902799886194,0.034715515899830844
2017-12-26,0.011754708632498846,0.035646699816261174,0.03481964010880561,0.034882527888812354,0.03481964010880561
2017-12-27,0.01175531113963287,0.03565437288689813,0.03482320967737332,0.03489026538607275,0.03482320967737332
2017-12-28,0.011752896937054612,0.035656515999284266,0.034808907776082976,0.0348961036379217,0.034808907776082976
2017-12-29,0.011749175831060053,0.03564729603313874,0.034786869442709756,0.03488770192390994,0.034786869442709756
2018-01-02,0.01175250325479791,0.0356750340641763,0.03480657585401693,0.034915771420614,0.03480657585401693
2018-01-03,0.011764243673492393,0.03575551865470955,0.03487615216074506,0.03499773384082405,0.03487615216074506
2018-01-04,0.011734696113072632,0.03559714118468427,0.03470117940227281,0.03484339986973248,0.03470117940227281
2018-01-05,0.014551673487415154,0.060642733714160124,0.05336130272365396,0.05348021342503348,0.05336130272365396
2018-01-08,0.017342779935918626,0.07778988543957102,0.07579454800823682,0.07622464346629695,0.07579454800823682
2018-01-09,0.017342529541507782,0.07778973904152478,0.07579235938631368,0.07622449819335037,0.07579235938631368
2018-01-10,0.01733143641896257,0.07767160797509687,0.07569542946282463,0.07610274357688579,0.07569542946282463
2018-01-11,0.017330580018086062,0.07766508914718129,0.07568794894834754,0.07609631319257082,0.07568794894834754
2018-01-12,0.017331716311314152,0.07767569106032332,0.07569787435456,0.07610717357261074,0.07569787435456
2018-01-15,0.01733554039500453,0.0777159730206714,0.07573128211828212,0.0761480041340871,0.07573128211828212
2018-01-16,0.017336612645761577,0.07773244391282197,0.07574065078335342,0.07616461619865827,0.07574065078335342
2018-01-17,0.01732881793284809,0.07765516341217574,0.07567255859934899,0.07608588561884988,0.07567255859934899
2018-01-18,0.017347293311894513,0.07782848804831743,0.07583400348272283,0.07626402227607518,0.07583400348272283
2018-01-19,0.01735523198302884,0.07791599888823925,0.0759034274505563,0.07635345830253126,0.0759034274505563
2018-01-22,0.01937696191039704,0.10299282543435134,0.09461759652499839,0.09501454101307033,0.09461759652499839
2018-01-23,0.021549995076919383,0.12015244571717776,0.11702937652944291,0.11777152813568653,0.11702937652944291
2018-01-24,0.0215579748162636,0.12020646091700637,0.1171160621010212,0.11781941321808562,0.1171160621010212
2018-01-25,0.021551939276022863,0.1201572398033208,0.11705049381245898,0.11777109887682505,0.11705049381245898
2018-01-26,0.02154425628069532,0.1200881194781648,0.11696705462944648,0.11770312210280909,0.11696705462944648
2018-01-29,0.02159253661077297,0.12059058921771282,0.1174918845964679,0.11818253727519898,0.1174918845964679
2018-01-30,0.021606070717415504,0.12072616226830077,0.11763921754518185,0.11831487664192963,0.11763921754518185
2018-01-31,0.021604952600223725,0.12071983101429717,0.1176270421681943,0.11830859146926478,0.1176270421681943
2018-02-01,0.0216082723404978,0.12076168339003063,0.11766319325236282,0.11835110580215935,0.11766319325236282
2018-02-02,0.021605142890860757,0.12071065622208522,0.11762911423229681,0.11829880327871568,0.11762911423229681
2018-02-05,0.021624303390401955,0.12089619264685042,0.11783784527427767,0.11847613484119816,0.11783784527427767
2018-02-06,0.021830393623759416,0.12332847754891642,0.1200946536136055,0.1206813003592834,0.1200946536136055
2018-02-07,0.02184356081533503,0.12348175985364555,0.12023956957149647,0.12083846857667735,0.12023956957149647
2018-02-08,0.021841401496358173,0.12345232444010926,0.1202157984699295,0.12080870431206775,0.1202157984699295
2018-02-09,0.021876681541416972,0.1238364005801432,0.12060447720667267,0.12117812926399316,0.12060447720667267
2018-02-12,0.021839602142511412,0.12343612697838953,0.12019599187928365,0.12079849114257996,0.12019599187928365
2018-02-21,0.021883019960232463,0.12391197610321865,0.12067437377014296,0.12129654904795535,0.12067437377014296
2018-02-22,0.02187698108268566,0.12382931512236678,0.12060777992563093,0.12121072319335724,0.12060777992563093
2018-02-23,0.021889436865450425,0.1239738192026201,0.12074515646420811,0.12135890517990607,0.12074515646420811
2018-02-26,0.021890381807061963,0.12398572003215422,0.12075558154605524,0.1213709563920752,0.12075558154605524
2018-02-27,0.02188312365399194,0.1238963609496716,0.1206755174156872,0.12127987247392343,0.1206755174156872
2018-03-01,0.021884697091663567,0.1239126937829222,0.12069287163205468,0.12129587892514401,0.12069287163205468
2018-03-02,0.0218899973313695,0.12396550364285801,0.12075133975817567,0.12134789429228464,0.12075133975817567
2018-03-05,0.0218912911163525,0.12397834542300698,0.12076561393870527,0.12136057435627823,0.12076561393870527
2018-03-06,0.021916763241216653,0.12426462382724186,0.12104681676482947,0.12165699646062059,0.12104681676482947
2018-03-07,0.021918867873076217,0.12428246621426917,0.12107006574701792,0.12167468254335638,0.12107006574701792
2018-03-09,0.02193153685107387,0.12443561127330374,0.1212100617798028,0.12183201897473353,0.1212100617798028
2018-03-12,0.020817583173972212,0.11467365941568364,0.10920968583972325,0.10972404056784317,0.10920968583972325
2018-03-13,0.01964608295847722,0.09968659587999384,0.097264081054065,0.09786445489092255,0.097264081054065
2018-03-14,0.019652674339682447,0.09973845081354044,0.09732935739280646,0.09791536136638943,0.09732935739280646
2018-03-15,0.019648050273531156,0.09969984804496276,0.09728356164690435,0.09787723993646137,0.09728356164690435
2018-03-16,0.019650409152130014,0.09971677046733413,0.09730692212122098,0.09789401739966966,0.09730692212122098
2018-03-19,0.01964931934111838,0.09969997978267098,0.09729612914345069,0.09787708340518854,0.09729612914345069
2018-03-20,0.019647044953085755,0.09967018716579243,0.09727360659792025,0.09784695653578859,0.09727360659792025
2018-03-21,0.01963334750727982,0.09954724964194181,0.09713802025408592,0.09772671260921231,0.09713802025408592
2018-03-22,0.0196349817778441,0.09955966034177349,0.0971541923729,0.09773903188532679,0.0971541923729
2018-03-23,0.019663598045253805,0.09982407008910624,0.09743758619749794,0.09799204254791372,0.09743758619749794
2018-03-26,0.019659554872665082,0.09977863585460586,0.097397520643415,0.09794596258147968,0.097397520643415
2018-03-27,0.019678804413662692,0.09998144631513331,0.09758834647409995,0.09815488047917319,0.09758834647409995
2018-03-28,0.019683797169262968,0.10001123681918356,0.09763787149217257,0.09817496526950492,0.09763787149217257
2018-03-29,0.019683833573639235,0.10000727027205075,0.09763823264699123,0.0981709469128056,0.09763823264699123
2018-03-30,0.019691251850475305,0.10008876431286437,0.09771184065858947,0.09825394575422902,0.09771184065858947
2018-04-02,0.01968178207498909,0.09998109421978332,0.09761788150313519,0.09814134710399483,0.09761788150313519
2018-04-03,0.019681337434469943,0.09997677936046542,0.09761347088878591,0.09813715066401689,0.09761347088878591
2018-04-09,0.01968779510248854,0.100045230843188,0.09767753755138807,0.09820683684176937,0.09767753755138807
2018-04-10,0.019688484806062223,0.10005664019559755,0.09768438135755284,0.0982183477668776,0.09768438135755284
2018-04-12,0.019688373357789193,0.10005618611567813,0.09768327545987723,0.09821789429830785,0.09768327545987723
2018-04-13,0.01968839302643255,0.10005573264710838,0.09768347063074602,0.09821744021838844,0.09768347063074602
2018-04-16,0.019687748712308696,0.10005022470853749,0.0976770772384712,0.09821198041105489,0.0976770772384712
2018-04-17,0.019700560782380694,0.10017064752026927,0.0978042479753496,0.09832974878930338,0.0978042479753496
2018-04-18,0.01969995465705742,0.10016929062556118,0.09779822979950982,0.09832846125761896,0.09779822979950982
2018-04-19,0.019699898304901212,0.10016873410451607,0.0977976702923093,0.0983278829539445,0.0977976702923093
2018-04-20,0.019753824713322928,0.10071122952501545,0.09833382488278129,0.09884527843247684,0.09833382488278129
2018-04-23,0.0197625269402664,0.10079496849654543,0.0984204827083183,0.09892717505374302,0.0984204827083183
2018-04-24,0.019765317192298952,0.10081843613623796,0.09844827645547151,0.09895038541977415,0.09844827645547151
2018-04-25,0.01976460311866001,0.10081189497841878,0.09844116318241254,0.0989439148838009,0.09844116318241254
2018-04-26,0.01976553719301168,0.10081779348462037,0.09845046805313866,0.09894973375155341,0.09845046805313866
2018-04-27,0.01976382918814808,0.10079924980399284,0.09843345393293008,0.09893099399702826,0.09843345393293008
2018-04-30,0.019759420739602775,0.10076568708795303,0.09838954640709036,0.09890249660588411,0.09838954640709036
2018-05-02,0.01976567144458231,0.10082233054284273,0.09845180544910449,0.09895828604670315,0.09845180544910449
2018-05-03,0.019777957713318025,0.10093943431941127,0.09857423805006858,0.09907289584112784,0.09857423805006858
2018-05-04,0.019767530637159518,0.10084433839427052,0.09847032740774213,0.0989806732472768,0.09847032740774213
2018-05-07,0.01977186070501912,0.10089220157046815,0.09851347188614716,0.09902920563393061,0.09851347188614716
2018-05-08,0.019766802508541643,0.10084055777182054,0.09846307331574541,0.09897630191801378,0.09846307331574541
2018-05-09,0.01976927750074142,0.1008676979182166,0.09848773189113286,0.09900377810363689,0.09848773189113286
2018-05-10,0.01983049235716438,0.10145679444891159,0.09909860363614383,0.09962790351441174,0.09909860363614383
2018-05-11,0.0198458286039412,0.10159979110498427,0.09925194207020668,0.0997672464899196,0.09925194207020668
2018-05-14,0.019856941846816956,0.10171835602123024,0.09936313115598333,0.09988845198723799,0.09936313115598333
2018-05-15,0.019868528888411566,0.10182628616022762,0.09947912692779054,0.09999415962496921,0.09947912692779054
2018-05-16,0.01986167442747197,0.10175306757503554,0.09941049998784929,0.09991963610198717,0.09941049998784929
2018-05-17,0.01986489503017685,0.10177748548160066,0.09944274174910613,0.09994323847885397,0.09944274174910613
2018-05-18,0.019865972378198066,0.10178527592485082,0.09945352834989478,0.09995096565314592,0.09945352834989478
2018-05-21,0.01987858888344175,0.10192075705606712,0.09957989059121726,0.10009194877473733,0.09957989059121726
2018-05-22,0.019875423523037006,0.10188143482633694,0.09954817997546338,0.10005175270107629,0.09954817997546338
2018-05-23,0.019877311737670978,0.1018947773078636,0.0995670955229712,0.1000647874763115,0.0995670955229712
2018-05-24,0.019876453998039143,0.1018853121699324,0.09955850273111388,0.10005522941710424,0.09955850273111388
2018-05-25,0.019876706244756032,0.10188806654376747,0.09956102968736151,0.10005801266793843,0.09956102968736151
2018-05-28,0.01987737410593602,0.10189932560406267,0.09956772033952863,0.10006946299191653,0.09956772033952863
2018-05-29,0.019878981247917166,0.10191077592804076,0.09958382165467067,0.10008072205221172,0.09958382165467067
2018-05-30,0.019911463147338077,0.10223608377908713,0.0999095238962862,0.10039460432878183,0.0999095238962862
2018-05-31,0.019912288786649718,0.10224799979763871,0.09991780967017991,0.10040672015177513,0.09991780967017991
2018-06-01,0.019914260800446774,0.10227462557734956,0.09993760137350918,0.10043444783067032,0.09993760137350918
2018-06-04,0.01993662637987942,0.10250323015777738,0.1001622059955478,0.10067014659267262,0.1001622059955478
2018-06-05,0.019936383572330414,0.10249778326814811,0.10015976626565767,0.10066465962684071,0.10015976626565767
2018-06-06,0.019943761878559983,0.10257458198804656,0.100233916742913,0.10074313391287337,0.100233916742913
2018-06-07,0.019943838203098283,0.10257738351162159,0.10023468393238336,0.10074594764528985,0.10023468393238336
2018-06-08,0.01994857393288031,0.1026136066762228,0.10028229169280911,0.10077809696121223,0.10028229169280911
2018-06-11,0.01994854952815368,0.10261464838248555,0.1002820463258545,0.10077914276449046,0.1002820463258545
2018-06-12,0.019945174472222486,0.10258335149828342,0.10024811615130368,0.10074823742510264,0.10024811615130368
2018-06-13,0.019946051232339737,0.10259258529670402,0.10025692986030663,0.10075762875978034,0.10025692986030663
2018-06-14,0.01996842821352252,0.10281131143975258,0.10048200758028775,0.1009692460972218,0.10048200758028775
2018-06-15,0.019958750526508508,0.10271206807417056,0.10038463409000971,0.10086784019569138,0.10038463409000971
2018-06-19,0.019986507440593673,0.10299223771083035,0.10066404087757237,0.10113884097603228,0.10066404087757237
2018-06-20,0.01999843617484086,0.10311419177645578,0.10078423725867423,0.10126353395821111,0.10078423725867423
2018-06-21,0.01999821602870999,0.10310896064178421,0.10078201837140018,0.10125813147202316,0.10078201837140018
2018-06-22,0.01999726367806524,0.10310020627187533,0.10077241976173698,0.10124943890349913,0.10077241976173698
2018-06-25,0.019986001881317373,0.10298836323061263,0.10065894834240544,0.10114016859079272,0.10065894834240544
2018-06-26,0.01998663017884677,0.10299282956599043,0.10066527724830908,0.1011446002480543,0.10066527724830908
2018-06-27,0.019985264254926985,0.10297966076933157,0.10065151840949409,0.10113160796609232,0.10065151840949409
2018-06-28,0.019987347066262835,0.10299835491998544,0.10067249877230587,0.10115013548645913,0.10067249877230587
2018-06-29,0.020006695391336704,0.10318782825355563,0.1008675008413968,0.10134781903761088,0.1008675008413968
2018-07-02,0.01999788476691568,0.10309508122108531,0.10077867957801123,0.10125225707392163,0.10077867957801123
2018-07-03,0.01998530547662471,0.10296827067045555,0.10065193361848943,0.10112249252720824,0.10065193361848943
2018-07-04,0.01998603720418028,0.1029761230815612,0.10065930414797332,0.10113039916623204,0.10065930414797332
2018-07-05,0.019992050403637412,0.1030346309381361,0.10071988399407786,0.10118784461413571,0.10071988399407786
2018-07-06,0.019992546247570978,0.10304034155073102,0.10072488017623862,0.10119358599506457,0.10072488017623862
2018-07-09,0.019973026101144164,0.10285392731722934,0.10052828645252047,0.10099644834656167,0.10052828645252047
2018-07-10,0.01997338078373535,0.10285829848452777,0.1005318568628863,0.10100085187940912,0.1005318568628863
2018-07-11,0.019973142501754308,0.10285587485075134,0.10052945819163685,0.1009984942490583,0.10052945819163685
2018-07-12,0.019986171002074664,0.10298646401151818,0.10066065189369089,0.1011321703748169,0.10066065189369089
2018-07-13,0.019991929125182228,0.10304732954040483,0.10071866199686998,0.10119429562917254,0.10071866199686998
2018-07-16,0.01999384066238053,0.10306472540241841,0.10073792343703061,0.10121154198282341,0.10073792343703061
2018-07-18,0.01999050765657576,0.1030334467374506,0.10070433988463874,0.10118061674180508,0.10070433988463874
2018-07-19,0.01998290907780213,0.10295618469750482,0.1006277971133501,0.1011017838087945,0.1006277971133501
2018-07-20,0.02000625692940049,0.10319160560513697,0.10086307971394666,0.1013456814861616,0.10086307971394666
2018-07-23,0.02000302922791933,0.10316132374664261,0.10083053692983475,0.101315749972539,0.10083053692983475
2018-07-24,0.020001032100317815,0.10313967705352137,0.10081040383964181,0.10129386580918848,0.10081040383964181
2018-07-25,0.01997955119679493,0.10292347342542268,0.10059398143838813,0.10107114531250277,0.10059398143838813
2018-07-26,0.019980285832657062,0.10293212398186978,0.10060137913257847,0.10107984698017744,0.10060137913257847
2018-07-27,0.01998070128282567,0.10293631170433792,0.10060556278588485,0.10108413734180095,0.10060556278588485
2018-07-30,0.019980671256469792,0.10293604383144278,0.10060526041249777,0.10108387090306291,0.10060526041249777
2018-07-31,0.019980421732263866,0.10293271386692354,0.10060274765497879,0.10108052875202106,0.10060274765497879
2018-08-01,0.019984520488827068,0.10297532940784433,0.10064402691042391,0.10112379839195704,0.10064402691042391
2018-08-02,0.020006657268055478,0.10319693540570632,0.10086711643044215,0.10133827585216405,0.10086711643044215
2018-08-03,0.020013066130952082,0.10326352251291847,0.10093174962238906,0.1014059727025314,0.10093174962238906
2018-08-06,0.020008592909727015,0.10322170645599063,0.1008866351372489,0.10136476273215715,0.1008866351372489
2018-08-07,0.020008761638255813,0.10322127267302174,0.10088833665872743,0.10136427463198396,0.10088833665872743
2018-08-08,0.02001391861993871,0.10327489121062067,0.10094034850843342,0.1014187499860758,0.10094034850843342
2018-08-09,0.020012420111699684,0.10326155506681833,0.10092523359924482,0.10140551071530934,0.10092523359924482
2018-08-10,0.020005178111802444,0.10318424429602084,0.10085220212380479,0.10132573087487169,0.10085220212380479
2018-08-13,0.020035304041729686,0.10349870572471727,0.10115617882722658,0.10162521143252617,0.10115617882722658
2018-08-14,0.02003147243712567,0.10346406442252028,0.10111749177583002,0.10159283855908717,0.10111749177583002
2018-08-15,0.020037903439959318,0.10352504994495446,0.10118242871582164,0.10165176964569411,0.10118242871582164
2018-08-16,0.02003088910778435,0.10345341070122917,0.10111160264898514,0.10157889331717854,0.10111160264898514
2018-08-17,0.020029843439962523,0.10344330629743856,0.10110104631381125,0.10156887410894809,0.10110104631381125
2018-08-20,0.020030741911946783,0.10345275883470498,0.10111011662884141,0.10157840628974198,0.10111011662884141
2018-08-21,0.0200305465848233,0.10345079728378156,0.10110814471466766,0.10157640196196692,0.10110814471466766
2018-08-22,0.02003059708591842,0.10345182906344806,0.10110865454383768,0.10157743748313235,0.10110865454383768
2018-08-23,0.020024187443489137,0.10339059478963511,0.10104395685854098,0.10151791420069062,0.10104395685854098
2018-08-24,0.020020428022078717,0.10335385492372937,0.10100601962318315,0.1014817296220941,0.10100601962318315
2018-08-27,0.020025734519967295,0.10341215832770828,0.10105957085218086,0.10154155748454469,0.10105957085218086
2018-08-28,0.020027767466324477,0.1034396880265923,0.10108009036066162,0.10157064002968016,0.10108009036066162
2018-08-29,0.020036198939169744,0.10352529127917012,0.10116521551835667,0.1016586818271576,0.10116521551835667
2018-08-30,0.02003550604328242,0.10352331551203958,0.10115821860742241,0.10165688799504806,0.10115821860742241
2018-08-31,0.020034801612708042,0.10350755731058983,0.10115110546646333,0.10163945806971668,0.10115110546646333
2018-09-03,0.02046437912978522,0.1085039128156799,0.10553528491823239,0.10599184472392559,0.10553528491823239
2018-09-04,0.020951703979490085,0.11295483803376824,0.11062142271033353,0.11110353290216342,0.11062142271033353
2018-09-05,0.020943093807522437,0.1128593028481987,0.11053052091413254,0.11100610236606237,0.11053052091413254
2018-09-06,0.02093909957380177,0.11281830515011021,0.11048836452231953,0.11096598906627682,0.11048836452231953
2018-09-07,0.020911958057321767,0.11253198149479021,0.11020211742737857,0.11066964967343522,0.11020211742737857
2018-09-10,0.020913997677430414,0.11255032522351699,0.11022361531059431,0.11068778158644049,0.11022361531059431
2018-09-11,0.020915363824152156,0.11256372222543125,0.11023801586195647,0.1107010549100571,0.11023801586195647
2018-09-12,0.02091453630776104,0.11255586110629608,0.11022929290010101,0.11069324640802726,0.11022929290010101
2018-09-13,0.02091746097796369,0.11258235349713372,0.1102601237886877,0.11071881351517368,0.1102601237886877
2018-09-14,0.02094762654108576,0.11289441489654634,0.11057837054160974,0.11104264803129117,0.11057837054160974
2018-09-17,0.020953327320025483,0.11295137891297327,0.11063856529659181,0.1110987532623842,0.11063856529659181
2018-09-18,0.020955768748689676,0.11297586712169579,0.11066434944983683,0.1111229629837596,0.11066434944983683
2018-09-19,0.020962640185927812,0.11305020666267131,0.11073693545829826,0.11119863616820694,0.11073693545829826
2018-09-20,0.020961688433026683,0.11304072212709314,0.11072688025474774,0.11118925374268696,0.11072688025474774
2018-09-21,0.020970809257633345,0.11314226996503395,0.11082325991185019,0.11129361614612139,0.11082325991185019
2018-09-25,0.020968899854706152,0.11312089963989536,0.11080307980140731,0.11127196844088713,0.11080307980140731
2018-09-26,0.020969115007745225,0.11312289475043238,0.1108053536204276,0.11127395122031616,0.1108053536204276
2018-09-27,0.02097032136722464,0.11313632325807606,0.11081810331765893,0.11128755983942296,0.11081810331765893
2018-09-28,0.020934218045322087,0.11275014341250694,0.1104368542626104,0.11091739387275337,0.1104368542626104
2018-10-01,0.02091825558023459,0.11258164943736418,0.11026850096304391,0.11074361143718947,0.11026850096304391
2018-10-02,0.020940161281596068,0.11280991191183581,0.11049956933381228,0.11096512941955529,0.11049956933381228
2018-10-03,0.02093180647797246,0.11271869443784516,0.11041141165268505,0.11087210139051613,0.11041141165268505
2018-10-04,0.020944090247450458,0.11284829472261373,0.11054103890592404,0.11099821109704895,0.11054103890592404
2018-10-05,0.020967951676413726,0.1131054839061251,0.11079305937111414,0.11124576575170719,0.11079305937111414
2018-10-08,0.02096747088288824,0.11309832485534574,0.11078797847664107,0.11123784446897131,0.11078797847664107
2018-10-09,0.02095110203050713,0.11292560543708506,0.11061506642576543,0.11106998234324908,0.11061506642576543
2018-10-11,0.021410048245828924,0.11859005444092385,0.11551432180395799,0.11595667082091321,0.11551432180395799
2018-10-12,0.021512843022046563,0.11962102527531389,0.1166262085525868,0.1170651029742456,0.1166262085525868
2018-10-15,0.021521146229774395,0.11971164619359771,0.11671625323091983,0.11715304511756691,0.11671625323091983
2018-10-16,0.021519982274401495,0.1196993133821074,0.11670362854681975,0.11714081964946998,0.11670362854681975
2018-10-17,0.02151924858775101,0.11969129069412991,0.1166956710649188,0.11713274111454283,0.1166956710649188
2018-10-18,0.021509908264420292,0.11959248794448674,0.11659439069303165,0.11703157049778862,0.11659439069303165
2018-10-19,0.021510245419916522,0.11959606591634521,0.11659804582231001,0.11703516204400713,0.11659804582231001
2018-10-22,0.021508663893102634,0.11957937481735847,0.11658090086154715,0.1170183095362516,0.11658090086154715
2018-10-23,0.021538531157081132,0.11991796734928223,0.11690489774994779,0.1173442223406066,0.11690489774994779
2018-10-24,0.021516617129940668,0.11969541510216586,0.11666713280454695,0.1171137289929576,0.11666713280454695
2018-10-25,0.02156216747584678,0.1202386446400674,0.11716162069662908,0.11762448833435044,0.11716162069662908
2018-10-26,0.021562064320685484,0.12023721861925357,0.11716049967788325,0.11762306899495059,0.11716049967788325
2018-10-29,0.021561363099366043,0.12023020676296936,0.11715287943308132,0.11761595129835678,0.11715287943308132
2018-10-30,0.021561788653056684,0.1202315124422948,0.11715750393960916,0.11761732025634553,0.11715750393960916
2018-10-31,0.021602482580593444,0.12064470141934364,0.11760014791850049,0.11804855125106901,0.11760014791850049
2018-11-01,0.021612712068959206,0.12074976756497446,0.1177115493898852,0.11815611986734822,0.1177115493898852
2018-11-02,0.02161274762389501,0.12074729646611365,0.11771193668325321,0.11815380202114448,0.11771193668325321
2018-11-05,0.021614862072464127,0.12077202701017736,0.11773497012773536,0.11817827075075621,0.11773497012773536
2018-11-06,0.02161559686489548,0.12078089607686984,0.11774297501207118,0.11818707760115961,0.11774297501207118
2018-11-07,0.021618198703998493,0.12080657586193555,0.11777132183180165,0.11821302547677139,0.11777132183180165
2018-11-08,0.021621327814275396,0.12083773784671598,0.11780541774599444,0.11824456577898837,0.11780541774599444
2018-11-12,0.021631614645370622,0.12095614721651107,0.11791754154578482,0.11836042790247066,0.11791754154578482
2018-11-13,0.02163753292002084,0.1210338708925105,0.11798207337797635,0.11843411839569623,0.11798207337797635
2018-11-14,0.021637719104047024,0.12103570718120471,0.11798410378246167,0.11843597178798053,0.11798410378246167
2018-11-15,0.021638775124047584,0.12104470542739793,0.11799562039501334,0.11844504047409574,0.11799562039501334
2018-11-16,0.021643845209695804,0.12110354486433195,0.11805092093624055,0.11850277758101568,0.11805092093624055
2018-11-19,0.021644579239368182,0.12111277504481088,0.1180589282332206,0.11851194212644675,0.1180589282332206
2018-11-20,0.021651327476866933,0.12119448722626919,0.11813255534065432,0.11859210169966242,0.11813255534065432
2018-11-21,0.021648402668225035,0.12116665595728693,0.11810064119757442,0.11856397443873665,0.11810064119757442
2018-11-22,0.021649325993360287,0.12117767596006529,0.1181107156236299,0.11857483954623976,0.1181107156236299
2018-11-23,0.021639322115310295,0.12106077064011556,0.11800158592575961,0.11846070664780993,0.11800158592575961
2018-11-26,0.021645991826703383,0.12112882769852795,0.11807433846475082,0.11853056400670678,0.11807433846475082
2018-11-27,0.02164543958939121,0.12112176190977342,0.11806831386453202,0.11852354561271408,0.11806831386453202
2018-11-29,0.021661814556931093,0.12128704235277332,0.11824702089451569,0.11869329705272666,0.11824702089451569
2018-11-30,0.021654092546029253,0.12119819244301921,0.11816273044598391,0.11860642148807791,0.11816273044598391
2018-12-03,0.021719183078905684,0.12186233614490938,0.11887417423098579,0.11930713496174578,0.11887417423098579
2018-12-04,0.021715793983239005,0.12183267843402915,0.1188370784972648,0.11927536497996934,0.1188370784972648
2018-12-05,0.021751860107006808,0.1222511403081249,0.11923214136492813,0.11967632635901766,0.11923214136492813
2018-12-06,0.021780299591301476,0.12259888774794225,0.1195441254722855,0.12000560810779509,0.1195441254722855
2018-12-07,0.021780244643941023,0.12259833913861057,0.11954352230098024,0.12000505174287482,0.11954352230098024
2018-12-10,0.021795256193593092,0.12277842516668575,0.11970836452117822,0.12018038586270523,0.11970836452117822
2018-12-11,0.021801811680509584,0.12284199715844868,0.11978038612320584,0.12024499266766481,0.11978038612320584
2018-12-12,0.021812350094081213,0.12292855891910764,0.1198962113899447,0.12034188757320913,0.1198962113899447
2018-12-13,0.0218089960905734,0.1228869931496619,0.11985934224061875,0.12030089027539348,0.11985934224061875
2018-12-14,0.021822313748710378,0.12304453575304736,0.1200057710914828,0.12045449517678436,0.1200057710914828
2018-12-17,0.02180190005112224,0.12279611039193064,0.11978135715145924,0.1202177457725349,0.11978135715145924
2018-12-18,0.021806384932900047,0.12285267220471513,0.11983064280813617,0.12027288439869871,0.11983064280813617
2018-12-19,0.021811179575059438,0.12290206944114232,0.11988334372278348,0.12032318624044727,0.11988334372278348
2018-12-20,0.02181686455911079,0.12296789584551332,0.1199458459560273,0.12038713090122369,0.1199458459560273
2018-12-21,0.021791523956536638,0.12267198518710071,0.11966737011977417,0.12010135974618395,0.11966737011977417
2018-12-24,0.02179526893633996,0.1227164063533831,0.11970850449786118,0.1201451866208615,0.11970850449786118
2018-12-25,0.021809497752851736,0.12288234945182963,0.11986485644237452,0.12030693544411061,0.11986485644237452
2018-12-26,0.021804624217036384,0.12283554376699718,0.11981129258603472,0.12025928275035473,0.11981129258603472
2018-12-27,0.02183966192137532,0.12318892695924921,0.12019664987567272,0.12062975348635571,0.12019664987567272
2018-12-28,0.021843085752680135,0.12322407130840612,0.12023433959013236,0.12066532467019994,0.12023433959013236
2019-01-02,0.02186770226709829,0.1235234031086409,0.12050549341549885,0.12094849862407243,0.12050549341549885
2019-01-03,0.02187000454558431,0.12355024252954311,0.12053086890361733,0.1209746416739692,0.12053086890361733
2019-01-04,0.02189124422302311,0.12380245853487137,0.12076509655527476,0.12121895916499283,0.12076509655527476
2019-01-07,0.02194402769778463,0.12433812280475903,0.12134816860348703,0.12178235662290235,0.12134816860348703
2019-01-08,0.021944319098291254,0.12434520059368243,0.12135139145328283,0.1217892410956408,0.12135139145328283
2019-01-09,0.021975565293686185,0.12466887205347427,0.12169721843422032,0.1221249036423257,0.12169721843422032
2019-01-10,0.021974725565667392,0.12466240480328203,0.1216879180489718,0.12211829726351138,0.1216879180489718
2019-01-11,0.02198263555700413,0.1247449780679259,0.1217755390400797,0.12220247456847881,0.1217755390400797
2019-01-14,0.021977974603915477,0.12469102406669377,0.12172390465796913,0.12214985737638619,0.12172390465796913
2019-01-15,0.021984079898265722,0.12475530311162797,0.1217915417812794,0.12221536241540903,0.1217915417812794
2019-01-16,0.021975012265846028,0.12466116877406916,0.12169109334918901,0.12211931758729053,0.12169109334918901
2019-01-17,0.021972050257515804,0.1246311622004046,0.12165829011473768,0.12208897954850008,0.12165829011473768
2019-01-18,0.02214927534700537,0.1268246268634513,0.12362878039615988,0.12408632449080163,0.12362878039615988
2019-01-21,0.022469430454214692,0.12998226639766464,0.12722857684407124,0.1276455111118035,0.12722857684407124
2019-01-22,0.022558177125221224,0.13107430594220648,0.12823558151363923,0.1286684726516916,0.12823558151363923
2019-01-23,0.020867371246308632,0.10603870941916124,0.1097326900482796,0.11004153093225359,0.1097326900482796
2019-01-24,0.018594477719194504,0.08890142952961327,0.08713015961570446,0.08730709689742072,0.08713015961570446
2019-01-25,0.018613074068494963,0.08906153380019782,0.08730452462237846,0.08747134456662795,0.08730452462237846
2019-01-28,0.01861158706967004,0.08904270627927297,0.08729057565948108,0.08745274935076303,0.08729057565948108
2019-01-29,0.01861739533630446,0.08910121990900582,0.08734506709527926,0.08751009864814206,0.08734506709527926
2019-01-30,0.018609458852856562,0.08903600836723913,0.08727061361663269,0.0874437028069521,0.08727061361663269
2019-02-11,0.01861762010751689,0.08910712247314395,0.08734717617388993,0.08751671503559255,0.08734717617388993
2019-02-12,0.020887576607443097,0.10624978759493142,0.10994529584601463,0.1102566064980463,0.10994529584601463
2019-02-13,0.022930326211667473,0.1378837693086693,0.13250156476371808,0.1330104794289622,0.13250156476371808
2019-02-14,0.022914159964394026,0.13771721916989388,0.13231479917220718,0.13283902663575792,0.13231479917220718
2019-02-15,0.02290526908728233,0.13762918946974223,0.1322121406941245,0.13274907594926455,0.1322121406941245
2019-02-18,0.021248804246599837,0.11261479288621093,0.11378094384140046,0.1141514337522015,0.11378094384140046
2019-02-19,0.019015435798678943,0.09545911980647315,0.09111987325064753,0.09139837819501016,0.09111987325064753
2019-02-20,0.01901494816775321,0.09542392706377817,0.09111519996322998,0.09136993292970111,0.09111519996322998
2019-02-21,0.019024835663178665,0.09551038562154607,0.09120998174676061,0.0914582129392481,0.09120998174676061
2019-02-22,0.01902497011788577,0.09551385893774678,0.09121127097258451,0.091461671110909,0.09121127097258451
2019-02-25,0.018980597292997208,0.09504453718783973,0.0907862945469311,0.09101598271470253,0.0907862945469311
2019-02-26,0.01896782577216861,0.09491126738946595,0.09066416045988263,0.09088599875672969,0.09066416045988263
2019-02-27,0.018967619924167272,0.09491028646294358,0.09066219260809216,0.09088501399366841,0.09066219260809216
2019-03-04,0.018969854856547536,0.09494350554587955,0.090683559106177,0.09091604295610463,0.090683559106177
2019-03-05,0.018968899081575986,0.09493330096552383,0.09067442135648761,0.09090594238715044,0.09067442135648761
2019-03-06,0.018946079054790968,0.09469821707783774,0.09045638571069803,0.09067824405888258,0.09045638571069803
2019-03-07,0.018713082802040513,0.09225114358589837,0.08824522592491815,0.0884584984395876,0.08824522592491815
2019-03-08,0.018703386382361534,0.09217054039832881,0.08815379886631253,0.08837277455891615,0.08815379886631253
2019-03-11,0.018703850805223503,0.09217403567296406,0.0881581768059031,0.08837628564191621,0.0881581768059031
2019-03-12,0.018687337923700916,0.091992277646395,0.0880025828659968,0.08821507958052494,0.0880025828659968
2019-03-13,0.0186804334350663,0.09192954696888343,0.0879375655171296,0.08815123581283887,0.0879375655171296
2019-03-14,0.018625452968351115,0.09144206255349763,0.08742068956561735,0.08764145790729276,0.08742068956561735
2019-03-15,0.018627249533244832,0.09145419362469054,0.08743755514379,0.0876547748609369,0.08743755514379
2019-03-18,0.0186152387080393,0.09134644863216762,0.08732483226363573,0.08754386441761612,0.08732483226363573
2019-03-19,0.01861424235106379,0.09133752590050925,0.08731548461264246,0.08753482392516972,0.08731548461264246
2019-03-20,0.01861442888187977,0.09133878003686319,0.08731723457483706,0.0875360826511791,0.08731723457483706
2019-03-22,0.018621638600778843,0.09139966535039182,0.08738488689286018,0.08760024882730803,0.08738488689286018
2019-03-25,0.018640217985910024,0.09158080330720245,0.08755934709368537,0.0877751073111992,0.08755934709368537
2019-03-26,0.018642144622133743,0.09159668105985928,0.08757744814036261,0.08779174519577587,0.08757744814036261
2019-03-27,0.018610068703076497,0.09130986050788262,0.0872763335975733,0.08749474980231667,0.0872763335975733
2019-03-28,0.018608223111773004,0.09129155282181112,0.08725902377913579,0.08747659778509917,0.08725902377913579
2019-03-29,0.018597816513670963,0.0911983655684456,0.08716145232719544,0.08738038151273128,0.08716145232719544
2019-04-01,0.01857962300020994,0.09103653110102569,0.0869910024891424,0.08721236228540459,0.0869910024891424
2019-04-02,0.018571253135392752,0.0909618515597182,0.08691264364074644,0.08713609380920365,0.08691264364074644
2019-04-03,0.018565220596813856,0.09090239709487266,0.08685618878370709,0.08707754572882778,0.08685618878370709
2019-04-08,0.018574824216439304,0.09098799454287723,0.08694607185724824,0.08716475973124452,0.08694607185724824
2019-04-09,0.01857723851185239,0.09100832296394955,0.0869686752630154,0.08718570028711711,0.0869686752630154
2019-04-10,0.018577382611905377,0.09100947290178979,0.08697002446669931,0.08718685434997112,0.08697002446669931
2019-04-11,0.01857927776088582,0.09102771904744247,0.0869877696532689,0.08720494148862315,0.0869877696532689
2019-04-12,0.018579263266760345,0.09102774357065375,0.08698763393096876,0.08720496511914305,0.08698763393096876
2019-04-15,0.018587175372405756,0.0910988166036076,0.0870617382577909,0.08727769050099404,0.0870617382577909
2019-04-16,0.018555766378693564,0.09079611577543492,0.08676774940696493,0.08698578257273155,0.08676774940696493
2019-04-18,0.018561240491832522,0.09084727422068486,0.08681895144610209,0.08703770962265624,0.08681895144610209
2019-04-19,0.01853868855066021,0.09064168277712763,0.08660810924095175,0.0868260316766725,0.08660810924095175
2019-04-22,0.018518241187394525,0.09044763611337828,0.08641716468197777,0.08663733654887402,0.08641716468197777
2019-04-23,0.018519683738714952,0.0904620587561942,0.08643062881706981,0.08665192200805806,0.08643062881706981
2019-04-24,0.018511205274190187,0.09038335795830778,0.08635150961720807,0.0865717287791073,0.08635150961720807
2019-04-25,0.018505976842125682,0.09033589276797457,0.0863027370780856,0.08652505928031562,0.0863027370780856
2019-04-26,0.01851104839312417,0.09038397242228544,0.0863500459783714,0.08657166876458494,0.0863500459783714
2019-04-29,0.0185051420095493,0.09032931882396672,0.08629495075998377,0.0865159160217541,0.08629495075998377
2019-04-30,0.018503774659495067,0.09031609559604437,0.08628219851564169,0.08650259609714468,0.08628219851564169
2019-05-02,0.018504359986566472,0.09032190197086329,0.08628765730513548,0.08650843055604239,0.08628765730513548
2019-05-03,0.01851294377689167,0.09040210122148884,0.0863677299961607,0.08659008579858116,0.0863677299961607
2019-05-06,0.018544837319662125,0.090706654292215,0.08666556978560874,0.08688400872203776,0.08666556978560874
2019-05-07,0.01854296534428142,0.09068890513430321,0.0866480740673239,0.08687108887070445,0.0866480740673239
2019-05-08,0.018548177824278096,0.09073572771487522,0.08669679495146251,0.08691712219796938,0.08669679495146251
2019-05-09,0.01854647863257491,0.09072469679122519,0.08668091115647655,0.08689828877171171,0.08668091115647655
2019-05-10,0.018489404683092927,0.09017128664033092,0.08614823755486502,0.08637005360216797,0.08614823755486502
2019-05-13,0.018508505290601964,0.09035489751066496,0.08632632155924472,0.0865463153091224,0.08632632155924472
2019-05-14,0.018510018427968223,0.09036902087958959,0.08634043711533824,0.08656020090036191,0.08634043711533824
2019-05-15,0.018509052376701154,0.0903606543500908,0.0863314250106336,0.08655190069270079,0.0863314250106336
2019-05-16,0.018516363158472153,0.09042906938774276,0.08639963756333907,0.08661900808640775,0.08639963756333907
2019-05-17,0.018527093004402563,0.09053001069704805,0.08649980014883317,0.08671783067733244,0.08649980014883317
2019-05-20,0.018516150153924268,0.09043041451149725,0.08639764976371277,0.08661620335931826,0.08639764976371277
2019-05-21,0.018510816835886883,0.09037981726933032,0.08634788566280183,0.08656649283380458,0.08634788566280183
2019-05-22,0.018498401090731118,0.0902627134927618,0.08623209241421768,0.08645188303937991,0.08623209241421768
2019-05-23,0.018532456202611295,0.09059218072194311,0.08654988709122988,0.08676807097207095,0.08654988709122988
2019-05-24,0.018530128088309245,0.09057106023966398,0.08652814303622511,0.0867465600324257,0.08652814303622511
2019-05-27,0.01852647418949956,0.09053871729108096,0.08649402196533673,0.08671368945918898,0.08649402196533673
2019-05-28,0.018522991560950563,0.0905078497158972,0.08646150652449554,0.08668246835193923,0.08646150652449554
2019-05-29,0.018447118072398353,0.08985090455383873,0.0857546336246055,0.08598861280722804,0.0857546336246055
2019-05-30,0.01843987273541455,0.08977123841584633,0.0856872844375678,0.08591376128537204,0.0856872844375678
2019-05-31,0.018446689117072,0.08983137917145367,0.08575064552423944,0.08597615630946762,0.08575064552423944
2019-06-03,0.01843568497418571,0.08972461992612235,0.08564836907778901,0.08587162309589734,0.08564836907778901
2019-06-04,0.01843972530629785,0.08976416320371897,0.08568591428167377,0.08591064189367299,0.08568591428167377
2019-06-05,0.018436162766963818,0.08972847754747867,0.08565280858763571,0.08587563693138264,0.08565280858763571
2019-06-06,0.01844139169084665,0.08977857092488808,0.08570140172879741,0.08592487853590089,0.08570140172879741
2019-06-10,0.018454125859701895,0.0898905153677087,0.08581979983392098,0.086042129912815,0.08581979983392098
2019-06-11,0.018454920355945537,0.08989647958288227,0.08582718950676183,0.08604836487614179,0.08582718950676183
2019-06-12,0.018453945136191467,0.08988647081916261,0.0858181189545703,0.08603869940614267,0.0858181189545703
2019-06-13,0.018460379264548972,0.08994807028595697,0.08587797185292939,0.08609917085700824,0.08587797185292939
2019-06-14,0.018459220373342643,0.08993825054440277,0.08586718983149029,0.0860892383887066,0.08586718983149029
2019-06-17,0.01845779799758764,0.08992657880993904,0.08585395734377706,0.0860773785700614,0.08585395734377706
2019-06-18,0.0184566806039875,0.08991471899129386,0.08584356284723729,0.08606570683559764,0.08584356284723729
2019-06-19,0.01848214476222882,0.09011442696701837,0.08608059810301952,0.08630175639379395,0.08608059810301952
2019-06-20,0.018480316928622863,0.0900971698875961,0.08606357267315087,0.08628433918064032,0.08606357267315087
2019-06-21,0.018474449351808836,0.0900427698501071,0.08600893027084258,0.08622912769571725,0.08600893027084258
2019-06-24,0.018451035312698053,0.08983230997563281,0.08579105743582849,0.08601173542095131,0.08579105743582849
2019-06-25,0.018454179186373043,0.08986189682190421,0.08582029581957654,0.08604098255339196,0.08582029581957654
2019-06-26,0.018446511630519725,0.08979444178016188,0.08574899541639468,0.08597148497228561,0.08574899541639468
2019-06-27,0.01846842153067123,0.08999033487100594,0.0859528136463093,0.08617310767331836,0.0859528136463093
2019-06-28,0.01846173863393863,0.08992647059240907,0.08589061993374125,0.08611098678655002,0.08589061993374125
2019-07-01,0.018511901944124984,0.09037342954936095,0.08635800942440239,0.08657755686175475,0.08635800942440239
2019-07-02,0.018512185687302753,0.09037600785747424,0.08636065676813658,0.08658011871542423,0.08636065676813658
2019-07-03,0.018522614056223147,0.09047559932676623,0.08645798233190041,0.0866761554947024,0.08645798233190041
2019-07-04,0.018502107173256996,0.0902789529342102,0.08626664840237337,0.0864869574682826,0.08626664840237337
2019-07-05,0.01850167644026983,0.09027448766026569,0.08626263183730978,0.08648245938151856,0.08626263183730978
2019-07-08,0.018473644347973446,0.09000742310966317,0.08600143494484364,0.08622446537307271,0.08600143494484364
2019-07-09,0.018460588765993588,0.08988697455911585,0.08587992107195642,0.08610127421824229,0.08587992107195642
2019-07-10,0.018467317792455733,0.08995002879488005,0.08594254026478312,0.08616563761626801,0.08594254026478312
2019-07-11,0.018473648582168104,0.09001006409141138,0.0860014743682353,0.08622665400689497,0.0860014743682353
2019-07-12,0.018472722254777443,0.09000197486907692,0.08599284981054174,0.08621862001015322,0.08599284981054174
2019-07-15,0.01847496564041313,0.09002508677055494,0.08601373756444035,0.08624208128268909,0.08601373756444035
2019-07-16,0.018473594404541764,0.09001440246056353,0.08600096993632622,0.08623151198646123,0.08600096993632622
2019-07-17,0.018476343330537,0.09003940949634992,0.08602656624270553,0.08625610469134098,0.08602656624270553
2019-07-18,0.018444138277877553,0.08974538485668214,0.08572693167699393,0.08595164896976767,0.08572693167699393
2019-07-19,0.018442697697749855,0.08973409250333712,0.08571354078938813,0.08594069021975573,0.08571354078938813
2019-07-22,0.018444915221506476,0.08975557741843554,0.08573415417719744,0.08596239364219226,0.08573415417719744
2019-07-23,0.018444536239287768,0.08975186810709408,0.08573063110476474,0.08595865360551573,0.08573063110476474
2019-07-24,0.018437395756513122,0.08968742911971009,0.08566426569513659,0.08589524493446853,0.08566426569513659
2019-07-25,0.018437678254974856,0.08969022501583535,0.08566689081736112,0.08589806389753528,0.08566689081736112
2019-07-26,0.01841520865410352,0.08948402909334306,0.08545821726309064,0.08568320677533,0.08545821726309064
2019-07-29,0.01841519407139873,0.08948388891694369,0.08545808191719428,0.08568306558003372,0.08545808191719428
2019-07-30,0.018407052150384295,0.08940864322430958,0.08538253135447571,0.08560929215503364,0.08538253135447571
2019-07-31,0.018396701211408684,0.08931307081685047,0.08528653109638513,0.0855101909221689,0.08528653109638513
2019-08-01,0.018391573258440305,0.08926615902228113,0.08523899166398528,0.08546185128960884,0.08523899166398528
2019-08-02,0.01841875124378773,0.08952653660684831,0.08549110013989408,0.08571332599760154,0.08549110013989408
2019-08-05,0.018429139126960287,0.08962580516130267,0.08558755857813635,0.08581063451452661,0.08558755857813635
2019-08-06,0.018428133675708832,0.08961718756675668,0.08557821991398806,0.08580196212427144,0.08557821991398806
2019-08-07,0.01840179611392468,0.08938800471199565,0.08533377725505027,0.08556421547560047,0.08533377725505027
2019-08-08,0.018417449664561707,0.08952536723197552,0.08547901794095936,0.08570490923783916,0.08547901794095936
2019-08-12,0.018417083131277965,0.08952261577174664,0.08547561566822964,0.08570214616253072,0.08547561566822964
2019-08-13,0.01843012329729146,0.08964979292241615,0.08559670007784807,0.0858264906683961,0.08559670007784807
2019-08-14,0.018435478889558786,0.08969697441078567,0.08564645423561665,0.08587446486673596,0.08564645423561665
2019-08-15,0.01844087264028675,0.0897587462687452,0.08569657750128967,0.0859322689823566,0.08569657750128967
2019-08-16,0.018456632617451018,0.0898954715507867,0.08584311646904032,0.08607237060019228,0.08584311646904032
2019-08-19,0.018460229771609497,0.08992648921151766,0.08587658097159565,0.08610373666795679,0.08587658097159565
2019-08-20,0.018455412544542756,0.08988407907900706,0.08583176755169507,0.0860606739525095,0.08583176755169507
2019-08-21,0.018431512206659843,0.08965083413654115,0.0856096018405112,0.08583446530854293,0.0856096018405112
2019-08-22,0.018424490632744674,0.0895899927834623,0.08554438747917625,0.08577248454761334,0.08554438747917625
2019-08-23,0.01842430541255744,0.08958845341674543,0.08554266754366875,0.08577093819887019,0.08554266754366875
2019-08-26,0.018453136347149915,0.08987029667560276,0.08581059674371934,0.08604330828949688,0.08581059674371934
2019-08-27,0.01844732503941913,0.08981964186000616,0.08575655787971498,0.0859918161266104,0.08575655787971498
2019-08-28,0.018452783053964965,0.08986643944518194,0.08580731101404754,0.0860392606229303,0.08580731101404754
2019-08-29,0.0184505161510231,0.08984233516042153,0.0857862296522694,0.08601545658390936,0.0857862296522694
2019-08-30,0.018434490006045325,0.08965998815155798,0.0856372662893122,0.0858588930360349,0.0856372662893122
2019-09-02,0.01842893657712793,0.08961000080569136,0.08558567724767852,0.08580818369689028,0.08558567724767852
2019-09-03,0.018427168063004686,0.08959307042810563,0.08556925175119941,0.08579170697681995,0.08556925175119941
2019-09-04,0.018442014243963075,0.08972645436394401,0.0857071881223833,0.0859282383917975,0.0857071881223833
2019-09-05,0.018453210300880846,0.0898281216838261,0.08581128454295081,0.08603209898829695,0.08581128454295081
2019-09-06,0.018455720218754884,0.08985120837573858,0.08583462941582537,0.08605552723873457,0.08583462941582537
2019-09-09,0.018451625455684125,0.08981366445916962,0.0857965454531263,0.08601735313144657,0.0857965454531263
2019-09-10,0.018453953214563924,0.08983527235079679,0.08581819408981918,0.08603873863831396,0.08581819408981918
2019-09-11,0.01846266821501592,0.08991918230941523,0.0858992696396753,0.0861202886851612,0.0858992696396753
2019-09-12,0.018490644949278788,0.09016943131671835,0.08615979556135286,0.08637912838839176,0.08615979556135286
2019-09-16,0.018486052625939324,0.09012766794091374,0.08611700370562754,0.08633641896521257,0.08611700370562754
2019-09-17,0.018479154075342237,0.09006496714059842,0.08605274210573988,0.08627262450727452,0.08605274210573988
2019-09-18,0.018472077230602298,0.09000149893368263,0.08598684457776064,0.08620722523609742,0.08598684457776064
2019-09-19,0.01847441321414778,0.09002481205173099,0.08600859378898369,0.08623004602365031,0.08600859378898369
2019-09-20,0.018470422757521313,0.08998590571996269,0.08597144224407344,0.08619184180542827,0.08597144224407344
2019-09-23,0.01799201473107793,0.08496443945928597,0.08157557370899797,0.08181465557987354,0.08157557370899797
2019-09-24,0.017419498719460264,0.0805132291072088,0.076466611780594,0.07670270606823783,0.076466611780594
2019-09-25,0.018582307025499522,0.09372156012967975,0.08701613786626208,0.08732182419701298,0.08701613786626208
2019-09-26,0.019838095929548494,0.10354769540457279,0.09917461262771207,0.09944940421608343,0.09917461262771207
2019-09-27,0.01983923753719555,0.10355893071101259,0.09918602720643178,0.09946073227894392,0.09918602720643178
2019-10-01,0.01986245048952669,0.10378403136168587,0.09941826874112257,0.09969397111367999,0.09941826874112257
2019-10-02,0.01986200099225927,0.10377960104351915,0.09941376902096005,0.09968959094559951,0.09941376902096005
2019-10-03,0.019871865292775782,0.10387871200087904,0.09951253961398512,0.09978672059416027,0.09951253961398512
2019-10-04,0.019868471354741797,0.10384572057199942,0.09947855080149723,0.09975456624284337,0.09947855080149723
2019-10-07,0.0198365159089024,0.10353690172494154,0.09915881557784278,0.09943400628505537,0.09915881557784278
2019-10-08,0.019845690864151798,0.10362693439328269,0.09925056436062049,0.09952854130235729,0.09925056436062049
2019-10-09,0.019849570699204882,0.10366573173633101,0.09928937514956872,0.0995665559661114,0.09928937514956872
2019-10-14,0.019883247211036743,0.10398956194167602,0.0996265669531105,0.0999055203314937,0.0996265669531105
2019-10-15,0.01988254731480308,0.10398401709663185,0.09961955330679656,0.09990003460793065,0.09961955330679656
2019-10-16,0.019872581596940886,0.1038849758459311,0.09951971383042255,0.09979852040115061,0.09951971383042255
2019-10-17,0.019871848756032994,0.10387705912907544,0.09951237399162781,0.09979055655194258,0.09951237399162781
2019-10-18,0.019871835489477695,0.10387693340861591,0.09951224112165805,0.09979043169041713,0.09951224112165805
2019-10-21,0.019869434227816826,0.10385168889757214,0.0994881929664518,0.0997649086489025,0.0994881929664518
2019-10-22,0.019875738357495197,0.10391670855548513,0.09955133376441268,0.09983198969728356,0.09955133376441268
2019-10-23,0.01987409493530081,0.10389815719108048,0.09953487167333204,0.09981311777738511,0.09953487167333204
2019-10-24,0.019852786460478673,0.10368542979791388,0.09932154882183207,0.09960725806634965,0.09932154882183207
2019-10-25,0.019852600589577402,0.10368407614123033,0.09931968904266084,0.09960590755404972,0.09931968904266084
2019-10-28,0.019838813157667494,0.10355121879762139,0.0991817838912199,0.09947694663490585,0.0991817838912199
2019-10-29,0.019808996916270836,0.10325707042223019,0.09888388242486452,0.09919306980618935,0.09888388242486452
2019-10-30,0.01980732359340585,0.10324749459443307,0.0988671771193408,0.09918398780447724,0.0988671771193408
2019-10-31,0.019807208350065206,0.10324617548751328,0.09886602666096898,0.09918265719296596,0.09886602666096898
2019-11-01,0.019296361045109938,0.09751724915916354,0.09383208649497554,0.0942325145443046,0.09383208649497554
2019-11-04,0.019232810950830372,0.0969396597704355,0.09321505630173593,0.09360298925429103,0.09321505630173593
2019-11-05,0.019224561348091387,0.09688124796791983,0.0931351072746854,0.09354787627749767,0.0931351072746854
2019-11-06,0.019226295525165082,0.09690289590327683,0.09315191078448767,0.09356974586986805,0.09315191078448767
2019-11-07,0.019230077137737923,0.0969303086626343,0.09318855841428439,0.09359684480596425,0.09318855841428439
2019-11-08,0.019230143498388978,0.09693083943317227,0.09318920158009524,0.09359737051318845,0.09318920158009524
2019-11-11,0.01925579733964515,0.0971631973227631,0.09343800425874228,0.09382263002183662,0.09343800425874228
2019-11-12,0.01926320269929858,0.09724696827110701,0.09350988651503456,0.09390800459106627,0.09350988651503456
2019-11-13,0.019230433823803055,0.0969352747044874,0.09319201543302048,0.09360850282256672,0.09319201543302048
2019-11-14,0.019227768707459604,0.09691512559791104,0.09316618654582583,0.09358853707737086,0.09316618654582583
2019-11-15,0.01916956311294473,0.09637670228442818,0.09260298178517516,0.093082725487311,0.09260298178517516
2019-11-18,0.019172327355706363,0.09641665715357217,0.09262969033106036,0.09312322911215162,0.09262969033106036
2019-11-19,0.019175440657991438,0.09645123976405373,0.09265977615589407,0.09315845914677148,0.09265977615589407
2019-11-20,0.019177365236530963,0.09645839315564997,0.09267837702865718,0.09316547071203843,0.09267837702865718
2019-11-21,0.01914298699695836,0.09609837285751177,0.09234639569376064,0.092786265416653,0.09234639569376064
2019-11-22,0.01913214735485932,0.09598111239322507,0.09224184372682874,0.09266641408524867,0.09224184372682874
2019-11-25,0.019131520393390944,0.09597130014623423,0.09223579828580886,0.0926565376127966,0.09223579828580886
2019-11-26,0.019128389413730833,0.09595241875227772,0.09220561095395911,0.09263796054027018,0.09220561095395911
2019-11-27,0.01912769328370722,0.09595624871697794,0.09219889988960572,0.09264196256520407,0.09219889988960572
2019-11-28,0.0191269492048169,0.09593745162922987,0.09219172684267876,0.09262285904562195,0.09219172684267876
2019-11-29,0.019151992052387587,0.09615603958183275,0.09243329749282876,0.09283329614770595,0.09243329749282876
2019-12-02,0.019141219748982686,0.09607297984543087,0.09232934595666889,0.0927532137351054,0.09232934595666889
2019-12-03,0.01912554487843794,0.0959367080890556,0.09217818965808024,0.0926200687770343,0.09217818965808024
2019-12-04,0.01912707641651272,0.09594082983109795,0.0921929531652655,0.09262401209026278,0.0921929531652655
2019-12-05,0.01914223821827228,0.09609731653766684,0.09233917156928116,0.09278482780973443,0.09233917156928116
2019-12-06,0.01913352441059013,0.09602856011265593,0.09225512260540339,0.09271727020032053,0.09225512260540339
2019-12-09,0.01913504241039821,0.09605898439000965,0.09226976170803,0.09274829448777316,0.09226976170803
2019-12-10,0.019130989446033562,0.09602299776757128,0.09223067881043037,0.09271317361089201,0.09223067881043037
2019-12-11,0.019136263086818102,0.09608699981565866,0.0922815343618351,0.0927782121462471,0.0922815343618351
2019-12-12,0.01918001731017684,0.09653913442904627,0.09270401213270817,0.09325239685521994,0.09270401213270817
2019-12-13,0.01918824527732198,0.09664555015085152,0.09278356671931266,0.09336147217690141,0.09278356671931266
2019-12-16,0.019179000090804102,0.09653544335266057,0.09269417920973207,0.09324900883558607,0.09269417920973207
2019-12-17,0.019194286306157615,0.09670916061696355,0.09284199795429293,0.09342747264332496,0.09284199795429293
2019-12-18,0.019179152691676533,0.09654096200045664,0.09269565428860209,0.09325481459151946,0.09269565428860209
2019-12-19,0.019181203141752062,0.09655740719471612,0.09271547559922011,0.09327102416257282,0.09271547559922011
2019-12-20,0.019119132553347244,0.09593251884421172,0.09211638985730049,0.09260872835221184,0.09211638985730049
2019-12-23,0.019112775062248368,0.09588735238115037,0.09205513898618599,0.09256426666120701,0.09205513898618599
2019-12-24,0.01906490900818751,0.0954517938560197,0.09159463038359826,0.0921463526827519,0.09159463038359826
2019-12-25,0.01901755431425904,0.0950281028473337,0.09114017776813976,0.09173972986801898,0.09114017776813976
2019-12-26,0.0190163465294126,0.09500658383803295,0.09112860170232907,0.09171800981249456,0.09112860170232907
2019-12-27,0.018997914924092908,0.09487014646605196,0.09095203440869415,0.09158691339646488,0.09095203440869415
2019-12-30,0.01899396193920821,0.09481041166341753,0.09091418871731873,0.09152612713324065,0.09091418871731873
2019-12-31,0.01898267229015833,0.09465949173706562,0.09080614551343731,0.09136684154531355,0.09080614551343731
2020-01-02,0.01898667300178431,0.09470916214296538,0.09084442542252469,0.09141725220490388,0.09084442542252469
2020-01-03,0.01896758800390071,0.09455019212741395,0.09066188746080096,0.09126221647444058,0.09066188746080096
2020-01-06,0.01898275201968146,0.09465593338820089,0.09080690830866157,0.09136268204221881,0.09080690830866157
2020-01-07,0.01897490444239988,0.09459116216266511,0.0907318436467481,0.09129912030855306,0.0907318436467481
2020-01-08,0.018973235982782107,0.09455080299679208,0.09071588828190111,0.09125755442892139,0.09071588828190111
2020-01-09,0.01897405533654153,0.09460233815445823,0.09072372353036331,0.09131686844183412,0.09072372353036331
2020-01-10,0.018974635032350348,0.09461129876741536,0.09072926720194607,0.09132590672875007,0.09072926720194607
2020-01-13,0.01897216678374044,0.09461751732874962,0.09070566434245614,0.09133345589421102,0.09070566434245614
2020-01-14,0.018954417726044604,0.09448860448608343,0.09053602773601527,0.09120919215502665,0.09053602773601527
2020-01-15,0.018966339809041614,0.09458619421114195,0.09064995552951324,0.09130470312700362,0.09064995552951324
2020-01-16,0.01892927024672418,0.09419615366482853,0.09029595256252637,0.09089813766678217,0.09029595256252637
2020-01-17,0.018926861592731457,0.09416062827612331,0.09027297461710412,0.09086218497253445,0.09027297461710412
2020-01-20,0.018884256032813178,0.09379388726843446,0.0898670117300359,0.09051017389973356,0.0898670117300359
2020-01-30,0.019222946659090155,0.0973368024350908,0.09311946292107279,0.09365301147240418,0.09311946292107279
2020-01-31,0.019258147835010793,0.09768144410090673,0.09346081702485298,0.09397730959928041,0.09346081702485298
2020-02-03,0.019213929751394115,0.09722342236039277,0.09303212431585998,0.09348976151845068,0.09303212431585998
2020-02-04,0.019239805371871452,0.09749956253527808,0.09328286790836839,0.09377631685512028,0.09328286790836839
2020-02-05,0.019208580248923624,0.09718308240545204,0.09298032790519337,0.09344788795632078,0.09298032790519337
2020-02-06,0.019230869863371598,0.09742275651552712,0.09319624163688735,0.09369554281601106,0.09319624163688735
2020-02-07,0.019240337902389396,0.09748227971607387,0.09328803185472673,0.09375000211469844,0.09328803185472673
2020-02-10,0.01923521425616042,0.09744054836746091,0.09323835380506006,0.09370884859032072,0.09323835380506006
2020-02-11,0.01923372791394001,0.09742492958806132,0.09322394494580373,0.09369284303254558,0.09322394494580373
2020-02-12,0.019241517435149267,0.09751754340674623,0.09329947028820262,0.09378732196785317,0.09329947028820262
2020-02-13,0.019241490472813334,0.09752015609223424,0.09329920881507231,0.09378994312005631,0.09329920881507231
2020-02-14,0.019021312031940185,0.09529961517763352,0.09117619847694099,0.0917652042895781,0.09117619847694099
2020-02-17,0.018655547953661523,0.09211059932009485,0.08770342630174388,0.08817247297121164,0.08770342630174388
2020-02-18,0.018562030107343235,0.09120382822184298,0.08682633834989101,0.08732969684558756,0.08682633834989101
2020-02-19,0.01857070359468981,0.09131125843536747,0.0869075000644599,0.08744035520801677,0.0869075000644599
2020-02-20,0.018572123607654988,0.09130794570474343,0.08692079137509996,0.08743666486195706,0.08692079137509996
2020-02-21,0.018560388944955996,0.09117180844324718,0.08681098552258729,0.08729614567278995,0.08681098552258729
2020-02-24,0.01857954656648986,0.09133074704157795,0.08699028675532403,0.08745098732806098,0.08699028675532403
2020-02-25,0.018570371182048746,0.09126227786017171,0.08690438883144477,0.0873838719247127,0.08690438883144477
2020-02-26,0.018581964934153327,0.09135944624906842,0.08701293404515417,0.08747904970419446,0.08701293404515417
2020-02-27,0.018581335926158973,0.09132755625164685,0.08700704328979307,0.08744325731454544,0.08700704328979307
2020-03-02,0.016031146052211533,0.07438945395118622,0.06476340622432902,0.06490133825575536,0.06476340622432902
2020-03-03,0.012948275119263863,0.04295143442044058,0.0422497727981652,0.0423491552485499,0.0422497727981652
2020-03-04,0.012951351135941088,0.042985643206498,0.04226984905410351,0.04238405191495587,0.04226984905410351
2020-03-05,0.012966232327922128,0.04310145901308515,0.04236704155697653,0.042502677040918285,0.04236704155697653
2020-03-06,0.013027527576867865,0.04347710863634641,0.04276855164104528,0.04285950793872298,0.04276855164104528
2020-03-09,0.013153965388573064,0.04432152815771845,0.043602754971832094,0.04365659171904421,0.043602754971832094
2020-03-10,0.013139988933953956,0.04422476812245646,0.04351014591447697,0.04355731066198966,0.04351014591447697
2020-03-11,0.013149152761022811,0.044267582826612445,0.04357085501984389,0.04359508992305246,0.04357085501984389
2020-03-12,0.0133579486683665,0.04573516498164554,0.04496556774193202,0.044955948753423416,0.04496556774193202
2020-03-13,0.013381467677616417,0.04588638970995121,0.04512404665618741,0.04510084583674148,0.04512404665618741
2020-03-16,0.013689965725270639,0.04817349497823483,0.04722862071288938,0.04718293817860944,0.04722862071288938
2020-03-17,0.013835410838450315,0.04924504709784526,0.04823748545331453,0.04818758274160676,0.04823748545331453
2020-03-18,0.013930924079854171,0.049955554626582105,0.048905802721102516,0.04885670265616882,0.048905802721102516
2020-03-19,0.014405488254144741,0.053799989650982843,0.05229455914375613,0.05226388999370116,0.05229455914375613
2020-03-20,0.01525749988181088,0.05923212177497386,0.05866340826615168,0.058598048712978634,0.05866340826615168
2020-03-23,0.015496584422862635,0.061261728235117247,0.060516320451277035,0.060454577916815105,0.060516320451277035
2020-03-24,0.01579097922848674,0.06334987534512489,0.06283746629861392,0.06275998402104235,0.06283746629861392
2020-03-25,0.015943620882399347,0.0644912645432014,0.0640581598041035,0.06398301969092454,0.0640581598041035
2020-03-26,0.01592047895058009,0.06430903558500063,0.06387233580399765,0.06379507697189779,0.06387233580399765
2020-03-27,0.015927727110187848,0.06436660668520577,0.06393050770594647,0.0638517127117228,0.06393050770594647
2020-03-30,0.01593984799459685,0.06446396164837176,0.06402784603089501,0.06394716282792462,0.06402784603089501
2020-03-31,0.01593548063296305,0.06442924641636506,0.06399276483689219,0.06391185084650144,0.06399276483689219
2020-04-01,0.01593171634162212,0.06439910857705117,0.06396253556865716,0.06388111199136198,0.06396253556865716
2020-04-06,0.015958452920624994,0.06460725771272453,0.0641773993441907,0.06409595160703743,0.0641773993441907
2020-04-07,0.016001991906051383,0.06494688345815958,0.06452806373025617,0.06444854023783271,0.06452806373025617
2020-04-08,0.016011731034063618,0.06502311481056379,0.06460663373821338,0.06452766335892812,0.06460663373821338
2020-04-09,0.015985230630369187,0.06480681314551297,0.0643929547731355,0.06431826956788239,0.0643929547731355
2020-04-10,0.01598042465296406,0.0647667948832426,0.0643542409664435,0.06427773298549157,0.0643542409664435
2020-04-13,0.015985091908378463,0.06480340570294094,0.06439183715646526,0.06431385159112218,0.06439183715646526
2020-04-14,0.016076265098354383,0.06550906722499328,0.06512846747716695,0.06505855987732179,0.06512846747716695
2020-04-16,0.01606877209715477,0.06544507017431417,0.06506777005099551,0.06499342850649613,0.06506777005099551
2020-04-17,0.0161713790971646,0.06623468339259844,0.06590140247986145,0.06583504308403322,0.06590140247986145
2020-04-20,0.016171221281453135,0.06622974585635855,0.06590011622889815,0.06582994566904686,0.06590011622889815
2020-04-21,0.01627538818034872,0.06711678953366046,0.06675184162610079,0.06666641095513592,0.06675184162610079
2020-04-22,0.016264978140309753,0.06703083987680453,0.06666647750399803,0.06657884516154805,0.06666647750399803
2020-04-23,0.016262063843973523,0.06700686023196217,0.06664258955729868,0.06655450023407457,0.06664258955729868
2020-04-24,0.016261910506449838,0.06700535471688406,0.06664133279658548,0.06655299101766726,0.06664133279658548
2020-04-27,0.016309622013283745,0.06738634798909732,0.0670329500944798,0.06695061330714233,0.0670329500944798
2020-04-28,0.016309545311732374,0.06738596788864817,0.06703231960541377,0.0669502336749414,0.06703231960541377
2020-04-29,0.016322555581453294,0.06749079484714691,0.06713930681882728,0.06705879766122222,0.06713930681882728
2020-04-30,0.016376607791194427,0.06792483391561799,0.06758470725214573,0.06751205664449925,0.06758470725214573
2020-05-04,0.016475782001237844,0.0687798507134699,0.06840575092318285,0.06831397561482151,0.06840575092318285
2020-05-05,0.01647827634895227,0.06880139554670367,0.06842646504097483,0.06833573917523902,0.06842646504097483
2020-05-06,0.016478175692210446,0.06880136766382139,0.06842562908412551,0.06833571826350128,0.06842562908412551
2020-05-07,0.016478136099939412,0.0688010303729052,0.06842530027068787,0.06833537669262829,0.06842530027068787
2020-05-08,0.016481857459320088,0.06883291800918771,0.06845620957795501,0.06836767289208812,0.06845620957795501
2020-05-11,0.016489194079193602,0.06889490984331934,0.06851716738809097,0.06843076610831218,0.06851716738809097
2020-05-12,0.016490238937569065,0.0689037062516962,0.06852585101496596,0.06843926054806374,0.06852585101496596
2020-05-13,0.016489195027586057,0.06889463293021841,0.06851717526975772,0.06843008759984656,0.06851717526975772
2020-05-14,0.016506710240752946,0.06903875858497852,0.0686628137089889,0.06857081394503566,0.0686628137089889
2020-05-15,0.016511096934504966,0.06907597797388686,0.06869931313911606,0.06860857530534184,0.06869931313911606
2020-05-18,0.016510248462870126,0.06906665272630892,0.06869225268503774,0.0685966156177128,0.06869225268503774
2020-05-19,0.01648286199286996,0.06883610681679231,0.06846455434795128,0.0683781766149422,0.06846455434795128
2020-05-20,0.01647066352575843,0.06873302607274127,0.06836325475864478,0.06827292255085478,0.06836325475864478
2020-05-21,0.016472063672588164,0.06874882357219154,0.06837487817171727,0.06829063109583827,0.06837487817171727
2020-05-22,0.01649531623210929,0.06894767132855041,0.06856805531451662,0.06848040390424426,0.06856805531451662
2020-05-25,0.01650019893000886,0.06899068217253485,0.0686086543119261,0.06852399248774801,0.0686086543119261
2020-05-26,0.016480751588984113,0.06883349502834558,0.0684470235803262,0.06837902501592136,0.0684470235803262
2020-05-27,0.01647578556444294,0.06879549319648806,0.0684057805113076,0.0683415100031244,0.0684057805113076
2020-05-28,0.01648044795846828,0.06882947923331453,0.06844450155776889,0.06837507177426057,0.06844450155776889
2020-05-29,0.01647591488985141,0.06880154178586582,0.0684068544073221,0.06834922996229935,0.0684068544073221
2020-06-01,0.016465362348817802,0.06872510760404386,0.06831925563402245,0.06827520107962423,0.06831925563402245
2020-06-02,0.0164673907076114,0.0687466888634924,0.06833608909271582,0.06829699056096351,0.06833608909271582
2020-06-03,0.01650211663800366,0.06903886236225551,0.06862460309063786,0.06859972934531167,0.06862460309063786
2020-06-04,0.01651112686509348,0.06912226693704479,0.06869956220951333,0.06868467848206714,0.06869956220951333
2020-06-05,0.016474548905500708,0.06883919509091097,0.06839551193321311,0.06841586314712467,0.06839551193321311
2020-06-08,0.016490438633508027,0.06897756699204632,0.0685275107140245,0.06855828303578326,0.0685275107140245
2020-06-09,0.016489135917285132,0.06897209229387952,0.06851668403127305,0.06855284583061677,0.06851668403127305
2020-06-10,0.016498119972527363,0.06905998783140715,0.06859136658223239,0.06864242557723166,0.06859136658223239
2020-06-11,0.016526509440726374,0.06928638790134639,0.06882762960219332,0.0688614200546512,0.06882762960219332
2020-06-12,0.016530500838258837,0.06929804056526173,0.06886087940684638,0.06887040301172681,0.06886087940684638
2020-06-15,0.016536521512025077,0.06932533991285811,0.06891104901685238,0.0688870003554659,0.06891104901685238
2020-06-16,0.016590779647838363,0.06978059997081268,0.06936400026942816,0.06936243471102281,0.06936400026942816
2020-06-17,0.016584908591081582,0.06974082283976574,0.06931491662958197,0.06932318123413811,0.06931491662958197
2020-06-18,0.016584503015213557,0.06973189381877565,0.06931152654593015,0.06931418396001648,0.06931152654593015
2020-06-19,0.01657636873429142,0.06967257932095083,0.06924355210462893,0.06925577951914522,0.06924355210462893
2020-06-22,0.016542990050900663,0.06938592977944372,0.06896497099569798,0.06895892703749734,0.06896497099569798
2020-06-23,0.016543049659600087,0.06938649553791623,0.06896546799407863,0.0689595003993791,0.06896546799407863
2020-06-24,0.016545532361149386,0.06940967324892874,0.06898616956068808,0.06898303152230899,0.06898616956068808
2020-06-29,0.016549836653537417,0.06944409470101479,0.06902206750121018,0.06901652076930621,0.06902206750121018
2020-06-30,0.016557447561130607,0.06951967171587575,0.06908556557437665,0.06909353999659124,0.06908556557437665
2020-07-01,0.01656054224074923,0.06955716917762564,0.06911139294552517,0.06913165885671524,0.06911139294552517
2020-07-02,0.016572998139759654,0.06967019300962551,0.06921539536980019,0.06924730449966701,0.06921539536980019
2020-07-03,0.016524691661891123,0.06927389945684573,0.06881248949918464,0.06882906636704117,0.06881248949918464
2020-07-06,0.01655775806822507,0.06956121276308502,0.06908815676595985,0.06912645072756338,0.06908815676595985
2020-07-07,0.016558751152114123,0.06957493027829453,0.06909644440884548,0.06914027042201018,0.06909644440884548
2020-07-08,0.016561721266585443,0.06960301904097377,0.06912123405064127,0.06916884219264627,0.06912123405064127
2020-07-09,0.016557584195913334,0.06958184149638957,0.06908670578999927,0.06914807030815892,0.06908670578999927
2020-07-10,0.016563736915018723,0.06962850061846476,0.06913805990866839,0.06919378176703667,0.06913805990866839
2020-07-13,0.016565322488297923,0.06964185139561518,0.06915129710360984,0.06920772403936382,0.06915129710360984
2020-07-14,0.01656082685013088,0.06962538406181468,0.06911376846192399,0.06919254667159311,0.06911376846192399
2020-07-15,0.016509924409162692,0.06919394881623453,0.06868955620705905,0.06874163766252234,0.06868955620705905
2020-07-16,0.016522123886963638,0.06928579331284898,0.06879110558951596,0.06883160658985563,0.06879110558951596
2020-07-17,0.01651753987892698,0.06927799125122541,0.06875293916028968,0.06882986707571728,0.06875293916028968
2020-07-20,0.01651480637197669,0.06924319917709604,0.06873018503497823,0.06879461001833395,0.06873018503497823
2020-07-21,0.016545767260517825,0.06952121635350844,0.06898812838828433,0.06908221714359578,0.06898812838828433
2020-07-22,0.016543597233778032,0.06951408319306096,0.06897003357723397,0.06907521520290638,0.06897003357723397
2020-07-23,0.01654349269533734,0.06951360108142857,0.06896916194129134,0.06907473471152156,0.06896916194129134
2020-07-24,0.016538684853084386,0.0694537053622169,0.06892908036075,0.06901349857145297,0.06892908036075
2020-07-27,0.0168058230496676,0.07155363096399703,0.07117379347093819,0.07132849837289629,0.07117379347093819
2020-07-28,0.016805651545424575,0.07156055600924838,0.07117234081429032,0.07133547571754556,0.07117234081429032
2020-07-29,0.016818016101873015,0.07163614277448238,0.07127710773192071,0.07140862895375505,0.07127710773192071
2020-07-30,0.016839931479683008,0.07184075093141667,0.07146298964458551,0.07161935090304189,0.07146298964458551
2020-07-31,0.01683444011893235,0.07180242777361284,0.0714163902777156,0.0715815803145822,0.0714163902777156
2020-08-03,0.016873648024297524,0.07211243281845747,0.07174943940726569,0.07188087861019343,0.07174943940726569
2020-08-04,0.016889127435709958,0.0722577557637964,0.07188114163599202,0.07203016998135883,0.07188114163599202
2020-08-05,0.016896269774504917,0.07232668106696027,0.0719419509377978,0.0721006615666746,0.0719419509377978
2020-08-06,0.01690669228744032,0.07242988279670426,0.07203073351375287,0.0722061456138205,0.07203073351375287
2020-08-07,0.016914226016926524,0.07248088823293836,0.07209494252142187,0.07225642307999436,0.07209494252142187
2020-08-10,0.016921372538452415,0.07255292326057827,0.07215587784344307,0.07232988093439802,0.07215587784344307
2020-08-11,0.016923310077136353,0.07256754841750468,0.07217240283966003,0.07234419756069022,0.07217240283966003
2020-08-12,0.01695249210625597,0.07278719323603083,0.07242152113039307,0.07255719629322702,0.07242152113039307
2020-08-13,0.016959438370815313,0.0728701812801914,0.07248088256307765,0.07264202948059373,0.07248088256307765
2020-08-14,0.016953786532412748,0.07283935043877071,0.0724325812022282,0.0726116641629265,0.0724325812022282
2020-08-17,0.01696007562120169,0.0729242407931407,0.07248632959937372,0.07269907911130341,0.07248632959937372
2020-08-18,0.016929328981532543,0.07267873467356112,0.07222374930076934,0.07246225488069258,0.07222374930076934
2020-08-19,0.016915051324718648,0.0725791036584994,0.07210197825210225,0.07236458346632907,0.07210197825210225
2020-08-20,0.017131435206780003,0.07449352151025146,0.07395849020551355,0.07412174696351453,0.07395849020551355
2020-08-21,0.01717718633147709,0.0749264308519959,0.0743540440271034,0.07457516728757974,0.0743540440271034
2020-08-24,0.017164071365085815,0.07479613642622585,0.07424054714809122,0.0744415944129537,0.07424054714809122
2020-08-25,0.01716879972028695,0.07485503890621986,0.07428145632650196,0.07450142104206964,0.07428145632650196
2020-08-26,0.01715191585285183,0.07474222172207778,0.07413543079067411,0.07439154955810373,0.07413543079067411
2020-08-27,0.0171474358979061,0.0746921075328778,0.07409670858394529,0.07434061899125671,0.07409670858394529
2020-08-28,0.017144235826036112,0.07466654161907271,0.07406905515880251,0.07431586027824733,0.07406905515880251
2020-08-31,0.017166472515469544,0.07480565126513056,0.07426132021334156,0.07444251612544614,0.07426132021334156
2020-09-01,0.017187252986914623,0.07499958634128029,0.07444121963952381,0.07464300597607051,0.07444121963952381
2020-09-02,0.017189383994383658,0.0750050365576364,0.07445968037080601,0.0746483478974296,0.07445968037080601
2020-09-03,0.017189760914777318,0.07501195035114028,0.0744629458374159,0.07465530713753143,0.0744629458374159
2020-09-04,0.017196383949812356,0.07505932741428256,0.07452033647923974,0.07470194040616054,0.07452033647923974
2020-09-07,0.017197132189767223,0.0750599490247324,0.07452682159918665,0.07470255197361628,0.07452682159918665
2020-09-08,0.017163039644813534,0.07480656801029495,0.07423162232205915,0.07445906847320233,0.07423162232205915
2020-09-09,0.017170149431432098,0.07484711702817765,0.07429313593742241,0.0744989516710427,0.07429313593742241
2020-09-10,0.01717312186972466,0.07487637695942251,0.07431886091760868,0.0745289088853393,0.07431886091760868
2020-09-11,0.017173109138710955,0.07487314368350856,0.07431875072749958,0.07452566288512832,0.07431875072749958
2020-09-14,0.017162207407132705,0.07477547363840975,0.07422442349753106,0.07442370100087298,0.07422442349753106
2020-09-15,0.01716302350754854,0.0747896273357882,0.07423148273200728,0.0744379656099724,0.07423148273200728
2020-09-16,0.01717500783271561,0.07494082670760754,0.07433518530156834,0.07459735944737017,0.07433518530156834
2020-09-17,0.017178805017788526,0.0749261397610751,0.07436805814347745,0.07457696842515546,0.07436805814347745
2020-09-18,0.0171694108239776,0.07482215878936244,0.07428674434671484,0.074470803967437,0.07428674434671484
2020-09-21,0.017176238227518147,0.07485252875549148,0.07434583623141085,0.07449967569970592,0.07434583623141085
2020-09-22,0.017197943902925505,0.07501118233567822,0.07453385717101949,0.07465383285932295,0.07453385717101949
2020-09-23,0.017194798882200362,0.07499030179452931,0.07450659936702834,0.07463316522711827,0.07450659936702834
2020-09-24,0.01725409870565882,0.07550387695045213,0.07502138838044356,0.07511915485819412,0.07502138838044356
2020-09-25,0.017226638472415286,0.07524888504433119,0.07478278241094322,0.07485563901612063,0.07478278241094322
2020-09-28,0.017251440222865646,0.07547396815630958,0.07499827182030289,0.07508890411584243,0.07499827182030289
2020-09-29,0.017250868094383556,0.0754767413303149,0.07499329740247478,0.0750917176299982,0.07499329740247478
2020-09-30,0.017245953071666993,0.07542792684636268,0.07495057013223533,0.07504193796092329,0.07495057013223533
2020-10-05,0.017240615577460726,0.0753931074006215,0.07490418402342491,0.07500753018945525,0.07490418402342491
2020-10-06,0.017253348610468056,0.0755169025529242,0.07501486564513368,0.0751343779093373,0.07501486564513368
2020-10-07,0.017254176320148903,0.07553884333726107,0.07502206332267036,0.07515663650914789,0.07502206332267036
2020-10-08,0.017271662575664162,0.07570950134100901,0.0751742026881547,0.07533195824572955,0.0751742026881547
2020-10-12,0.015980054942473905,0.06256421931799427,0.06435126330305013,0.06477690244674145,0.06435126330305013
2020-10-13,0.014433184508658973,0.0527048890276538,0.05249583739537032,0.052616510575680286,0.05249583739537032
2020-10-14,0.014435454848441819,0.05270636794222,0.052512353883713406,0.05261779504753297,0.052512353883713406
2020-10-15,0.01726063775952485,0.08409671868542018,0.07507826319811485,0.07512010963520543,0.07507826319811485
2020-10-16,0.01966472921867034,0.10124407049729661,0.09744879696139401,0.0978649137817032,0.09744879696139401
2020-10-19,0.019666712631991955,0.10130398713544175,0.09746845560883668,0.09793095626519205,0.09746845560883668
2020-10-20,0.019670264339902724,0.10131913204374732,0.09750366339881548,0.09794560174670322,0.09750366339881548
2020-10-21,0.01966985464501427,0.10130702878448228,0.09749960180250936,0.09793341127027863,0.09749960180250936
2020-10-22,0.01965694182712338,0.10116166792331638,0.097371631222718,0.09778441207130364,0.097371631222718
2020-10-23,0.019648688914995247,0.10109510445264525,0.09728988597172078,0.09771892160448692,0.09728988597172078
2020-10-27,0.01961473753915944,0.10072782617534692,0.09695395803998785,0.09733480721918525,0.09695395803998785
2020-10-28,0.01961787926238022,0.10074757677809915,0.09698501906183862,0.09735433335774243,0.09698501906183862
2020-10-29,0.019630591810107127,0.10084959583805939,0.09711075397339133,0.09745349223281846,0.09711075397339133
2020-10-30,0.019638763347304144,0.10091737897869954,0.097191618504477,0.09752016467276087,0.097191618504477
2020-11-02,0.019638788218841075,0.10092717298865311,0.09719186468153172,0.0975300985825486,0.09719186468153172
2020-11-03,0.019650183096082005,0.10105749901510039,0.09730468331880583,0.09766350053896647,0.09730468331880583
2020-11-04,0.01966205225677757,0.10117890402922453,0.0974222673349595,0.09778948701878357,0.0974222673349595
2020-11-05,0.01966100490099745,0.10117180430372516,0.09741188865669552,0.09778243058866687,0.09741188865669552
2020-11-06,0.019662836222964053,0.10119338050235396,0.09743003633943903,0.09780433992374979,0.09743003633943903
2020-11-09,0.019677845362621897,0.10136112222841598,0.09757883472504554,0.09797651275407274,0.09757883472504554
2020-11-10,0.019686990383768893,0.10142819767780378,0.09766955277339343,0.09804180098498247,0.09766955277339343
2020-11-11,0.019707881981766665,0.10165061505995054,0.09787695427622527,0.09827132389345644,0.09787695427622527
2020-11-12,0.019706633251345574,0.10163100696286748,0.09786455131396583,0.09825153833781977,0.09786455131396583
2020-11-16,0.01983528921445505,0.10288158131403669,0.09914655195171136,0.0995963543666449,0.09914655195171136
2020-11-17,0.01983882023590764,0.1029311758784826,0.09918185466486994,0.09964665491241645,0.09918185466486994
2020-11-18,0.019792111146576516,0.10245528792978276,0.09871537123688648,0.09914685956635366,0.09871537123688648
2020-11-19,0.019788490766659346,0.10240158012741724,0.09867926043918487,0.09909227560479703,0.09867926043918487
2020-11-20,0.019787499769181843,0.1023800732873636,0.09866937707307362,0.09907053854242553,0.09866937707307362
2020-11-23,0.019797295532062054,0.10250882905140513,0.09876709341671865,0.09920364303394022,0.09876709341671865
2020-11-24,0.019798843990045747,0.10252123517186895,0.09878254428222699,0.09921589914354864,0.09878254428222699
2020-11-25,0.01978126604867416,0.1023548071267556,0.09860721859508412,0.09905541122802355,0.09860721859508412
2020-11-26,0.019779090619128074,0.10233085156423966,0.09858553128135941,0.09903082997495985,0.09858553128135941
2020-11-27,0.01977490085504231,0.10229772319710756,0.09854376936434177,0.09899812221818666,0.09854376936434177
2020-11-30,0.019791172652600133,0.10243940765703335,0.09870600977118689,0.09913648275351883,0.09870600977118689
2020-12-01,0.019789461889985416,0.10242087108362619,0.09868894607758666,0.0991174215707559,0.09868894607758666
2020-12-02,0.019793892515599067,0.10247002158896645,0.09873314159161038,0.09916778539380314,0.09873314159161038
2020-12-03,0.019789704326854854,0.10241409008107838,0.0986913641307731,0.09911100780031201,0.0986913641307731
2020-12-04,0.01981137665004109,0.10266240495017864,0.09890764248198791,0.09936814078372971,0.09890764248198791
2020-12-07,0.01980983983307406,0.10268297924083974,0.09889229806143603,0.0993913949754067,0.09889229806143603
2020-12-08,0.019826188291384692,0.10287161026347758,0.09905559102569075,0.09958532847482976,0.09905559102569075
2020-12-09,0.019826288448056853,0.10287131871008548,0.09905659183363927,0.09958503660632995,0.09905659183363927
2020-12-10,0.01984365783817049,0.10301355455399425,0.09923023061239303,0.09972364373632253,0.09923023061239303
2020-12-11,0.019842959250301027,0.10300104725885662,0.099223244015895,0.099711033956523,0.099223244015895
2020-12-14,0.019844360268693732,0.10301169212011252,0.09923725588737502,0.09972156733146514,0.09923725588737502
2020-12-15,0.0198290290530489,0.10286564296999129,0.09908397908303765,0.09958117146483611,0.09908397908303765
2020-12-16,0.019857877733543097,0.10317035169722683,0.09937249763624738,0.09989836851538467,0.09937249763624738
2020-12-17,0.019862146476012595,0.10320038920234237,0.09941522538391405,0.09992807945519222,0.09941522538391405
2020-12-18,0.01986173663526133,0.10319727334349088,0.0994111227064575,0.09992499705079907,0.0994111227064575
2020-12-21,0.019854836937834533,0.10312325522462895,0.09934206655665563,0.09984839827387076,0.09934206655665563
2020-12-22,0.019870338058863835,0.1032515542384993,0.09949724431253021,0.099973744210617,0.09949724431253021
2020-12-23,0.019867467653127434,0.10321211769051197,0.09946850027891235,0.09993378067360142,0.09946850027891235
2020-12-24,0.01986290471688517,0.10319320337170029,0.0994228159155989,0.09991587243914957,0.0994228159155989
2020-12-25,0.019858069787972582,0.10313079153174726,0.09937441979740534,0.09985242813014436,0.09937441979740534
2020-12-28,0.019818453549805277,0.10272722722056804,0.09897831747865893,0.09942846537903358,0.09897831747865893
2020-12-29,0.019808898368143184,0.10261049891287238,0.09888289854897528,0.09930914899810878,0.09888289854897528
2020-12-30,0.019826020860044157,0.10280569924648059,0.09905391799201232,0.09950993230920613,0.09905391799201232
2020-12-31,0.019812485805292563,0.10265852356043359,0.09891871763379965,0.099358317665064,0.09891871763379965
2021-01-04,0.019838540418839926,0.10294350333930558,0.09917905685938624,0.09965318242993274,0.09917905685938624
2021-01-05,0.019834093903485336,0.1029158050831388,0.09913460280501309,0.0996258547479246,0.09913460280501309
2021-01-06,0.01983651222821708,0.1029785658769235,0.09915877877981186,0.0996918636115644,0.09915877877981186
2021-01-07,0.019885784556298663,0.10349823202926339,0.09965199570972066,0.1002363482472623,0.09965199570972066
2021-01-08,0.019913053014677055,0.10380533265301273,0.09992547945206541,0.10055451703425566,0.09992547945206541
2021-01-11,0.019917974927546562,0.10387209073709819,0.09997488275402211,0.10062243191530457,0.09997488275402211
2021-01-12,0.01991862006648777,0.10387438294947854,0.0999813591889785,0.10062471720256805,0.0999813591889785
2021-01-13,0.0199678392028989,0.10438992309297956,0.10047607981307219,0.10116711263064643,0.10047607981307219
2021-01-14,0.019977990027514787,0.10447269824591587,0.10057826155594903,0.1012483054424968,0.10057826155594903
2021-01-15,0.019968120225082382,0.10440702182341832,0.1004789079814827,0.10118403473773613,0.1004789079814827
2021-01-18,0.019965274948403295,0.10435618730878404,0.10045027534886572,0.10113245463510706,0.10045027534886572
2021-01-19,0.02002696676139432,0.1050186434630328,0.10107200821082221,0.10183038117375537,0.10107200821082221
2021-01-20,0.020006432183510316,0.10485376368175237,0.10086484683577612,0.10166979103195739,0.10086484683577612
2021-01-21,0.020112714622322277,0.1059713589947171,0.10193936494870204,0.10286716516016148,0.10193936494870204
2021-01-22,0.020270453284341055,0.10758096423509311,0.10354460164086857,0.10435268196839631,0.10354460164086857
2021-01-25,0.020278373530066385,0.10758729811862378,0.10362553312227404,0.10434911662954688,0.10362553312227404
2021-01-26,0.02032427231342027,0.10800294213294404,0.10409516335765556,0.10474745623648984,0.10409516335765556
2021-01-27,0.020320978205607933,0.10795418001881535,0.10406142311866375,0.1046979641458135,0.10406142311866375
2021-01-28,0.020364526661448185,0.10834628941086533,0.10450791442849816,0.10507237471558967,0.10450791442849816
2021-01-29,0.020382643935870776,0.10852260035953365,0.10469394780175541,0.10524160035418445,0.10469394780175541
2021-02-01,0.020414525608036395,0.10889352811687641,0.10502171966189579,0.10562787428302073,0.10502171966189579
2021-02-02,0.020484802143675082,0.10965113923216596,0.10574603395410984,0.10642898769203851,0.10574603395410984
2021-02-03,0.02048458023343416,0.10963493091712129,0.10574374288968037,0.10641264044890975,0.10574374288968037
2021-02-04,0.02015635978384786,0.10603682123097458,0.10238226761345168,0.10321589615298404,0.10238226761345168
2021-02-05,0.02009739046111269,0.10552443907088593,0.10178408604329867,0.10273336964524382,0.10178408604329867
2021-02-17,0.02024765814825626,0.10709737704076239,0.10331185044313933,0.10445442686925999,0.10331185044313933
2021-02-18,0.02022524128368571,0.10680667544684297,0.10308321701579279,0.10415343868781152,0.10308321701579279
2021-02-19,0.020240715995757063,0.10691581523377147,0.10324101917326575,0.10426005507847613,0.10324101917326575
2021-02-22,0.02022149979755226,0.10666912167491471,0.10304508162372635,0.10400541875500557,0.10304508162372635
2021-02-23,0.020204485765655686,0.10652832548595481,0.10287175375375497,0.10386804964109309,0.10287175375375497
2021-02-24,0.020230475842233198,0.10675135199469232,0.1031365825064016,0.10408445122605237,0.1031365825064016
2021-02-25,0.020230924407044795,0.10675709765711638,0.10314115619561731,0.10409033372953685,0.10314115619561731
2021-02-26,0.020324229515484737,0.10763099805308174,0.10409472496032143,0.10490480199673557,0.10409472496032143
2021-03-02,0.02032438041684427,0.10762852574683246,0.10409627071080792,0.10490232132902266,0.10409627071080792
2021-03-03,0.020340869642627966,0.10783335405163597,0.10426524641023276,0.10511324824860713,0.10426524641023276
2021-03-04,0.02037760025257237,0.10818233373465236,0.10464214119751665,0.10544746736419142,0.10464214119751665
2021-03-05,0.020360819423990317,0.10803059766811396,0.10446986783931803,0.10530036097908757,0.10446986783931803
2021-03-08,0.02035175876066249,0.10790118959459272,0.104376909332355,0.1051679365796091,0.104376909332355
2021-03-09,0.02035114783617771,0.10789665241958557,0.10437064299899008,0.1051634546318177,0.10437064299899008
2021-03-10,0.020347629231400807,0.10788971996096064,0.10433455586531626,0.10515690620214307,0.10433455586531626
2021-03-11,0.020364920422486218,0.10815898730956308,0.10451195592117746,0.1054488027164947,0.10451195592117746
2021-03-12,0.020365344809504818,0.10816786780858179,0.10451631184092625,0.10545777599012829,0.10451631184092625
2021-03-15,0.020353711230480593,0.10807336069411999,0.10439693733515554,0.10536524106415879,0.10439693733515554
2021-03-16,0.020342577015913292,0.10800297402383507,0.10428275079138766,0.10529637854014628,0.10428275079138766
2021-03-17,0.020326330147333576,0.10785489163262374,0.10411624370911726,0.1051535034343446,0.10411624370911726
2021-03-18,0.020312234316033732,0.10768275260373072,0.1039718894531835,0.10497590734008222,0.1039718894531835
2021-03-19,0.02033935235346722,0.10788759659177283,0.10424969204794012,0.10517240973914388,0.10424969204794012
2021-03-22,0.020331319325058054,0.10778490909066829,0.10416736146536473,0.10506713383409783,0.10416736146536473
2021-03-23,0.020282638727864184,0.1073485935951084,0.10366912930879413,0.10464863389594664,0.10366912930879413
2021-03-24,0.020223641005699386,0.10675528693694047,0.10306690519290623,0.10409472229664873,0.10306690519290623
2021-03-25,0.020222754317071667,0.10673972770656825,0.10305786762649746,0.10407895701047609,0.10305786762649746
2021-03-26,0.020230887540205942,0.10692144768007028,0.10314078028744393,0.10427556200394833,0.10314078028744393
2021-03-29,0.02008435534842596,0.10551601975916491,0.10165209509998531,0.10297795664369536,0.10165209509998531
2021-03-30,0.020058484759009846,0.10532539405008046,0.10139038832851244,0.10279300898905774,0.10139038832851244
2021-03-31,0.019840227118790663,0.10310450058916676,0.0991959222555495,0.10077586667185989,0.0991959222555495
2021-04-01,0.019725350394102725,0.10208680037983164,0.09805054093887239,0.09982588300375095,0.09805054093887239
2021-04-06,0.019647447035502787,0.10148408174439183,0.09727758810324759,0.09927140905982668,0.09727758810324759
2021-04-07,0.02153868560492271,0.12926994111714185,0.11690657435210161,0.11861445355161049,0.11690657435210161
2021-04-08,0.022956250307734027,0.14099067398267695,0.13280133590421733,0.13503049140891699,0.13280133590421733
2021-04-09,0.02277452895833028,0.13895047817194683,0.13070715065700375,0.13316347156358788,0.13070715065700375
2021-04-12,0.022594429136696795,0.1368232056919365,0.12864807345932971,0.1308197820198559,0.12864807345932971
2021-04-13,0.022501451975322696,0.13567793638826053,0.12759146593143394,0.12959285091302364,0.12759146593143394
2021-04-14,0.022501872457588078,0.13568696208706543,0.12759623455258534,0.12960201336564103,0.12759623455258534
2021-04-15,0.022495699755800576,0.13569400787123753,0.12752623989078776,0.12961115485151953,0.12752623989078776
2021-04-16,0.02248241497811338,0.13559829466010465,0.12737566377852044,0.12951735297179034,0.12737566377852044
2021-04-19,0.022482278820165645,0.1355859858276145,0.1273741209588125,0.12950493266530194,0.1273741209588125
2021-04-20,0.02248094306800202,0.1355783598226563,0.12735898590914052,0.12949736623725805,0.12735898590914052
2021-04-21,0.02247831677811804,0.1354376184481817,0.1273292307447106,0.12934835515479193,0.1273292307447106
2021-04-22,0.022455233413553544,0.13509689577929362,0.12706785192960723,0.12899466469629928,0.12706785192960723
2021-04-23,0.02244715453745903,0.13498660969571774,0.12697643620079901,0.12888045781812785,0.12697643620079901
2021-04-26,0.02245666413921138,0.13517791143463798,0.12708404459385828,0.12907818847119568,0.12708404459385828
2021-04-27,0.022456757988397268,0.13517763918631875,0.12708510679606,0.12907791580983297,0.12708510679606
2021-04-28,0.02245632116476638,0.1351740302707516,0.12708016278429385,0.1290743732061599,0.12708016278429385
2021-04-29,0.022401191875004427,0.13447039218617562,0.12645697615003262,0.1283316941263274,0.12645697615003262
2021-05-03,0.022431713113881657,0.134755926098164,0.12680180181231956,0.12860766010982005,0.12680180181231956
2021-05-04,0.022371674102246896,0.13396612873062996,0.1261239341385604,0.12776317070089938,0.1261239341385604
2021-05-05,0.022381276199865643,0.1340487684195809,0.12623222413233742,0.1278441330838106,0.12623222413233742
2021-05-06,0.022299300825624355,0.13323850597698295,0.12530922196254615,0.12708581254380918,0.12530922196254615
2021-05-07,0.022320697294285218,0.1335474456658824,0.12554980898118406,0.12740590659366624,0.12554980898118406
2021-05-10,0.02232785886862796,0.13358077801809753,0.1256303869776568,0.1274384968136476,0.1256303869776568
2021-05-11,0.022467794950217588,0.13510484184750016,0.12721005610110578,0.1288501475763369,0.12721005610110578
2021-05-12,0.02439605192290605,0.16634233137113585,0.14998217205513223,0.1511910696935881,0.14998217205513223
2021-05-13,0.02612969196792605,0.18350195165396221,0.17205572218935217,0.1739480568162043,0.17205572218935217
2021-05-14,0.026125538884087234,0.1834396092731495,0.1720010330599564,0.1738833098235335,0.1720010330599564
2021-05-17,0.026129662835880956,0.1833714715986926,0.17205533853903823,0.17378177207103507,0.17205533853903823
2021-05-18,0.02620187364013237,0.18438759003172756,0.17300762192787283,0.1750308595711645,0.17300762192787283
2021-05-19,0.026207363346845473,0.184411500804323,0.17308012518558208,0.1750539119546231,0.17308012518558208
2021-05-20,0.02621335940547457,0.18445763010287208,0.17315933325278668,0.17509938847218998,0.17315933325278668
2021-05-21,0.026224137666976975,0.18463561271541828,0.17330175988689328,0.17528280479135766,0.17330175988689328
2021-05-24,0.02622397753490245,0.18460276515906993,0.17329964343326923,0.17524953000259003,0.17329964343326923
2021-05-25,0.0262379951948616,0.184815325267078,0.17348496274508626,0.1754705886283326,0.17348496274508626
2021-05-26,0.026223494858624515,0.18467431324311456,0.17329326401527723,0.1753328870637767,0.17329326401527723
2021-05-28,0.02622771554020351,0.18475716306573786,0.17334905173937382,0.17541746470327768,0.17334905173937382
2021-05-31,0.026216746234229874,0.1847029522393503,0.1732040813437216,0.17536838299711754,0.1732040813437216
2021-06-01,0.026215654126705887,0.18467891270586,0.17318965136534997,0.1753439399548275,0.17318965136534997
2021-06-02,0.026207472501999868,0.1846080387028124,0.17308156696565596,0.1752742443999178,0.17308156696565596
2021-06-03,0.026204693007505955,0.18452865413182395,0.17304485577564313,0.17519341090104779,0.17304485577564313
2021-06-04,0.02620748647238406,0.18454975734078338,0.1730817514944488,0.175214305173033,0.1730817514944488
2021-06-07,0.02620464098579514,0.1844876281879816,0.17304416871699246,0.17515105792904834,0.17304416871699246
2021-06-08,0.026177368053157714,0.18417275192197757,0.1726841587440015,0.17484847900438372,0.1726841587440015
2021-06-09,0.0261828567581443,0.184183831672039,0.17275658098041066,0.17485818632735983,0.17275658098041066
2021-06-10,0.02618989175291588,0.18429022223156966,0.17284942836742168,0.17496895789243083,0.17284942836742168
2021-06-11,0.026189151550771693,0.18430192530934197,0.17283965805522042,0.17498075973635074,0.17283965805522042
2021-06-15,0.026184805000116496,0.18429554372178514,0.1727822912493197,0.1749751162382508,0.1727822912493197
2021-06-16,0.02618384680934028,0.18424623390503136,0.17276964610121978,0.17492507886831682,0.17276964610121978
2021-06-17,0.026185118938833997,0.18422650498606985,0.17278643436790248,0.174905001562776,0.17278643436790248
2021-06-18,0.026186102297245842,0.1842092408209265,0.17279941228749965,0.1748875092173517,0.17279941228749965
2021-06-21,0.026219407808819154,0.1845109352207871,0.17323925115298205,0.17515022658403612,0.17323925115298205
2021-06-22,0.026215530234159557,0.184428767962728,0.17318801441544973,0.1750665175212634,0.17318801441544973
2021-06-23,0.026227807536397862,0.1846144199548838,0.1733502678179148,0.17525940892832576,0.1733502678179148
2021-06-24,0.026220163524919415,0.18445586077924525,0.17324923776892565,0.17509648957209534,0.17324923776892565
2021-06-25,0.02622010976287178,0.18445794755952138,0.1732485273062151,0.17509858576720227,0.1732485273062151
2021-06-28,0.026215802908204994,0.18437295172194856,0.17319161717470605,0.17501191839874758,0.17319161717470605
2021-06-29,0.026192705639945205,0.18413420600865182,0.17288657284268596,0.17478081600882106,0.17288657284268596
2021-06-30,0.02618802256069272,0.18414642535148817,0.17282475646111642,0.17479636684707428,0.17282475646111642
2021-07-01,0.026171378903062103,0.18396205946607225,0.17260515056928633,0.17461760253369624,0.17260515056928633
2021-07-02,0.026141985642683125,0.18350517868818583,0.17221766016224718,0.17414054332371615,0.17221766016224718
2021-07-05,0.026146028493206953,0.1835906393017258,0.17227093110383263,0.17422763919929057,0.17227093110383263
2021-07-06,0.026145324550959106,0.18359052606298176,0.17226165496049622,0.1742275312794711,0.17226165496049622
2021-07-07,0.02614901146200008,0.18361932320337504,0.1723102417108325,0.17425601711818267,0.1723102417108325
2021-07-08,0.026149757238199574,0.18361544604658198,0.17232007051142628,0.1742521147094248,0.17232007051142628
2021-07-09,0.026156829479108353,0.1836592190415265,0.17241329155658625,0.1742947012241593,0.17241329155658625
2021-07-12,0.026159327474198035,0.18370274649070095,0.1724462243033877,0.1743392424751684,0.1724462243033877
2021-07-13,0.026151224481111006,0.1836680432806055,0.17233940854908783,0.17430768865561552,0.17233940854908783
2021-07-14,0.026147603580301784,0.18359505753773286,0.1722916875941379,0.1742333054376613,0.1722916875941379
2021-07-15,0.026149921522776804,0.1836351547293077,0.17232223570314115,0.17427437662010048,0.17232223570314115
2021-07-16,0.026161819064949375,0.18370016947825563,0.17247907575036145,0.17433182621026444,0.17247907575036145
2021-07-19,0.02616847126768828,0.1837052991443503,0.17256679989893242,0.17433094009698996,0.17256679989893242
2021-07-20,0.026157568199649272,0.1834807382737259,0.1724230302780643,0.17409528584848638,0.1724230302780643
2021-07-21,0.026159507132301724,0.18348039921112747,0.17244859297804607,0.1740947472730962,0.17244859297804607
2021-07-22,0.026159563126788334,0.18348136389484826,0.1724493312320748,0.1740957321055251,0.1724493312320748
2021-07-23,0.026159644194240193,0.18347148535424884,0.17245040006104964,0.17408579117398792,0.17245040006104964
2021-07-26,0.026160171287758566,0.1834773882413474,0.17245734957482667,0.17409154392377668,0.17245734957482667
2021-07-27,0.026147460552448577,0.18326504779389619,0.1722898027221473,0.17387287062592244,0.1722898027221473
2021-07-28,0.026168886593046156,0.18348301803864459,0.17257227763096714,0.1740823341436496,0.17257227763096714
2021-07-29,0.02618585551096174,0.1837377736510265,0.17279615526792327,0.17434613518444547,0.17279615526792327
2021-07-30,0.026177758839372504,0.18365098538291164,0.172689314578791,0.17426117891291204,0.172689314578791
2021-08-02,0.02618131201073121,0.18370289791354094,0.1727361968480211,0.17431507114902584,0.1727361968480211
2021-08-03,0.02618092229938826,0.1837162903506102,0.17273105449654458,0.17432859708972548,0.17273105449654458
2021-08-04,0.026164323752192842,0.18346978862080326,0.17251210302720976,0.17407289159129563,0.17251210302720976
2021-08-05,0.026165163798013615,0.18346664008136304,0.17252318073737435,0.17406969906880781,0.17252318073737435
2021-08-06,0.026165350202243587,0.1834676929368309,0.17252563890392422,0.1740707480212043,0.17252563890392422
2021-08-09,0.026164864059200214,0.18346342005707,0.17251922803157962,0.17406651631834258,0.17251922803157962
2021-08-10,0.025998375879569813,0.1813316283283503,0.17033071819060017,0.17171835213884784,0.17033071819060017
2021-08-11,0.025999881055627252,0.18133400060122223,0.17035044135650473,0.17172060541288198,0.17035044135650473
2021-08-12,0.025990463828582677,0.18123249226815336,0.17022706092626586,0.17162119943574278,0.17022706092626586
2021-08-13,0.025986079415732142,0.18111649284087977,0.1701696334969859,0.17149733899902642,0.1701696334969859
2021-08-16,0.025985972725481917,0.18111560483559497,0.1701682361793515,0.17149645712934608,0.1701682361793515
2021-08-17,0.025965030493533662,0.18085954108427255,0.16989406774959348,0.17125028798972436,0.16989406774959348
2021-08-18,0.025955653373415648,0.18071777658299648,0.16977137739430756,0.17110459648645393,0.16977137739430756
2021-08-19,0.025995350255237366,0.18117921415608812,0.1702910751929023,0.1715390984013846,0.1702910751929023
2021-08-20,0.025995019088338126,0.18113478159703028,0.170286736385572,0.1714913325286143,0.170286736385572
2021-08-23,0.026042788238126332,0.18180168454012952,0.17091315844240457,0.17219907631579992,0.17091315844240457
2021-08-24,0.026038340143412227,0.18172956122669842,0.17085477967085622,0.17212552938270134,0.17085477967085622
2021-08-25,0.0260376863588952,0.18176259599446987,0.17084619995289768,0.17216121413128957,0.17084619995289768
2021-08-26,0.026020140156591355,0.18158529301734105,0.17061601882970182,0.17199120350902686,0.17061601882970182
2021-08-27,0.02601863027416698,0.18156257218811855,0.17059621857863724,0.17196785984303203,0.17059621857863724
2021-08-30,0.026023903850292258,0.1816505056905786,0.17066538004553258,0.1720576053204294,0.17066538004553258
2021-08-31,0.02601922741667986,0.18157867215405077,0.17060404923094802,0.17198392351035002,0.17060404923094802
2021-09-01,0.026016137160173314,0.18156727023162295,0.17056352696971158,0.1719730889060882,0.17056352696971158
2021-09-02,0.027710297070353492,0.21320435517480552,0.1935008620592648,0.1947300760287044,0.1935008620592648
2021-09-03,0.029130973569013282,0.22844916795553838,0.21385063251179473,0.21572951048979355,0.21385063251179473
2021-09-06,0.0291034373154632,0.22801186176139093,0.21344653602092414,0.21527213518455096,0.21344653602092414
2021-09-07,0.029105848648048303,0.22802437775771867,0.21348190723182,0.21528441076861837,0.21348190723182
2021-09-08,0.02911041116607329,0.22804407782607183,0.21354884164097682,0.2153018016375564,0.21354884164097682
2021-09-09,0.02911107128088984,0.2280355931137933,0.21355852672250442,0.2152931725244917,0.21355852672250442
2021-09-10,0.02911828641621898,0.2281649973735979,0.21366440016187463,0.21542574646138757,0.21366440016187463
2021-09-13,0.02911091436502956,0.22807456753835242,0.21355622446235728,0.21533728583615408,0.21355622446235728
2021-09-14,0.029088868088611497,0.22779678049590746,0.21323288616251335,0.21506858939038964,0.21323288616251335
2021-09-15,0.029079876195703337,0.2276082988675715,0.21310107828847324,0.21487276802752248,0.21310107828847324
2021-09-16,0.029080800343907195,0.2276182775936446,0.21311462305783258,0.21488262647125117,0.21311462305783258
2021-09-17,0.02908078922077879,0.22761794869748248,0.2131144600292477,0.21488229472129106,0.2131144600292477
2021-09-22,0.02911814458352639,0.22814314901536087,0.2136623186847611,0.2153813967970082,0.2136623186847611
2021-09-23,0.029118904855679542,0.22817461019576724,0.21367347623851762,0.21541325731715216,0.21367347623851762
2021-09-24,0.029125126706661605,0.22828028610197082,0.21376479743113147,0.2155218930840216,0.21376479743113147
2021-09-27,0.029120514475119732,0.22823971358035788,0.21369709955050578,0.2154819862051197,0.21369709955050578
2021-09-29,0.029178283327037684,0.22902908234036606,0.2145457989140471,0.21622124440105916,0.2145457989140471
2021-09-30,0.029180989066781904,0.22908754717742813,0.21458559097474253,0.21628061892383305,0.21458559097474253
2021-10-01,0.029211368158149457,0.2294686651064451,0.21503261547707891,0.21663385003283012,0.21503261547707891
2021-10-04,0.02921443137338706,0.22949023855415615,0.21507771611852622,0.21665488218935564,0.21507771611852622
2021-10-05,0.02920139831617844,0.2292669831266818,0.2148858592322675,0.21642469053130545,0.2148858592322675
2021-10-06,0.02919169916767564,0.22914807146647545,0.2147431356746108,0.21630833514876222,0.2147431356746108
2021-10-07,0.02920985061435096,0.22944866776174472,0.21501027397400022,0.21661968340686522,0.21501027397400022
2021-10-08,0.029210402434534755,0.22945587631306208,0.21501839781764345,0.21662671423687,0.21501839781764345
2021-10-12,0.029205420307196604,0.2293876748487571,0.21494505698064298,0.21656084960349942,0.21494505698064298
2021-10-13,0.02920638992294545,0.22939710379579925,0.21495932950744462,0.21657020659668572,0.21495932950744462
2021-10-14,0.02916181197361221,0.22878445047838328,0.21430364195124676,0.21598732597544207,0.21430364195124676
2021-10-15,0.02920430365462821,0.2294405968973966,0.2149286206918361,0.2166787350382388,0.2149286206918361
2021-10-18,0.029190297843923338,0.2291890870423134,0.21472251903067277,0.2164185727990817,0.21472251903067277
2021-10-19,0.029193290729935876,0.22924766115383383,0.2147665523579251,0.21647816690468324,0.2147665523579251
2021-10-20,0.029193738700578342,0.22923513842544274,0.2147731435880467,0.21646544277571894,0.2147731435880467
2021-10-21,0.029195410156778887,0.22924839967691252,0.21479773750408204,0.21647860517440418,0.21479773750408204
2021-10-22,0.02918834004922518,0.22912447987854778,0.21469371709695906,0.21635163170219665,0.21469371709695906
2021-10-25,0.02918755326808624,0.22909747452499515,0.21468214297589766,0.21632433417077587,0.21468214297589766
2021-10-26,0.029181092415080673,0.22899357853496352,0.21458711094344465,0.21621694700060848,0.21458711094344465
2021-10-27,0.029178101424327314,0.22893052953550735,0.21454312388753957,0.21615288467082142,0.21454312388753957
2021-10-28,0.02917923637294665,0.2289388176779294,0.2145598144976898,0.21616112320930683,0.2145598144976898
2021-10-29,0.029185918280038574,0.22902359401482492,0.21465809211397063,0.21624406819256137,0.21465809211397063
2021-11-01,0.0275754246707921,0.1974128079052906,0.19162181953518145,0.19351365172796908,0.19162181953518145
2021-11-02,0.02593495572373499,0.18025655434810467,0.16950072595480778,0.17076001900993767,0.16950072595480778
2021-11-03,0.02592472140402674,0.1801027254288623,0.16936697732885334,0.17060208251480113,0.16936697732885334
2021-11-04,0.02592269459565473,0.18008160930575817,0.1693404959650959,0.17058125420489753,0.1693404959650959
2021-11-05,0.025935658105451277,0.18028078660117663,0.16950990706344082,0.17078618499247217,0.16950990706344082
2021-11-08,0.025939104410406442,0.1803412361571129,0.16955495867871967,0.17084762771004114,0.16955495867871967
2021-11-09,0.02594587077445865,0.18045489912833984,0.16964342898171667,0.17096375365572716,0.16964342898171667
2021-11-10,0.025942706499509305,0.18042458063712874,0.16960205317095994,0.1709337942019329,0.16960205317095994
2021-11-11,0.02594790770295265,0.1804824883268505,0.16967006636855927,0.17099048877162706,0.16967006636855927
2021-11-12,0.02593656005096119,0.18037023088228538,0.16952169711383322,0.17088097020713333,0.16952169711383322
2021-11-15,0.025933849962667503,0.1803807774969527,0.16948627261930962,0.17089404101775751,0.16948627261930962
2021-11-16,0.025933400205520762,0.18036894712030488,0.1694803940473655,0.17088210531024184,0.1694803940473655
2021-11-17,0.025925670153496568,0.18024741774804198,0.16937937397279149,0.17075756738396908,0.16937937397279149
2021-11-18,0.025913198090335224,0.18006571725913734,0.16921644648777617,0.1705698568948093,0.16921644648777617
2021-11-19,0.025912876035307713,0.18007083542425428,0.16921224039414864,0.17057500629079247,0.16921224039414864
2021-11-22,0.025912248550908436,0.18003976102361607,0.1692040454909422,0.1705434460073058,0.1692040454909422
2021-11-23,0.025910440513661377,0.17996356403596486,0.16918043375822017,0.17046109091910283,0.16918043375822017
2021-11-24,0.025904277284372855,0.17989461641105586,0.16909995856967022,0.1703935941686073,0.16909995856967022
2021-11-25,0.025889049280900613,0.17966451450516102,0.16890120391256291,0.1701563427995856,0.16890120391256291
2021-11-26,0.02591271545883378,0.17994151662706812,0.16921014325752173,0.17042433860596481,0.16921014325752173
2021-11-29,0.02581469532536262,0.17868324331512003,0.16793242067480726,0.1690717807131806,0.16793242067480726
2021-11-30,0.025812148088454435,0.17863483022585216,0.16789928121295608,0.16902265907834294,0.16789928121295608
2021-12-01,0.025828680079051966,0.1788605923825901,0.168114420085756,0.16925688660174654,0.168114420085756
2021-12-02,0.025835275876466224,0.17896942884497727,0.16820029286250565,0.1693681395855746,0.16820029286250565
2021-12-03,0.025834995144112763,0.17896782196260053,0.16819663747227515,0.16936653716255834,0.16819663747227515
2021-12-06,0.02582560451903819,0.17881807534532568,0.16807438589098897,0.16921270650592782,0.16807438589098897
2021-12-07,0.025823389813570175,0.17880523295521478,0.16804556028882717,0.16920014614253082,0.16804556028882717
2021-12-08,0.025817297320474768,0.17875065355312317,0.167966275915316,0.16914682744864656,0.167966275915316
2021-12-09,0.025814643737815876,0.17869531914289463,0.16793174949020984,0.1690904892883879,0.16793174949020984
2021-12-10,0.025814195933299346,0.17869240013945348,0.16792592334405768,0.16908758078680602,0.16792592334405768
2021-12-13,0.025802859828061568,0.17856053021980858,0.16777846897726154,0.1689589710960971,0.16777846897726154
2021-12-14,0.025807413126501626,0.178583846209097,0.167837688215046,0.1689789634611399,0.167837688215046
2021-12-15,0.025801671032402954,0.17849501396768763,0.1677630094722141,0.16888837960876357,0.1677630094722141
2021-12-16,0.02581176148367527,0.1786467981727199,0.16789425178431583,0.1690439742164097,0.16789425178431583
2021-12-17,0.02579358847434368,0.17838551298304448,0.1676579200087164,0.1687739737145549,0.1676579200087164
2021-12-20,0.025795362046577702,0.17837818249354026,0.16768097718473338,0.16876363111541556,0.16768097718473338
2021-12-21,0.025786709619007392,0.17826082768013818,0.1675685070297021,0.1686421999752472,0.1675685070297021
2021-12-22,0.025786709619007392,0.17826082768013818,0.1675685070297021,0.1686421999752472,0.1675685070297021
2021-12-23,0.025775449100871605,0.17814279381073878,0.16742219164060895,0.16852811138715743,0.16742219164060895
2021-12-24,0.025775711502850955,0.17814901714695458,0.16742560047650717,0.16853437459591078,0.16742560047650717
2021-12-27,0.025777148626406742,0.1781893711548301,0.16744427060958147,0.16857577789574968,0.16744427060958147
2021-12-28,0.0257712567647379,0.1781469053257389,0.16736773415898035,0.16853643819308115,0.16736773415898035
2021-12-29,0.025747756760862068,0.17782632974539808,0.1670626385105626,0.1682031216530061,0.1670626385105626
2021-12-30,0.02574582663275631,0.1778058575958402,0.1670375924289939,0.16818291717468767,0.1670375924289939
2022-01-03,0.025746390411809147,0.1778321984072466,0.1670449080477991,0.16820980410218359,0.1670449080477991
2022-01-04,0.025774012307149825,0.17819700356139828,0.16740352702309588,0.16859302386744715,0.16740352702309588
2022-01-05,0.025762834132128903,0.17807014348680028,0.16725835287493568,0.16846909229397652,0.16725835287493568
2022-01-06,0.025771331506187635,0.17815813810221393,0.1673687049556585,0.16855541011878944,0.1673687049556585
2022-01-07,0.025777302177165506,0.17820684026197114,0.1674462654982912,0.16860240557701064,0.1674462654982912
2022-01-10,0.025779584827616046,0.17824670513642812,0.16747592245883136,0.16864280546137095,0.16747592245883136
2022-01-11,0.02577616393518601,0.1781957164801143,0.16743147805782316,0.16859071974240405,0.16743147805782316
2022-01-12,0.02578009081376814,0.17826488631074414,0.16748249675626542,0.16866107350953025,0.16748249675626542
2022-01-13,0.025767991455782655,0.17809432005959763,0.16732532468365255,0.1684851749406513,0.16732532468365255
2022-01-14,0.025766630449443564,0.17806604945369062,0.16730764966898445,0.1684566012875357,0.16730764966898445
2022-01-17,0.02575461587206027,0.17790590481489255,0.16715166015677946,0.16828941739738693,0.16715166015677946
2022-01-18,0.025765947284347848,0.17802981947130533,0.16729877794386763,0.16841046985154765,0.16729877794386763
2022-01-19,0.025771114496156763,0.17806186036842434,0.16736588627825336,0.168436508876117,0.16736588627825336
2022-01-20,0.025732372063967966,0.1775541499491043,0.16686305295369672,0.16790409359449954,0.16686305295369672
2022-01-21,0.02585844598251742,0.1792933245474862,0.16850212561495437,0.16945880246251102,0.16850212561495437
2022-01-24,0.025859841803421785,0.17931208678478552,0.16852031736069623,0.1694780721344389,0.16852031736069623
2022-01-25,0.02588132372741618,0.17958506676369562,0.1688004153065956,0.16974214658475628,0.1688004153065956
2022-01-26,0.025837794606828897,0.1790260326575992,0.16823309079645846,0.16915566703736215,0.16823309079645846
2022-02-07,0.02583246948999793,0.17896685465032391,0.16816375294782182,0.1690983835816282,0.16816375294782182
2022-02-08,0.025832913668547074,0.17897329028867928,0.16816953600886478,0.16910489292128766,0.16816953600886478
2022-02-09,0.02583352332918591,0.17898489418356273,0.1681774737550973,0.16911658286542475,0.1681774737550973
2022-02-10,0.025790875068931768,0.17845184584968407,0.16762264767895405,0.1685510594825419,0.16762264767895405
2022-02-14,0.02581188663365782,0.1787198090530879,0.1678958798803784,0.16881029212092943,0.1678958798803784
2022-02-15,0.025721722080647477,0.17761340703607506,0.16672496067210515,0.1676239815312267,0.16672496067210515
2022-02-16,0.025623693844885186,0.1762465537057907,0.16545656893661456,0.16639026141003538,0.16545656893661456
2022-02-17,0.02560872896824822,0.17606088200215453,0.16526336384103726,0.16620956806472087,0.16526336384103726
2022-02-18,0.025576007899368227,0.17564000398875101,0.1648413093772736,0.1658058582637485,0.1648413093772736
2022-02-21,0.025576451711236823,0.17564209676187148,0.16484703029858172,0.16580792612483092,0.16484703029858172
2022-02-22,0.025558156038830354,0.17540195266537995,0.16461127370651055,0.16557993455942063,0.16461127370651055
2022-02-23,0.025535864114036116,0.17512856480419137,0.16432424972473042,0.16531579546894995,0.16432424972473042
2022-02-24,0.025554423965536744,0.17536613766401726,0.16456320322102047,0.1655084581694614,0.16456320322102047
2022-02-25,0.02549403401246189,0.17461321839724045,0.16378633409759807,0.16471201634906144,0.16378633409759807
2022-03-01,0.025508698293800248,0.17480544687332453,0.16397480953832017,0.16490971293854886,0.16397480953832017
2022-03-02,0.025508448231471286,0.1748023804242435,0.16397159465676794,0.1649066997767441,0.16397159465676794
2022-03-03,0.02550236267498056,0.17472098338198894,0.16389336650557293,0.1648237051568728,0.16389336650557293
2022-03-04,0.025370801705158225,0.17316328274458448,0.1622067499489398,0.16311741627600124,0.1622067499489398
2022-03-07,0.025451939016958924,0.1742646953688726,0.16324590233019498,0.16414900574581937,0.16324590233019498
2022-03-08,0.025478361047833666,0.17462032426569307,0.16358501418430949,0.16448723323995723,0.16358501418430949
2022-03-09,0.0254866623885559,0.17472400907294694,0.16369162984647392,0.16459306649684116,0.16369162984647392
2022-03-10,0.02555188119684955,0.17551691578086262,0.1645304554398742,0.16543303774142643,0.1645304554398742
2022-03-11,0.02555073665744488,0.17550170635703205,0.1645157162220006,0.16541848281696178,0.1645157162220006
2022-03-14,0.02554581256363276,0.17543775083199947,0.16445231196313684,0.16535349193916055,0.16445231196313684
2022-03-15,0.025507270555699308,0.17490591847852083,0.1639564545028145,0.16486155022831922,0.1639564545028145
2022-03-16,0.025508537104296836,0.17492308687008729,0.1639727372307247,0.1648788634412257,0.1639727372307247
2022-03-17,0.025570113241088006,0.17566423833012706,0.16476533417284017,0.16567516934234622,0.16476533417284017
2022-03-18,0.025539943295691276,0.17527052286354816,0.1643767532938757,0.1652968843156078,0.1643767532938757
2022-03-21,0.02553990307765888,0.1752769205993862,0.16437623560248477,0.16530429645466646,0.16437623560248477
2022-03-22,0.02554006143970171,0.17527848278368516,0.164378274062622,0.16530585327445213,0.164378274062622
2022-03-24,0.025544233831606603,0.175339609521678,0.1644319862750364,0.1653684221939202,0.1644319862750364
2022-03-25,0.025543192705995477,0.17532431625113293,0.1644185827911364,0.16535298907847132,0.1644185827911364
2022-03-28,0.02551878204515419,0.17501253876576575,0.16410447574115714,0.16502006357516766,0.16410447574115714
2022-03-29,0.02551768721614152,0.17499720326884535,0.16409039493692976,0.1650045953941608,0.16409039493692976
2022-03-30,0.025528586430779224,0.17514103446941176,0.16423059873874882,0.16515222560291648,0.16423059873874882
2022-03-31,0.025528831272669108,0.17514059861998646,0.16423374898939888,0.16515164702271662,0.16423374898939888
2022-04-01,0.02552860204564905,0.17513767890716414,0.16423079964608947,0.16514880037870436,0.16423079964608947
2022-04-06,0.02552891952629146,0.17513714795656557,0.16423488450932608,0.16514771864376054,0.16423488450932608
2022-04-07,0.027209577836246807,0.20652414265896762,0.1865710037587469,0.18766234220941472,0.1865710037587469
2022-04-08,0.028808674391248318,0.22366353297199226,0.2091448094856036,0.2103989161464732,0.2091448094856036
2022-04-11,0.02882592262577809,0.22391270582628478,0.209395321437291,0.21064029464593453,0.209395321437291
2022-04-12,0.028808341753643642,0.2236582149282336,0.20913997975787135,0.21039376092749917,0.20913997975787135
2022-04-13,0.02883147834444332,0.2239893245219256,0.2094760441685782,0.21073784374739304,0.2094760441685782
2022-04-14,0.02881043127498087,0.2236839680755855,0.20917031946309972,0.21042066727800593,0.20917031946309972
2022-04-15,0.02882667523877082,0.22392051721099496,0.20940625574103378,0.2106458768527963,0.20940625574103378
2022-04-18,0.028827999910401022,0.2239378679775404,0.2094255018661885,0.21066285568760248,0.2094255018661885
2022-04-19,0.028823640571097257,0.22387665262733197,0.20936216845449457,0.21060294752788625,0.20936216845449457
2022-04-20,0.028821562682606258,0.22384639748690294,0.20933198381778523,0.2105721209972781,0.20933198381778523
2022-04-21,0.02880828087303154,0.22365642056057156,0.2091390958085877,0.21037677323458084,0.2091390958085877
2022-04-22,0.027205735538692294,0.19209570169503704,0.18651831564271876,0.18769483476771742,0.18651831564271876
2022-04-25,0.025538451449087018,0.17526671457772883,0.16435755060917845,0.16525677604837863,0.16435755060917845
2022-04-26,0.025538086236889954,0.17526198524219916,0.1643528498579927,0.16525206721577276,0.1643528498579927
2022-04-27,0.02556940771101519,0.17568326508822632,0.164756241894415,0.16565491273594962,0.164756241894415
2022-04-28,0.025570915188826503,0.17570199080041718,0.16477566930572782,0.16567380157132938,0.16477566930572782
2022-04-29,0.02558174677908252,0.17583666204703427,0.1649152936038129,0.16581244104726267,0.1649152936038129
2022-05-02,0.02564897693871817,0.1767705252641495,0.1657832445367299,0.16668457524501676,0.1657832445367299
2022-05-03,0.025694092864421557,0.1773196513312777,0.16636697484763072,0.1672605210966945,0.16636697484763072
2022-05-04,0.025693819756744632,0.177316439651039,0.16636343817040436,0.1672572978740198,0.16636343817040436
2022-05-05,0.025703673160742273,0.17743908063183061,0.1664910611164742,0.16738282285790823,0.1664910611164742
2022-05-06,0.02572867851324877,0.1777785597959251,0.16681515430560345,0.16770697670422366,0.16681515430560345
2022-05-09,0.025749644674636852,0.1780623575046937,0.16708713861925362,0.16798142324765034,0.16708713861925362
2022-05-10,0.02574444438888711,0.17800133166255672,0.16701965705691021,0.16791875433359144,0.16701965705691021
2022-05-11,0.025727396397759065,0.17779311819966293,0.16679852920267138,0.16770429147740187,0.16679852920267138
2022-05-12,0.025769930944250095,0.17838511204765145,0.16735051389959746,0.1682684833982027,0.16735051389959746
2022-05-13,0.025774224196039433,0.1784292930416917,0.16740627949274153,0.1683145776038943,0.16740627949274153
2022-05-16,0.025776414256787467,0.1784551964929445,0.16743473004825407,0.1683407728089894,0.16743473004825407
2022-05-17,0.02576504323823332,0.17828408575192678,0.1672870381731442,0.16818184449251505,0.1672870381731442
2022-05-18,0.025768690649939963,0.17832276770595487,0.16733440528870042,0.16822437004012755,0.16733440528870042
2022-05-19,0.02578975962813627,0.17861000266518223,0.167608148822616,0.168499001708934,0.167608148822616
2022-05-20,0.02579302049345324,0.17865052424783545,0.16765053635627608,0.1685407426719474,0.16765053635627608
2022-05-23,0.025768254202281824,0.17834559097464975,0.16732873700762055,0.1682246711246131,0.16732873700762055
2022-05-24,0.025774252331119473,0.17842702106163033,0.16740664497351085,0.1683038757352151,0.16740664497351085
2022-05-25,0.02567029534538667,0.1769612305925774,0.1660589439060839,0.16695139832086703,0.1660589439060839
2022-05-26,0.023867419438756504,0.14548321780716178,0.14355273508771405,0.1443495453019857,0.14355273508771405
2022-05-27,0.02195636256102536,0.1287528891933348,0.12148462794162143,0.12204020977087603,0.12148462794162143
2022-05-30,0.021998059267680538,0.12918952859040225,0.12194648210918517,0.12250166656879889,0.12194648210918517
2022-05-31,0.021973233266192976,0.12890709977908157,0.12167139100297347,0.12223517372262291,0.12167139100297347
2022-06-01,0.021784929583859962,0.12700865659851784,0.11959495555738171,0.12015583402726115,0.11959495555738171
2022-06-02,0.021790674867296935,0.12707333361020084,0.11965804481540607,0.12021882631975653,0.11965804481540607
2022-06-06,0.02179091993244238,0.1270746733959423,0.11966073625853288,0.12022150666684026,0.11966073625853288
2022-06-07,0.021781782205839574,0.12698339605322242,0.11956040108778264,0.12012255615272407,0.11956040108778264
2022-06-08,0.02179271504659867,0.12709926000304392,0.1196804521337665,0.12024103824623097,0.1196804521337665
2022-06-09,0.02176686552176526,0.12682866217117206,0.11939670152993853,0.11996075264738179,0.11939670152993853
2022-06-10,0.021775954130484734,0.1269327302556768,0.11949642892982974,0.12006271203428417,0.11949642892982974
2022-06-13,0.021837195666154174,0.12766702950843162,0.12016950486959946,0.12074971917095727,0.12016950486959946
2022-06-14,0.021828432991908443,0.12757974362962454,0.12007308269432371,0.12066069497700102,0.12007308269432371
2022-06-15,0.02182824708803182,0.12758465006953218,0.12007103747591474,0.12066520299498916,0.12007103747591474
2022-06-16,0.021828485665295376,0.1275888150094842,0.12007366218288143,0.1206693509870499,0.12007366218288143
2022-06-17,0.02184404455119863,0.12777471653518574,0.12024489515339712,0.12085026446252878,0.12024489515339712
2022-06-20,0.021849213136889842,0.1278365718695263,0.1203018049047124,0.12091080292160367,0.1203018049047124
2022-06-21,0.021888094200027394,0.12823212083377744,0.12073034426273677,0.1213229415991689,0.12073034426273677
2022-06-22,0.02192818412416004,0.12870839681000645,0.12117300526373223,0.1217772960634716,0.12117300526373223
2022-06-23,0.021939091012912897,0.12883811402786988,0.12129357604716462,0.12190290888058322,0.12129357604716462
2022-06-24,0.021916481779845152,0.12860964688465826,0.12104370774878369,0.12166718350220079,0.12104370774878369
2022-06-27,0.023851882434500395,0.1602336232523942,0.1433658985086456,0.14441096660984554,0.1433658985086456
2022-06-28,0.02567890444729225,0.17736406677312183,0.16617034567051778,0.16713845919606035,0.16617034567051778
2022-06-29,0.02568357647248264,0.1774337541515999,0.16623081730530168,0.1672069710753597,0.16623081730530168
2022-06-30,0.02573016843919379,0.17809677321550343,0.16683447511313962,0.16783654747629523,0.16683447511313962
2022-07-01,0.025829930537333155,0.17954467428795107,0.16813069851399087,0.16917972877986376,0.16813069851399087
2022-07-04,0.025795000435029365,0.1790434903939634,0.1676762759556776,0.1687049765849578,0.1676762759556776
2022-07-05,0.025797265154055626,0.17906680495723382,0.16770572013602048,0.16872853352131753,0.16770572013602048
2022-07-06,0.025801221740851973,0.17919930359384761,0.16775716691679435,0.1688375805469485,0.16775716691679435
2022-07-07,0.025873528666459353,0.1800336360303415,0.16869875038483165,0.1697229325783493,0.16869875038483165
2022-07-08,0.02588232624543645,0.18013342333633098,0.16881349259255252,0.16982483439645832,0.16881349259255252
2022-07-11,0.025886857611573943,0.1802094709083376,0.16887260804447976,0.16989947432958175,0.16887260804447976
2022-07-12,0.025927315085488765,0.18080864405427133,0.16940086822063774,0.17046971042776668,0.16940086822063774
2022-07-13,0.026020361610954487,0.18189667839809776,0.17061892302793816,0.17164162595618093,0.17061892302793816
2022-07-14,0.026021574016699148,0.18189786549743736,0.17063482320525114,0.1716432454797298,0.17063482320525114
2022-07-15,0.026036236249736923,0.1820665422288823,0.17082717070913297,0.17181639066239762,0.17082717070913297
2022-07-18,0.026036905193997633,0.18210941247404022,0.17083594888446765,0.17185472178502958,0.17083594888446765
2022-07-19,0.026036852478380768,0.1821090258372533,0.1708352571192026,0.1718543340122166,0.1708352571192026
2022-07-20,0.0260392830561194,0.18212240903661248,0.17086715404333014,0.17186858841487931,0.17086715404333014
2022-07-21,0.026050258350944863,0.1822460898243281,0.17101122195804508,0.1719951092615934,0.17101122195804508
2022-07-22,0.026047753279514682,0.18219716359872984,0.1709783336294379,0.17194730450723145,0.1709783336294379
2022-07-25,0.026040547382776485,0.18211702404767793,0.17088374721464605,0.1718656892146102,0.17088374721464605
2022-07-26,0.02603968514730899,0.1821321254290037,0.17087243104788807,0.171878195044875,0.17087243104788807
2022-07-27,0.026046227653402365,0.18220687682562686,0.17095830569316126,0.1719543921785377,0.17095830569316126
2022-07-28,0.02603908325183356,0.18212575102564188,0.17086453186217157,0.17187171373052576,0.17086453186217157
2022-07-29,0.02603449874714623,0.18202819103005508,0.17080437150381997,0.17178070764237208,0.17080437150381997
2022-08-01,0.026025964902144302,0.18190318931161786,0.17069241397008705,0.171658697851471,0.17069241397008705
2022-08-02,0.026044560295615613,0.18216925409773826,0.17093641848997324,0.17191409146358297,0.17093641848997324
2022-08-03,0.02604727489058751,0.18219213482948104,0.1709720533649093,0.17193751018273282,0.1709720533649093
2022-08-04,0.026043681640257124,0.18215112764915475,0.17092488505152462,0.1718958728772108,0.17092488505152462
2022-08-05,0.0260948409888047,0.18276072151234257,0.17159706301021244,0.17253672618212673,0.17159706301021244
2022-08-08,0.02608988563842045,0.1826877715726612,0.17153189742171612,0.17246510059570566,0.17153189742171612
2022-08-09,0.02608989341942107,0.18268834158806269,0.17153199973646122,0.1724656695286978,0.17153199973646122
2022-08-10,0.026079715105272648,0.18254424482221626,0.17139818807299095,0.1723272500793922,0.17139818807299095
2022-08-11,0.026083766605468853,0.1825932926414096,0.1714514458428002,0.17237891996587412,0.1714514458428002
2022-08-12,0.0260865728980144,0.1826208998862432,0.1714883399619817,0.17240708238412722,0.1714883399619817
2022-08-15,0.026078482083580844,0.18252233965351444,0.17138198140147906,0.17230508321273,0.17138198140147906
2022-08-16,0.026077309979520426,0.18250924140248603,0.1713665761335349,0.17229186763678267,0.1713665761335349
2022-08-17,0.02607438769888756,0.18247640266413273,0.1713281708557185,0.1722586464894501,0.1713281708557185
2022-08-18,0.026077063281976433,0.18251662985097777,0.17136333381187527,0.17229831783946237,0.17136333381187527
2022-08-19,0.02607734469889027,0.18251726098101928,0.1713670324492746,0.17229896387165589,0.1713670324492746
2022-08-22,0.026091645560176197,0.18272231491283336,0.1715550399455413,0.17249796448275326,0.1715550399455413
2022-08-23,0.026102356212222084,0.18287587755982782,0.17169591595709166,0.17264698544143325,0.17169591595709166
2022-08-24,0.026157982209614152,0.18353916333542558,0.17242848838617958,0.17334675926124227,0.17242848838617958
2022-08-29,0.026273639712315604,0.1852333962361838,0.17395664422060703,0.1749092627744023,0.17395664422060703
2022-08-30,0.02626800251411941,0.1851444833829488,0.17388200493260947,0.17482209552983774,0.17388200493260947
2022-08-31,0.026272415126368454,0.18519181438114568,0.17394042873620297,0.17487021174652698,0.17394042873620297
2022-09-01,0.026300072391410786,0.1855892069696099,0.17430683956394885,0.17524974597410103,0.17430683956394885
2022-09-02,0.026306380318851803,0.18569303189611913,0.17439046266097855,0.17535083354185338,0.17439046266097855
2022-09-05,0.026268921197016057,0.1851444621278716,0.17389416765546997,0.17482743197196066,0.17389416765546997
2022-09-06,0.02626847530683172,0.18512257768477947,0.1738882643262982,0.17480713278924914,0.1738882643262982
2022-09-07,0.026248454534797135,0.1849835632360327,0.1736233040972587,0.17460109498511095,0.1736233040972587
2022-09-08,0.02625205664392045,0.18502487408563117,0.17367096046497318,0.17464307061350245,0.17367096046497318
2022-09-12,0.0262803166561712,0.18536618417568146,0.1740450709742546,0.17500118637752532,0.1740450709742546
2022-09-13,0.026278504703985645,0.18534485263432016,0.17402107198830372,0.1749794598694605,0.17402107198830372
2022-09-14,0.026301349552530186,0.1857032077185945,0.17432376904766372,0.17531949140917713,0.17432376904766372
2022-09-15,0.026293447788805477,0.18561263687810914,0.17421903994890517,0.1752270919817015,0.17421903994890517
2022-09-16,0.026298404587623007,0.18570937873227245,0.17428473313128634,0.17532035572860116,0.17428473313128634
2022-09-19,0.02629711024272267,0.18570803932294222,0.1742675777937132,0.1753186424884702,0.1742675777937132
2022-09-20,0.024554229529404583,0.15414920285038425,0.15193336732123638,0.15264130679531074,0.15193336732123638
2022-09-21,0.02264635493494394,0.13706140358960173,0.12924006274354383,0.1299549386480426,0.12924006274354383
2022-09-22,0.022654644280379492,0.13718920934927703,0.12933469268257386,0.1300789957064126,0.12933469268257386
2022-09-23,0.02265990665022876,0.13725984533719993,0.12939478508806454,0.1301480935298995,0.12939478508806454
2022-09-26,0.02268209209592322,0.13754356702528703,0.12964828006568155,0.13041976893621435,0.12964828006568155
2022-09-27,0.022681908351502113,0.13753929070605786,0.1296461795494172,0.130415518129196,0.1296461795494172
2022-09-28,0.02270220647921844,0.13786127791826475,0.12987832511431704,0.1307153695107962,0.12987832511431704
2022-09-29,0.022702126599427587,0.13785991526958374,0.12987741113838225,0.13071402081489833,0.12987741113838225
2022-09-30,0.022715806647127235,0.13805527280236418,0.1300339836506768,0.1309039812365518,0.1300339836506768
2022-10-03,0.02272418649162056,0.138168408282629,0.1301299402298995,0.13101395941803898,0.1301299402298995
2022-10-04,0.022784957269390813,0.13876256661951925,0.13082687799752726,0.13164005124558692,0.13082687799752726
2022-10-05,0.0228356856070018,0.13927643776764065,0.13141007135974098,0.13217857345483955,0.13141007135974098
2022-10-06,0.022796763744803314,0.13874597512651776,0.13096249418356745,0.131675659828523,0.13096249418356745
2022-10-07,0.022814447238915913,0.13899968321951628,0.13116574870995404,0.13191947617669036,0.13116574870995404
2022-10-11,0.023023067987850577,0.14184762212870639,0.13357553821244386,0.13446221936106958,0.13357553821244386
2022-10-12,0.023023066068644547,0.14186627271839458,0.1335755159426953,0.13448059191866604,0.1335755159426953
2022-10-13,0.022968262326821295,0.14114778101960945,0.13294035072704694,0.13380736802196613,0.13294035072704694
2022-10-14,0.023039019327435135,0.14187239900786697,0.1337606957156223,0.13457684432424688,0.1337606957156223
2022-10-17,0.023025613124723256,0.14169808532922912,0.13360507266189584,0.1344131377164852,0.13360507266189584
2022-10-18,0.02303714034903687,0.14179138165660587,0.1337388785362281,0.13450985889686776,0.1337388785362281
2022-10-19,0.023050238918383686,0.14197230011585005,0.13389100557703162,0.13468592429200724,0.13389100557703162
2022-10-20,0.023051764762531474,0.14200289912812636,0.13390873238410614,0.13471618513613176,0.13390873238410614
2022-10-21,0.023021541034660944,0.141710602321785,0.1335578206058656,0.1344130825079966,0.1335578206058656
2022-10-24,0.02301718026404904,0.1416464241660227,0.13350722800154766,0.1343500909078881,0.13350722800154766
2022-10-25,0.023038698745910805,0.1419292899587098,0.13375697325601768,0.13462028324202266,0.13375697325601768
2022-10-26,0.023047726811484925,0.14200277430885133,0.13386182321656395,0.13469543604058412,0.13386182321656395
2022-10-27,0.02306713353686949,0.1421958225612331,0.13408734770115782,0.13489422693180073,0.13408734770115782
2022-10-28,0.023013000662416114,0.141699266883203,0.13345874627106785,0.1343582888366224,0.13345874627106785
2022-10-31,0.02303094264434912,0.14186286939424475,0.13366692840999933,0.13452655523100152,0.13366692840999933
2022-11-01,0.023027420217148934,0.14182884614930835,0.1336260446280042,0.13449182250500588,0.1336260446280042
2022-11-02,0.023029579724503157,0.1418382812563712,0.1336511086563862,0.13450141989963318,0.1336511086563862
2022-11-03,0.023041138229512703,0.1419982808268062,0.13378530082970097,0.13465703613405208,0.13378530082970097
2022-11-04,0.023040297598259107,0.14199199618782699,0.13377553898091876,0.13465070794856587,0.13377553898091876
2022-11-07,0.023069410788654272,0.14227734659438984,0.13411382396219088,0.1349459784357301,0.13411382396219088
2022-11-08,0.023073079021664753,0.1423142551885298,0.13415647783607648,0.1349839458425746,0.13415647783607648
2022-11-09,0.023148534665287174,0.1430846807791153,0.13503537360180048,0.13579899828703607,0.13503537360180048
2022-11-10,0.02315451739349158,0.1431695301120839,0.13510518228282703,0.13588211878096274,0.13510518228282703
2022-11-11,0.02339768760763242,0.14562002871994761,0.13795784991685764,0.13861308927685909,0.13795784991685764
2022-11-14,0.023403121160597014,0.14567637792965415,0.1380219321745111,0.1386706901604866,0.1380219321745111
2022-11-15,0.023562831616423825,0.14735349272374576,0.13991217251355342,0.14049462406547947,0.13991217251355342
2022-11-16,0.02356209420151034,0.14734997875530564,0.13990341535653347,0.140491065694206,0.13990341535653347
2022-11-17,0.0235615712629712,0.147339245017357,0.1398972053757777,0.14048040397989847,0.1398972053757777
2022-11-18,0.023543007221167176,0.1471467399701808,0.13967684363201432,0.14028210958277681,0.13967684363201432
2022-11-21,0.02353735120467428,0.14709663571253628,0.1396097392365098,0.1402309202156942,0.1396097392365098
2022-11-22,0.023533123871309358,0.14705145503614936,0.13955959562388237,0.14018442424842306,0.13955959562388237
2022-11-23,0.02353805474303039,0.1470973220110578,0.13961808531364564,0.14023096682433087,0.13961808531364564
2022-11-24,0.023541028999283786,0.1471055894565333,0.13965337167897027,0.14024236088173436,0.13965337167897027
2022-11-25,0.023539808961737116,0.1470952133488917,0.13963889670067992,0.1402319176025678,0.13963889670067992
2022-11-28,0.023563994045842942,0.14743899221068069,0.13992597747891547,0.14055743743718663,0.13992597747891547
2022-11-29,0.023571759027560705,0.1475186487489532,0.14001821156065417,0.14063861032604907,0.14001821156065417
2022-11-30,0.023577221866803416,0.14757522612127133,0.14008311852103122,0.14069622550521288,0.14008311852103122
2022-12-01,0.023600775950625315,0.1478293040474154,0.1403631496188468,0.14095985128627908,0.1403631496188468
2022-12-02,0.023605639768020038,0.14790342761588965,0.14042100967209734,0.14103252970903782,0.14042100967209734
2022-12-05,0.023605698294046507,0.1478990218224812,0.14042170597128664,0.1410281576462443,0.14042170597128664
2022-12-06,0.023625362091006054,0.14815524844962896,0.14065574895064878,0.1412734933224232,0.14065574895064878
2022-12-07,0.023626727364395545,0.14817432226536031,0.14067200597977225,0.14129227023834465,0.14067200597977225
2022-12-08,0.02363699560458913,0.1483163046581344,0.1407943054252642,0.14143092409013158,0.1407943054252642
2022-12-09,0.023638253142539,0.1482706871562428,0.14080928693095024,0.14140152635803466,0.14080928693095024
2022-12-12,0.023644911469414137,0.14836396063530705,0.14088862327590093,0.14149302392755253,0.14088862327590093
2022-12-13,0.023646058456778314,0.14838222013867952,0.14090229229642706,0.14151111568354235,0.14090229229642706
2022-12-14,0.02363499067041964,0.14826217111871887,0.14077042156568753,0.14138572672511449,0.14077042156568753
2022-12-15,0.02362422518094725,0.14815102232590993,0.14064221188082573,0.1412721734599123,0.14064221188082573
2022-12-16,0.023645154921165888,0.14843365382923568,0.1408915245139757,0.14154552972953266,0.1408915245139757
2022-12-19,0.02364687154147274,0.1484591181932008,0.1409119824921262,0.14157065524520857,0.1409119824921262
2022-12-20,0.02367095259968912,0.14879453414816235,0.14119912723813574,0.1418935120261936,0.14119912723813574
2022-12-21,0.02367111775281223,0.14879611550846916,0.1412010975482106,0.14189511234378563,0.1412010975482106
2022-12-22,0.02369685783484616,0.14906001639387922,0.14150834995371725,0.14216813918572915,0.14150834995371725
2022-12-23,0.023718392314051463,0.1493545216249268,0.1417656577587404,0.1424527839046793,0.1417656577587404
2022-12-26,0.02371964329856391,0.14935737050173148,0.14178061250919916,0.14245579065202796,0.14178061250919916
2022-12-27,0.023715139804312602,0.14927758139060976,0.14172677969639919,0.14237814901994997,0.14172677969639919
2022-12-28,0.023730012904401788,0.14948714192261703,0.14190460513565498,0.1425816794468004,0.14190460513565498
2022-12-29,0.02371610537114195,0.14935620820913587,0.14173832080172724,0.1424467462096237,0.14173832080172724
2022-12-30,0.023720596347971037,0.14939544060995158,0.141792006158051,0.14248649851682194,0.141792006158051
2023-01-03,0.02371820846604336,0.14934111608081713,0.14176346003535012,0.14243380631330396,0.14176346003535012
2023-01-04,0.023710939758384026,0.14927466666649625,0.1416765833848805,0.14236610735027894,0.1416765833848805
2023-01-05,0.02371641310232586,0.14932633219357283,0.14174199911092378,0.14241852370321023,0.14174199911092378
2023-01-06,0.02371526932224959,0.14931488197288978,0.1417283277547618,0.1424068978298199,0.1417283277547618
2023-01-09,0.023826330251987677,0.150500946942976,0.14305889134574937,0.14367993284156738,0.14305889134574937
2023-01-10,0.023822173785524592,0.1504576985058198,0.14300898289466923,0.14363590204328158,0.14300898289466923
2023-01-11,0.023815998003864414,0.15039579341028475,0.14293484375185858,0.14357299468081625,0.14293484375185858
2023-01-12,0.02381469494578018,0.15039458622753277,0.14291920323086316,0.1435714498839589,0.14291920323086316
2023-01-13,0.023827198221138605,0.15051771176799988,0.14306931451749652,0.14369774504203361,0.14306931451749652
2023-01-16,0.023829118248335713,0.1505379949459008,0.14309237287627785,0.14371845462870386,0.14309237287627785
2023-01-17,0.023786229453940027,0.1500803421247784,0.14257774733214199,0.14324057164120363,0.14257774733214199
2023-01-30,0.023829629777370527,0.15054042735368145,0.14309851634228912,0.14372133855544578,0.14309851634228912
2023-01-31,0.023853973719370515,0.15086248444193018,0.14339103967551364,0.14402885684658298,0.14339103967551364
2023-02-01,0.02385230499076405,0.15081844850460957,0.14337097824985173,0.14398660802791263,0.14337097824985173
2023-02-02,0.02387359857035796,0.1510502361315535,0.1436270745920466,0.14422711974576397,0.1436270745920466
2023-02-03,0.023870851411376057,0.15102465935680942,0.14359402187020656,0.14420128229216878,0.14359402187020656
2023-02-06,0.023879502047021172,0.15117017427858392,0.14369811573944946,0.14433942883075862,0.14369811573944946
2023-02-07,0.023876807142397857,0.15114968720922206,0.14366568366744586,0.1443186728905713,0.14366568366744586
2023-02-08,0.023899023176919762,0.15138405667981092,0.14393315382035887,0.14456038701033336,0.14393315382035887
2023-02-09,0.023886943254930647,0.1512591333267027,0.14378768663219774,0.1444326177999334,0.14378768663219774
2023-02-10,0.02387813729527374,0.1511318759524689,0.14368169105436956,0.14430820755489795,0.14368169105436956
2023-02-13,0.02386774985148018,0.1509892279127385,0.14355670970915368,0.14416904038824935,0.14355670970915368
2023-02-14,0.023871430293074355,0.15102776999194967,0.1436009864277512,0.14420827034562672,0.1436009864277512
2023-02-15,0.023761474559607972,0.14953641582146454,0.142281133658218,0.14286504364665562,0.142281133658218
2023-02-16,0.02376672909623347,0.1495938115262216,0.14234406780730513,0.14292433483189657,0.14234406780730513
2023-02-17,0.02375867041287931,0.14948892504088673,0.14224755378653234,0.14282399806961632,0.14224755378653234
2023-02-20,0.023759281490611572,0.14949283948902892,0.14225487115142965,0.14282793182512118,0.14225487115142965
2023-02-21,0.023756364666792377,0.14946523704111125,0.14221994526976856,0.14280003407027297,0.14221994526976856
2023-02-22,0.02376325319636853,0.14956971131442587,0.14230243502362924,0.14290170484980738,0.14230243502362924
2023-02-23,0.023782009031620754,0.1497723932936269,0.14252715630218296,0.14311074116409456,0.14252715630218296
2023-02-24,0.023771200084252597,0.1496684933998465,0.1423976282682838,0.14300359021474196,0.1423976282682838
2023-03-01,0.023753273112938518,0.1494184944172346,0.14218293186161768,0.14276250701815052,0.14218293186161768
2023-03-02,0.023751968687707417,0.1493982589694149,0.14216731616854206,0.14274246071155391,0.14216731616854206
2023-03-03,0.0237274069197934,0.149134075089775,0.14187343946263986,0.14246944004011297,0.14187343946263986
2023-03-06,0.023736122965845922,0.14922468001524003,0.14197769042933905,0.14256180812194397,0.14197769042933905
2023-03-07,0.02374013399782567,0.14926047249439361,0.14202567848314898,0.14259822269657085,0.14202567848314898
2023-03-08,0.02374485362450175,0.14932522103304474,0.1420821545595515,0.14266185465753925,0.1420821545595515
2023-03-09,0.023730731233220614,0.1491369176173492,0.1419131964255648,0.14247864155454723,0.1419131964255648
2023-03-10,0.023749162803965863,0.14938699508907533,0.1421337289400975,0.14272058190005737,0.1421337289400975
2023-03-13,0.023704040590457626,0.14878670177929526,0.1415941481591438,0.14215006098369135,0.1415941481591438
2023-03-14,0.023712914306035376,0.14890442575285445,0.14170018083111507,0.14226514058201112,0.14170018083111507
2023-03-15,0.02369502157352533,0.14871236633622603,0.14148641993719738,0.1420676151070961,0.14148641993719738
2023-03-16,0.023694236793339585,0.14870162826047345,0.14147704801914954,0.14205704378354334,0.14147704801914954
2023-03-17,0.02371735527157244,0.14895220554306154,0.1417532611516522,0.14231595374877015,0.1417532611516522
2023-03-20,0.023712319892071797,0.14888662031094724,0.14169307689531385,0.14225213380365995,0.14169307689531385
2023-03-21,0.023630065027446193,0.1478046649631935,0.14071175324673657,0.14124020799523349,0.14071175324673657
2023-03-22,0.023624339108177943,0.1476787317031047,0.14064356837114284,0.14114742273844222,0.14064356837114284
2023-03-23,0.023620514705634962,0.1476357039384365,0.1405980361696976,0.14110320569351853,0.1405980361696976
2023-03-24,0.023548615730321642,0.1468463088116611,0.13974340030921667,0.14026681348464784,0.13974340030921667
2023-03-27,0.02353494701614239,0.14667391369862126,0.13958122022526268,0.1400999310258213,0.13958122022526268
2023-03-28,0.023540794067658077,0.14674997121504202,0.13965058430464322,0.14017467906268194,0.13965058430464322
2023-03-29,0.023506699916812503,0.14631628757533088,0.1392463651267264,0.13975868556576335,0.1392463651267264
2023-03-30,0.023507352840520364,0.1463234865060722,0.13925410066731764,0.13976598403727664,0.13925410066731764
2023-03-31,0.023421090751901658,0.14538572317716186,0.13823396798622098,0.13876703076873062,0.13823396798622098
2023-04-06,0.02342257707111808,0.14540545318297343,0.13825151339642153,0.13878654006722868,0.13825151339642153
2023-04-07,0.023418418678727272,0.1453622959834001,0.1382024280198649,0.13874281018937654,0.1382024280198649
2023-04-10,0.02341833686369635,0.1453601585713145,0.13820146236831293,0.13874067901336165,0.13820146236831293
2023-04-11,0.023411210136910752,0.1452860819444316,0.1381173595387974,0.1386652660814168,0.1381173595387974
2023-04-12,0.023411257932091836,0.145290180737064,0.1381179234866591,0.13866932808940435,0.1381179234866591
2023-04-13,0.023407852733363783,0.14524697573084566,0.13807774753588528,0.13862738376581346,0.13807774753588528
2023-04-14,0.02341625039486057,0.14533663181021772,0.13817683720381158,0.1387187944245048,0.13817683720381158
2023-04-17,0.023402528134191504,0.14519228280159557,0.13801493741404947,0.13857065033953694,0.13801493741404947
2023-04-18,0.023402564429872635,0.145192785306699,0.13801536551737364,0.13857114790727657,0.13801536551737364
2023-04-19,0.023401519565825403,0.14517942237549003,0.13800304173340672,0.13855810008230762,0.13800304173340672
2023-04-20,0.023399731747509794,0.14515461848839467,0.13798195635556526,0.13853356133386113,0.13798195635556526
2023-04-21,0.02140369342799928,0.11352393199138504,0.11544575927466445,0.11578294040984274,0.11544575927466445
2023-04-24,0.019191767459483568,0.09637881814453614,0.09281763243116088,0.09304034984868807,0.09281763243116088
2023-04-25,0.019184589327088747,0.09630413197929666,0.09274821384755996,0.09296884438052835,0.09274821384755996
2023-04-26,0.019185940185114294,0.09632211006407743,0.09276127579826944,0.0929866628777823,0.09276127579826944
2023-04-27,0.019146889300133585,0.0959801128556238,0.09238404920763563,0.09263161142451447,0.09238404920763563
2023-04-28,0.019162362701069784,0.09610852018346999,0.09253342836041233,0.0927635746029487,0.09253342836041233
2023-05-02,0.019134538123948885,0.09581251363986776,0.09226489840264705,0.09247785640030537,0.09226489840264705
2023-05-03,0.0191335920809111,0.09580239910891108,0.09225577517151339,0.09246788651637042,0.09225577517151339
2023-05-04,0.01913298030904593,0.09579729594857855,0.09224987574759749,0.09246273712338005,0.09224987574759749
2023-05-05,0.019130922795927027,0.09577977019955752,0.09223003616997753,0.09244500747396459,0.09223003616997753
2023-05-08,0.019135577053964334,0.09581922744650445,0.092274917915428,0.09248497515018847,0.092274917915428
2023-05-09,0.019129608920682478,0.09575152648246366,0.09221736823948017,0.09241864284853066,0.09221736823948017
2023-05-10,0.019105924290391922,0.09550809276267164,0.0919891584335274,0.09218530783919325,0.0919891584335274
2023-05-11,0.01910624571786022,0.09551261585791254,0.09199225360867551,0.09218981175656549,0.09199225360867551
2023-05-12,0.019062756498905247,0.09506622951443253,0.09157394870481167,0.09176220020587411,0.09157394870481167
2023-05-15,0.019060531338105164,0.09504750380224172,0.09155257143250403,0.09174331137049437,0.09155257143250403
2023-05-16,0.019057768618621844,0.0950226056048035,0.09152603326967375,0.09171746991925898,0.09152603326967375
2023-05-17,0.018989447800792113,0.0942820331334398,0.09087098020031012,0.09104615813768818,0.09087098020031012
2023-05-18,0.018946983093595843,0.09390243353651578,0.0904650184239497,0.09064431828790863,0.0904650184239497
2023-05-19,0.018947930203682236,0.09391059683514155,0.0904740628689106,0.09065252843482925,0.0904740628689106
2023-05-22,0.01893423706076007,0.09378740691648788,0.09034334393441115,0.09052645733027306,0.09034334393441115
2023-05-23,0.018892284270269347,0.09336654721267218,0.08994343804706399,0.09012238837070866,0.08994343804706399
2023-05-24,0.01886602875959851,0.0931065703720515,0.0896936143718155,0.08987152495725634,0.0896936143718155
2023-05-25,0.018879081778969995,0.09322576489865653,0.08981777166189328,0.08999422466337029,0.08981777166189328
2023-05-26,0.018937111089908167,0.09375346347181515,0.09037077246074378,0.0905472118962033,0.09037077246074378
2023-05-29,0.018880980433095208,0.09320118187649494,0.08983583837296087,0.09002323983133037,0.08983583837296087
2023-05-30,0.01887266108959361,0.0931203477079147,0.08975668882387047,0.0899409322673038,0.08975668882387047
2023-05-31,0.01887237221165556,0.09311504291843253,0.08975394108960777,0.08993511628589376,0.08975394108960777
2023-06-01,0.01886667110265891,0.09306102210254849,0.08969972218096801,0.08987748544822571,0.08969972218096801
2023-06-02,0.01887145826957966,0.09310503067338421,0.08974524817956261,0.08992307676767242,0.08974524817956261
2023-06-05,0.018833662729948412,0.09273610594823047,0.08938612666001286,0.08956842388850932,0.08938612666001286
2023-06-06,0.018821986640111487,0.09262643418468369,0.0892753296322949,0.08945621156924337,0.0892753296322949
2023-06-07,0.018834259493872997,0.09274187710766116,0.08939179133200137,0.0895742929161962,0.08939179133200137
2023-06-08,0.01883099995965892,0.09271047237358326,0.08936085298912991,0.08954386720565763,0.08936085298912991
2023-06-09,0.018830679639391883,0.0927074573109659,0.08935781291171481,0.0895407829541623,0.08935781291171481
2023-06-12,0.018822758767059126,0.09263492215863996,0.08928265439593111,0.08947381866554835,0.08928265439593111
2023-06-13,0.018816811736310796,0.09258145081293902,0.08922624578778046,0.08941699519511018,0.08922624578778046
2023-06-14,0.01875508680538227,0.09201850542564398,0.08864182683151087,0.08882633962507568,0.08864182683151087
2023-06-15,0.01874617734082803,0.09193495707478716,0.0885576295532311,0.08874103477734456,0.0885576295532311
2023-06-16,0.018744211169774715,0.09191670533569818,0.08853905399903102,0.08872299858377956,0.08853905399903102
2023-06-19,0.01873294028213591,0.09181033861009656,0.08843260900674568,0.08861892890783776,0.08843260900674568
2023-06-20,0.01873098472476284,0.09179018597732848,0.0884141467673433,0.0885977791923872,0.0884141467673433
2023-06-21,0.018719900684623814,0.0916860572741574,0.08830953977382913,0.08849574358187062,0.08830953977382913
2023-06-26,0.01871138354119019,0.09160591946568716,0.08822920025443184,0.08841253004020473,0.08822920025443184
2023-06-27,0.018714963684559265,0.09163969974258711,0.08826296616002177,0.08844580260858417,0.08826296616002177
2023-06-28,0.018704135287489362,0.09153747885621147,0.0881608585668816,0.08834569705027474,0.0881608585668816
2023-06-29,0.01862001776088854,0.09071168507940447,0.08736967547678276,0.08756541505941985,0.08736967547678276
2023-06-30,0.018619665451868977,0.09070920612856032,0.08736636926795983,0.0875629447293239,0.08736636926795983
2023-07-03,0.01863266407191324,0.0908351857452613,0.08748839494502515,0.08769289441095848,0.08748839494502515
2023-07-04,0.018632518855178252,0.09083626526868563,0.08748703123992041,0.08769401498554615,0.08748703123992041
2023-07-05,0.01861254790271885,0.09065217358844707,0.08729958873661298,0.08751490498886652,0.08729958873661298
2023-07-06,0.018657122199196546,0.091082031881857,0.08771822860644965,0.08792373699633854,0.08771822860644965
2023-07-07,0.018613800109139714,0.09068243756116798,0.08731133573475842,0.08750751203962587,0.08731133573475842
2023-07-10,0.018560843254622685,0.09017565964939239,0.08681523538531344,0.08702303971679828,0.08681523538531344
2023-07-11,0.018559878725570318,0.0901749563800836,0.08680621277358516,0.08703230977558506,0.08680621277358516
2023-07-12,0.018559813528116215,0.09017420883167407,0.0868056029060083,0.08703155766732543,0.0868056029060083
2023-07-13,0.015950354476515546,0.05865983484954301,0.06411227959747788,0.06440004610433112,0.06411227959747788
2023-07-14,0.012885391822440237,0.041604422025134646,0.04184039724928806,0.041749427066895634,0.04184039724928806
2023-07-17,0.012874193782179983,0.04153715207974207,0.04176770611636268,0.041683321597626596,0.04176770611636268
2023-07-18,0.012814998573444843,0.04113995838710585,0.041384495486223125,0.04131075834758012,0.041384495486223125
2023-07-19,0.012609933970127822,0.039760328697011266,0.04007062955220787,0.04003463733554255,0.04007062955220787
2023-07-20,0.012594888172572143,0.03968265359880868,0.039975064436058604,0.03995910996841198,0.039975064436058604
2023-07-21,0.012639115294310234,0.03994383757518549,0.04025630332656245,0.04021062769830472,0.04025630332656245
2023-07-24,0.012575743029491864,0.039553776225996096,0.03985362681144093,0.039835539347022025,0.03985362681144093
2023-07-25,0.012462703015546457,0.038867095553465264,0.03914037954633511,0.03910177510947346,0.03914037954633511
2023-07-26,0.012449560054047022,0.038771394613085014,0.03905786947590947,0.03900390720796351,0.03905786947590947
2023-07-27,0.012443522608202376,0.038751657959012975,0.03901999623501261,0.03898649781083016,0.03901999623501261
2023-07-28,0.012345183136690748,0.03814403426358226,0.03840569376296527,0.03840776181676889,0.03840569376296527
2023-07-31,0.012152605267837893,0.03699113744861429,0.03721682532856209,0.03716880385619703,0.03721682532856209
2023-08-01,0.012152889818225704,0.036993073991359066,0.03721856819535136,0.037170769287487054,0.03721856819535136
2023-08-02,0.012153963367348536,0.03698102638128961,0.037225144034782234,0.03715040499330151,0.037225144034782234
2023-08-04,0.012135742571776626,0.036873665731318866,0.03711361443764476,0.03704573717350815,0.03711361443764476
2023-08-07,0.012149918885910733,0.036967531491315125,0.037200373291421,0.03714146997299514,0.037200373291421
2023-08-08,0.01216818861907474,0.03706454447829466,0.037312333195883764,0.037234685160782835,0.037312333195883764
2023-08-09,0.012149099662940461,0.036942168851828855,0.037195356900255126,0.03710947978542885,0.037195356900255126
2023-08-10,0.012154487460735957,0.03696738362365899,0.03722835448916328,0.03713407720832938,0.03722835448916328
2023-08-11,0.012154461654782102,0.03696727624217812,0.03722819640562725,0.037133970092102786,0.03722819640562725
2023-08-14,0.012175114147966756,0.03709389319664466,0.037354817938037105,0.037256146986497485,0.037354817938037105
2023-08-15,0.012162902999258653,0.037015508521286614,0.03727992476108253,0.037176293811619035,0.03727992476108253
2023-08-16,0.012167603712656237,0.037040037579764956,0.03730874618727795,0.03720052734024552,0.03730874618727795
2023-08-17,0.012156808952565403,0.036972618178824856,0.03724257698511193,0.03713163784299507,0.03724257698511193
2023-08-18,0.012161586931089815,0.03700044028415296,0.03727185756397856,0.03715907221206455,0.03727185756397856
2023-08-21,0.012115953094097706,0.03671785034831267,0.0369926724833507,0.03688751868906479,0.0369926724833507
2023-08-22,0.012120564343087403,0.03674662969931414,0.03702083615872028,0.03691691925739986,0.03702083615872028
2023-08-23,0.012126716533020191,0.036786356438440374,0.037058427975800765,0.036957249423519856,0.037058427975800765
2023-08-24,0.012070941543701204,0.03646339922480338,0.03671832269736581,0.0366129913947113,0.03671832269736581
2023-08-25,0.012133064144085227,0.03684602001212551,0.037097233872170614,0.036980839722502296,0.037097233872170614
2023-08-28,0.012139100345955334,0.036886048037294256,0.03713415481671157,0.0370213938784681,0.03713415481671157
2023-08-29,0.012124531044826142,0.03680447515509658,0.03704507177035213,0.036942512812120826,0.03704507177035213
2023-08-30,0.012074336013551765,0.03650255801948647,0.03673897672237459,0.03662895234501931,0.03673897672237459
2023-08-31,0.012077366150578504,0.036515275994452305,0.036757418830055136,0.036640460840548894,0.036757418830055136
2023-09-01,0.01206463452566185,0.03643636742666004,0.03667996237192357,0.03656007046053647,0.03667996237192357
2023-09-04,0.012071358736022242,0.03647865735528866,0.036720860836902604,0.03660296090190763,0.036720860836902604
2023-09-05,0.012072452746293068,0.03648411847553266,0.03672751705849272,0.036608395271746044,0.03672751705849272
2023-09-06,0.012067250720107054,0.03645341164462924,0.0366958720653649,0.036578165259187376,0.0366958720653649
2023-09-07,0.012081257904139824,0.03653555135731831,0.036781111721677924,0.03665875424767884,0.036781111721677924
2023-09-08,0.012049583169266728,0.036341723147023594,0.036588498547375156,0.03647085531114039,0.036588498547375156
2023-09-11,0.012022006704477652,0.03617478461479633,0.03642121859103141,0.036308648393345994,0.03642121859103141
2023-09-12,0.011922024680403438,0.03560066618665066,0.03581793746499747,0.03570014030657744,0.03581793746499747
2023-09-13,0.011654141771830818,0.03390453629347284,0.03422639315035885,0.03413575537991552,0.03422639315035885
2023-09-14,0.01168541576578609,0.03409164474070936,0.03441033328805909,0.03432820410381103,0.03441033328805909
2023-09-15,0.011678622248864718,0.03404926658188817,0.03437033484318286,0.03428512470080604,0.03437033484318286
2023-09-18,0.011622210496430446,0.033711273066680064,0.034039095759481185,0.03396338400308241,0.034039095759481185
2023-09-19,0.011604291812982729,0.033610046847207364,0.03393421629717621,0.03386459131955957,0.03393421629717621
2023-09-20,0.014982043989062386,0.06524233523761486,0.056564333806730496,0.056616760810259625,0.056564333806730496
2023-09-21,0.017713878950555907,0.08235934746427398,0.07907293988368681,0.07933057812962846,0.07907293988368681
2023-09-22,0.01764938997909874,0.0817807601585927,0.07849824359184639,0.07877890065090444,0.07849824359184639
2023-09-25,0.01764970562030098,0.0817837028658769,0.07850105133778755,0.07878190769091513,0.07850105133778755
2023-09-26,0.0176175912364595,0.0814921223753636,0.0782156392856936,0.07846845987874568,0.0782156392856936
2023-09-27,0.01761494977103688,0.08146553570637051,0.07819218676991037,0.07844159441317741,0.07819218676991037
2023-09-28,0.017568140578457365,0.0810545036358301,0.07777716997287895,0.07804785393246232,0.07777716997287895
2023-10-02,0.01758585997972443,0.08121725531293517,0.07793414274907128,0.07821495011914822,0.07793414274907128
2023-10-03,0.017574594464703174,0.08112071464824658,0.07783432539089141,0.07812099530222963,0.07783432539089141
2023-10-04,0.017592342622614072,0.08127309631144392,0.07799161077576383,0.0782691177436345,0.07799161077576383
2023-10-05,0.01760604491836507,0.08139517108962355,0.07811315005220709,0.0783955831387263,0.07811315005220709
2023-10-06,0.01759810505440996,0.08133649881308794,0.07804271197952443,0.07833820878824778,0.07804271197952443
2023-10-11,0.017611582583736844,0.08147795387310902,0.0781622959581533,0.07849336038683966,0.0781622959581533
2023-10-12,0.017606393623055574,0.08145437059252664,0.07811624429531294,0.07847264262011241,0.07811624429531294
2023-10-13,0.017564898903852683,0.0810992625530664,0.07774846972264642,0.07813092465033494,0.07774846972264642
2023-10-16,0.01756887128524425,0.08112805810945051,0.07778364003584495,0.07815938753061796,0.07778364003584495
2023-10-17,0.01751534569091649,0.08067656856332822,0.07731040833742132,0.07772686343414068,0.07731040833742132
2023-10-18,0.017537877769120122,0.08086208423841523,0.07750944347443865,0.07790705140891974,0.07750944347443865
2023-10-19,0.017513372487129177,0.08066576492653893,0.07729299039997917,0.07771612695545929,0.07729299039997917
2023-10-20,0.017495480081815073,0.08053539521096859,0.07713513946988336,0.07758952095452912,0.07713513946988336
2023-10-23,0.017446747754531436,0.08007635226024351,0.07670602981698242,0.07709489420440002,0.07670602981698242
2023-10-24,0.017388275036242285,0.07955502670133757,0.07619273140147367,0.07654887228667925,0.07619273140147367
2023-10-25,0.017383950088320926,0.0795108519337743,0.07615483360965475,0.07650403700870445,0.07615483360965475
2023-10-26,0.017397192465505255,0.07962856221300493,0.07627090103182187,0.07661542123190718,0.07627090103182187
2023-10-27,0.01707917424608591,0.07666123782549578,0.07350794461789739,0.07395011701295948,0.07350794461789739
2023-10-30,0.0170764620935634,0.07664238399618123,0.07348460052349275,0.07393148021894161,0.07348460052349275
2023-10-31,0.017064298454352124,0.07654467622971717,0.07337995099827947,0.07383658744587573,0.07337995099827947
2023-11-01,0.016975170752006326,0.07578564566935159,0.07261541835906231,0.0730320298194897,0.07261541835906231
2023-11-02,0.016985191895479024,0.07591223350789683,0.07270117941901408,0.07319427944018347,0.07270117941901408
2023-11-03,0.016977406164429852,0.07584018533170883,0.07263454465814922,0.07312011489008738,0.07263454465814922
2023-11-06,0.016960093520828435,0.07573256135873863,0.07248648260328215,0.07301868167643338,0.07248648260328215
2023-11-07,0.0169552237084403,0.07570197724372424,0.07244486197282053,0.07298843549982006,0.07244486197282053
2023-11-08,0.01695549031108345,0.07572306094547987,0.0724471402256897,0.07300991087416725,0.0724471402256897
2023-11-09,0.01695350473802264,0.07571395790196928,0.07243017337134335,0.07300086402953404,0.07243017337134335
2023-11-10,0.016907360332146064,0.07534338520952161,0.07203642601705862,0.07264491007689156,0.07203642601705862
2023-11-13,0.01692327816626383,0.0754879437749677,0.07217213066097099,0.07279499795943273,0.07217213066097099
2023-11-14,0.016903119032440617,0.07529335252591501,0.07200028912226376,0.07259465251421893,0.07200028912226376
2023-11-15,0.016894147325648604,0.07527078767481876,0.0719238778929014,0.07257960005327468,0.0719238778929014
2023-11-16,0.01687714547225367,0.0750986620664233,0.07177918590148635,0.0724028615038193,0.07177918590148635
2023-11-17,0.016875337245440318,0.07507749165116762,0.071763805801131,0.07238140869233622,0.071763805801131
2023-11-20,0.0168747150580468,0.07506163731360227,0.07175851408914838,0.0723654254693164,0.07175851408914838
2023-11-21,0.016864887834686555,0.0750338587160263,0.07167495930249275,0.07234571172757637,0.07167495930249275
2023-11-22,0.01687750900431137,0.07511502414428917,0.07178227816803406,0.07242536562646401,0.07178227816803406
2023-11-23,0.016847705287916424,0.07482928126072302,0.07152898371405873,0.07212970333915941,0.07152898371405873
2023-11-24,0.016837991687430554,0.07472305159713633,0.07144652694462707,0.07202123026776808,0.07144652694462707
2023-11-27,0.016755347972664585,0.07399514911599109,0.07074690479263895,0.07124815172063206,0.07074690479263895
2023-11-28,0.016746025460715755,0.07394881520212954,0.07066820092019696,0.0712042476221873,0.07066820092019696
2023-11-29,0.016419467645936235,0.07140006782817715,0.0679389272795386,0.06837696361009007,0.0679389272795386
2023-11-30,0.016411114743589854,0.07131973824873583,0.06786982115607261,0.06829511760893422,0.06786982115607261
2023-12-01,0.016196765470092613,0.06965091399585979,0.06610847334668246,0.0664795665781932,0.06610847334668246
2023-12-04,0.01619850193685038,0.06966236446935695,0.06612264917953266,0.06649091786370076,0.06612264917953266
2023-12-05,0.016206152243676466,0.06971529132875218,0.06618512137739538,0.06654307867277381,0.06618512137739538
2023-12-06,0.016205799827521905,0.0697202325662746,0.06618224290852667,0.06654813784255537,0.06618224290852667
2023-12-07,0.01620931502605716,0.06974575908650718,0.06621095719071853,0.06657328880698671,0.06621095719071853
2023-12-08,0.01620881838159389,0.06974147434663583,0.06620689991852897,0.06656889764296753,0.06620689991852897
2023-12-11,0.016203929268857317,0.06969488817189826,0.06616696558503297,0.06652164461779575,0.06616696558503297
2023-12-12,0.016194532748838895,0.06961124169988403,0.06609024852021028,0.06643632291435007,0.06609024852021028
2023-12-13,0.016194494189375082,0.06961138616345147,0.06608993379652522,0.0664364674877966,0.06608993379652522
2023-12-14,0.016157467246249634,0.06933336305795018,0.06578806444903469,0.06617882392960092,0.06578806444903469
2023-12-15,0.01615007244526227,0.06926749427597165,0.06572785967677935,0.0661115677602033,0.06572785967677935
2023-12-18,0.01614314758781452,0.06920305551152242,0.06567150593857436,0.0660460334374453,0.06567150593857436
2023-12-19,0.016111696221436204,0.06893148611563854,0.0654158622932241,0.06576445419330801,0.0654158622932241
2023-12-20,0.016101037361910105,0.06885820300731327,0.06532933784066552,0.0656926226544862,0.06532933784066552
2023-12-21,0.016111511565332675,0.06893179047294407,0.06541436283980183,0.06576491798111264,0.06541436283980183
2023-12-22,0.016067517746459495,0.06859094954901815,0.06505761188626327,0.06543673163890043,0.06505761188626327
2023-12-25,0.016063268997166202,0.06857061202550083,0.06502320994058088,0.06541698651072317,0.06502320994058088
2023-12-26,0.01604665974655326,0.06845971339694723,0.0648888128334565,0.065309768183715,0.0648888128334565
2023-12-27,0.016033351143209695,0.06835022143207281,0.06478122391812884,0.06519580656270682,0.06478122391812884
2023-12-28,0.016020070738784028,0.0682569479530084,0.06467395195186235,0.06510430899318898,0.06467395195186235
2023-12-29,0.016017833960754953,0.06824241250016466,0.06465589320816731,0.06508992219399551,0.06465589320816731
2024-01-02,0.016004178497587923,0.06811030327551115,0.06454569980442922,0.0649539828996987,0.06454569980442922
2024-01-03,0.016045122502946072,0.06842391829669733,0.0648763809459057,0.06525673742154744,0.0648763809459057
2024-01-04,0.016008242218930845,0.06814130477175101,0.0645784823728699,0.06498339911062478,0.0645784823728699
2024-01-05,0.01600440211613294,0.06811484690248287,0.06454750354790989,0.06495728821226712,0.06454750354790989
2024-01-08,0.01596085053454249,0.06778978846328171,0.06419668494607332,0.06464491064699152,0.06419668494607332
2024-01-09,0.01595968455390276,0.06777681196423585,0.06418730582714074,0.06463181248000793,0.06418730582714074
2024-01-10,0.015932717124223346,0.06753483100572599,0.063970571690051,0.06438044148872274,0.063970571690051
2024-01-11,0.01589499980029127,0.06725734151318752,0.0636680567001174,0.06411295540095405,0.0636680567001174
2024-01-12,0.015894721154975422,0.06724665208037967,0.06366582446979464,0.06410216528101093,0.06366582446979464
2024-01-15,0.0158934392900686,0.06723350414139262,0.06365555594170826,0.06408887285012088,0.06365555594170826
2024-01-16,0.01587971574150233,0.0671270710414002,0.06354567375179106,0.06398633995688738,0.06354567375179106
2024-01-17,0.016009633221077787,0.0681927833289801,0.06458970568010625,0.06498398377657358,0.06458970568010625
2024-01-18,0.01601003264745978,0.06819632638343628,0.06459292863392746,0.06498759671670126,0.06459292863392746
2024-01-19,0.01616010901452788,0.06937040624344204,0.06580957908707918,0.06624898519375491,0.06580957908707918
2024-01-22,0.01616319975875443,0.06941053383276569,0.06583475466323262,0.06628975077130683,0.06583475466323262
2024-01-23,0.01615832926110656,0.06936234644630568,0.06579508433660378,0.06624082556869354,0.06579508433660378
2024-01-24,0.016156884891723212,0.0693424842594415,0.06578332220990725,0.06622078316526986,0.06578332220990725
2024-01-25,0.016021815375575437,0.06829656586904431,0.06468803911811442,0.06509151746083561,0.06468803911811442
2024-01-26,0.016020657915894045,0.06828158136551807,0.06467869297464082,0.06507641627027427,0.06467869297464082
2024-01-29,0.016024441721380234,0.0683196202705375,0.06470924858544169,0.0651149414067222,0.06470924858544169
2024-01-30,0.016022634642275706,0.06830760137175751,0.06469465486172309,0.06510304841694506,0.06469465486172309
2024-01-31,0.01603191156143598,0.06835442874393002,0.06476959145505358,0.06514204931212308,0.06476959145505358
2024-02-01,0.01602582724269303,0.06829635259173844,0.06472043898078579,0.06508307775423394,0.06472043898078579
2024-02-02,0.016028801676486806,0.06832717159018786,0.06474446576240486,0.06511424180853587,0.06474446576240486
2024-02-05,0.01597585261099706,0.06790214075918757,0.064317422395372,0.06466903893208927,0.064317422395372
2024-02-15,0.016189283161612344,0.06951388918357154,0.06604740810028997,0.06649220832466046,0.06604740810028997
2024-02-16,0.016194403036389592,0.06953450776289255,0.06608918980566617,0.06651160452412558,0.06608918980566617
2024-02-19,0.01616334068216152,0.06926327417577763,0.06583590266591964,0.0662311021344669,0.06583590266591964
2024-02-20,0.016164497578544282,0.06927835050091993,0.06584532745562452,0.0662462962229371,0.06584532745562452
2024-02-21,0.016137786169461377,0.06907312696693158,0.06562789189771724,0.06604719386338992,0.06562789189771724
2024-02-22,0.016150356959895387,0.06919426172017445,0.06573017554287443,0.06617120869411078,0.06573017554287443
2024-02-23,0.016127817509889612,0.06900356806158303,0.0655468374033401,0.06597375345299653,0.0655468374033401
2024-02-26,0.01612783809474697,0.06900532738011605,0.06554700472581364,0.06597551800513587,0.06554700472581364
2024-02-27,0.01613089781801564,0.06902216343088063,0.06557187783264595,0.0659922071857334,0.06557187783264595
2024-02-29,0.016130045145326354,0.06901799863699187,0.0655649458103471,0.06598806000163737,0.0655649458103471
2024-03-01,0.016126807921404963,0.06897552256576733,0.06553863130094024,0.06594467952202027,0.06553863130094024
2024-03-04,0.0161545261764667,0.06921820344901403,0.06576411642850925,0.06625969856701552,0.06576411642850925
2024-03-05,0.016145348662649796,0.06913852376875301,0.06568941542650895,0.06617752780891567,0.06568941542650895
2024-03-06,0.016123310869576243,0.0689902538908369,0.06551021065604284,0.06603383014969294,0.06551021065604284
2024-03-07,0.016183476552569437,0.06949911502386363,0.06600003815854633,0.06656674792994269,0.06600003815854633
2024-03-08,0.016203907479694756,0.06969273360555828,0.06616678763784793,0.06676587739702472,0.06616678763784793
2024-03-11,0.016201348657753502,0.06967340079379758,0.06614589197918297,0.0667471466029611,0.06614589197918297
2024-03-12,0.01618886085705464,0.06956581353189778,0.0660439623939671,0.0666353762983487,0.0660439623939671
2024-03-13,0.016185807663623042,0.06956364364514728,0.06601905317039719,0.06663368926732072,0.06601905317039719
2024-03-14,0.016184908273017246,0.069543342355123,0.0660117164631075,0.06661318907824926,0.0660117164631075
2024-03-15,0.016210936260397373,0.06973104597638663,0.06622420251854391,0.06679582602628478,0.06622420251854391
2024-03-18,0.016218820696200873,0.06981256429924582,0.06628863648342946,0.06687885480489764,0.06628863648342946
2024-03-19,0.016211340862051442,0.06972664240232501,0.06622750828149593,0.06679114571189615,0.06622750828149593
2024-03-20,0.01621288907731714,0.0697139286882717,0.06624015860281413,0.06677751372044866,0.06624015860281413
2024-03-21,0.016286852942242937,0.070357096354,0.06684591784808636,0.0674614201784195,0.06684591784808636
2024-03-22,0.01628709438719664,0.07035802287695808,0.06684789978151799,0.06746234374070176,0.06684789978151799
2024-03-25,0.016251612573713586,0.07010366643121602,0.06655695763401355,0.06721609362502512,0.06655695763401355
2024-03-26,0.016250579715703758,0.0700863552752155,0.06654849795630349,0.06719863292666772,0.06654849795630349
2024-03-27,0.01623238940920628,0.06996404004251178,0.06639959741489228,0.0670789823929342,0.06639959741489228
2024-03-28,0.01623684502866874,0.06998616672171976,0.0664360543942212,0.0671008909458568,0.0664360543942212
2024-03-29,0.01623563397776016,0.07000419655969758,0.06642614428626965,0.06711963973928686,0.06642614428626965
2024-04-01,0.016210601458296427,0.06975911511419841,0.06622146710921001,0.0668661420406727,0.06622146710921001
2024-04-02,0.016222674767927922,0.06990595443761038,0.06632014450974325,0.06701943933883037,0.06632014450974325
2024-04-03,0.016229531892502175,0.06993260176951921,0.0663762217733358,0.06704522501954518,0.0663762217733358
2024-04-09,0.01628973055815596,0.07041541324676748,0.06686954105764467,0.06756468421820594,0.06686954105764467
2024-04-10,0.01628545815623842,0.07035697880643177,0.0668344691343653,0.06750528350264118,0.0668344691343653
2024-04-11,0.016287448858713565,0.07035824287721654,0.06685080956195287,0.06750644238473319,0.06685080956195287
2024-04-12,0.016282441964579276,0.07032619595224188,0.06680971491513284,0.06747483221008088,0.06680971491513284
2024-04-15,0.01629516104889373,0.0704224189002482,0.06691413294956461,0.06756792940432627,0.06691413294956461
2024-04-16,0.01639335843909178,0.07120102643661042,0.0677230346299605,0.06830460351888551,0.0677230346299605
2024-04-17,0.01640394667212612,0.0713001400859507,0.06781054553833334,0.06840626829707336,0.06781054553833334
2024-04-18,0.01641251899618499,0.0713844155505381,0.06788143650963356,0.06849235445587437,0.06788143650963356
2024-04-19,0.016730049907818616,0.07420974227785587,0.07053343161936163,0.07103620424904217,0.07053343161936163
2024-04-22,0.016731823990706364,0.07421868855990532,0.07054839138210621,0.07104509725286673,0.07054839138210621
2024-04-23,0.01674053862612468,0.0743098141270449,0.07062189964017863,0.07113798785778885,0.07062189964017863
2024-04-24,0.016834223513017797,0.07511867498939523,0.0714145524841328,0.07199505111465221,0.0714145524841328
2024-04-25,0.016876967653956396,0.07545726644474077,0.07177767337255798,0.07232121607554912,0.07177767337255798
2024-04-26,0.016892541227262792,0.07563691308807158,0.07191020317692283,0.07251063771486332,0.07191020317692283
2024-04-29,0.01691720851294404,0.07585699988289069,0.07212036985534744,0.07274023138231411,0.07212036985534744
2024-04-30,0.016918175614822107,0.07586286542957493,0.07212861586575826,0.0727460442637895,0.07212861586575826
2024-05-02,0.01694042170596216,0.07603262638279501,0.07231842766911016,0.07291110980433296,0.07231842766911016
2024-05-03,0.016933287128268828,0.07600145486118698,0.07225752566803548,0.07288105964644576,0.07225752566803548
2024-05-06,0.01695261259183791,0.07619962964365545,0.0724225505696132,0.07308500769530973,0.0724225505696132
2024-05-07,0.016953092410153546,0.07622483280807502,0.07242665025133586,0.0731106014276417,0.07242665025133586
2024-05-08,0.016950664321463686,0.076224266725199,0.07240590527661338,0.07311024990315207,0.07240590527661338
2024-05-09,0.016926738023157327,0.07604909178787378,0.07220164394635921,0.07293967803616352,0.07220164394635921
2024-05-10,0.01692675720159672,0.07608115673922478,0.07220180755917521,0.07297262961625062,0.07220180755917521
2024-05-13,0.016935083800214988,0.07618251168285373,0.07227285995671663,0.07307608086537232,0.07227285995671663
2024-05-14,0.016925150684223664,0.07608506538039284,0.07218810287228655,0.0729757859767251,0.07218810287228655
2024-05-15,0.016942491668606754,0.076260871779255,0.07233610203308394,0.07315658379571904,0.07233610203308394
2024-05-16,0.016939804544172547,0.07626549625401313,0.07231315845468175,0.07316158225238945,0.07231315845468175
2024-05-17,0.016940569849743597,0.07626040741968099,0.07231969252217853,0.07315645658865311,0.07231969252217853
2024-05-20,0.016940844354256725,0.07625401119899577,0.07232203627365828,0.0731500271539205,0.07232203627365828
2024-05-21,0.016938941893941687,0.07621542075578613,0.07230579362655586,0.07311092199635455,0.07230579362655586
2024-05-22,0.016970434470691593,0.07651822282816834,0.07257490282325743,0.07342496560130957,0.07257490282325743
2024-05-23,0.016960926440658056,0.07648861834300125,0.07249360248280422,0.07339785142589628,0.07249360248280422
2024-05-24,0.016963107557412534,0.07650093135495717,0.07251224853709526,0.07341004629764075,0.07251224853709526
2024-05-27,0.016977839903380098,0.07667665682166613,0.07263825604177099,0.07359094721886372,0.07263825604177099
2024-05-28,0.016977512186566363,0.07667874027939925,0.07263545185134236,0.07359303670425144,0.07263545185134236
2024-05-29,0.016992189334656745,0.07672859827895773,0.07276109359297525,0.07363444520187445,0.07276109359297525
2024-05-30,0.017007483551525517,0.07677565750410342,0.07289213318236358,0.07366225537705812,0.07289213318236358
2024-05-31,0.017009959165743365,0.07673508270613039,0.07291335512670469,0.07361414650861431,0.07291335512670469
2024-06-03,0.01705643816516163,0.07716540601209299,0.07331236488625953,0.07406338238802324,0.07331236488625953
2024-06-04,0.01709039793349239,0.07742462960279706,0.07360458878433049,0.07431433888059658,0.07360458878433049
2024-06-05,0.017097648684164097,0.07751418299212909,0.07366705681282877,0.07440563212047241,0.07366705681282877
2024-06-06,0.017216581488140918,0.07857996072143514,0.07469549089072473,0.07554738495232038,0.07469549089072473
2024-06-07,0.017214058285533497,0.07850209419500442,0.0746735982697516,0.07546524476245992,0.0746735982697516
2024-06-11,0.017157521819154368,0.07797854516379066,0.07418389985363907,0.07491643385354135,0.07418389985363907
2024-06-12,0.017186123812432726,0.07824759010313309,0.07443143862745934,0.07519612233653478,0.07443143862745934
2024-06-13,0.017205356915157333,0.07845066724960637,0.07459812525764396,0.0754051138160114,0.07459812525764396
2024-06-14,0.017202980051165825,0.07846207350709522,0.07457751570548395,0.07541713424802887,0.07457751570548395
2024-06-17,0.01719281494960543,0.07839822479277103,0.07448940724462674,0.07535429381980724,0.07448940724462674
2024-06-18,0.017204622611676008,0.07850764612454875,0.07459175788096874,0.0754686493353231,0.07459175788096874
2024-06-19,0.01727640320746171,0.07919149099332379,0.07521547516227191,0.07619061604393806,0.07521547516227191
2024-06-20,0.01728336699527254,0.079273851334147,0.07527612322270558,0.07627466608001171,0.07527612322270558
2024-06-21,0.017280295590727537,0.07919158293650963,0.07524937115713523,0.07618929385095569,0.07524937115713523
2024-06-24,0.01734335699849209,0.07971966917663309,0.07579959205824041,0.0766891317342186,0.07579959205824041
2024-06-25,0.017339915511886114,0.07966470656887903,0.07576951282975586,0.07663333800603644,0.07576951282975586
2024-06-26,0.017337478216565616,0.07963937135190302,0.07574821402929159,0.0766073389322684,0.07574821402929159
2024-06-27,0.017299668790810775,0.07926362383829522,0.0754181921484816,0.0762165835816137,0.0754181921484816
2024-06-28,0.0173017822054574,0.07930152265106993,0.07543662020624074,0.0762549561847704,0.07543662020624074
2024-07-01,0.01730157874050979,0.07929297213199171,0.07543484598234321,0.07624635067092839,0.07543484598234321
2024-07-02,0.017307345676851917,0.07933137593385275,0.07548514202326727,0.07628418465886877,0.07548514202326727
2024-07-03,0.017318604529800347,0.07947000830010509,0.07558338384062452,0.07642635489818733,0.07558338384062452
2024-07-04,0.01738191328011572,0.0800894014744924,0.07613698913792075,0.07708036608164065,0.07613698913792075
2024-07-05,0.017384830837944124,0.0801027213991018,0.07616255050251111,0.077093589309563,0.07616255050251111
2024-07-08,0.0174791724764076,0.0810002004127166,0.07699141055592125,0.07805151066620808,0.07699141055592125
2024-07-09,0.01747207822639734,0.08095773913526272,0.0769289264224357,0.07800961521393085,0.0769289264224357
2024-07-10,0.017472393976213037,0.08096779388468012,0.07693170691752141,0.07801975088646024,0.07693170691752141
2024-07-11,0.017518642756197463,0.081438714276998,0.077339516692856,0.07851180792691875,0.077339516692856
2024-07-12,0.0176451380507042,0.08250155369715717,0.07846042600075911,0.07950856489076047,0.07846042600075911
2024-07-15,0.017632455752820776,0.08235484753530697,0.07834768096054599,0.07935813183673063,0.07834768096054599
2024-07-16,0.017632540039273358,0.08235018371842173,0.07834842999561768,0.07935344480249318,0.07834842999561768
2024-07-17,0.017659209934452445,0.0825485968041787,0.0785856192682841,0.07954629466044189,0.0785856192682841
2024-07-18,0.017638812185398537,0.08237161494517897,0.0784041792185645,0.07937981312299974,0.0784041792185645
2024-07-19,0.017705370057769516,0.08291479982662919,0.07899699247840546,0.07989837764651614,0.07899699247840546
2024-07-22,0.017814510072720294,0.08385474042009655,0.07997390582102532,0.08078289946926825,0.07997390582102532
2024-07-23,0.01789456005635997,0.08457521410218738,0.08069425046188977,0.08155522306673935,0.08069425046188977
2024-07-26,0.01807811499601385,0.08623605054853123,0.08235819693589343,0.08308805342649073,0.08235819693589343
2024-07-29,0.01807381232853992,0.08619183088663673,0.08231899840599495,0.08304247869001463,0.08231899840599495
2024-07-30,0.018065309659372107,0.08608762342821885,0.0822415640984288,0.08293611060483386,0.0822415640984288
2024-07-31,0.01806411336811956,0.08608594733931874,0.08223067232762149,0.0829344533587793,0.08223067232762149
2024-08-01,0.018057333580061456,0.08610487921609455,0.082168958597447,0.08297254719305086,0.082168958597447
2024-08-02,0.018342539490868087,0.08886977600609902,0.08478508625346194,0.08545869333677752,0.08478508625346194
2024-08-05,0.019247825029190185,0.0989942678734747,0.09336064962528867,0.09380748589485266,0.09336064962528867
2024-08-06,0.019514892075604272,0.10144115508216056,0.09596941520606557,0.09657380133884258,0.09596941520606557
2024-08-07,0.019664297155670477,0.10290019509110215,0.09744451482188052,0.09815109885875645,0.09744451482188052
2024-08-08,0.019700768639849854,0.10319164243535928,0.09780631182022465,0.09842040516148287,0.09780631182022465
2024-08-09,0.019788102645815597,0.10409301530750636,0.09867538959297623,0.09937920672603306,0.09867538959297623
2024-08-12,0.01979638191687438,0.10418606848886769,0.09875797772368525,0.09947517271967055,0.09875797772368525
2024-08-13,0.01979628077833467,0.10419242399243367,0.09875696862897501,0.09948156038948053,0.09875696862897501
2024-08-14,0.019803878557082304,0.10431785471084154,0.09883278868772341,0.09961124126315318,0.09883278868772341
2024-08-15,0.019811245246914962,0.10435357646596854,0.0989063304348195,0.0996457675751572,0.0989063304348195
2024-08-16,0.019836197082808968,0.10468471982910954,0.09915562810642582,0.10000304289370476,0.09915562810642582
2024-08-19,0.01983217798291073,0.10466434025143789,0.099115451453554,0.09998287656006749,0.099115451453554
2024-08-20,0.019825557290512816,0.10457000523045379,0.09904928591361029,0.09988667348111901,0.09904928591361029
2024-08-21,0.01982283695786125,0.1045455504725622,0.09902210599460336,0.0998630278085973,0.09902210599460336
2024-08-22,0.019827524639626767,0.10457067235352102,0.09906894480042167,0.09988785425932412,0.09906894480042167
2024-08-23,0.019821373816213697,0.10453091927787261,0.09900748871044465,0.0998486038272432,0.09900748871044465
2024-08-26,0.019820788038061414,0.10453303198432373,0.09900163688933912,0.09985072661681887,0.09900163688933912
2024-08-27,0.019799062386903467,0.10434363613139352,0.0987847235929249,0.09966707447070727,0.0987847235929249
2024-08-28,0.019814623744614974,0.10453525088314408,0.09894006716344621,0.09986420852822359,0.09894006716344621
2024-08-29,0.019833533807060058,0.1046996471771674,0.09912900394550014,0.10002368376077087,0.09912900394550014
2024-08-30,0.019833693568749845,0.10470213134508422,0.09913060094592539,0.10002620216396763,0.09913060094592539
2024-09-02,0.019829709592958437,0.10467310273586228,0.09909078040034909,0.09999757162365086,0.09909078040034909
2024-09-03,0.019826108816785603,0.10464508794207705,0.09905479688538602,0.09997003584544067,0.09905479688538602
2024-09-05,0.02002117464878019,0.10660527099025674,0.10101355344787354,0.10175840532062108,0.10101355344787354
2024-09-06,0.02003438668767039,0.10675549926290562,0.10114691578767834,0.10191362675013177,0.10114691578767834
2024-09-09,0.02003817717052044,0.10671516672263315,0.10118519316792596,0.10185578236586884,0.10118519316792596
2024-09-10,0.019995392054658515,0.10633118072776271,0.10075355726171421,0.101486597776068,0.10075355726171421
2024-09-11,0.019994848822789974,0.10629891362260757,0.10074808282044886,0.10145375667506357,0.10074808282044886
2024-09-12,0.020122048008611053,0.10757756004438024,0.1020339976473337,0.1028322702029546,0.1020339976473337
2024-09-13,0.020121375878040856,0.10755900032931565,0.10202718134080192,0.10281354577258284,0.10202718134080192
2024-09-16,0.020113914822329822,0.10751156871797429,0.10195153150894472,0.10276685554102805,0.10195153150894472
2024-09-18,0.020118254126864316,0.1075346536077858,0.10199552557649946,0.1027896751650067,0.10199552557649946
2024-09-19,0.020128359497870514,0.10765269373747532,0.10209801573102957,0.10291134983970934,0.10209801573102957
2024-09-20,0.020139062813836768,0.10780599380638622,0.10220662645695505,0.10306876089055511,0.10220662645695505
2024-09-23,0.020137084521845736,0.10781229744903331,0.1021865476060697,0.10307532266136826,0.1021865476060697
2024-09-24,0.02013149196800678,0.10781693572435125,0.10212979615219622,0.10308322010261456,0.10212979615219622
2024-09-25,0.020144567676788835,0.10801191850901015,0.10226250893495083,0.10328480199017381,0.10226250893495083
2024-09-26,0.020145184449210016,0.10806265329005404,0.10226877103615865,0.10333677937291036,0.10226877103615865
2024-09-27,0.020140042245122752,0.10796721216132432,0.10221656801210294,0.10323929115179059,0.10221656801210294
2024-09-30,0.020217340798648266,0.10869015951060623,0.1030026989801093,0.10392475564927078,0.1030026989801093
2024-10-01,0.020203756973393813,0.10850375053254646,0.1028643325516697,0.10373298249854951,0.1028643325516697
2024-10-04,0.020203809811525048,0.10849388491611567,0.10286487058686951,0.10372305461377368,0.10286487058686951
2024-10-07,0.020241217306016586,0.10896406288037441,0.10324613326340511,0.10422501620529284,0.10324613326340511
2024-10-08,0.02024174165106642,0.10896794316846581,0.10325148247726632,0.10422884345052302,0.10325148247726632
2024-10-09,0.0178257321708636,0.0774165957826729,0.08007469531169512,0.08155920401543237,0.08007469531169512
2024-10-11,0.015215701719899857,0.060525756579276724,0.05834242986489879,0.059080033257986775,0.05834242986489879
2024-10-14,0.01521490121008166,0.0605257002678915,0.058336291145801175,0.05907997897960354,0.058336291145801175
2024-10-15,0.015260232658639945,0.060908527416125846,0.05868442460054693,0.05948081408574857,0.05868442460054693
2024-10-16,0.015284189022655315,0.061077881756951835,0.05886882138822483,0.05964280435686281,0.05886882138822483
2024-10-17,0.0152839036552473,0.061080122884815125,0.05886662315760621,0.05964505284142857,0.05886662315760621
2024-10-18,0.015351226908339904,0.061650778109070936,0.059386362233017465,0.06024510920395931,0.059386362233017465
2024-10-21,0.015336034209535568,0.061485004178228886,0.0592688742095634,0.06007497986040905,0.0592688742095634
2024-10-22,0.015332009983097432,0.06146257381487752,0.05923777359069343,0.06005288416207388,0.05923777359069343
2024-10-23,0.0153125362460488,0.06133427294340166,0.059087389104212684,0.059928441201651195,0.059087389104212684
2024-10-24,0.015301058914151134,0.061171898038473005,0.05899884578136962,0.059759809461167435,0.05899884578136962
2024-10-25,0.015305815737633236,0.0612251192307256,0.05903553483938408,0.059814029554384196,0.05903553483938408
2024-10-28,0.015276602563674043,0.06093825354049476,0.05881039564389,0.05951701375553736,0.05881039564389
2024-10-29,0.015352451265017036,0.06143490496632975,0.05939583548087024,0.05998661500210345,0.05939583548087024
2024-10-30,0.015349830080150608,0.0614297504418555,0.0593755554393531,0.05998150988832468,0.0593755554393531
2024-11-01,0.015352421670203025,0.061445577951594,0.0593956064872093,0.059997046327363135,0.0593956064872093
2024-11-04,0.015368318252499397,0.061601199961905495,0.05951867188934674,0.060156816039715066,0.05951867188934674
2024-11-05,0.015336930852695359,0.06141761855911132,0.059275804891050415,0.05997873123510794,0.059275804891050415
2024-11-06,0.015341520828352943,0.0614805128741166,0.059311289854350364,0.06004263888988298,0.059311289854350364
2024-11-07,0.015352721182430043,0.06159113706543262,0.05939792402176991,0.06015610439550234,0.05939792402176991
2024-11-08,0.015330589449606864,0.06149516558690693,0.05922679716384412,0.06006493787424699,0.05922679716384412
2024-11-11,0.015330696118953071,0.06149476696299738,0.05922762135990405,0.06006453845241677,0.05922762135990405
2024-11-12,0.01542908111114913,0.06218204780808312,0.05999024907147356,0.06071682773424625,0.05999024907147356
2024-11-13,0.015377539773114523,0.06181907968878253,0.0595901198273772,0.06036914410929495,0.0595901198273772
2024-11-14,0.015392318725332262,0.06188280656467904,0.05970471588703797,0.060431170293984204,0.05970471588703797
2024-11-15,0.015393302048382797,0.06192601972180234,0.059712344484091996,0.06047511190314614,0.059712344484091996
2024-11-18,0.015416002647554963,0.062079498559011514,0.05988859068261425,0.06062362297539081,0.05988859068261425
2024-11-19,0.015432772875195984,0.0622381286367093,0.060018960611581004,0.060787062130107816,0.060018960611581004
2024-11-20,0.015382060057383302,0.06176757537779687,0.059625158445454594,0.06029406335895904,0.059625158445454594
2024-11-21,0.015398720399773748,0.06183323574542898,0.059754388667502864,0.06035616127163085,0.059754388667502864
2024-11-22,0.015433182412745433,0.06212508203826117,0.06002214608503889,0.06066117824958828,0.06002214608503889
2024-11-25,0.015436352358270216,0.062138169670017285,0.060046805480425965,0.060674170133703076,0.060046805480425965
2024-11-26,0.015462534997138795,0.0622813035279679,0.06025067711151099,0.0608124889049938,0.06025067711151099
2024-11-27,0.015495954014382618,0.06249720433820938,0.06051139688559691,0.061022175103264575,0.06051139688559691
2024-11-28,0.015493309226552112,0.06248422220729588,0.060490742958970334,0.06100930675813049,0.060490742958970334
2024-11-29,0.015469060104819812,0.06226040284850032,0.06030153877268504,0.060778395619841885,0.06030153877268504
2024-12-02,0.01553184387868304,0.06279399955535603,0.06079201991648952,0.061337897756222115,0.06079201991648952
2024-12-03,0.015536245720809928,0.06283210222514213,0.060826482636540974,0.06137748305553159,0.060826482636540974
2024-12-04,0.015538288926621397,0.06286657603370716,0.06084248253732561,0.06141236778586939,0.06084248253732561
2024-12-05,0.015539763607118942,0.06288580604651317,0.06085403174721485,0.06143184821910147,0.06085403174721485
2024-12-06,0.015543130986050481,0.06290034012483947,0.060880408054079696,0.061446270561670346,0.060880408054079696
2024-12-09,0.015528957457110913,0.0627562494077285,0.06076942696559968,0.06129860110718843,0.06076942696559968
2024-12-10,0.015524165255029691,0.06272453981511417,0.060731926130098715,0.061267659254532814,0.060731926130098715
2024-12-11,0.015537504859627637,0.06280206425505652,0.060836342430264014,0.06134383266040622,0.060836342430264014
2024-12-12,0.015549536301952892,0.06293442365566726,0.06093059595984921,0.06147931249657407,0.06093059595984921
2024-12-13,0.0155410524148384,0.06289249044590539,0.06086412616051012,0.06143792940611664,0.06086412616051012
2024-12-16,0.015538331681029005,0.06286211180913626,0.06084281736027675,0.06140703582083984,0.06084281736027675
2024-12-17,0.015538994843487532,0.06288727183506249,0.06084801090797489,0.06143245993866636,0.06084801090797489
2024-12-18,0.015539375509906278,0.06288495337114919,0.060850992191944495,0.061430134398170744,0.060850992191944495
2024-12-19,0.0155693574542532,0.06306621594669726,0.06108603266765404,0.061606067195891234,0.06108603266765404
2024-12-20,0.015580794864579157,0.06313906210822706,0.06117581449024825,0.06167741304612756,0.06117581449024825
2024-12-23,0.015634846931113004,0.06364183949390634,0.061601006516952085,0.06220813053842583,0.061601006516952085
2024-12-24,0.015634617922158943,0.06363773498985437,0.06159920194811719,0.062203987347398626,0.06159920194811719
2024-12-25,0.015626863951801153,0.06360901023873,0.061538116995961796,0.06217578000591728,0.061538116995961796
2024-12-26,0.015622637919296089,0.06354538515839836,0.06150483752047186,0.06211111280084858,0.06150483752047186
2024-12-27,0.01562287783918954,0.063554757749538,0.06150672661851638,0.06212055254408155,0.06150672661851638
2024-12-30,0.01562961712089444,0.06358048021457874,0.06155980269913066,0.062145910040982244,0.06155980269913066
2024-12-31,0.015647995923766186,0.06369001589127432,0.0617046636604112,0.062253183816514235,0.0617046636604112
2025-01-02,0.01564757633964816,0.06362236020741407,0.06170135461688946,0.06218066638560249,0.06170135461688946
2025-01-03,0.015655800794956688,0.06370442473451388,0.061766232829904344,0.06226459035018206,0.061766232829904344
2025-01-06,0.01576745335051737,0.06462817841190693,0.06265037146050684,0.06324738836826138,0.06265037146050684
2025-01-07,0.01577461761567263,0.06473530947976402,0.06270731735201368,0.06335733688223627,0.06270731735201368
2025-01-08,0.01580973602592276,0.06495794243631503,0.0629868338087587,0.06357313570176237,0.0629868338087587
2025-01-09,0.01581810151076515,0.06501624818247365,0.06305350852202743,0.06362969616918135,0.06305350852202743
2025-01-10,0.01581849391647086,0.06500938087056207,0.06305663694592725,0.06362279219110412,0.06305663694592725
2025-01-13,0.015894927986569087,0.06555248071330821,0.06366748139595073,0.06414015090253694,0.06366748139595073
2025-01-14,0.015895522533846785,0.06555890877103598,0.0636722444292558,0.0641466934064936,0.0636722444292558
2025-01-15,0.015894728333490094,0.06549652830674735,0.0636658819764541,0.06408065643243327,0.0636658819764541
2025-01-16,0.01593847499252241,0.06589438886642929,0.06401681624199007,0.06449487834016815,0.06401681624199007
2025-01-17,0.01595029233981977,0.06596896240706507,0.06411178008287974,0.06456807511142071,0.06411178008287974
2025-01-20,0.01595539728769352,0.0660540666695616,0.06415282505725071,0.06465539765466077,0.06415282505725071
2025-01-21,0.01590971917605479,0.0657437467073132,0.06378602939375325,0.06435595323712423,0.06378602939375325
2025-01-22,0.01592519341512992,0.0659104424611835,0.06391016989794295,0.06452704421259015,0.06391016989794295
2025-02-03,0.01616791241909449,0.06789715781113426,0.06587315078186048,0.06634692966074068,0.06587315078186048
2025-02-04,0.018777361348221874,0.099513814188542,0.08885250339882758,0.08908330229111039,0.08885250339882758
2025-02-05,0.02099215895391822,0.11666990119586296,0.11104902586173535,0.11183674281766082,0.11104902586173535
2025-02-06,0.020988349112626394,0.11666040080700446,0.11100872121531825,0.11182769645093193,0.11100872121531825
2025-02-10,0.02099451437867295,0.11669055839132259,0.11107394776706891,0.11185706731488743,0.11107394776706891
2025-02-11,0.020995512753769312,0.1167252029898932,0.11108451206000984,0.11189217150527786,0.11108451206000984
2025-02-12,0.020996349261770596,0.11672059210897123,0.11109336394520816,0.1118875170056507,0.11109336394520816
2025-02-13,0.02305568456906026,0.14825251752007007,0.13395427691889686,0.134541468688578,0.13395427691889686
2025-02-14,0.024801130528613238,0.16432557502376544,0.1550042110253225,0.15628015062103856,0.1550042110253225
2025-02-17,0.02481366452088806,0.1645060604087052,0.1551609226327051,0.1564669251252887,0.1551609226327051
2025-02-18,0.02472037388917799,0.1633198608066576,0.15399641507562972,0.15519325942836648,0.15399641507562972
2025-02-19,0.0247192268346319,0.16327776145144934,0.1539821241761004,0.15515053403275025,0.1539821241761004
2025-02-20,0.024721607862750548,0.1632888439215917,0.15401178962054163,0.15516149300377663,0.15401178962054163
2025-02-21,0.024723700076997108,0.16333872610140088,0.1540378590653213,0.15521209043535933,0.1540378590653213
2025-02-24,0.024723288995140712,0.1632703207249857,0.15403273672178597,0.15513861786283456,0.15403273672178597
2025-02-25,0.024740135963418685,0.1634437342690181,0.15424273052708753,0.15530755263015744,0.15424273052708753
2025-02-26,0.02473954834178365,0.16343404058984706,0.15423540354317344,0.15529768770284036,0.15423540354317344
2025-02-27,0.024751409041671443,0.1635580528753401,0.15438332688613,0.15541879844265738,0.15438332688613
2025-03-03,0.024782663741361094,0.1639386725256045,0.1547734663735782,0.15577852905033301,0.1547734663735782
2025-03-04,0.024787744817743703,0.16398345169213702,0.15483693787369412,0.15582271487300442,0.15483693787369412
2025-03-05,0.02479732694354633,0.16412024148246296,0.15495667073337244,0.15596358541047528,0.15495667073337244
2025-03-06,0.02479994278844177,0.16411852835339524,0.1549893649021162,0.15596092591648947,0.1549893649021162
2025-03-07,0.02464003042703499,0.16218330988431934,0.15299703706019294,0.15382886450258618,0.15299703706019294
2025-03-10,0.024638167908741702,0.162163348166259,0.15297390811063608,0.15380929940291233,0.15297390811063608
2025-03-11,0.024665873390581544,0.16248026744711602,0.15331813815029005,0.15411513035154117,0.15331813815029005
2025-03-12,0.02466611680813294,0.16248434389888752,0.1533211642348995,0.15411925778773308,0.1533211642348995
2025-03-13,0.024673380427465728,0.16256230821091947,0.15341147683304912,0.15419565506702834,0.15341147683304912
2025-03-14,0.02466642012988837,0.16244780961783511,0.15332493507008887,0.15407822178617533,0.15332493507008887
2025-03-17,0.024668475801189686,0.16247662708939686,0.15335049198517803,0.15410770661992143,0.15335049198517803
2025-03-18,0.024669227254123894,0.1624915302107116,0.1533598348755335,0.1541227433522895,0.1533598348755335
2025-03-19,0.024681421477988772,0.16262932270404762,0.1535114866758796,0.15425688151212122,0.1535114866758796
2025-03-20,0.024715266786827884,0.16307636718387541,0.15393279191070755,0.15472345745210433,0.15393279191070755
2025-03-21,0.02472043955142727,0.1631313325315079,0.15399723316717395,0.1547774192253567,0.15399723316717395
2025-03-24,0.024657413525472367,0.1623346636787472,0.15321298652506918,0.15393367941682248,0.15321298652506918
2025-03-25,0.024660406542662026,0.1623749374667336,0.15325018401404075,0.15397509050024238,0.15325018401404075
2025-03-26,0.024659524359385267,0.16235348262113206,0.15323921969104107,0.15395342509314325,0.15323921969104107
2025-03-27,0.02465115957058765,0.16221419808384685,0.15313527637999289,0.15377600803549638,0.15313527637999289
2025-03-28,0.02464594080526894,0.16212130275283965,0.1530704443405588,0.1536756049979659,0.1530704443405588
2025-03-31,0.02474501917357626,0.16341357027097123,0.15430362542296552,0.15487124426412996,0.15430362542296552
2025-04-01,0.024769192083442235,0.1637118640700108,0.15460524486954727,0.15518412424581823,0.15460524486954727
2025-04-02,0.024768184052239677,0.1636914315095992,0.1545926611938962,0.15516345467007098,0.1545926611938962
2025-04-07,0.025566074305336854,0.17611301619051548,0.16471328715727332,0.16521285701243632,0.16471328715727332
2025-04-08,0.025634585184712018,0.17705455834050385,0.16559725331324876,0.16608714799492896,0.16559725331324876
2025-04-09,0.025792303596859672,0.17930036983137132,0.16764121705781024,0.1681219587104613,0.16764121705781024
2025-04-10,0.026549088584774765,0.18757329411721466,0.17762323437991887,0.17813953913176556,0.17762323437991887
2025-04-11,0.02658592924724961,0.18806200281569935,0.17811653175282008,0.17865310589145308,0.17811653175282008
2025-04-14,0.026533394291324678,0.1873766958851665,0.17741329517996307,0.17792791701925093,0.17741329517996307
2025-04-15,0.026540331567364142,0.18747465928832435,0.17750607832581763,0.17802790221035042,0.17750607832581763
2025-04-16,0.02656570447301302,0.1878125479703916,0.17784563684516091,0.17835349492447788,0.17784563684516091
2025-04-21,0.02660646519358252,0.188371358790943,0.1783918055045242,0.17888676307789708,0.1783918055045242
2025-04-22,0.026627729439620218,0.18866004923068327,0.17867706572762357,0.17916588209649414,0.17867706572762357
2025-04-23,0.026770551226923026,0.19043405342473407,0.18059892807431407,0.18110278349496844,0.18059892807431407
2025-04-24,0.026770578028661316,0.1904283760833177,0.1805992896931383,0.18109619268424837,0.1805992896931383
2025-04-25,0.0268106220236655,0.19095795920784694,0.18113998223055608,0.18165181916426412,0.18113998223055608
2025-04-28,0.026801047738710317,0.1908294725393308,0.18101063229294262,0.18151880240844642,0.18101063229294262
2025-04-29,0.026798057247890028,0.19079634262598494,0.18097023980982022,0.18148645046756037,0.18097023980982022
2025-04-30,0.026735601209506202,0.18998963824001247,0.18012767775250488,0.18063004850514042,0.18012767775250488
2025-05-02,0.026796699411862787,0.1907852189318706,0.18095190104117131,0.18147271070763699,0.18095190104117131
2025-05-07,0.02682134443975684,0.19111773960786863,0.18128489842413092,0.18179298206291059,0.18128489842413092
2025-05-08,0.026832962126091087,0.19128160015975587,0.18144197982798016,0.18196139202300973,0.18144197982798016
2025-05-09,0.026830277094315007,0.19126070210810095,0.18140566977734657,0.18194872439272708,0.18140566977734657
2025-05-12,0.026781244579656905,0.19060113742896673,0.1807432354313214,0.18133381745515217,0.1807432354313214
2025-05-13,0.02678276242288055,0.19062203689665708,0.18076372347611655,0.18135545990328383,0.18076372347611655
2025-05-14,0.026812351552957758,0.1910173844018976,0.18116335334144784,0.18177139429863434,0.18116335334144784
2025-05-15,0.02661555201846648,0.1881722728025951,0.17851367753041916,0.17920798070100372,0.17851367753041916
2025-05-16,0.026614657588278617,0.18817079168621637,0.17850167963241179,0.1792065938240553,0.17850167963241179
2025-05-19,0.026625368326699907,0.18827938078346151,0.1786453801101735,0.1793078903065708,0.1786453801101735
2025-05-20,0.02656458997809223,0.18747272680862256,0.17783071505744785,0.17845305230586067,0.17783071505744785
2025-05-21,0.02655361499700527,0.18736054839749264,0.17768380629111416,0.1783605923733716,0.17768380629111416
2025-05-22,0.02654592883542672,0.18722499252290223,0.17758095710935606,0.1782139722368163,0.17758095710935606
2025-05-23,0.02652539335411181,0.18693124668047414,0.17730631613277048,0.17790882053885818,0.17730631613277048
2025-05-26,0.02652434517631201,0.186920393114325,0.17729230353210088,0.17789804779133295,0.17729230353210088
2025-05-27,0.02651655360244123,0.18681936792584106,0.17718815896768703,0.17780038346510252,0.17718815896768703
2025-05-28,0.026515150396437426,0.18679618445293977,0.17716940653751534,0.17777694247042114,0.17716940653751534
2025-05-29,0.0265012807335343,0.1866013701545396,0.17698410589043428,0.17757638102719137,0.17698410589043428
2025-06-02,0.02653570872682576,0.1870489431863267,0.17744424708400408,0.1780032843686711,0.17744424708400408
2025-06-03,0.026538175458227717,0.1870847935667656,0.17747723867622334,0.17803974025440225,0.17747723867622334
2025-06-04,0.02657703757921336,0.1876073410601286,0.17799740947470363,0.17858714170025422,0.17799740947470363
2025-06-05,0.026573962486339704,0.1875604413525761,0.17795622152079826,0.17853952843954896,0.17795622152079826
2025-06-06,0.02656712797726571,0.18746106180612893,0.17786469681802441,0.17843806285425284,0.17786469681802441
2025-06-09,0.02657040652108137,0.18750704780389815,0.1779085986792719,0.17848519792582623,0.1779085986792719
2025-06-10,0.026609533281671562,0.18801347048931702,0.1784329498900334,0.17902422664646625,0.1784329498900334
2025-06-18,0.028249574819300908,0.2196277302306583,0.20110569632276254,0.2017581688948601,0.20110569632276254
2025-06-19,0.028256378311203124,0.21972588103728624,0.20120257464698926,0.20185436498923365,0.20120257464698926
2025-06-20,0.028256527362724708,0.2197280069822294,0.20120469732730337,0.20185648440755477,0.20120469732730337
2025-06-23,0.028261255412080653,0.21979649689304986,0.2012720364816482,0.20192382281289917,0.2012720364816482
2025-06-24,0.028261921399562098,0.21980543751154746,0.20128152270114655,0.20193325770828846,0.20128152270114655
2025-06-25,0.02827269454512578,0.21995296308134502,0.20143500472418022,0.20208590350149636,0.20143500472418022
2025-06-26,0.028271622559268208,0.21993767396675576,0.2014197298176982,0.20207075556042217,0.2014197298176982
2025-06-27,0.028258310185004413,0.21975410226180198,0.20123008781700488,0.20188206365344769,0.20123008781700488
2025-06-30,0.028258311035191747,0.21975411399666442,0.20123009992553317,0.20188207543934408,0.20123009992553317
2025-07-01,0.028247681929344636,0.2195980415450735,0.20107874666411873,0.20173148796673676,0.20107874666411873
2025-07-03,0.02823997613463091,0.219479403120204,0.2009690555252999,0.20162877461928796,0.2009690555252999
2025-07-04,0.02823703108409923,0.21943702822711714,0.2009271409599853,0.2015877025093346,0.2009271409599853
2025-07-07,0.02820770269773577,0.21903419227891052,0.20050997185393016,0.20116548519136485,0.20050997185393016
2025-07-08,0.028191094621800597,0.21879299852932893,0.20027392962577928,0.20093238012747835,0.20027392962577928
2025-07-09,0.028192141369651487,0.21880754467358215,0.20028880242161654,0.20094736572792152,0.20028880242161654
2025-07-10,0.028119225673763338,0.2178458820847909,0.19925409482799186,0.19991292890066664,0.19925409482799186
2025-07-11,0.028116167874671406,0.21780279175025885,0.1992107617810895,0.1998709329993365,0.1992107617810895
2025-07-14,0.028118174274465307,0.21783060971935597,0.19923919458135908,0.19989831301536767,0.19923919458135908
2025-07-15,0.028108590830144015,0.21770130334669496,0.19910340537102694,0.1997627669919827,0.19910340537102694
2025-07-17,0.028107673018664993,0.2176888695052312,0.1990904031960954,0.1997497947230163,0.1990904031960954
2025-07-18,0.028120691098795555,0.2178673602228821,0.19927486350421766,0.19993421968060032,0.19927486350421766
2025-07-21,0.028128836890491817,0.21798412589120636,0.1993903291325971,0.20004850210281316,0.1993903291325971
2025-07-22,0.028112396445565825,0.21776328549057636,0.19915732214599086,0.1998179693655986,0.19915732214599086
2025-07-23,0.028060690331114517,0.21707817145653224,0.19842539014839336,0.19909484867523092,0.19842539014839336
2025-07-24,0.02805656921338968,0.21702278273668885,0.19836711115848288,0.1990381386419484,0.19836711115848288
2025-07-25,0.0280543403534533,0.21698946159982707,0.19833559519218433,0.19900525170404454,0.19833559519218433
2025-07-28,0.02801315217349094,0.21637289982531865,0.19775364706318038,0.1984188752731164,0.19775364706318038
2025-07-29,0.028022812242451397,0.21651405671605423,0.19789005750587232,0.19855672676053632,0.19789005750587232
2025-07-30,0.028026885984062545,0.21656916311365398,0.19794759716683766,0.1986134141366206,0.19794759716683766
2025-07-31,0.028035265713784785,0.2166829297462541,0.1980659831579142,0.1987296495522716,0.1980659831579142
2025-08-01,0.028037764997666106,0.21672243962168908,0.19810129904821638,0.19876733762039928,0.19810129904821638
2025-08-04,0.028040047340741697,0.21675666911085822,0.19813355222750095,0.19880115776528776,0.19813355222750095
2025-08-05,0.02804877008207859,0.21687080778601106,0.19825684278556135,0.19892001503638929,0.19825684278556135
2025-08-06,0.02813006307669556,0.21793240528034266,0.19940771307211547,0.20006640375293266,0.19940771307211547
2025-08-07,0.028099436219892,0.21754692742146692,0.19897373560069614,0.19963830177477587,0.19897373560069614
2025-08-08,0.028098564782598614,0.21753360749685746,0.19896139439615657,0.19962507854685352,0.19896139439615657
2025-08-11,0.028031499070446858,0.21665539706439085,0.19801276491438868,0.19868776738486754,0.19801276491438868
2025-08-14,0.02803390857184733,0.21668623293170652,0.19804680751330317,0.1987189680541973,0.19804680751330317
2025-08-15,0.02803291852942543,0.21667377820004896,0.19803281936190573,0.1987064249460623,0.19803281936190573
2025-08-18,0.02799782985521891,0.2162106277773409,0.19753737610365044,0.19822218275887565,0.19753737610365044
2025-08-19,0.027928033438165214,0.2151511716339658,0.19655371303426514,0.197228795709907,0.19655371303426514
2025-08-20,0.027983507787219197,0.2159901454924551,0.1973353304354941,0.1980209200402788,0.1973353304354941
2025-08-21,0.027986057798374764,0.21602284942355793,0.19737129663568118,0.198054010494088,0.19737129663568118
2025-08-22,0.027974125949637687,0.21584543637492565,0.19720303410684054,0.19788194393937897,0.19720303410684054
2025-08-25,0.027975760460966927,0.21583318726217807,0.1972260796890889,0.19789379428252307,0.1972260796890889
2025-08-28,0.02793978932775487,0.21530206206398092,0.1967192205751899,0.19738718716339634,0.1967192205751899
2025-08-29,0.027876177410790327,0.21435827377077993,0.19582447929353994,0.19649883269157922,0.19582447929353994
2025-09-01,0.027814149419410895,0.21354677906311761,0.1949539807971795,0.19562866145616947,0.1949539807971795
2025-09-02,0.027703796399965768,0.21188221289258025,0.19341008441263058,0.19409208692431554,0.19341008441263058
2025-09-03,0.027698243185453966,0.21180464793062562,0.19333255424125786,0.19401311065781013,0.19333255424125786
2025-09-04,0.027701427849206345,0.21184943394715913,0.19337701443096578,0.19405850218988865,0.19337701443096578
2025-09-05,0.02770909249106152,0.21195583061866485,0.1934840392829069,0.19416718365180285,0.1934840392829069
2025-09-08,0.027693845471938747,0.2117505477261191,0.19327116740995282,0.19395326919336528,0.19327116740995282
2025-09-11,0.0276178323243273,0.21034796832177194,0.19221165489825376,0.1929459810103213,0.19221165489825376
2025-09-12,0.02700734464149298,0.20029842493345779,0.18380795947526363,0.1846738591487912,0.18380795947526363
2025-09-15,0.026788469717719695,0.1975658018683946,0.18084077167393064,0.18163122896456604,0.18084077167393064
2025-09-16,0.02668670465015336,0.19628128165214156,0.17946941168129826,0.18023316164229355,0.17946941168129826
2025-09-17,0.026657355193410004,0.19588601697663013,0.17907487564872107,0.17985542756269732,0.17907487564872107
2025-09-18,0.02659526604547757,0.19508822947509352,0.1782416603594925,0.1790026282233263,0.1782416603594925
2025-09-19,0.02658444405732194,0.19493631458039445,0.17809663179089372,0.17884687011676004,0.17809663179089372
2025-09-22,0.026587338275467533,0.19497852221498801,0.1781354122566835,0.17888972958139238,0.1781354122566835
2025-09-23,0.026600083193953742,0.19514631415740463,0.17830623533316559,0.17906550812043565,0.17830623533316559
2025-09-25,0.026596695520563565,0.19510383096684336,0.17826082157861864,0.17902380774026383,0.17826082157861864
2025-09-26,0.026581014365238853,0.19489145346798822,0.17805068182062864,0.17878022814927344,0.17805068182062864
2025-09-30,0.02658732346508688,0.19498015055902504,0.17813521379736422,0.17887066845170407,0.17813521379736422
2025-10-01,0.026589038344043955,0.19500651658930818,0.178158193935382,0.17889731165163408,0.178158193935382
2025-10-02,0.026605362169069613,0.19523677752604496,0.17837701462913486,0.17914320355900146,0.17837701462913486
2025-10-03,0.02661708102490889,0.1954095638758707,0.1785341885762144,0.1793220736216018,0.1785341885762144
2025-10-07,0.02667084137968322,0.1961246649956686,0.17925611253485613,0.18007704418047504,0.17925611253485613
2025-10-08,0.02667766619168465,0.19620282567594838,0.17934786410560846,0.18015375983409143,0.17934786410560846
2025-10-14,0.026680548523361224,0.19623813241962454,0.17938662071587305,0.18018843373619917,0.17938662071587305
2025-10-15,0.0266897578115837,0.19636081248762957,0.1795104793543303,0.18031717666777042,0.1795104793543303
2025-10-16,0.026700299245794555,0.19653183769876922,0.17965230691337428,0.1805076402658427,0.17965230691337428
2025-10-17,0.026717874978396342,0.19674429957189016,0.17988890052702677,0.18071287711600809,0.17988890052702677
2025-10-20,0.026736394780731823,0.19701359223620893,0.18013837107952824,0.180991665070044,0.18013837107952824
2025-10-21,0.026734389766332425,0.1969963535326026,0.18011135423690133,0.18097460858591585,0.18011135423690133
2025-10-22,0.026595922387150795,0.19503472632887248,0.1782504580810839,0.17918273079282465,0.1782504580810839
2025-10-23,0.026585874921228107,0.19486965737402204,0.17811580382245076,0.1790116801863453,0.17811580382245076
2025-10-28,0.02658275424369558,0.19487256063085862,0.17807399144154026,0.17903019562252337,0.17807399144154026
2025-10-29,0.026600779265957872,0.19513539788215944,0.17831556730416598,0.17930190983145838,0.17831556730416598
2025-10-30,0.026599678725819483,0.19512693257396588,0.17830081289583702,0.17929349356918603,0.17830081289583702
2025-10-31,0.026501135874549577,0.19384666479439325,0.1769821710656173,0.17791333173441137,0.1769821710656173
2025-11-03,0.02650895594584897,0.19393383449954443,0.17708663582541828,0.17799888720625778,0.17708663582541828
2025-11-04,0.02651009303468155,0.1939397815134079,0.17710182824228277,0.17800475826864703,0.17710182824228277
2025-11-05,0.026520941322095714,0.19407467053217195,0.1772468028097311,0.17813591374796106,0.1772468028097311
2025-11-06,0.026510150477765893,0.19391727276425258,0.17710259574515538,0.1779742988189132,0.17710259574515538
2025-11-07,0.02651134063578395,0.19390212423381736,0.17711849794125548,0.17795167875222717,0.17711849794125548
2025-11-10,0.026521239227324626,0.1940425509675129,0.1772507847985516,0.17809604397189133,0.1772507847985516
2025-11-12,0.026516138223221138,0.1939586987180977,0.1771826077407882,0.17801044770443827,0.1771826077407882
2025-11-13,0.026503229920687505,0.19376688522861502,0.177010141449664,0.17781199178138302,0.177010141449664
2025-11-14,0.026527861140333186,0.1940781717130372,0.17733930900356146,0.1781078661259618,0.17733930900356146
2025-11-17,0.026527878460689602,0.1940841273317777,0.17733954057753007,0.1781139084635015,0.17733954057753007
2025-11-18,0.02651728469281888,0.19393527510376335,0.17719792964496164,0.17797588066944636,0.17719792964496164
2025-11-19,0.02652069484306251,0.1939760124957857,0.17724350824962826,0.17801604659212195,0.17724350824962826
2025-11-20,0.026589088578576885,0.19486963931235846,0.17815886712273074,0.17896560921616445,0.17815886712273074
2025-11-21,0.026630013940628604,0.1954585674792588,0.1787077259044746,0.17944866567953927,0.1787077259044746
2025-11-24,0.026630196831150164,0.19546084523271026,0.1787101805829817,0.17945091012088477,0.1787101805829817
2025-11-26,0.02669044428332737,0.19623630539135242,0.17951971364243346,0.18027763347715414,0.17951971364243346
2025-11-27,0.026676287421881825,0.19604647596451585,0.17932932627494233,0.1800801907631526,0.17932932627494233
2025-11-28,0.026679701336868665,0.19609795860304335,0.17937522878297693,0.18013243260697387,0.17937522878297693
2025-12-01,0.02666195841533657,0.19585310821251004,0.17913672668836642,0.17986361877595755,0.17913672668836642
2025-12-02,0.0266390650048303,0.19555322346368753,0.1788292256515567,0.17957445782600173,0.1788292256515567
2025-12-03,0.02664537542023062,0.19564357175155728,0.17891395988382758,0.1796666115025637,0.17891395988382758
2025-12-04,0.02660116403954025,0.195058882146028,0.1783207259211494,0.17905237613286312,0.1783207259211494
2025-12-05,0.02660646400722435,0.19513564553773943,0.17839178959586663,0.17913050429624328,0.17839178959586663
2025-12-08,0.026621244953201572,0.1953436373428707,0.17859005208030676,0.1793453923934591,0.17859005208030676
2025-12-11,0.02662017360858776,0.19533016885320564,0.17857567802374077,0.1793321672242532,0.17857567802374077
2025-12-12,0.026616959579636303,0.1952947044275123,0.1785325593905262,0.17929717390645838,0.1785325593905262
2025-12-15,0.026621132485095626,0.19533546932094042,0.17858854308683142,0.17933466010838803,0.17858854308683142
2025-12-16,0.026627097942884956,0.19541034847079408,0.17866859090471704,0.1794081891398512,0.17866859090471704
2025-12-17,0.02658791267033559,0.1948776327966774,0.17814310924167875,0.17890102870473645,0.17814310924167875
2025-12-18,0.026587845586542112,0.19487518629321338,0.17814221029931934,0.17889857452997385,0.17814221029931934
2025-12-19,0.02659014202850472,0.19492078047381156,0.1781729845802054,0.1789465933291019,0.1781729845802054
2025-12-22,0.02659315535802162,0.19496107358242498,0.17821336979776026,0.17898855859762106,0.17821336979776026
2025-12-23,0.026593752718426955,0.19497018729614576,0.17822137627950793,0.17899778773795538,0.17822137627950793
2025-12-26,0.02659774135862532,0.19502528702441,0.17827484103584265,0.1790544852243308,0.17827484103584265
2025-12-29,0.026600691001509268,0.19506513839751183,0.1783143839629596,0.17909583536498278,0.1783143839629596
2025-12-30,0.026597053019857552,0.1950068248776385,0.17826561379396066,0.1790365583391739,0.17826561379396066
2025-12-31,0.02660006586134522,0.1950536299732258,0.17830600296463167,0.17908401550507624,0.17830600296463167
2026-01-02,0.02657800926466093,0.1947689791717593,0.17801042527104538,0.17885125414624437,0.17801042527104538
2026-01-05,0.026677776708840167,0.19607403252769068,0.1793493500719372,0.18026149577613096,0.1793493500719372
2026-01-06,0.026680916979788204,0.1961535275324247,0.17939157538235231,0.1803467692400407,0.17939157538235231
2026-01-07,0.02668395440348824,0.19616626964148393,0.17943242249707472,0.180357847498964,0.17943242249707472
2026-01-08,0.026667565605864633,0.19597628281081475,0.17921208194645977,0.18017360321495252,0.17921208194645977
2026-01-12,0.02665601182393482,0.1958059945399896,0.17905682752215374,0.179998354942765,0.17905682752215374
2026-01-13,0.026655184083913132,0.19581304108425507,0.17904570731391856,0.1800057909737173,0.17904570731391856
2026-01-14,0.026644387454578006,0.1956905321537727,0.1789006924730778,0.17988596664974185,0.1789006924730778
2026-01-15,0.026619223655910504,0.19532513181750122,0.17856293314693314,0.17950605906693676,0.17856293314693314
2026-01-16,0.026642016925693787,0.19566351227028586,0.17886886059897647,0.1798581041273666,0.17886886059897647
2026-01-19,0.026630981717257186,0.1955583970308434,0.1787207151806714,0.1797586110491094,0.1787207151806714
2026-01-20,0.02661268463680959,0.1953423418287204,0.17847521586172682,0.17954877033755587,0.17847521586172682
2026-01-21,0.026622059008854032,0.19544872901327232,0.17860097451946835,0.17965292592400817,0.17860097451946835
2026-01-22,0.026622212066232415,0.19544343854941257,0.1786030281754616,0.1796476069260083,0.1786030281754616
2026-01-26,0.0265858649738784,0.19494322689053628,0.17811567053514216,0.17912195239596915,0.17811567053514216
2026-01-27,0.02658168051382385,0.19488409024391273,0.17805960621262867,0.17906059575307587,0.17805960621262867
2026-01-28,0.026595974851792097,0.19508970693990224,0.17825116133592372,0.17927342583062242,0.17825116133592372
2026-01-29,0.026598481210520927,0.19509838479155187,0.17828475908202157,0.17928134582989036,0.17828475908202157
2026-01-30,0.026617482100003878,0.1953346489884847,0.17853956904269477,0.1795099558940888,0.17853956904269477
2026-02-02,0.026637028849758236,0.1955697364660574,0.17880188909759884,0.17973791957444948,0.17880188909759884
2026-02-03,0.026659708490715302,0.19591313636976398,0.17910649431609924,0.18009824951281422,0.17910649431609924
2026-02-04,0.026652708603544455,0.19583593733481927,0.17901245272817407,0.18002240097768932,0.17901245272817407
2026-02-05,0.02665779041284783,0.1958592592009389,0.17908072300322106,0.18003876849126196,0.17908072300322106
2026-02-06,0.026658220386686155,0.19586060368502842,0.1790864999746526,0.18004010669860032,0.1790864999746526
2026-02-10,0.026836076929297892,0.1981201338174892,0.18148410628870904,0.18253343381641401,0.18148410628870904
2026-02-11,0.026868564908574248,0.19857942236159937,0.1819237846220594,0.18301455307235362,0.1819237846220594
2026-02-23,0.026868572426936486,0.19858609933305865,0.18192388643390597,0.18302126468444932,0.18192388643390597
2026-02-24,0.02689617896905287,0.19902786239265857,0.1822979196701011,0.18350151253225455,0.1822979196701011
2026-02-25,0.02691696447672544,0.1993800073035636,0.1825797901136074,0.1838742929860761,0.1825797901136074
2026-02-26,0.026879095700445322,0.1988244921666142,0.18206641798977194,0.1832916040946455,0.18206641798977194
2026-03-03,0.0269499737304203,0.19974599026195672,0.18302787318572675,0.1841588844003587,0.18302787318572675
2026-03-04,0.027075234977315604,0.20147446437205682,0.18473322396736727,0.18575096440941652,0.18473322396736727
2026-03-05,0.02711248141812988,0.20201487108291516,0.18524183545940637,0.18631744696895589,0.18524183545940637
2026-03-06,0.027117299205603764,0.20205541245587938,0.1853076748839721,0.18635719281570756,0.1853076748839721
2026-03-09,0.027252308610581828,0.203976283258254,0.1871574578008109,0.18811666699256857,0.1871574578008109
2026-03-10,0.027273638003724343,0.20431939914112215,0.18745053514946558,0.18848195014140182,0.18745053514946558
2026-03-11,0.027374949252102123,0.20571546455961254,0.188845737331902,0.18999929440869295,0.188845737331902
2026-03-12,0.02740398489077035,0.20605286987114846,0.18924655374917954,0.19031702168411258,0.18924655374917954
2026-03-13,0.02734452550750314,0.20520013172620244,0.18842621495808348,0.18940399466112384,0.18842621495808348
2026-03-16,0.027339539877944324,0.20510038581183263,0.1883575110659024,0.18930133893113296,0.1883575110659024
2026-03-18,0.027377659412290017,0.20567084958152881,0.18888313119362873,0.18992585591453312,0.18888313119362873
2026-03-19,0.02740915312956296,0.20609842449883367,0.18931794217051742,0.19033079409237794,0.18931794217051742
2026-03-20,0.027409457262989795,0.20610009723762418,0.18932214355781932,0.19033246229780634,0.18932214355781932
2026-03-23,0.02740473318873304,0.20603397321855,0.18925688908870286,0.1902706910493396,0.18925688908870286
2026-03-24,0.027402970614515243,0.20600039944614373,0.18923254522199645,0.19023666760032737,0.18923254522199645
2026-03-25,0.027435518938421714,0.20649883291752003,0.18968234025396513,0.19076335588727392,0.18968234025396513
2026-03-26,0.027412066276076966,0.206128819947979,0.1893581871360571,0.19037668996986867,0.1893581871360571
2026-03-27,0.027414784044289982,0.2061631251325966,0.18939573681715427,0.19041000434468175,0.18939573681715427
2026-03-30,0.02742697785398004,0.20628298520464544,0.18956425677908334,0.19052132793982035,0.18956425677908334
2026-03-31,0.027462093376135036,0.2067380101861596,0.19004997629508907,0.1909572766715724,0.19004997629508907
2026-04-01,0.027578040079899422,0.2082607246814414,0.1916581702514318,0.1926236192777564,0.1916581702514318
2026-04-02,0.02747071312795058,0.20667851905864632,0.19016930009905542,0.19119207721919157,0.19016930009905542
2026-04-07,0.025773288030185096,0.17536290925252762,0.16739411872349436,0.1687684117735947,0.16739411872349436
2026-04-08,0.02422027387529573,0.1606310499432112,0.14782865998177186,0.1486975260967554,0.14782865998177186
2026-04-09,0.024219972532900258,0.16061295426327427,0.14782498151259962,0.14867926980513346,0.14782498151259962
2026-04-10,0.02424298215682093,0.1609583381246057,0.14810599033169639,0.14904133725538077,0.14810599033169639
2026-04-13,0.024242232586366187,0.16092488376644615,0.14809683187441158,0.14900741728929534,0.14809683187441158
2026-04-14,0.024312418910344236,0.16182804047815846,0.14895561574456012,0.14996765028221143,0.14895561574456012
2026-04-15,0.02234966550266293,0.1303466611119335,0.12587590211639219,0.12737032870948528,0.12587590211639219
2026-04-16,0.020311152111041425,0.11328704582944038,0.10396081081962136,0.1047153771973856,0.10396081081962136
2026-04-17,0.020306731191681998,0.11316470317580962,0.10391555958619011,0.10458412738088663,0.10391555958619011
2026-04-20,0.020307317594822953,0.1131745420020972,0.10392156127004548,0.10459409017613414,0.10392156127004548
2026-04-21,0.02032953303667734,0.11345571080238248,0.10414905819931755,0.10488510698811832,0.10414905819931755
2026-04-22,0.02032703359469993,0.11345757933699463,0.10412345027953501,0.10488722001097295,0.10412345027953501
2026-04-23,0.020324512872398618,0.11340755792794877,0.10409762752207488,0.10483648345399788,0.10409762752207488
2026-04-24,0.020468452120046166,0.11493106129961728,0.10557729811203684,0.10649795843441168,0.10557729811203684
2026-04-27,0.020545180313422895,0.11583378445098913,0.10637031739598704,0.10747941903557062,0.10637031739598704
2026-04-28,0.02056011020142073,0.1159228549543293,0.10652496913663033,0.1075656458436951,0.10652496913663033
2026-04-29,0.020566537885977558,0.1159819781389797,0.10659158511506825,0.1076225828895015,0.10659158511506825
2026-04-30,0.020507161236685903,0.11542947127432823,0.1059770028208331,0.10709563883427364,0.1059770028208331
2026-05-04,0.020678921645909742,0.11726484707814477,0.10775968571029396,0.10910600255552072,0.10775968571029396
